Actual,Predicted,Correct,Probability_-1.3843670883058157,Probability_0.722351758032472
-1.3843670883058157,-1.3843670883058157,True,0.9998484,0.0001515499
-1.3843670883058157,-1.3843670883058157,True,0.99977463,0.00022535102
0.722351758032472,0.722351758032472,True,0.00012767315,0.9998723
0.722351758032472,0.722351758032472,True,0.001059711,0.9989403
0.722351758032472,0.722351758032472,True,0.0009636879,0.9990363
0.722351758032472,0.722351758032472,True,0.00072306395,0.99927694
0.722351758032472,0.722351758032472,True,6.580353e-05,0.9999342
0.722351758032472,0.722351758032472,True,0.0037348866,0.9962651
0.722351758032472,0.722351758032472,True,8.165836e-05,0.99991834
0.722351758032472,0.722351758032472,True,0.00022989511,0.9997701
-1.3843670883058157,-1.3843670883058157,True,0.9999235,7.649268e-05
-1.3843670883058157,-1.3843670883058157,True,0.99985117,0.0001488511
0.722351758032472,0.722351758032472,True,8.559227e-05,0.9999144
0.722351758032472,0.722351758032472,True,0.00010788441,0.9998921
0.722351758032472,0.722351758032472,True,0.00039964914,0.99960035
0.722351758032472,0.722351758032472,True,8.08239e-05,0.9999192
-1.3843670883058157,-1.3843670883058157,True,0.99988973,0.000110297406
0.722351758032472,0.722351758032472,True,0.000111460686,0.99988854
0.722351758032472,0.722351758032472,True,0.0002091527,0.99979085
-1.3843670883058157,-1.3843670883058157,True,0.99991405,8.594491e-05
-1.3843670883058157,-1.3843670883058157,True,0.99976826,0.00023171866
-1.3843670883058157,-1.3843670883058157,True,0.999677,0.00032297274
0.722351758032472,0.722351758032472,True,0.00023776293,0.99976224
0.722351758032472,0.722351758032472,True,0.0001320839,0.9998679
0.722351758032472,0.722351758032472,True,0.00011229515,0.9998877
0.722351758032472,0.722351758032472,True,6.818771e-05,0.9999318
0.722351758032472,0.722351758032472,True,0.0003824234,0.9996176
0.722351758032472,0.722351758032472,True,0.0719623,0.9280377
-1.3843670883058157,-1.3843670883058157,True,0.99991184,8.817712e-05
0.722351758032472,0.722351758032472,True,7.534027e-05,0.99992466
0.722351758032472,0.722351758032472,True,0.0002786517,0.99972135
0.722351758032472,0.722351758032472,True,7.009506e-05,0.9999299
-1.3843670883058157,-1.3843670883058157,True,0.99989563,0.000104366976
-1.3843670883058157,-1.3843670883058157,True,0.9999256,7.436913e-05
0.722351758032472,0.722351758032472,True,0.0002962947,0.9997037
0.722351758032472,0.722351758032472,True,6.330013e-05,0.9999367
0.722351758032472,0.722351758032472,True,0.00018936396,0.99981064
0.722351758032472,0.722351758032472,True,0.000116467476,0.99988353
0.722351758032472,0.722351758032472,True,0.00014722347,0.9998528
-1.3843670883058157,-1.3843670883058157,True,0.9998883,0.00011169706
0.722351758032472,0.722351758032472,True,0.00059592724,0.9994041
-1.3843670883058157,-1.3843670883058157,True,0.9999017,9.830392e-05
-1.3843670883058157,-1.3843670883058157,True,0.99985814,0.00014187922
0.722351758032472,0.722351758032472,True,6.1392784e-05,0.9999386
0.722351758032472,0.722351758032472,True,0.00014615059,0.99985385
0.722351758032472,0.722351758032472,True,0.00015199184,0.999848
0.722351758032472,0.722351758032472,True,5.8174133e-05,0.9999418
0.722351758032472,0.722351758032472,True,0.00036644936,0.99963355
-1.3843670883058157,-1.3843670883058157,True,0.99989253,0.00010747882
-1.3843670883058157,-1.3843670883058157,True,0.99991375,8.624514e-05
0.722351758032472,0.722351758032472,True,0.00013494492,0.99986506
-1.3843670883058157,-1.3843670883058157,True,0.9999136,8.640336e-05
0.722351758032472,0.722351758032472,True,0.00012528896,0.9998747
0.722351758032472,0.722351758032472,True,0.00022500753,0.999775
0.722351758032472,0.722351758032472,True,0.0001436472,0.99985635
-1.3843670883058157,-1.3843670883058157,True,0.999918,8.199435e-05
-1.3843670883058157,-1.3843670883058157,True,0.999853,0.00014697095
0.722351758032472,0.722351758032472,True,0.00011110306,0.9998889
-1.3843670883058157,-1.3843670883058157,True,0.9998108,0.00018917029
-1.3843670883058157,-1.3843670883058157,True,0.9999141,8.5864296e-05
0.722351758032472,0.722351758032472,True,7.9512596e-05,0.9999205
-1.3843670883058157,-1.3843670883058157,True,0.99982125,0.00017873716
0.722351758032472,0.722351758032472,True,0.000103235245,0.99989676
0.722351758032472,0.722351758032472,True,0.00010359287,0.9998964
-1.3843670883058157,-1.3843670883058157,True,0.9994426,0.00055743835
-1.3843670883058157,-1.3843670883058157,True,0.99983615,0.00016387843
0.722351758032472,0.722351758032472,True,4.9471855e-05,0.9999505
-1.3843670883058157,-1.3843670883058157,True,0.99989855,0.00010143204
0.722351758032472,0.722351758032472,True,0.000111460686,0.99988854
0.722351758032472,0.722351758032472,True,8.940697e-05,0.9999106
0.722351758032472,0.722351758032472,True,0.00030696392,0.99969304
0.722351758032472,0.722351758032472,True,6.54459e-05,0.99993455
0.722351758032472,0.722351758032472,True,0.00014793873,0.99985206
-1.3843670883058157,-1.3843670883058157,True,0.9997618,0.00023819128
0.722351758032472,0.722351758032472,True,0.00011217594,0.9998878
-1.3843670883058157,-1.3843670883058157,True,0.9999019,9.810511e-05
0.722351758032472,0.722351758032472,True,0.00011217594,0.9998878
-1.3843670883058157,-1.3843670883058157,True,0.9997609,0.0002390768
0.722351758032472,0.722351758032472,True,0.00083088875,0.9991691
0.722351758032472,0.722351758032472,True,0.00017541647,0.9998246
0.722351758032472,0.722351758032472,True,7.677078e-05,0.9999232
0.722351758032472,0.722351758032472,True,0.0001527071,0.9998473
-1.3843670883058157,-1.3843670883058157,True,0.9999145,8.545465e-05
0.722351758032472,0.722351758032472,True,9.6321106e-05,0.9999037
-1.3843670883058157,0.722351758032472,False,0.0027565956,0.9972434
-1.3843670883058157,-1.3843670883058157,True,0.9998995,0.00010047975
0.722351758032472,0.722351758032472,True,0.00018447638,0.9998155
-1.3843670883058157,-1.3843670883058157,True,0.9996821,0.00031785102
-1.3843670883058157,-1.3843670883058157,True,0.9997866,0.00021336731
-1.3843670883058157,-1.3843670883058157,True,0.9998888,0.000111250825
0.722351758032472,0.722351758032472,True,0.00021201372,0.999788
0.722351758032472,0.722351758032472,True,0.000823915,0.9991761
0.722351758032472,0.722351758032472,True,6.4492226e-05,0.9999355
-1.3843670883058157,-1.3843670883058157,True,0.9992009,0.0007991243
0.722351758032472,0.722351758032472,True,0.00014281273,0.9998572
0.722351758032472,0.722351758032472,True,6.92606e-05,0.99993074
0.722351758032472,0.722351758032472,True,0.00036609173,0.9996339
0.722351758032472,0.722351758032472,True,6.4373016e-05,0.9999356
0.722351758032472,0.722351758032472,True,8.1181526e-05,0.9999188
0.722351758032472,0.722351758032472,True,9.6440315e-05,0.99990356
-1.3843670883058157,-1.3843670883058157,True,0.9999148,8.516317e-05
0.722351758032472,0.722351758032472,True,0.00016355515,0.99983644
-1.3843670883058157,-1.3843670883058157,True,0.9996726,0.0003274363
0.722351758032472,0.722351758032472,True,0.00010597706,0.999894
0.722351758032472,0.722351758032472,True,0.0003055334,0.99969447
0.722351758032472,0.722351758032472,True,4.9352646e-05,0.99995065
-1.3843670883058157,-1.3843670883058157,True,0.99991167,8.833433e-05
0.722351758032472,0.722351758032472,True,0.00013446808,0.99986553
0.722351758032472,0.722351758032472,True,0.00012719631,0.9998728
0.722351758032472,0.722351758032472,True,0.000108003616,0.999892
0.722351758032472,0.722351758032472,True,7.4625015e-05,0.9999254
0.722351758032472,0.722351758032472,True,5.1498413e-05,0.9999485
0.722351758032472,0.722351758032472,True,0.00010204315,0.99989796
-1.3843670883058157,-1.3843670883058157,True,0.99986535,0.00013464528
0.722351758032472,0.722351758032472,True,7.9512596e-05,0.9999205
0.722351758032472,0.722351758032472,True,0.0001257658,0.99987423
-1.3843670883058157,-1.3843670883058157,True,0.99984264,0.00015735388
0.722351758032472,0.722351758032472,True,0.00033962727,0.9996604
0.722351758032472,0.722351758032472,True,0.0002734065,0.9997266
0.722351758032472,0.722351758032472,True,0.00011730194,0.9998827
0.722351758032472,0.722351758032472,True,8.738041e-05,0.9999126
0.722351758032472,0.722351758032472,True,0.000113487244,0.9998865
-1.3843670883058157,-1.3843670883058157,True,0.9999148,8.515846e-05
-1.3843670883058157,-1.3843670883058157,True,0.9996878,0.0003122161
0.722351758032472,0.722351758032472,True,0.00014162064,0.9998584
0.722351758032472,0.722351758032472,True,9.763241e-05,0.99990237
-1.3843670883058157,-1.3843670883058157,True,0.9997869,0.00021305955
0.722351758032472,0.722351758032472,True,0.00058090687,0.9994191
0.722351758032472,0.722351758032472,True,0.00013709068,0.9998629
-1.3843670883058157,-1.3843670883058157,True,0.9999127,8.730737e-05
0.722351758032472,0.722351758032472,True,0.00024014711,0.99975985
0.722351758032472,0.722351758032472,True,7.033348e-05,0.99992967
-1.3843670883058157,-1.3843670883058157,True,0.9998195,0.00018049603
0.722351758032472,0.722351758032472,True,0.00010955334,0.99989045
0.722351758032472,0.722351758032472,True,0.0001642704,0.9998357
0.722351758032472,0.722351758032472,True,0.00046789646,0.9995321
-1.3843670883058157,-1.3843670883058157,True,0.99975336,0.00024663252
-1.3843670883058157,-1.3843670883058157,True,0.9999231,7.687629e-05
0.722351758032472,0.722351758032472,True,0.00017565489,0.99982435
-1.3843670883058157,-1.3843670883058157,True,0.9998618,0.00013823023
-1.3843670883058157,-1.3843670883058157,True,0.9999156,8.438067e-05
0.722351758032472,0.722351758032472,True,0.0004556775,0.9995443
0.722351758032472,0.722351758032472,True,0.00029605627,0.99970394
0.722351758032472,0.722351758032472,True,0.0001232624,0.99987674
-1.3843670883058157,-1.3843670883058157,True,0.9997029,0.00029715564
0.722351758032472,0.722351758032472,True,7.915497e-05,0.99992085
0.722351758032472,0.722351758032472,True,0.00013649464,0.9998635
-1.3843670883058157,-1.3843670883058157,True,0.9998144,0.00018562355
-1.3843670883058157,-1.3843670883058157,True,0.99958354,0.00041643312
0.722351758032472,0.722351758032472,True,7.164478e-05,0.99992836
-1.3843670883058157,-1.3843670883058157,True,0.9998434,0.00015658111
0.722351758032472,0.722351758032472,True,5.1021576e-05,0.999949
-1.3843670883058157,-1.3843670883058157,True,0.9997257,0.00027430686
-1.3843670883058157,-1.3843670883058157,True,0.99947995,0.0005200508
-1.3843670883058157,-1.3843670883058157,True,0.9999028,9.7228825e-05
-1.3843670883058157,-1.3843670883058157,True,0.99976957,0.00023040609
0.722351758032472,0.722351758032472,True,0.0010161996,0.9989838
-1.3843670883058157,-1.3843670883058157,True,0.9999098,9.016983e-05
0.722351758032472,0.722351758032472,True,0.00030839443,0.9996916
0.722351758032472,0.722351758032472,True,0.00010371208,0.9998963
-1.3843670883058157,-1.3843670883058157,True,0.999911,8.900001e-05
-1.3843670883058157,-1.3843670883058157,True,0.99991083,8.914262e-05
0.722351758032472,0.722351758032472,True,7.939339e-05,0.9999206
0.722351758032472,0.722351758032472,True,0.00010859966,0.9998914
0.722351758032472,0.722351758032472,True,7.236004e-05,0.99992764
-1.3843670883058157,-1.3843670883058157,True,0.99983853,0.0001614939
-1.3843670883058157,-1.3843670883058157,True,0.99963486,0.0003651546
0.722351758032472,0.722351758032472,True,8.749962e-05,0.9999125
-1.3843670883058157,-1.3843670883058157,True,0.9997984,0.00020160936
-1.3843670883058157,-1.3843670883058157,True,0.9999158,8.421234e-05
0.722351758032472,0.722351758032472,True,7.522106e-05,0.9999248
0.722351758032472,0.722351758032472,True,7.843971e-05,0.99992156
0.722351758032472,0.722351758032472,True,0.0001335144,0.9998665
-1.3843670883058157,-1.3843670883058157,True,0.9998162,0.00018383206
-1.3843670883058157,-1.3843670883058157,True,0.9997194,0.0002805997
0.722351758032472,0.722351758032472,True,0.00013673306,0.99986327
0.722351758032472,0.722351758032472,True,5.364418e-05,0.99994636
-1.3843670883058157,-1.3843670883058157,True,0.99984944,0.00015057444
0.722351758032472,0.722351758032472,True,0.00011897087,0.999881
0.722351758032472,0.722351758032472,True,7.760525e-05,0.9999224
0.722351758032472,0.722351758032472,True,0.0020091534,0.99799085
0.722351758032472,0.722351758032472,True,0.00014090538,0.9998591
-1.3843670883058157,-1.3843670883058157,True,0.99970526,0.00029475024
0.722351758032472,0.722351758032472,True,0.00015759468,0.9998424
0.722351758032472,0.722351758032472,True,0.000118374825,0.9998816
0.722351758032472,0.722351758032472,True,0.0071992874,0.9928007
0.722351758032472,0.722351758032472,True,0.000297606,0.9997024
0.722351758032472,0.722351758032472,True,0.0002245307,0.99977547
0.722351758032472,0.722351758032472,True,0.00085771084,0.9991423
0.722351758032472,0.722351758032472,True,0.00014352798,0.9998565
-1.3843670883058157,-1.3843670883058157,True,0.9999106,8.9412584e-05
0.722351758032472,0.722351758032472,True,0.002413392,0.9975866
0.722351758032472,0.722351758032472,True,0.00015890598,0.9998411
0.722351758032472,0.722351758032472,True,0.000121712685,0.9998783
-1.3843670883058157,-1.3843670883058157,True,0.9998476,0.00015241928
0.722351758032472,0.722351758032472,True,8.392334e-05,0.9999161
-1.3843670883058157,-1.3843670883058157,True,0.9999073,9.266434e-05
0.722351758032472,0.722351758032472,True,0.00021642447,0.9997836
0.722351758032472,0.722351758032472,True,8.8214874e-05,0.9999118
-1.3843670883058157,-1.3843670883058157,True,0.99945927,0.0005407084
0.722351758032472,0.722351758032472,True,0.00059580803,0.9994042
0.722351758032472,0.722351758032472,True,0.00017130375,0.9998287
-1.3843670883058157,-1.3843670883058157,True,0.9999076,9.240068e-05
0.722351758032472,0.722351758032472,True,0.0032432675,0.99675673
-1.3843670883058157,-1.3843670883058157,True,0.999913,8.7007844e-05
0.722351758032472,0.722351758032472,True,0.0001232624,0.99987674
-1.3843670883058157,-1.3843670883058157,True,0.99991286,8.716571e-05
0.722351758032472,0.722351758032472,True,9.036064e-05,0.99990964
-1.3843670883058157,-1.3843670883058157,True,0.9998938,0.00010622294
0.722351758032472,0.722351758032472,True,4.7326088e-05,0.9999527
-1.3843670883058157,-1.3843670883058157,True,0.9995943,0.00040572984
-1.3843670883058157,-1.3843670883058157,True,0.999551,0.00044898235
0.722351758032472,0.722351758032472,True,9.715557e-05,0.99990284
-1.3843670883058157,-1.3843670883058157,True,0.99977297,0.0002270174
0.722351758032472,0.722351758032472,True,0.0002450347,0.99975497
0.722351758032472,0.722351758032472,True,0.0005540252,0.999446
0.722351758032472,0.722351758032472,True,0.000230968,0.99976903
0.722351758032472,0.722351758032472,True,0.00017935038,0.99982065
-1.3843670883058157,0.722351758032472,False,0.055755556,0.94424444
0.722351758032472,0.722351758032472,True,0.0057767034,0.9942233
0.722351758032472,0.722351758032472,True,6.6280365e-05,0.9999337
0.722351758032472,0.722351758032472,True,9.8109245e-05,0.9999019
0.722351758032472,0.722351758032472,True,0.027166724,0.9728333
0.722351758032472,0.722351758032472,True,0.00029224157,0.99970776
-1.3843670883058157,-1.3843670883058157,True,0.99990565,9.435369e-05
0.722351758032472,0.722351758032472,True,0.00014340878,0.9998566
0.722351758032472,0.722351758032472,True,0.0001642704,0.9998357
0.722351758032472,0.722351758032472,True,0.00012028217,0.9998797
-1.3843670883058157,-1.3843670883058157,True,0.9998891,0.00011095397
0.722351758032472,0.722351758032472,True,0.00021237135,0.9997876
0.722351758032472,0.722351758032472,True,0.00025755167,0.99974245
0.722351758032472,0.722351758032472,True,4.7683716e-05,0.9999523
0.722351758032472,0.722351758032472,True,0.00021499395,0.999785
0.722351758032472,0.722351758032472,True,0.00018507242,0.9998149
-1.3843670883058157,-1.3843670883058157,True,0.9997588,0.00024123049
0.722351758032472,0.722351758032472,True,0.00020700693,0.999793
0.722351758032472,0.722351758032472,True,0.0003181696,0.99968183
-1.3843670883058157,-1.3843670883058157,True,0.9998358,0.00016423056
0.722351758032472,0.722351758032472,True,5.3048134e-05,0.99994695
-1.3843670883058157,-1.3843670883058157,True,0.99991786,8.216232e-05
-1.3843670883058157,-1.3843670883058157,True,0.9999118,8.823458e-05
-1.3843670883058157,-1.3843670883058157,True,0.99990654,9.348094e-05
0.722351758032472,0.722351758032472,True,0.00042766333,0.99957234
0.722351758032472,0.722351758032472,True,5.3167343e-05,0.99994683
0.722351758032472,0.722351758032472,True,0.00023466349,0.99976534
-1.3843670883058157,-1.3843670883058157,True,0.9999208,7.92384e-05
-1.3843670883058157,-1.3843670883058157,True,0.99991715,8.2834704e-05
-1.3843670883058157,-1.3843670883058157,True,0.9999072,9.281929e-05
0.722351758032472,0.722351758032472,True,9.071827e-05,0.9999093
-1.3843670883058157,-1.3843670883058157,True,0.9998999,0.00010009693
0.722351758032472,0.722351758032472,True,9.047985e-05,0.9999095
0.722351758032472,0.722351758032472,True,0.0002785325,0.99972147
0.722351758032472,0.722351758032472,True,0.00015509129,0.9998449
0.722351758032472,0.722351758032472,True,0.00012719631,0.9998728
0.722351758032472,0.722351758032472,True,0.0118891,0.9881109
-1.3843670883058157,-1.3843670883058157,True,0.999857,0.00014298216
0.722351758032472,0.722351758032472,True,0.00034368038,0.9996563
-1.3843670883058157,-1.3843670883058157,True,0.99968827,0.00031175982
-1.3843670883058157,-1.3843670883058157,True,0.9999067,9.325311e-05
-1.3843670883058157,-1.3843670883058157,True,0.99988943,0.00011058523
0.722351758032472,0.722351758032472,True,0.0031374693,0.99686253
0.722351758032472,0.722351758032472,True,7.677078e-05,0.9999232
0.722351758032472,0.722351758032472,True,0.00023061037,0.9997694
0.722351758032472,0.722351758032472,True,0.00030899048,0.999691
0.722351758032472,0.722351758032472,True,0.00016379356,0.9998362
-1.3843670883058157,-1.3843670883058157,True,0.9998335,0.00016649315
0.722351758032472,0.722351758032472,True,0.00034987926,0.9996501
0.722351758032472,0.722351758032472,True,0.0003761053,0.9996239
0.722351758032472,0.722351758032472,True,0.0024750829,0.9975249
-1.3843670883058157,-1.3843670883058157,True,0.99991447,8.551767e-05
0.722351758032472,0.722351758032472,True,0.00014078617,0.9998592
0.722351758032472,0.722351758032472,True,6.1273575e-05,0.9999387
0.722351758032472,0.722351758032472,True,0.00012803078,0.99987197
0.722351758032472,0.722351758032472,True,0.00010704994,0.99989295
0.722351758032472,0.722351758032472,True,0.03460163,0.9653984
0.722351758032472,0.722351758032472,True,0.00031018257,0.9996898
0.722351758032472,0.722351758032472,True,5.8293343e-05,0.9999417
0.722351758032472,0.722351758032472,True,8.893013e-05,0.99991107
0.722351758032472,0.722351758032472,True,0.0001449585,0.99985504
-1.3843670883058157,-1.3843670883058157,True,0.99970704,0.00029296757
0.722351758032472,0.722351758032472,True,0.00021368265,0.9997863
0.722351758032472,0.722351758032472,True,8.1419945e-05,0.9999186
0.722351758032472,0.722351758032472,True,6.508827e-05,0.9999349
-1.3843670883058157,-1.3843670883058157,True,0.99989474,0.00010527556
0.722351758032472,0.722351758032472,True,0.0001437664,0.99985623
0.722351758032472,0.722351758032472,True,0.00027114153,0.99972886
0.722351758032472,0.722351758032472,True,5.4717064e-05,0.9999453
0.722351758032472,0.722351758032472,True,0.00015735626,0.99984264
-1.3843670883058157,-1.3843670883058157,True,0.9998884,0.00011157911
0.722351758032472,0.722351758032472,True,0.0001348257,0.9998652
0.722351758032472,0.722351758032472,True,0.00031805038,0.99968195
-1.3843670883058157,-1.3843670883058157,True,0.99990714,9.2878334e-05
0.722351758032472,0.722351758032472,True,0.00010585785,0.99989414
-1.3843670883058157,-1.3843670883058157,True,0.9996706,0.00032940196
0.722351758032472,0.722351758032472,True,0.00017899275,0.999821
-1.3843670883058157,-1.3843670883058157,True,0.9998936,0.00010638757
-1.3843670883058157,-1.3843670883058157,True,0.9999135,8.651309e-05
-1.3843670883058157,-1.3843670883058157,True,0.9999063,9.371023e-05
0.722351758032472,0.722351758032472,True,0.00015628338,0.9998437
0.722351758032472,0.722351758032472,True,8.416176e-05,0.99991584
-1.3843670883058157,-1.3843670883058157,True,0.9999137,8.630018e-05
-1.3843670883058157,-1.3843670883058157,True,0.999697,0.00030297166
0.722351758032472,0.722351758032472,True,0.00041085482,0.99958915
-1.3843670883058157,-1.3843670883058157,True,0.99981874,0.00018127493
-1.3843670883058157,-1.3843670883058157,True,0.9991941,0.00080592965
0.722351758032472,0.722351758032472,True,8.2850456e-05,0.99991715
-1.3843670883058157,-1.3843670883058157,True,0.9998386,0.00016141446
0.722351758032472,0.722351758032472,True,4.673004e-05,0.99995327
0.722351758032472,0.722351758032472,True,9.608269e-05,0.9999039
-1.3843670883058157,-1.3843670883058157,True,0.9997253,0.0002747424
0.722351758032472,0.722351758032472,True,0.00023466349,0.99976534
0.722351758032472,0.722351758032472,True,0.00020843744,0.99979156
0.722351758032472,0.722351758032472,True,0.000109791756,0.9998902
0.722351758032472,0.722351758032472,True,0.0016074777,0.9983925
-1.3843670883058157,-1.3843670883058157,True,0.9999054,9.458394e-05
0.722351758032472,0.722351758032472,True,0.00025755167,0.99974245
-1.3843670883058157,-1.3843670883058157,True,0.99980366,0.00019633741
-1.3843670883058157,-1.3843670883058157,True,0.9999052,9.477227e-05
-1.3843670883058157,-1.3843670883058157,True,0.9996855,0.00031445146
0.722351758032472,0.722351758032472,True,0.002127409,0.9978726
0.722351758032472,0.722351758032472,True,0.0002670884,0.9997329
0.722351758032472,0.722351758032472,True,0.0032497644,0.99675024
0.722351758032472,0.722351758032472,True,0.00019210577,0.9998079
0.722351758032472,0.722351758032472,True,6.03199e-05,0.9999397
-1.3843670883058157,-1.3843670883058157,True,0.99978656,0.00021343691
-1.3843670883058157,-1.3843670883058157,True,0.99968576,0.00031422102
-1.3843670883058157,-1.3843670883058157,True,0.999914,8.599106e-05
-1.3843670883058157,-1.3843670883058157,True,0.99989825,0.000101770944
-1.3843670883058157,-1.3843670883058157,True,0.9995811,0.0004188895
-1.3843670883058157,-1.3843670883058157,True,0.9999169,8.308858e-05
-1.3843670883058157,-1.3843670883058157,True,0.99988955,0.00011043138
0.722351758032472,0.722351758032472,True,0.00079101324,0.999209
-1.3843670883058157,-1.3843670883058157,True,0.99964535,0.000354664
0.722351758032472,0.722351758032472,True,0.00012564659,0.99987435
0.722351758032472,0.722351758032472,True,0.0001360178,0.999864
0.722351758032472,0.722351758032472,True,7.522106e-05,0.9999248
-1.3843670883058157,-1.3843670883058157,True,0.9999124,8.7605775e-05
0.722351758032472,0.722351758032472,True,0.0007865429,0.99921346
0.722351758032472,0.722351758032472,True,0.00013136864,0.99986863
-1.3843670883058157,-1.3843670883058157,True,0.9998305,0.00016948604
0.722351758032472,0.722351758032472,True,0.00012373924,0.99987626
0.722351758032472,0.722351758032472,True,5.4597855e-05,0.9999454
0.722351758032472,0.722351758032472,True,0.0018178225,0.9981822
0.722351758032472,0.722351758032472,True,0.0011697412,0.99883026
-1.3843670883058157,-1.3843670883058157,True,0.9995513,0.0004487141
-1.3843670883058157,-1.3843670883058157,True,0.99991214,8.7853485e-05
0.722351758032472,0.722351758032472,True,0.00014340878,0.9998566
0.722351758032472,0.722351758032472,True,0.00016367435,0.9998363
-1.3843670883058157,-1.3843670883058157,True,0.9999131,8.689574e-05
0.722351758032472,0.722351758032472,True,7.2956085e-05,0.99992704
-1.3843670883058157,-1.3843670883058157,True,0.9998014,0.00019857878
0.722351758032472,0.722351758032472,True,5.1379204e-05,0.9999486
0.722351758032472,0.722351758032472,True,5.6624413e-05,0.9999434
-1.3843670883058157,-1.3843670883058157,True,0.9998192,0.0001808059
0.722351758032472,0.722351758032472,True,0.0004775524,0.99952245
-1.3843670883058157,-1.3843670883058157,True,0.99990505,9.492476e-05
0.722351758032472,0.722351758032472,True,0.0001039505,0.99989605
-1.3843670883058157,-1.3843670883058157,True,0.9999071,9.295108e-05
-1.3843670883058157,-1.3843670883058157,True,0.9998968,0.000103190345
0.722351758032472,0.722351758032472,True,0.0001296997,0.9998703
0.722351758032472,0.722351758032472,True,8.3088875e-05,0.9999169
-1.3843670883058157,-1.3843670883058157,True,0.99988556,0.000114412986
-1.3843670883058157,-1.3843670883058157,True,0.9999026,9.737496e-05
0.722351758032472,0.722351758032472,True,0.00012362003,0.9998764
0.722351758032472,0.722351758032472,True,8.9645386e-05,0.99991035
-1.3843670883058157,-1.3843670883058157,True,0.99991244,8.754873e-05
-1.3843670883058157,-1.3843670883058157,True,0.9998502,0.00014978512
0.722351758032472,0.722351758032472,True,5.042553e-05,0.9999496
0.722351758032472,0.722351758032472,True,0.00010752678,0.9998925
0.722351758032472,0.722351758032472,True,0.00020366907,0.99979633
-1.3843670883058157,-1.3843670883058157,True,0.99940497,0.00059501675
0.722351758032472,0.722351758032472,True,5.6028366e-05,0.999944
0.722351758032472,0.722351758032472,True,5.4240227e-05,0.99994576
-1.3843670883058157,-1.3843670883058157,True,0.9999127,8.7302215e-05
0.722351758032472,0.722351758032472,True,0.00026148558,0.9997385
0.722351758032472,0.722351758032472,True,0.00013375282,0.99986625
0.722351758032472,0.722351758032472,True,9.5009804e-05,0.999905
0.722351758032472,0.722351758032472,True,5.7458878e-05,0.99994254
-1.3843670883058157,-1.3843670883058157,True,0.99976754,0.00023246884
0.722351758032472,0.722351758032472,True,0.00012135506,0.99987864
0.722351758032472,0.722351758032472,True,0.00011706352,0.99988294
0.722351758032472,0.722351758032472,True,0.0012660623,0.99873394
-1.3843670883058157,-1.3843670883058157,True,0.9999144,8.556637e-05
0.722351758032472,0.722351758032472,True,9.6440315e-05,0.99990356
0.722351758032472,0.722351758032472,True,0.00016665459,0.99983335
-1.3843670883058157,-1.3843670883058157,True,0.99989486,0.00010512097
-1.3843670883058157,-1.3843670883058157,True,0.99974173,0.00025829536
0.722351758032472,0.722351758032472,True,7.200241e-05,0.999928
0.722351758032472,0.722351758032472,True,0.000101566315,0.99989843
-1.3843670883058157,-1.3843670883058157,True,0.99988925,0.00011076644
-1.3843670883058157,-1.3843670883058157,True,0.9999114,8.859179e-05
0.722351758032472,0.722351758032472,True,7.510185e-05,0.9999249
0.722351758032472,0.722351758032472,True,0.00013577938,0.9998642
0.722351758032472,0.722351758032472,True,0.00030374527,0.99969625
0.722351758032472,0.722351758032472,True,0.00023192167,0.9997681
0.722351758032472,0.722351758032472,True,0.0002860427,0.99971396
-1.3843670883058157,-1.3843670883058157,True,0.999712,0.0002880053
-1.3843670883058157,-1.3843670883058157,True,0.9999238,7.6203134e-05
0.722351758032472,0.722351758032472,True,9.3340874e-05,0.99990666
0.722351758032472,0.722351758032472,True,7.7843666e-05,0.99992216
-1.3843670883058157,-1.3843670883058157,True,0.99972606,0.0002739718
0.722351758032472,0.722351758032472,True,7.545948e-05,0.99992454
0.722351758032472,0.722351758032472,True,0.00011634827,0.99988365
-1.3843670883058157,-1.3843670883058157,True,0.99981344,0.000186538
-1.3843670883058157,-1.3843670883058157,True,0.9999128,8.717535e-05
0.722351758032472,0.722351758032472,True,0.00030350685,0.9996965
0.722351758032472,0.722351758032472,True,0.00019973516,0.99980026
-1.3843670883058157,-1.3843670883058157,True,0.9998126,0.00018739424
0.722351758032472,0.722351758032472,True,0.00019305944,0.99980694
0.722351758032472,0.722351758032472,True,0.0006109476,0.99938905
0.722351758032472,0.722351758032472,True,6.592274e-05,0.9999341
0.722351758032472,0.722351758032472,True,0.00043040514,0.9995696
-1.3843670883058157,-1.3843670883058157,True,0.9999028,9.71948e-05
-1.3843670883058157,-1.3843670883058157,True,0.9993952,0.00060478575
0.722351758032472,0.722351758032472,True,7.843971e-05,0.99992156
-1.3843670883058157,-1.3843670883058157,True,0.99980485,0.00019517532
0.722351758032472,0.722351758032472,True,0.00078356266,0.99921644
0.722351758032472,0.722351758032472,True,7.998943e-05,0.99992
0.722351758032472,0.722351758032472,True,8.678436e-05,0.9999132
-1.3843670883058157,-1.3843670883058157,True,0.9998204,0.00017956358
0.722351758032472,0.722351758032472,True,0.00045388937,0.9995461
0.722351758032472,0.722351758032472,True,7.843971e-05,0.99992156
0.722351758032472,0.722351758032472,True,0.00010430813,0.9998957
0.722351758032472,0.722351758032472,True,7.891655e-05,0.9999211
-1.3843670883058157,-1.3843670883058157,True,0.9997613,0.00023869847
-1.3843670883058157,-1.3843670883058157,True,0.9997712,0.00022884941
0.722351758032472,0.722351758032472,True,0.00010418892,0.9998958
-1.3843670883058157,-1.3843670883058157,True,0.9997235,0.0002764851
-1.3843670883058157,-1.3843670883058157,True,0.99977905,0.00022093409
0.722351758032472,0.722351758032472,True,0.0007427335,0.99925727
-1.3843670883058157,-1.3843670883058157,True,0.9993603,0.0006396872
0.722351758032472,0.722351758032472,True,9.9778175e-05,0.9999002
0.722351758032472,0.722351758032472,True,0.00019282103,0.9998072
-1.3843670883058157,-1.3843670883058157,True,0.999835,0.00016500376
0.722351758032472,0.722351758032472,True,0.00020235777,0.99979764
0.722351758032472,0.722351758032472,True,8.606911e-05,0.99991393
0.722351758032472,0.722351758032472,True,0.00023883581,0.99976116
0.722351758032472,0.722351758032472,True,7.212162e-05,0.9999279
-1.3843670883058157,-1.3843670883058157,True,0.9999135,8.651309e-05
-1.3843670883058157,-1.3843670883058157,True,0.9999064,9.3572e-05
0.722351758032472,0.722351758032472,True,8.6188316e-05,0.9999138
0.722351758032472,0.722351758032472,True,8.4519386e-05,0.9999155
0.722351758032472,0.722351758032472,True,8.523464e-05,0.99991477
-1.3843670883058157,-1.3843670883058157,True,0.9998523,0.00014772898
0.722351758032472,0.722351758032472,True,9.286404e-05,0.99990714
0.722351758032472,0.722351758032472,True,0.00010740757,0.9998926
0.722351758032472,0.722351758032472,True,0.00066429377,0.9993357
-1.3843670883058157,-1.3843670883058157,True,0.99991006,8.9965e-05
0.722351758032472,0.722351758032472,True,0.00018519163,0.9998148
0.722351758032472,0.722351758032472,True,0.00024455786,0.99975544
-1.3843670883058157,-1.3843670883058157,True,0.9998451,0.00015490317
0.722351758032472,0.722351758032472,True,0.00013124943,0.99986875
0.722351758032472,0.722351758032472,True,0.0001693964,0.9998306
0.722351758032472,0.722351758032472,True,6.92606e-05,0.99993074
0.722351758032472,0.722351758032472,True,8.9764595e-05,0.99991024
0.722351758032472,0.722351758032472,True,5.865097e-05,0.99994135
0.722351758032472,0.722351758032472,True,0.00023907423,0.9997609
0.722351758032472,0.722351758032472,True,0.0004593134,0.9995407
0.722351758032472,0.722351758032472,True,7.915497e-05,0.99992085
0.722351758032472,0.722351758032472,True,0.00023585558,0.99976414
0.722351758032472,0.722351758032472,True,0.00012385845,0.99987614
0.722351758032472,0.722351758032472,True,0.0004003644,0.99959964
-1.3843670883058157,-1.3843670883058157,True,0.999901,9.9005156e-05
0.722351758032472,0.722351758032472,True,0.00026875734,0.99973124
0.722351758032472,0.722351758032472,True,0.000111460686,0.99988854
0.722351758032472,0.722351758032472,True,0.000628531,0.99937147
0.722351758032472,0.722351758032472,True,0.00012612343,0.9998739
-1.3843670883058157,-1.3843670883058157,True,0.9996392,0.00036079687
0.722351758032472,0.722351758032472,True,0.00012338161,0.9998766
0.722351758032472,0.722351758032472,True,6.568432e-05,0.9999343
0.722351758032472,0.722351758032472,True,6.997585e-05,0.99993
0.722351758032472,0.722351758032472,True,8.273125e-05,0.99991727
-1.3843670883058157,-1.3843670883058157,True,0.9999065,9.350377e-05
0.722351758032472,0.722351758032472,True,0.00010108948,0.9998989
-1.3843670883058157,-1.3843670883058157,True,0.9997094,0.00029054453
0.722351758032472,0.722351758032472,True,0.00067460537,0.9993254
0.722351758032472,0.722351758032472,True,0.00011456013,0.99988544
0.722351758032472,0.722351758032472,True,9.405613e-05,0.99990594
0.722351758032472,0.722351758032472,True,0.0002670884,0.9997329
-1.3843670883058157,-1.3843670883058157,True,0.9999043,9.57109e-05
-1.3843670883058157,-1.3843670883058157,True,0.9999089,9.1062095e-05
-1.3843670883058157,-1.3843670883058157,True,0.9999135,8.647498e-05
-1.3843670883058157,-1.3843670883058157,True,0.9995672,0.00043279835
0.722351758032472,0.722351758032472,True,0.00068056583,0.99931943
0.722351758032472,0.722351758032472,True,4.553795e-05,0.99995446
0.722351758032472,0.722351758032472,True,6.747246e-05,0.9999325
0.722351758032472,0.722351758032472,True,0.00023061037,0.9997694
0.722351758032472,0.722351758032472,True,0.00034463406,0.99965537
-1.3843670883058157,-1.3843670883058157,True,0.99990684,9.318565e-05
-1.3843670883058157,-1.3843670883058157,True,0.9999011,9.8904e-05
0.722351758032472,0.722351758032472,True,0.00015735626,0.99984264
-1.3843670883058157,-1.3843670883058157,True,0.9998553,0.0001447039
-1.3843670883058157,-1.3843670883058157,True,0.9998118,0.00018816002
0.722351758032472,0.722351758032472,True,0.00010967255,0.9998903
-1.3843670883058157,-1.3843670883058157,True,0.9999121,8.7910725e-05
0.722351758032472,0.722351758032472,True,0.00030481815,0.9996952
0.722351758032472,0.722351758032472,True,6.687641e-05,0.9999331
0.722351758032472,0.722351758032472,True,0.00060784817,0.99939215
0.722351758032472,0.722351758032472,True,0.0003017187,0.9996983
0.722351758032472,0.722351758032472,True,0.00011777878,0.9998822
-1.3843670883058157,-1.3843670883058157,True,0.99896884,0.0010311311
0.722351758032472,0.722351758032472,True,0.00013792515,0.9998621
0.722351758032472,0.722351758032472,True,0.0002513528,0.99974865
-1.3843670883058157,-1.3843670883058157,True,0.9998941,0.00010593274
-1.3843670883058157,-1.3843670883058157,True,0.99989957,0.000100441815
0.722351758032472,0.722351758032472,True,9.226799e-05,0.99990773
0.722351758032472,0.722351758032472,True,7.510185e-05,0.9999249
-1.3843670883058157,-1.3843670883058157,True,0.9999052,9.4800744e-05
0.722351758032472,0.722351758032472,True,0.0003374815,0.9996625
-1.3843670883058157,-1.3843670883058157,True,0.9999135,8.651309e-05
0.722351758032472,0.722351758032472,True,6.580353e-05,0.9999342
-1.3843670883058157,-1.3843670883058157,True,0.99989,0.000109947934
0.722351758032472,0.722351758032472,True,0.00020080805,0.9997992
-1.3843670883058157,-1.3843670883058157,True,0.9999197,8.028406e-05
-1.3843670883058157,-1.3843670883058157,True,0.9999087,9.129973e-05
0.722351758032472,0.722351758032472,True,0.00010275841,0.99989724
0.722351758032472,0.722351758032472,True,0.00015056133,0.99984944
0.722351758032472,0.722351758032472,True,0.0003004074,0.9996996
-1.3843670883058157,-1.3843670883058157,True,0.99984825,0.00015176492
-1.3843670883058157,-1.3843670883058157,True,0.9998367,0.0001633374
0.722351758032472,0.722351758032472,True,0.00014913082,0.99985087
0.722351758032472,0.722351758032472,True,0.0002887845,0.9997112
0.722351758032472,0.722351758032472,True,5.6147575e-05,0.99994385
0.722351758032472,0.722351758032472,True,0.0013560653,0.99864393
-1.3843670883058157,-1.3843670883058157,True,0.9999288,7.122137e-05
0.722351758032472,0.722351758032472,True,0.00010073185,0.99989927
0.722351758032472,0.722351758032472,True,0.00010347366,0.9998965
0.722351758032472,0.722351758032472,True,9.88245e-05,0.9999012
0.722351758032472,0.722351758032472,True,7.104874e-05,0.99992895
0.722351758032472,0.722351758032472,True,0.0002182126,0.9997818
-1.3843670883058157,-1.3843670883058157,True,0.9999081,9.1918744e-05
0.722351758032472,0.722351758032472,True,0.000108122826,0.9998919
-1.3843670883058157,-1.3843670883058157,True,0.9997929,0.00020714983
0.722351758032472,0.722351758032472,True,0.00019580126,0.9998042
-1.3843670883058157,-1.3843670883058157,True,0.9998995,0.00010050246
0.722351758032472,0.722351758032472,True,0.0008608103,0.9991392
0.722351758032472,0.722351758032472,True,0.00027030706,0.9997297
0.722351758032472,0.722351758032472,True,5.9604645e-05,0.9999404
0.722351758032472,0.722351758032472,True,0.00017601252,0.999824
-1.3843670883058157,-1.3843670883058157,True,0.9999066,9.342009e-05
-1.3843670883058157,-1.3843670883058157,True,0.9999111,8.889212e-05
0.722351758032472,0.722351758032472,True,0.00015199184,0.999848
0.722351758032472,0.722351758032472,True,0.00011301041,0.999887
0.722351758032472,0.722351758032472,True,9.262562e-05,0.9999074
0.722351758032472,0.722351758032472,True,7.56979e-05,0.9999243
0.722351758032472,0.722351758032472,True,0.00028449297,0.9997155
0.722351758032472,0.722351758032472,True,6.592274e-05,0.9999341
0.722351758032472,0.722351758032472,True,0.0002949834,0.999705
0.722351758032472,0.722351758032472,True,9.4890594e-05,0.9999051
0.722351758032472,0.722351758032472,True,5.7935715e-05,0.99994206
-1.3843670883058157,-1.3843670883058157,True,0.9998983,0.00010168101
0.722351758032472,0.722351758032472,True,7.6413155e-05,0.9999236
0.722351758032472,0.722351758032472,True,0.000100016594,0.9999
-1.3843670883058157,-1.3843670883058157,True,0.9995851,0.0004149149
0.722351758032472,0.722351758032472,True,8.010864e-05,0.9999199
0.722351758032472,0.722351758032472,True,5.7458878e-05,0.99994254
-1.3843670883058157,-1.3843670883058157,True,0.99991333,8.664419e-05
0.722351758032472,0.722351758032472,True,6.0081482e-05,0.9999399
0.722351758032472,0.722351758032472,True,0.0001155138,0.9998845
0.722351758032472,0.722351758032472,True,0.000113487244,0.9998865
-1.3843670883058157,-1.3843670883058157,True,0.99990755,9.242783e-05
0.722351758032472,0.722351758032472,True,7.593632e-05,0.99992406
-1.3843670883058157,-1.3843670883058157,True,0.9999119,8.8106266e-05
-1.3843670883058157,-1.3843670883058157,True,0.9998397,0.00016026638
-1.3843670883058157,-1.3843670883058157,True,0.9999126,8.737775e-05
-1.3843670883058157,-1.3843670883058157,True,0.99990606,9.391519e-05
-1.3843670883058157,-1.3843670883058157,True,0.9997644,0.0002356109
0.722351758032472,0.722351758032472,True,0.00010585785,0.99989414
-1.3843670883058157,-1.3843670883058157,True,0.99990624,9.374152e-05
0.722351758032472,0.722351758032472,True,0.00033688545,0.9996631
0.722351758032472,0.722351758032472,True,0.00030505657,0.99969494
0.722351758032472,0.722351758032472,True,6.4373016e-05,0.9999356
-1.3843670883058157,-1.3843670883058157,True,0.99991643,8.35498e-05
-1.3843670883058157,-1.3843670883058157,True,0.99934804,0.00065197214
0.722351758032472,0.722351758032472,True,6.7949295e-05,0.99993205
0.722351758032472,0.722351758032472,True,6.425381e-05,0.99993575
-1.3843670883058157,-1.3843670883058157,True,0.9999057,9.431195e-05
0.722351758032472,0.722351758032472,True,8.535385e-05,0.99991465
-1.3843670883058157,-1.3843670883058157,True,0.99991167,8.833433e-05
0.722351758032472,0.722351758032472,True,7.092953e-05,0.9999291
-1.3843670883058157,-1.3843670883058157,True,0.9999135,8.651309e-05
0.722351758032472,0.722351758032472,True,0.0011262298,0.9988738
0.722351758032472,0.722351758032472,True,6.067753e-05,0.9999393
0.722351758032472,0.722351758032472,True,0.00014913082,0.99985087
0.722351758032472,0.722351758032472,True,7.104874e-05,0.99992895
0.722351758032472,0.722351758032472,True,0.00029343367,0.99970657
-1.3843670883058157,-1.3843670883058157,True,0.9997593,0.0002406718
-1.3843670883058157,-1.3843670883058157,True,0.99977547,0.00022451438
-1.3843670883058157,-1.3843670883058157,True,0.99983037,0.0001696487
0.722351758032472,0.722351758032472,True,0.0004800558,0.99951994
0.722351758032472,0.722351758032472,True,5.698204e-05,0.999943
0.722351758032472,0.722351758032472,True,0.000106334686,0.99989367
0.722351758032472,0.722351758032472,True,5.6385994e-05,0.9999436
0.722351758032472,0.722351758032472,True,8.273125e-05,0.99991727
0.722351758032472,0.722351758032472,True,0.000109791756,0.9998902
-1.3843670883058157,-1.3843670883058157,True,0.9999023,9.769826e-05
0.722351758032472,0.722351758032472,True,0.012759507,0.9872405
-1.3843670883058157,-1.3843670883058157,True,0.99974567,0.00025431442
0.722351758032472,0.722351758032472,True,0.00010180473,0.9998982
0.722351758032472,0.722351758032472,True,8.416176e-05,0.99991584
0.722351758032472,0.722351758032472,True,0.00015175343,0.99984825
-1.3843670883058157,-1.3843670883058157,True,0.9996141,0.00038590483
0.722351758032472,0.722351758032472,True,0.00026792288,0.9997321
0.722351758032472,0.722351758032472,True,0.00042110682,0.9995789
0.722351758032472,0.722351758032472,True,6.890297e-05,0.9999311
0.722351758032472,0.722351758032472,True,0.00014328957,0.9998567
-1.3843670883058157,-1.3843670883058157,True,0.99991715,8.285502e-05
-1.3843670883058157,-1.3843670883058157,True,0.9997817,0.00021829928
-1.3843670883058157,-1.3843670883058157,True,0.9998208,0.00017917244
0.722351758032472,0.722351758032472,True,0.0001282692,0.99987173
0.722351758032472,0.722351758032472,True,8.177757e-05,0.9999182
0.722351758032472,0.722351758032472,True,0.00015926361,0.99984074
0.722351758032472,0.722351758032472,True,0.00026136637,0.99973863
0.722351758032472,0.722351758032472,True,9.9897385e-05,0.9999001
-1.3843670883058157,-1.3843670883058157,True,0.99992377,7.625278e-05
0.722351758032472,0.722351758032472,True,6.318092e-05,0.9999368
0.722351758032472,0.722351758032472,True,6.6280365e-05,0.9999337
0.722351758032472,0.722351758032472,True,0.00035429,0.9996457
0.722351758032472,0.722351758032472,True,0.00012719631,0.9998728
0.722351758032472,0.722351758032472,True,7.9631805e-05,0.99992037
-1.3843670883058157,-1.3843670883058157,True,0.9999152,8.484575e-05
0.722351758032472,0.722351758032472,True,0.000108242035,0.99989176
0.722351758032472,0.722351758032472,True,0.0023616552,0.99763834
-1.3843670883058157,-1.3843670883058157,True,0.99984515,0.00015486006
-1.3843670883058157,-1.3843670883058157,True,0.999907,9.299187e-05
0.722351758032472,0.722351758032472,True,0.00039929152,0.9996007
0.722351758032472,0.722351758032472,True,0.00030577183,0.9996942
0.722351758032472,0.722351758032472,True,6.186962e-05,0.99993813
-1.3843670883058157,-1.3843670883058157,True,0.9999034,9.664066e-05
0.722351758032472,0.722351758032472,True,0.00019675493,0.99980325
0.722351758032472,0.722351758032472,True,0.0002693534,0.99973065
0.722351758032472,0.722351758032472,True,0.0002937913,0.9997062
0.722351758032472,0.722351758032472,True,0.0012263656,0.99877363
0.722351758032472,0.722351758032472,True,4.1604042e-05,0.9999584
0.722351758032472,0.722351758032472,True,0.00017982721,0.9998202
0.722351758032472,0.722351758032472,True,0.00044566393,0.99955434
-1.3843670883058157,-1.3843670883058157,True,0.99981594,0.00018405025
0.722351758032472,0.722351758032472,True,8.237362e-05,0.9999176
0.722351758032472,0.722351758032472,True,5.7458878e-05,0.99994254
-1.3843670883058157,-1.3843670883058157,True,0.99985087,0.00014915872
0.722351758032472,0.722351758032472,True,7.247925e-05,0.9999275
0.722351758032472,0.722351758032472,True,0.00017237663,0.9998276
0.722351758032472,0.722351758032472,True,0.00010383129,0.99989617
0.722351758032472,0.722351758032472,True,0.00028830767,0.9997117
-1.3843670883058157,-1.3843670883058157,True,0.99952716,0.00047282537
0.722351758032472,0.722351758032472,True,0.0001436472,0.99985635
0.722351758032472,0.722351758032472,True,6.496906e-05,0.99993503
0.722351758032472,0.722351758032472,True,0.00018912554,0.9998109
-1.3843670883058157,-1.3843670883058157,True,0.9999131,8.689574e-05
0.722351758032472,0.722351758032472,True,0.00017303228,0.99982697
-1.3843670883058157,-1.3843670883058157,True,0.9999001,9.988468e-05
0.722351758032472,0.722351758032472,True,9.346008e-05,0.99990654
0.722351758032472,0.722351758032472,True,0.0004968643,0.99950314
-1.3843670883058157,-1.3843670883058157,True,0.9998703,0.00012972209
0.722351758032472,0.722351758032472,True,6.186962e-05,0.99993813
0.722351758032472,0.722351758032472,True,0.00011956692,0.99988043
0.722351758032472,0.722351758032472,True,0.0002886653,0.99971133
0.722351758032472,0.722351758032472,True,0.0033413172,0.9966587
0.722351758032472,0.722351758032472,True,0.00013279915,0.9998672
0.722351758032472,0.722351758032472,True,0.00047433376,0.99952567
-1.3843670883058157,-1.3843670883058157,True,0.99983567,0.00016435274
-1.3843670883058157,-1.3843670883058157,True,0.9996146,0.00038543073
0.722351758032472,0.722351758032472,True,0.0006275773,0.9993724
0.722351758032472,0.722351758032472,True,8.380413e-05,0.9999162
0.722351758032472,0.722351758032472,True,0.00021916628,0.99978083
0.722351758032472,0.722351758032472,True,6.1035156e-05,0.99993896
0.722351758032472,0.722351758032472,True,9.715557e-05,0.99990284
0.722351758032472,0.722351758032472,True,5.054474e-05,0.99994946
0.722351758032472,0.722351758032472,True,0.00014424324,0.99985576
0.722351758032472,0.722351758032472,True,6.151199e-05,0.9999385
-1.3843670883058157,-1.3843670883058157,True,0.9996459,0.00035413608
0.722351758032472,0.722351758032472,True,0.00017142296,0.9998286
0.722351758032472,0.722351758032472,True,0.0001244545,0.99987555
-1.3843670883058157,-1.3843670883058157,True,0.9997633,0.00023670611
-1.3843670883058157,-1.3843670883058157,True,0.9995968,0.00040322315
0.722351758032472,0.722351758032472,True,6.520748e-05,0.9999348
0.722351758032472,0.722351758032472,True,0.0010620952,0.9989379
-1.3843670883058157,-1.3843670883058157,True,0.99977744,0.00022255041
-1.3843670883058157,-1.3843670883058157,True,0.9999205,7.951119e-05
0.722351758032472,0.722351758032472,True,0.00012898445,0.999871
0.722351758032472,0.722351758032472,True,0.0005136728,0.9994863
0.722351758032472,0.722351758032472,True,8.678436e-05,0.9999132
0.722351758032472,0.722351758032472,True,0.00022345781,0.99977654
0.722351758032472,0.722351758032472,True,7.688999e-05,0.9999231
0.722351758032472,0.722351758032472,True,0.0001295805,0.9998704
-1.3843670883058157,-1.3843670883058157,True,0.9999029,9.7077536e-05
0.722351758032472,0.722351758032472,True,6.3061714e-05,0.99993694
0.722351758032472,0.722351758032472,True,8.583069e-05,0.99991417
0.722351758032472,0.722351758032472,True,0.00019472837,0.9998053
-1.3843670883058157,-1.3843670883058157,True,0.99972385,0.00027612236
0.722351758032472,0.722351758032472,True,0.00017291307,0.9998271
0.722351758032472,0.722351758032472,True,0.0004323125,0.9995677
0.722351758032472,0.722351758032472,True,5.2571297e-05,0.9999474
0.722351758032472,0.722351758032472,True,5.9247017e-05,0.99994075
0.722351758032472,0.722351758032472,True,0.00017094612,0.99982905
-1.3843670883058157,-1.3843670883058157,True,0.9999064,9.3578965e-05
0.722351758032472,0.722351758032472,True,0.0001513958,0.9998486
0.722351758032472,0.722351758032472,True,7.104874e-05,0.99992895
0.722351758032472,0.722351758032472,True,0.0003399849,0.99966
-1.3843670883058157,-1.3843670883058157,True,0.9998871,0.00011290952
0.722351758032472,0.722351758032472,True,0.00014472008,0.9998553
0.722351758032472,0.722351758032472,True,0.00012564659,0.99987435
0.722351758032472,0.722351758032472,True,0.00018364191,0.99981636
0.722351758032472,0.722351758032472,True,6.020069e-05,0.9999398
0.722351758032472,0.722351758032472,True,7.593632e-05,0.99992406
-1.3843670883058157,-1.3843670883058157,True,0.9999003,9.9717945e-05
0.722351758032472,0.722351758032472,True,0.00010752678,0.9998925
-1.3843670883058157,-1.3843670883058157,True,0.999902,9.7993856e-05
0.722351758032472,0.722351758032472,True,0.005259812,0.9947402
0.722351758032472,0.722351758032472,True,0.0015845299,0.99841547
-1.3843670883058157,-1.3843670883058157,True,0.9998027,0.00019731311
0.722351758032472,0.722351758032472,True,0.0014226437,0.99857736
0.722351758032472,0.722351758032472,True,0.0002798438,0.99972016
-1.3843670883058157,-1.3843670883058157,True,0.9999081,9.1918744e-05
0.722351758032472,0.722351758032472,True,0.00013375282,0.99986625
0.722351758032472,0.722351758032472,True,0.00010848045,0.9998915
0.722351758032472,0.722351758032472,True,0.00016283989,0.99983716
-1.3843670883058157,-1.3843670883058157,True,0.99937505,0.0006249746
0.722351758032472,0.722351758032472,True,6.318092e-05,0.9999368
-1.3843670883058157,-1.3843670883058157,True,0.99983966,0.00016032047
0.722351758032472,0.722351758032472,True,0.0001335144,0.9998665
-1.3843670883058157,-1.3843670883058157,True,0.99991417,8.5836626e-05
0.722351758032472,0.722351758032472,True,9.6440315e-05,0.99990356
0.722351758032472,0.722351758032472,True,0.00012886524,0.99987113
0.722351758032472,0.722351758032472,True,9.6678734e-05,0.9999033
0.722351758032472,0.722351758032472,True,9.429455e-05,0.9999057
0.722351758032472,0.722351758032472,True,0.00012528896,0.9998747
-1.3843670883058157,-1.3843670883058157,True,0.9998393,0.00016067737
-1.3843670883058157,-1.3843670883058157,True,0.99981105,0.0001889327
0.722351758032472,0.722351758032472,True,9.930134e-05,0.9999007
0.722351758032472,0.722351758032472,True,5.51939e-05,0.9999448
0.722351758032472,0.722351758032472,True,0.000104784966,0.9998952
0.722351758032472,0.722351758032472,True,0.0002233386,0.99977666
-1.3843670883058157,-1.3843670883058157,True,0.99991554,8.446584e-05
0.722351758032472,0.722351758032472,True,0.00039476156,0.99960524
-1.3843670883058157,-1.3843670883058157,True,0.9999135,8.651309e-05
0.722351758032472,0.722351758032472,True,0.001645565,0.99835443
-1.3843670883058157,-1.3843670883058157,True,0.9998932,0.0001067923
0.722351758032472,0.722351758032472,True,8.4638596e-05,0.99991536
0.722351758032472,0.722351758032472,True,0.00020974874,0.99979025
-1.3843670883058157,-1.3843670883058157,True,0.9999188,8.116167e-05
0.722351758032472,0.722351758032472,True,0.00013673306,0.99986327
0.722351758032472,0.722351758032472,True,0.0002476573,0.99975234
0.722351758032472,0.722351758032472,True,0.0001758933,0.9998241
0.722351758032472,0.722351758032472,True,9.2983246e-05,0.999907
0.722351758032472,0.722351758032472,True,0.0019805431,0.99801946
-1.3843670883058157,-1.3843670883058157,True,0.9998207,0.00017927907
0.722351758032472,0.722351758032472,True,0.00010359287,0.9998964
0.722351758032472,0.722351758032472,True,7.021427e-05,0.9999298
0.722351758032472,0.722351758032472,True,0.00016629696,0.9998337
-1.3843670883058157,-1.3843670883058157,True,0.9998017,0.00019832447
-1.3843670883058157,-1.3843670883058157,True,0.99937373,0.00062626734
-1.3843670883058157,-1.3843670883058157,True,0.9999088,9.117722e-05
0.722351758032472,0.722351758032472,True,0.00044983625,0.99955016
0.722351758032472,0.722351758032472,True,0.00014793873,0.99985206
-1.3843670883058157,-1.3843670883058157,True,0.9997765,0.0002235263
-1.3843670883058157,-1.3843670883058157,True,0.9999224,7.761926e-05
0.722351758032472,0.722351758032472,True,0.00022286177,0.99977714
0.722351758032472,0.722351758032472,True,0.0005610585,0.99943894
0.722351758032472,0.722351758032472,True,0.00027400255,0.999726
-1.3843670883058157,-1.3843670883058157,True,0.99983466,0.0001653665
0.722351758032472,0.722351758032472,True,0.00013875961,0.99986124
0.722351758032472,0.722351758032472,True,0.00016975403,0.99983025
-1.3843670883058157,-1.3843670883058157,True,0.99989986,0.00010013302
-1.3843670883058157,-1.3843670883058157,True,0.9999081,9.190244e-05
0.722351758032472,0.722351758032472,True,7.593632e-05,0.99992406
0.722351758032472,0.722351758032472,True,0.00016641617,0.9998336
-1.3843670883058157,-1.3843670883058157,True,0.9998221,0.00017792334
0.722351758032472,0.722351758032472,True,0.000172019,0.999828
0.722351758032472,0.722351758032472,True,0.00020831823,0.9997917
-1.3843670883058157,-1.3843670883058157,True,0.99979955,0.00020045487
-1.3843670883058157,-1.3843670883058157,True,0.99990153,9.8472796e-05
0.722351758032472,0.722351758032472,True,5.2332878e-05,0.99994767
0.722351758032472,0.722351758032472,True,0.0002669692,0.99973303
-1.3843670883058157,-1.3843670883058157,True,0.99991524,8.4752995e-05
-1.3843670883058157,-1.3843670883058157,True,0.99991167,8.833433e-05
-1.3843670883058157,-1.3843670883058157,True,0.99991363,8.6368265e-05
0.722351758032472,0.722351758032472,True,0.00021010637,0.9997899
0.722351758032472,0.722351758032472,True,8.904934e-05,0.99991095
0.722351758032472,0.722351758032472,True,0.00035226345,0.99964774
-1.3843670883058157,-1.3843670883058157,True,0.9999077,9.232195e-05
0.722351758032472,0.722351758032472,True,0.00031256676,0.99968743
0.722351758032472,0.722351758032472,True,0.00015473366,0.99984527
0.722351758032472,0.722351758032472,True,5.555153e-05,0.99994445
0.722351758032472,0.722351758032472,True,0.00024837255,0.9997516
0.722351758032472,0.722351758032472,True,0.00016248226,0.9998375
-1.3843670883058157,-1.3843670883058157,True,0.9999188,8.116167e-05
0.722351758032472,0.722351758032472,True,0.00011563301,0.99988437
-1.3843670883058157,-1.3843670883058157,True,0.99962604,0.00037396082
-1.3843670883058157,-1.3843670883058157,True,0.99989456,0.000105439016
0.722351758032472,0.722351758032472,True,6.7949295e-05,0.99993205
0.722351758032472,0.722351758032472,True,0.00011205673,0.99988794
-1.3843670883058157,-1.3843670883058157,True,0.99991107,8.8955385e-05
0.722351758032472,0.722351758032472,True,0.0005373359,0.99946266
0.722351758032472,0.722351758032472,True,7.212162e-05,0.9999279
0.722351758032472,0.722351758032472,True,9.262562e-05,0.9999074
-1.3843670883058157,-1.3843670883058157,True,0.9999228,7.716384e-05
0.722351758032472,0.722351758032472,True,0.0003581047,0.9996419
-1.3843670883058157,-1.3843670883058157,True,0.9999027,9.729626e-05
0.722351758032472,0.722351758032472,True,0.0004516244,0.9995484
0.722351758032472,0.722351758032472,True,0.00023406744,0.99976593
0.722351758032472,0.722351758032472,True,0.00013911724,0.9998609
-1.3843670883058157,-1.3843670883058157,True,0.99974734,0.00025267433
-1.3843670883058157,-1.3843670883058157,True,0.9998543,0.00014565604
0.722351758032472,0.722351758032472,True,9.346008e-05,0.99990654
0.722351758032472,0.722351758032472,True,0.00017338991,0.9998266
0.722351758032472,0.722351758032472,True,6.4492226e-05,0.9999355
0.722351758032472,0.722351758032472,True,7.402897e-05,0.999926
0.722351758032472,0.722351758032472,True,0.00020438433,0.9997956
0.722351758032472,0.722351758032472,True,0.00018244982,0.99981755
0.722351758032472,0.722351758032472,True,0.00011217594,0.9998878
0.722351758032472,0.722351758032472,True,0.00033330917,0.9996667
0.722351758032472,0.722351758032472,True,7.677078e-05,0.9999232
0.722351758032472,0.722351758032472,True,5.6385994e-05,0.9999436
-1.3843670883058157,-1.3843670883058157,True,0.99992704,7.295007e-05
0.722351758032472,0.722351758032472,True,0.00013458729,0.9998654
0.722351758032472,0.722351758032472,True,0.000121712685,0.9998783
0.722351758032472,0.722351758032472,True,8.046627e-05,0.99991953
-1.3843670883058157,-1.3843670883058157,True,0.9997598,0.00024023367
0.722351758032472,0.722351758032472,True,7.045269e-05,0.99992955
0.722351758032472,0.722351758032472,True,6.592274e-05,0.9999341
-1.3843670883058157,-1.3843670883058157,True,0.99991167,8.833433e-05
0.722351758032472,0.722351758032472,True,6.425381e-05,0.99993575
0.722351758032472,0.722351758032472,True,0.00034058094,0.9996594
-1.3843670883058157,-1.3843670883058157,True,0.99990326,9.675435e-05
0.722351758032472,0.722351758032472,True,8.7976456e-05,0.999912
0.722351758032472,0.722351758032472,True,0.00022727251,0.9997727
0.722351758032472,0.722351758032472,True,5.9247017e-05,0.99994075
-1.3843670883058157,-1.3843670883058157,True,0.9999215,7.847425e-05
0.722351758032472,0.722351758032472,True,5.567074e-05,0.9999443
0.722351758032472,0.722351758032472,True,0.001560986,0.998439
0.722351758032472,0.722351758032472,True,7.331371e-05,0.9999267
0.722351758032472,0.722351758032472,True,0.00063973665,0.99936026
0.722351758032472,0.722351758032472,True,6.03199e-05,0.9999397
-1.3843670883058157,-1.3843670883058157,True,0.9997163,0.00028369424
0.722351758032472,0.722351758032472,True,6.604195e-05,0.99993396
0.722351758032472,0.722351758032472,True,0.00024145842,0.99975854
0.722351758032472,0.722351758032472,True,0.00014853477,0.99985147
0.722351758032472,0.722351758032472,True,4.9114227e-05,0.9999509
0.722351758032472,0.722351758032472,True,7.593632e-05,0.99992406
-1.3843670883058157,-1.3843670883058157,True,0.99984586,0.00015411938
0.722351758032472,0.722351758032472,True,0.00022703409,0.99977297
0.722351758032472,0.722351758032472,True,0.000349164,0.99965084
-1.3843670883058157,-1.3843670883058157,True,0.99963033,0.00036967525
-1.3843670883058157,-1.3843670883058157,True,0.99991447,8.554148e-05
0.722351758032472,0.722351758032472,True,0.0006920099,0.999308
0.722351758032472,0.722351758032472,True,0.0003119707,0.999688
0.722351758032472,0.722351758032472,True,0.00042325258,0.99957675
-1.3843670883058157,-1.3843670883058157,True,0.9997464,0.0002536461
-1.3843670883058157,-1.3843670883058157,True,0.9997993,0.00020071058
0.722351758032472,0.722351758032472,True,0.0001488924,0.9998511
0.722351758032472,0.722351758032472,True,0.00011372566,0.9998863
0.722351758032472,0.722351758032472,True,0.0013352633,0.99866474
-1.3843670883058157,-1.3843670883058157,True,0.999908,9.201898e-05
0.722351758032472,0.722351758032472,True,0.00042778254,0.9995722
0.722351758032472,0.722351758032472,True,0.00016784668,0.99983215
-1.3843670883058157,-1.3843670883058157,True,0.99976254,0.00023747764
0.722351758032472,0.722351758032472,True,0.00029993057,0.99970007
-1.3843670883058157,-1.3843670883058157,True,0.99991316,8.6851e-05
-1.3843670883058157,-1.3843670883058157,True,0.99991906,8.0959224e-05
0.722351758032472,0.722351758032472,True,0.00014591217,0.9998541
0.722351758032472,0.722351758032472,True,0.000118136406,0.99988186
-1.3843670883058157,-1.3843670883058157,True,0.999913,8.700087e-05
-1.3843670883058157,-1.3843670883058157,True,0.999913,8.701531e-05
0.722351758032472,0.722351758032472,True,0.00023907423,0.9997609
0.722351758032472,0.722351758032472,True,9.417534e-05,0.9999058
-1.3843670883058157,-1.3843670883058157,True,0.99971443,0.00028555767
0.722351758032472,0.722351758032472,True,0.00021320581,0.9997868
-1.3843670883058157,-1.3843670883058157,True,0.999566,0.00043398052
0.722351758032472,0.722351758032472,True,9.441376e-05,0.9999056
0.722351758032472,0.722351758032472,True,8.2850456e-05,0.99991715
0.722351758032472,0.722351758032472,True,0.00028961897,0.9997104
-1.3843670883058157,-1.3843670883058157,True,0.9999142,8.577166e-05
0.722351758032472,0.722351758032472,True,0.0003193617,0.99968064
0.722351758032472,0.722351758032472,True,8.893013e-05,0.99991107
0.722351758032472,0.722351758032472,True,0.00014698505,0.999853
0.722351758032472,0.722351758032472,True,0.00034606457,0.99965394
-1.3843670883058157,-1.3843670883058157,True,0.99971837,0.0002816321
-1.3843670883058157,-1.3843670883058157,True,0.99981576,0.00018424848
0.722351758032472,0.722351758032472,True,8.034706e-05,0.99991965
0.722351758032472,0.722351758032472,True,5.1259995e-05,0.99994874
-1.3843670883058157,-1.3843670883058157,True,0.9998709,0.00012909794
0.722351758032472,0.722351758032472,True,0.00050354004,0.99949646
-1.3843670883058157,-1.3843670883058157,True,0.99991745,8.2533355e-05
0.722351758032472,0.722351758032472,True,0.0002964139,0.9997036
0.722351758032472,0.722351758032472,True,5.8412552e-05,0.9999416
0.722351758032472,0.722351758032472,True,6.592274e-05,0.9999341
-1.3843670883058157,-1.3843670883058157,True,0.9999065,9.353338e-05
-1.3843670883058157,-1.3843670883058157,True,0.99971646,0.00028356633
0.722351758032472,0.722351758032472,True,0.00022441149,0.9997756
-1.3843670883058157,-1.3843670883058157,True,0.99981433,0.00018568798
-1.3843670883058157,-1.3843670883058157,True,0.9999215,7.847163e-05
0.722351758032472,0.722351758032472,True,0.00016379356,0.9998362
0.722351758032472,0.722351758032472,True,5.7935715e-05,0.99994206
0.722351758032472,0.722351758032472,True,0.00012624264,0.99987376
-1.3843670883058157,-1.3843670883058157,True,0.9995217,0.00047831575
0.722351758032472,0.722351758032472,True,5.3048134e-05,0.99994695
0.722351758032472,0.722351758032472,True,0.0002875924,0.9997124
0.722351758032472,0.722351758032472,True,6.496906e-05,0.99993503
0.722351758032472,0.722351758032472,True,0.000113248825,0.99988675
0.722351758032472,0.722351758032472,True,0.00021284819,0.99978715
0.722351758032472,0.722351758032472,True,0.0015798807,0.9984201
0.722351758032472,0.722351758032472,True,0.000161767,0.99983823
0.722351758032472,0.722351758032472,True,0.0001707077,0.9998293
0.722351758032472,0.722351758032472,True,0.0025587082,0.9974413
0.722351758032472,0.722351758032472,True,6.7949295e-05,0.99993205
-1.3843670883058157,-1.3843670883058157,True,0.99965876,0.00034125813
0.722351758032472,0.722351758032472,True,0.00014710426,0.9998529
-1.3843670883058157,-1.3843670883058157,True,0.9998123,0.00018769305
-1.3843670883058157,-1.3843670883058157,True,0.9999126,8.737775e-05
0.722351758032472,0.722351758032472,True,0.00018566847,0.99981433
-1.3843670883058157,-1.3843670883058157,True,0.9998996,0.00010035096
0.722351758032472,0.722351758032472,True,7.522106e-05,0.9999248
0.722351758032472,0.722351758032472,True,6.568432e-05,0.9999343
0.722351758032472,0.722351758032472,True,0.00014984608,0.99985015
-1.3843670883058157,-1.3843670883058157,True,0.9999208,7.92384e-05
0.722351758032472,0.722351758032472,True,0.00018125772,0.99981874
0.722351758032472,0.722351758032472,True,0.0005084276,0.9994916
0.722351758032472,0.722351758032472,True,0.00057023764,0.99942976
0.722351758032472,0.722351758032472,True,0.000118494034,0.9998815
-1.3843670883058157,-1.3843670883058157,True,0.9998777,0.00012228369
0.722351758032472,0.722351758032472,True,0.00016319752,0.9998368
0.722351758032472,0.722351758032472,True,0.000121712685,0.9998783
0.722351758032472,0.722351758032472,True,8.4877014e-05,0.9999151
0.722351758032472,0.722351758032472,True,0.00016415119,0.99983585
-1.3843670883058157,-1.3843670883058157,True,0.99955446,0.00044556783
-1.3843670883058157,-1.3843670883058157,True,0.99991596,8.406688e-05
0.722351758032472,0.722351758032472,True,0.00011014938,0.99988985
-1.3843670883058157,-1.3843670883058157,True,0.99990094,9.905907e-05
-1.3843670883058157,-1.3843670883058157,True,0.9998982,0.000101825884
-1.3843670883058157,-1.3843670883058157,True,0.99988365,0.00011635057
0.722351758032472,0.722351758032472,True,0.00034081936,0.9996592
0.722351758032472,0.722351758032472,True,0.00013971329,0.9998603
0.722351758032472,0.722351758032472,True,6.020069e-05,0.9999398
0.722351758032472,0.722351758032472,True,0.00010585785,0.99989414
-1.3843670883058157,-1.3843670883058157,True,0.9999108,8.9200694e-05
-1.3843670883058157,-1.3843670883058157,True,0.9997579,0.00024210585
-1.3843670883058157,-1.3843670883058157,True,0.99991995,8.002502e-05
0.722351758032472,0.722351758032472,True,0.00017166138,0.99982834
0.722351758032472,0.722351758032472,True,0.00018757582,0.9998124
0.722351758032472,0.722351758032472,True,0.0001873374,0.99981266
0.722351758032472,0.722351758032472,True,0.00023323298,0.99976677
-1.3843670883058157,-1.3843670883058157,True,0.9998938,0.00010623601
0.722351758032472,0.722351758032472,True,0.00024026632,0.99975973
0.722351758032472,0.722351758032472,True,0.00024026632,0.99975973
0.722351758032472,0.722351758032472,True,0.00018757582,0.9998124
0.722351758032472,0.722351758032472,True,0.00041860342,0.9995814
-1.3843670883058157,-1.3843670883058157,True,0.9998998,0.00010019529
0.722351758032472,0.722351758032472,True,9.536743e-05,0.99990463
-1.3843670883058157,-1.3843670883058157,True,0.9998928,0.00010720809
0.722351758032472,0.722351758032472,True,0.00023263693,0.99976736
0.722351758032472,0.722351758032472,True,0.00023132563,0.9997687
0.722351758032472,0.722351758032472,True,0.00016701221,0.999833
-1.3843670883058157,-1.3843670883058157,True,0.9996574,0.00034259167
0.722351758032472,0.722351758032472,True,0.00031876564,0.99968123
-1.3843670883058157,-1.3843670883058157,True,0.99989057,0.00010940494
0.722351758032472,0.722351758032472,True,0.000104665756,0.99989533
0.722351758032472,0.722351758032472,True,0.0006361604,0.99936384
-1.3843670883058157,-1.3843670883058157,True,0.9999001,9.989192e-05
0.722351758032472,0.722351758032472,True,0.0002849698,0.99971503
0.722351758032472,0.722351758032472,True,0.0009558797,0.9990441
0.722351758032472,0.722351758032472,True,0.00027304888,0.99972695
-1.3843670883058157,-1.3843670883058157,True,0.9999247,7.528058e-05
-1.3843670883058157,-1.3843670883058157,True,0.9999215,7.847403e-05
0.722351758032472,0.722351758032472,True,0.0019545555,0.99804544
-1.3843670883058157,-1.3843670883058157,True,0.9999234,7.656478e-05
-1.3843670883058157,-1.3843670883058157,True,0.99991345,8.6531654e-05
-1.3843670883058157,-1.3843670883058157,True,0.99976534,0.00023465946
0.722351758032472,0.722351758032472,True,0.00012469292,0.9998753
-1.3843670883058157,-1.3843670883058157,True,0.9996686,0.00033140657
-1.3843670883058157,-1.3843670883058157,True,0.99990815,9.1855654e-05
0.722351758032472,0.722351758032472,True,0.00011134148,0.99988866
0.722351758032472,0.722351758032472,True,0.0010392666,0.99896073
-1.3843670883058157,-1.3843670883058157,True,0.9999116,8.8391884e-05
-1.3843670883058157,-1.3843670883058157,True,0.9999179,8.206749e-05
-1.3843670883058157,-1.3843670883058157,True,0.999913,8.703315e-05
0.722351758032472,0.722351758032472,True,5.1140785e-05,0.99994886
-1.3843670883058157,-1.3843670883058157,True,0.99986213,0.00013788861
0.722351758032472,0.722351758032472,True,0.00010693073,0.99989307
0.722351758032472,0.722351758032472,True,0.002239585,0.9977604
-1.3843670883058157,-1.3843670883058157,True,0.9998412,0.00015880496
0.722351758032472,0.722351758032472,True,0.00023287535,0.9997671
0.722351758032472,0.722351758032472,True,0.0002451539,0.99975485
-1.3843670883058157,-1.3843670883058157,True,0.99976957,0.00023043639
-1.3843670883058157,-1.3843670883058157,True,0.99990016,9.9819656e-05
0.722351758032472,0.722351758032472,True,0.00015938282,0.9998406
-1.3843670883058157,-1.3843670883058157,True,0.99987054,0.00012943764
0.722351758032472,0.722351758032472,True,6.914139e-05,0.99993086
-1.3843670883058157,-1.3843670883058157,True,0.99971694,0.00028306662
0.722351758032472,0.722351758032472,True,5.376339e-05,0.99994624
0.722351758032472,0.722351758032472,True,5.686283e-05,0.99994314
0.722351758032472,0.722351758032472,True,6.0796738e-05,0.9999392
0.722351758032472,0.722351758032472,True,0.00016450882,0.9998355
-1.3843670883058157,-1.3843670883058157,True,0.9999229,7.715428e-05
-1.3843670883058157,-1.3843670883058157,True,0.9999046,9.544886e-05
-1.3843670883058157,-1.3843670883058157,True,0.99964213,0.00035786693
0.722351758032472,0.722351758032472,True,6.401539e-05,0.999936
0.722351758032472,0.722351758032472,True,7.104874e-05,0.99992895
0.722351758032472,0.722351758032472,True,6.54459e-05,0.99993455
-1.3843670883058157,-1.3843670883058157,True,0.99981666,0.00018332234
0.722351758032472,0.722351758032472,True,0.00027114153,0.99972886
0.722351758032472,0.722351758032472,True,7.510185e-05,0.9999249
0.722351758032472,0.722351758032472,True,0.0001360178,0.999864
0.722351758032472,0.722351758032472,True,8.571148e-05,0.9999143
0.722351758032472,0.722351758032472,True,0.00010740757,0.9998926
0.722351758032472,0.722351758032472,True,0.00023192167,0.9997681
0.722351758032472,0.722351758032472,True,0.00010204315,0.99989796
-1.3843670883058157,-1.3843670883058157,True,0.9995834,0.00041655166
-1.3843670883058157,-1.3843670883058157,True,0.99991286,8.716571e-05
-1.3843670883058157,-1.3843670883058157,True,0.99975795,0.00024202622
0.722351758032472,0.722351758032472,True,0.006438613,0.9935614
0.722351758032472,0.722351758032472,True,7.83205e-05,0.9999217
0.722351758032472,0.722351758032472,True,9.381771e-05,0.9999062
-1.3843670883058157,-1.3843670883058157,True,0.9999231,7.691546e-05
0.722351758032472,0.722351758032472,True,0.00037312508,0.9996269
-1.3843670883058157,-1.3843670883058157,True,0.9998936,0.0001064036
0.722351758032472,0.722351758032472,True,0.00036108494,0.9996389
0.722351758032472,0.722351758032472,True,0.0001231432,0.99987686
0.722351758032472,0.722351758032472,True,0.00013744831,0.99986255
0.722351758032472,0.722351758032472,True,0.00011050701,0.9998895
0.722351758032472,0.722351758032472,True,0.00070512295,0.9992949
0.722351758032472,0.722351758032472,True,0.00061643124,0.99938357
0.722351758032472,0.722351758032472,True,0.00020033121,0.99979967
-1.3843670883058157,-1.3843670883058157,True,0.9999203,7.966427e-05
-1.3843670883058157,-1.3843670883058157,True,0.9999139,8.612786e-05
-1.3843670883058157,-1.3843670883058157,True,0.9998473,0.00015271474
0.722351758032472,0.722351758032472,True,0.00027173758,0.99972826
0.722351758032472,0.722351758032472,True,0.00015056133,0.99984944
0.722351758032472,0.722351758032472,True,7.9751015e-05,0.99992025
-1.3843670883058157,0.722351758032472,False,0.1723445,0.8276555
0.722351758032472,0.722351758032472,True,0.00012600422,0.999874
0.722351758032472,0.722351758032472,True,0.0002796054,0.9997204
0.722351758032472,0.722351758032472,True,0.00011301041,0.999887
0.722351758032472,0.722351758032472,True,0.00026017427,0.9997398
0.722351758032472,0.722351758032472,True,0.00015604496,0.99984396
-1.3843670883058157,-1.3843670883058157,True,0.9998101,0.00018990274
-1.3843670883058157,-1.3843670883058157,True,0.9998984,0.00010163624
0.722351758032472,0.722351758032472,True,7.259846e-05,0.9999274
0.722351758032472,0.722351758032472,True,0.0012295842,0.9987704
0.722351758032472,0.722351758032472,True,0.0007150769,0.9992849
-1.3843670883058157,-1.3843670883058157,True,0.9998498,0.00015017726
0.722351758032472,0.722351758032472,True,9.870529e-05,0.9999013
0.722351758032472,0.722351758032472,True,8.785725e-05,0.99991214
-1.3843670883058157,-1.3843670883058157,True,0.9995524,0.00044758926
0.722351758032472,0.722351758032472,True,0.00015735626,0.99984264
0.722351758032472,0.722351758032472,True,0.0017205477,0.99827945
-1.3843670883058157,-1.3843670883058157,True,0.9998003,0.00019968762
0.722351758032472,0.722351758032472,True,8.201599e-05,0.999918
0.722351758032472,0.722351758032472,True,0.00038784742,0.99961215
-1.3843670883058157,-1.3843670883058157,True,0.9997426,0.0002573924
-1.3843670883058157,-1.3843670883058157,True,0.9998749,0.00012510468
0.722351758032472,0.722351758032472,True,0.00019425154,0.99980575
-1.3843670883058157,-1.3843670883058157,True,0.999576,0.0004240365
0.722351758032472,0.722351758032472,True,7.7962875e-05,0.99992204
0.722351758032472,0.722351758032472,True,0.00025850534,0.9997415
-1.3843670883058157,-1.3843670883058157,True,0.99969876,0.0003012125
0.722351758032472,0.722351758032472,True,6.723404e-05,0.99993277
0.722351758032472,0.722351758032472,True,0.0001475811,0.9998524
-1.3843670883058157,-1.3843670883058157,True,0.9999135,8.647498e-05
0.722351758032472,0.722351758032472,True,0.00046133995,0.99953866
0.722351758032472,0.722351758032472,True,0.00012230873,0.9998777
0.722351758032472,0.722351758032472,True,0.0026891232,0.9973109
0.722351758032472,0.722351758032472,True,0.00043088198,0.9995691
0.722351758032472,0.722351758032472,True,0.00034940243,0.9996506
0.722351758032472,0.722351758032472,True,0.00019818544,0.9998018
-1.3843670883058157,-1.3843670883058157,True,0.99991584,8.41466e-05
-1.3843670883058157,-1.3843670883058157,True,0.9998065,0.00019344802
-1.3843670883058157,-1.3843670883058157,True,0.99989915,0.00010086201
-1.3843670883058157,-1.3843670883058157,True,0.99991596,8.403922e-05
-1.3843670883058157,-1.3843670883058157,True,0.9993857,0.00061426114
0.722351758032472,0.722351758032472,True,0.00056296587,0.99943703
-1.3843670883058157,-1.3843670883058157,True,0.9997158,0.00028417446
0.722351758032472,0.722351758032472,True,7.9631805e-05,0.99992037
0.722351758032472,0.722351758032472,True,0.00012373924,0.99987626
0.722351758032472,0.722351758032472,True,0.00023764372,0.99976236
0.722351758032472,0.722351758032472,True,0.000113129616,0.9998869
0.722351758032472,0.722351758032472,True,9.9897385e-05,0.9999001
-1.3843670883058157,-1.3843670883058157,True,0.9996927,0.00030731826
0.722351758032472,0.722351758032472,True,0.00014483929,0.99985516
0.722351758032472,0.722351758032472,True,0.00011885166,0.99988115
-1.3843670883058157,-1.3843670883058157,True,0.9998688,0.00013121597
-1.3843670883058157,-1.3843670883058157,True,0.9999189,8.1108825e-05
-1.3843670883058157,-1.3843670883058157,True,0.99953634,0.00046367152
0.722351758032472,0.722351758032472,True,0.00032687187,0.9996731
0.722351758032472,0.722351758032472,True,0.00020939112,0.9997906
0.722351758032472,0.722351758032472,True,9.715557e-05,0.99990284
-1.3843670883058157,-1.3843670883058157,True,0.9997706,0.00022942008
-1.3843670883058157,-1.3843670883058157,True,0.99961513,0.0003848473
0.722351758032472,0.722351758032472,True,6.532669e-05,0.9999347
0.722351758032472,0.722351758032472,True,0.00011110306,0.9998889
0.722351758032472,0.722351758032472,True,0.00025743246,0.99974257
-1.3843670883058157,-1.3843670883058157,True,0.99991,8.999348e-05
0.722351758032472,0.722351758032472,True,0.0003503561,0.99964964
0.722351758032472,0.722351758032472,True,0.00014221668,0.9998578
0.722351758032472,0.722351758032472,True,0.00030124187,0.99969876
0.722351758032472,0.722351758032472,True,0.00010108948,0.9998989
0.722351758032472,0.722351758032472,True,0.0011333227,0.9988667
0.722351758032472,0.722351758032472,True,0.00013530254,0.9998647
-1.3843670883058157,-1.3843670883058157,True,0.9999112,8.8807734e-05
-1.3843670883058157,-1.3843670883058157,True,0.99989563,0.00010437544
-1.3843670883058157,-1.3843670883058157,True,0.9999138,8.6188986e-05
0.722351758032472,0.722351758032472,True,8.9764595e-05,0.99991024
0.722351758032472,0.722351758032472,True,8.738041e-05,0.9999126
0.722351758032472,0.722351758032472,True,0.00035357475,0.9996464
-1.3843670883058157,-1.3843670883058157,True,0.99990237,9.765597e-05
0.722351758032472,0.722351758032472,True,8.1419945e-05,0.9999186
0.722351758032472,0.722351758032472,True,0.00013899803,0.999861
0.722351758032472,0.722351758032472,True,0.0004543662,0.99954563
-1.3843670883058157,-1.3843670883058157,True,0.9999137,8.630018e-05
0.722351758032472,0.722351758032472,True,9.441376e-05,0.9999056
0.722351758032472,0.722351758032472,True,0.0035030246,0.996497
-1.3843670883058157,-1.3843670883058157,True,0.9996727,0.0003272603
0.722351758032472,0.722351758032472,True,8.4877014e-05,0.9999151
0.722351758032472,0.722351758032472,True,9.572506e-05,0.9999043
0.722351758032472,0.722351758032472,True,6.532669e-05,0.9999347
0.722351758032472,0.722351758032472,True,0.00013875961,0.99986124
0.722351758032472,0.722351758032472,True,0.00027292967,0.9997271
0.722351758032472,0.722351758032472,True,5.9366226e-05,0.99994063
0.722351758032472,0.722351758032472,True,0.00013637543,0.9998636
0.722351758032472,0.722351758032472,True,0.00016868114,0.9998313
0.722351758032472,0.722351758032472,True,0.00029796362,0.99970204
0.722351758032472,0.722351758032472,True,0.00015723705,0.99984276
0.722351758032472,0.722351758032472,True,0.00010609627,0.9998939
0.722351758032472,0.722351758032472,True,0.0002503991,0.9997496
0.722351758032472,0.722351758032472,True,8.392334e-05,0.9999161
0.722351758032472,0.722351758032472,True,0.000101566315,0.99989843
0.722351758032472,0.722351758032472,True,0.00013124943,0.99986875
0.722351758032472,0.722351758032472,True,0.0007597208,0.9992403
-1.3843670883058157,-1.3843670883058157,True,0.9999228,7.719416e-05
0.722351758032472,0.722351758032472,True,0.000101566315,0.99989843
0.722351758032472,0.722351758032472,True,9.441376e-05,0.9999056
-1.3843670883058157,-1.3843670883058157,True,0.9998996,0.00010036618
0.722351758032472,0.722351758032472,True,0.00019329786,0.9998067
-1.3843670883058157,-1.3843670883058157,True,0.99984246,0.0001575582
0.722351758032472,0.722351758032472,True,5.4240227e-05,0.99994576
0.722351758032472,0.722351758032472,True,0.00056010485,0.9994399
0.722351758032472,0.722351758032472,True,0.00019460917,0.9998054
-1.3843670883058157,-1.3843670883058157,True,0.999507,0.0004929949
0.722351758032472,0.722351758032472,True,0.00023537874,0.9997646
0.722351758032472,0.722351758032472,True,0.00016593933,0.99983406
-1.3843670883058157,-1.3843670883058157,True,0.99959177,0.00040825712
-1.3843670883058157,-1.3843670883058157,True,0.9997121,0.0002878631
0.722351758032472,0.722351758032472,True,9.071827e-05,0.9999093
-1.3843670883058157,-1.3843670883058157,True,0.99992,8.001663e-05
-1.3843670883058157,-1.3843670883058157,True,0.9996802,0.00031976646
0.722351758032472,0.722351758032472,True,0.00012397766,0.999876
0.722351758032472,0.722351758032472,True,0.00024014711,0.99975985
0.722351758032472,0.722351758032472,True,8.094311e-05,0.99991906
0.722351758032472,0.722351758032472,True,0.0001538992,0.9998461
0.722351758032472,0.722351758032472,True,0.0001436472,0.99985635
-1.3843670883058157,-1.3843670883058157,True,0.9999037,9.633647e-05
0.722351758032472,0.722351758032472,True,0.00024873018,0.99975127
0.722351758032472,0.722351758032472,True,0.00020092726,0.9997991
-1.3843670883058157,-1.3843670883058157,True,0.9999079,9.206331e-05
0.722351758032472,0.722351758032472,True,0.2558347,0.7441653
0.722351758032472,0.722351758032472,True,9.381771e-05,0.9999062
0.722351758032472,0.722351758032472,True,0.000111460686,0.99988854
0.722351758032472,0.722351758032472,True,0.00017279387,0.9998272
0.722351758032472,0.722351758032472,True,0.00015127659,0.9998487
-1.3843670883058157,-1.3843670883058157,True,0.99990284,9.714365e-05
0.722351758032472,0.722351758032472,True,9.906292e-05,0.99990094
0.722351758032472,0.722351758032472,True,0.00012814999,0.99987185
0.722351758032472,0.722351758032472,True,9.095669e-05,0.99990904
-1.3843670883058157,-1.3843670883058157,True,0.999904,9.5995434e-05
0.722351758032472,0.722351758032472,True,0.00011122227,0.9998888
0.722351758032472,0.722351758032472,True,0.000100016594,0.9999
0.722351758032472,0.722351758032472,True,0.0003503561,0.99964964
0.722351758032472,0.722351758032472,True,0.00015461445,0.9998454
0.722351758032472,0.722351758032472,True,0.00013792515,0.9998621
0.722351758032472,0.722351758032472,True,0.00016891956,0.9998311
0.722351758032472,0.722351758032472,True,0.0013344288,0.9986656
0.722351758032472,0.722351758032472,True,5.8293343e-05,0.9999417
0.722351758032472,0.722351758032472,True,7.998943e-05,0.99992
-1.3843670883058157,-1.3843670883058157,True,0.9999153,8.470104e-05
-1.3843670883058157,-1.3843670883058157,True,0.99979466,0.0002053614
0.722351758032472,0.722351758032472,True,0.0005760193,0.999424
-1.3843670883058157,-1.3843670883058157,True,0.9999001,9.990745e-05
-1.3843670883058157,-1.3843670883058157,True,0.99991095,8.905799e-05
0.722351758032472,0.722351758032472,True,0.0001411438,0.99985886
-1.3843670883058157,-1.3843670883058157,True,0.99964947,0.00035051993
0.722351758032472,0.722351758032472,True,0.00011909008,0.9998809
-1.3843670883058157,-1.3843670883058157,True,0.9999043,9.5748605e-05
-1.3843670883058157,-1.3843670883058157,True,0.99991703,8.29532e-05
0.722351758032472,0.722351758032472,True,7.43866e-05,0.9999256
0.722351758032472,0.722351758032472,True,0.00012767315,0.9998723
0.722351758032472,0.722351758032472,True,9.918213e-05,0.9999008
-1.3843670883058157,-1.3843670883058157,True,0.9999101,8.990642e-05
-1.3843670883058157,-1.3843670883058157,True,0.99989885,0.000101177786
0.722351758032472,0.722351758032472,True,7.939339e-05,0.9999206
0.722351758032472,0.722351758032472,True,0.00020438433,0.9997956
0.722351758032472,0.722351758032472,True,0.00010406971,0.99989593
0.722351758032472,0.722351758032472,True,0.00020259619,0.9997974
0.722351758032472,0.722351758032472,True,6.2942505e-05,0.99993706
0.722351758032472,0.722351758032472,True,6.210804e-05,0.9999379
0.722351758032472,0.722351758032472,True,0.00046777725,0.9995322
0.722351758032472,0.722351758032472,True,0.00013017654,0.9998698
0.722351758032472,0.722351758032472,True,0.00015223026,0.99984777
-1.3843670883058157,-1.3843670883058157,True,0.9995719,0.00042806496
-1.3843670883058157,-1.3843670883058157,True,0.99990386,9.613633e-05
-1.3843670883058157,-1.3843670883058157,True,0.99978745,0.00021257254
0.722351758032472,0.722351758032472,True,0.00059604645,0.99940395
-1.3843670883058157,-1.3843670883058157,True,0.9999,0.00010001297
0.722351758032472,0.722351758032472,True,0.00013720989,0.9998628
-1.3843670883058157,-1.3843670883058157,True,0.99978787,0.00021211416
0.722351758032472,0.722351758032472,True,0.00065141916,0.9993486
0.722351758032472,0.722351758032472,True,0.00015127659,0.9998487
-1.3843670883058157,-1.3843670883058157,True,0.9998023,0.00019768917
-1.3843670883058157,-1.3843670883058157,True,0.999897,0.00010300887
0.722351758032472,0.722351758032472,True,8.2850456e-05,0.99991715
0.722351758032472,0.722351758032472,True,0.00017684698,0.99982315
0.722351758032472,0.722351758032472,True,0.0002452731,0.9997547
-1.3843670883058157,-1.3843670883058157,True,0.999904,9.605093e-05
-1.3843670883058157,-1.3843670883058157,True,0.99990624,9.373759e-05
0.722351758032472,0.722351758032472,True,8.380413e-05,0.9999162
0.722351758032472,0.722351758032472,True,0.0002579093,0.9997421
-1.3843670883058157,-1.3843670883058157,True,0.9998984,0.00010165183
0.722351758032472,0.722351758032472,True,0.00010180473,0.9998982
0.722351758032472,0.722351758032472,True,0.0001373291,0.9998627
-1.3843670883058157,-1.3843670883058157,True,0.99979097,0.00020903052
-1.3843670883058157,-1.3843670883058157,True,0.999913,8.703315e-05
0.722351758032472,0.722351758032472,True,6.055832e-05,0.99993944
0.722351758032472,0.722351758032472,True,6.03199e-05,0.9999397
-1.3843670883058157,-1.3843670883058157,True,0.99991274,8.724787e-05
0.722351758032472,0.722351758032472,True,0.00021368265,0.9997863
0.722351758032472,0.722351758032472,True,0.00020748377,0.9997925
0.722351758032472,0.722351758032472,True,6.4373016e-05,0.9999356
0.722351758032472,0.722351758032472,True,0.0002577901,0.9997422
-1.3843670883058157,-1.3843670883058157,True,0.9996479,0.00035208196
0.722351758032472,0.722351758032472,True,4.6372414e-05,0.9999536
-1.3843670883058157,-1.3843670883058157,True,0.9999107,8.928137e-05
-1.3843670883058157,-1.3843670883058157,True,0.9998282,0.00017175503
0.722351758032472,0.722351758032472,True,0.00012624264,0.99987376
0.722351758032472,0.722351758032472,True,0.00021320581,0.9997868
0.722351758032472,0.722351758032472,True,0.00012874603,0.99987125
-1.3843670883058157,-1.3843670883058157,True,0.9999158,8.420142e-05
-1.3843670883058157,-1.3843670883058157,True,0.9999215,7.852276e-05
0.722351758032472,0.722351758032472,True,0.0016332269,0.9983668
0.722351758032472,0.722351758032472,True,7.498264e-05,0.999925
-1.3843670883058157,-1.3843670883058157,True,0.99990934,9.063759e-05
0.722351758032472,0.722351758032472,True,5.173683e-05,0.99994826
0.722351758032472,0.722351758032472,True,0.00020736456,0.99979264
0.722351758032472,0.722351758032472,True,0.00018721819,0.9998128
0.722351758032472,0.722351758032472,True,0.00052958727,0.9994704
0.722351758032472,0.722351758032472,True,0.00010573864,0.99989426
0.722351758032472,0.722351758032472,True,0.00015223026,0.99984777
0.722351758032472,0.722351758032472,True,7.879734e-05,0.9999212
-1.3843670883058157,-1.3843670883058157,True,0.9995948,0.0004051742
-1.3843670883058157,-1.3843670883058157,True,0.9997535,0.0002465039
-1.3843670883058157,-1.3843670883058157,True,0.999916,8.401214e-05
0.722351758032472,0.722351758032472,True,0.00016963482,0.99983037
0.722351758032472,0.722351758032472,True,5.1021576e-05,0.999949
0.722351758032472,0.722351758032472,True,0.00026923418,0.99973077
-1.3843670883058157,-1.3843670883058157,True,0.9999155,8.452088e-05
-1.3843670883058157,-1.3843670883058157,True,0.99991214,8.7853485e-05
0.722351758032472,0.722351758032472,True,7.510185e-05,0.9999249
0.722351758032472,0.722351758032472,True,0.00032889843,0.9996711
0.722351758032472,0.722351758032472,True,5.0663948e-05,0.99994934
-1.3843670883058157,-1.3843670883058157,True,0.9999098,9.017765e-05
0.722351758032472,0.722351758032472,True,0.00015187263,0.9998481
-1.3843670883058157,-1.3843670883058157,True,0.99987566,0.0001243549
-1.3843670883058157,-1.3843670883058157,True,0.99990904,9.095943e-05
0.722351758032472,0.722351758032472,True,9.608269e-05,0.9999039
0.722351758032472,0.722351758032472,True,0.0002836585,0.99971634
0.722351758032472,0.722351758032472,True,0.00011706352,0.99988294
0.722351758032472,0.722351758032472,True,0.0014087558,0.99859124
0.722351758032472,0.722351758032472,True,0.00020736456,0.99979264
0.722351758032472,0.722351758032472,True,0.00068473816,0.99931526
0.722351758032472,0.722351758032472,True,7.414818e-05,0.99992585
-1.3843670883058157,-1.3843670883058157,True,0.99990463,9.53839e-05
0.722351758032472,0.722351758032472,True,0.00023967028,0.9997603
0.722351758032472,0.722351758032472,True,0.00013911724,0.9998609
-1.3843670883058157,-1.3843670883058157,True,0.9999054,9.4576455e-05
-1.3843670883058157,-1.3843670883058157,True,0.999828,0.0001720353
-1.3843670883058157,-1.3843670883058157,True,0.999676,0.00032398736
0.722351758032472,0.722351758032472,True,0.000103116035,0.9998969
0.722351758032472,0.722351758032472,True,0.0001219511,0.99987805
0.722351758032472,0.722351758032472,True,0.0002682805,0.9997317
0.722351758032472,0.722351758032472,True,7.56979e-05,0.9999243
-1.3843670883058157,-1.3843670883058157,True,0.99977744,0.0002225413
-1.3843670883058157,-1.3843670883058157,True,0.9998078,0.00019221082
0.722351758032472,0.722351758032472,True,6.747246e-05,0.9999325
0.722351758032472,0.722351758032472,True,0.00020951033,0.9997905
0.722351758032472,0.722351758032472,True,0.00016188622,0.9998381
0.722351758032472,0.722351758032472,True,0.00033271313,0.9996673
-1.3843670883058157,-1.3843670883058157,True,0.99989885,0.00010117459
0.722351758032472,0.722351758032472,True,0.0001758933,0.9998241
0.722351758032472,0.722351758032472,True,6.0081482e-05,0.9999399
-1.3843670883058157,-1.3843670883058157,True,0.99992305,7.692638e-05
0.722351758032472,0.722351758032472,True,0.00027126074,0.99972874
-1.3843670883058157,-1.3843670883058157,True,0.99985504,0.00014497238
0.722351758032472,0.722351758032472,True,7.43866e-05,0.9999256
0.722351758032472,0.722351758032472,True,0.00021737814,0.9997826
0.722351758032472,0.722351758032472,True,0.0002695918,0.9997304
0.722351758032472,0.722351758032472,True,0.00051164627,0.99948835
0.722351758032472,0.722351758032472,True,0.0026114583,0.99738854
-1.3843670883058157,-1.3843670883058157,True,0.9999152,8.484575e-05
0.722351758032472,0.722351758032472,True,7.4625015e-05,0.9999254
-1.3843670883058157,-1.3843670883058157,True,0.99986213,0.00013789255
0.722351758032472,0.722351758032472,True,6.997585e-05,0.99993
0.722351758032472,0.722351758032472,True,0.00025862455,0.9997414
0.722351758032472,0.722351758032472,True,0.00019985437,0.99980015
-1.3843670883058157,-1.3843670883058157,True,0.9997127,0.00028728458
0.722351758032472,0.722351758032472,True,5.7816505e-05,0.9999422
0.722351758032472,0.722351758032472,True,0.00014770031,0.9998523
0.722351758032472,0.722351758032472,True,9.918213e-05,0.9999008
-1.3843670883058157,-1.3843670883058157,True,0.9997152,0.0002847926
-1.3843670883058157,-1.3843670883058157,True,0.99992293,7.705957e-05
-1.3843670883058157,-1.3843670883058157,True,0.9996148,0.00038525127
-1.3843670883058157,-1.3843670883058157,True,0.9997561,0.00024388655
0.722351758032472,0.722351758032472,True,0.00026530027,0.9997347
0.722351758032472,0.722351758032472,True,0.00036787987,0.9996321
0.722351758032472,0.722351758032472,True,5.9723854e-05,0.9999403
0.722351758032472,0.722351758032472,True,8.6545944e-05,0.99991345
-1.3843670883058157,-1.3843670883058157,True,0.99991345,8.653702e-05
0.722351758032472,0.722351758032472,True,0.00013542175,0.9998646
0.722351758032472,0.722351758032472,True,0.0003861785,0.9996138
0.722351758032472,0.722351758032472,True,8.094311e-05,0.99991906
0.722351758032472,0.722351758032472,True,8.738041e-05,0.9999126
0.722351758032472,0.722351758032472,True,0.00035905838,0.99964094
0.722351758032472,0.722351758032472,True,7.939339e-05,0.9999206
0.722351758032472,0.722351758032472,True,0.00021666288,0.99978334
0.722351758032472,0.722351758032472,True,0.00010228157,0.9998977
0.722351758032472,0.722351758032472,True,0.00015854836,0.99984145
0.722351758032472,0.722351758032472,True,0.00034928322,0.9996507
0.722351758032472,0.722351758032472,True,5.51939e-05,0.9999448
-1.3843670883058157,-1.3843670883058157,True,0.99991304,8.69458e-05
0.722351758032472,0.722351758032472,True,0.00015795231,0.99984205
-1.3843670883058157,-1.3843670883058157,True,0.9999215,7.847403e-05
0.722351758032472,0.722351758032472,True,0.0006209612,0.99937904
-1.3843670883058157,-1.3843670883058157,True,0.99990493,9.507587e-05
-1.3843670883058157,-1.3843670883058157,True,0.9999096,9.043022e-05
0.722351758032472,0.722351758032472,True,9.775162e-05,0.99990225
-1.3843670883058157,-1.3843670883058157,True,0.9997836,0.00021644022
-1.3843670883058157,-1.3843670883058157,True,0.9999206,7.939935e-05
0.722351758032472,0.722351758032472,True,8.273125e-05,0.99991727
0.722351758032472,0.722351758032472,True,0.0003953576,0.99960464
0.722351758032472,0.722351758032472,True,0.0002837777,0.9997162
0.722351758032472,0.722351758032472,True,0.00013887882,0.9998611
-1.3843670883058157,-1.3843670883058157,True,0.99990237,9.766109e-05
-1.3843670883058157,-1.3843670883058157,True,0.99983,0.00016999409
0.722351758032472,0.722351758032472,True,9.560585e-05,0.9999044
-1.3843670883058157,-1.3843670883058157,True,0.9998949,0.00010510213
0.722351758032472,0.722351758032472,True,6.7949295e-05,0.99993205
-1.3843670883058157,-1.3843670883058157,True,0.9996646,0.0003354056
-1.3843670883058157,-1.3843670883058157,True,0.9998968,0.00010317992
0.722351758032472,0.722351758032472,True,8.738041e-05,0.9999126
0.722351758032472,0.722351758032472,True,0.000118374825,0.9998816
0.722351758032472,0.722351758032472,True,0.00020033121,0.99979967
0.722351758032472,0.722351758032472,True,7.760525e-05,0.9999224
0.722351758032472,0.722351758032472,True,0.0001873374,0.99981266
-1.3843670883058157,-1.3843670883058157,True,0.9999209,7.906782e-05
0.722351758032472,0.722351758032472,True,0.00016963482,0.99983037
0.722351758032472,0.722351758032472,True,0.00010180473,0.9998982
0.722351758032472,0.722351758032472,True,7.843971e-05,0.99992156
0.722351758032472,0.722351758032472,True,0.00010621548,0.9998938
0.722351758032472,0.722351758032472,True,0.00011253357,0.99988747
0.722351758032472,0.722351758032472,True,0.00016129017,0.9998387
0.722351758032472,0.722351758032472,True,6.532669e-05,0.9999347
0.722351758032472,0.722351758032472,True,5.4717064e-05,0.9999453
0.722351758032472,0.722351758032472,True,6.210804e-05,0.9999379
0.722351758032472,0.722351758032472,True,6.556511e-05,0.99993443
-1.3843670883058157,-1.3843670883058157,True,0.99991006,8.9965e-05
-1.3843670883058157,-1.3843670883058157,True,0.9999034,9.663486e-05
0.722351758032472,0.722351758032472,True,8.547306e-05,0.9999145
0.722351758032472,0.722351758032472,True,6.556511e-05,0.99993443
0.722351758032472,0.722351758032472,True,0.004170358,0.99582964
0.722351758032472,0.722351758032472,True,0.0055172443,0.99448276
0.722351758032472,0.722351758032472,True,0.00016820431,0.9998318
0.722351758032472,0.722351758032472,True,0.000114917755,0.9998851
-1.3843670883058157,-1.3843670883058157,True,0.999599,0.0004010226
0.722351758032472,0.722351758032472,True,4.9352646e-05,0.99995065
0.722351758032472,0.722351758032472,True,0.00012540817,0.9998746
0.722351758032472,0.722351758032472,True,0.0011172891,0.9988827
0.722351758032472,0.722351758032472,True,0.00019794703,0.99980205
-1.3843670883058157,-1.3843670883058157,True,0.9999136,8.642552e-05
0.722351758032472,0.722351758032472,True,0.000113248825,0.99988675
-1.3843670883058157,-1.3843670883058157,True,0.9998265,0.00017350708
0.722351758032472,0.722351758032472,True,0.0005083084,0.9994917
-1.3843670883058157,-1.3843670883058157,True,0.99984044,0.00015958062
0.722351758032472,0.722351758032472,True,0.00019568205,0.9998043
0.722351758032472,0.722351758032472,True,0.00015473366,0.99984527
0.722351758032472,0.722351758032472,True,0.01298511,0.9870149
0.722351758032472,0.722351758032472,True,0.00010550022,0.9998945
-1.3843670883058157,-1.3843670883058157,True,0.99985576,0.00014426454
-1.3843670883058157,-1.3843670883058157,True,0.9998487,0.0001512851
0.722351758032472,0.722351758032472,True,0.00014138222,0.9998586
0.722351758032472,0.722351758032472,True,0.0003591776,0.9996408
0.722351758032472,0.722351758032472,True,0.000346303,0.9996537
0.722351758032472,0.722351758032472,True,0.00015866756,0.99984133
0.722351758032472,0.722351758032472,True,0.00065392256,0.9993461
0.722351758032472,0.722351758032472,True,8.237362e-05,0.9999176
-1.3843670883058157,-1.3843670883058157,True,0.9999141,8.588764e-05
-1.3843670883058157,-1.3843670883058157,True,0.99960953,0.00039047172
-1.3843670883058157,-1.3843670883058157,True,0.9999152,8.48366e-05
-1.3843670883058157,-1.3843670883058157,True,0.9999225,7.747329e-05
0.722351758032472,0.722351758032472,True,0.00031340122,0.9996866
-1.3843670883058157,-1.3843670883058157,True,0.9996587,0.00034126948
0.722351758032472,0.722351758032472,True,0.00030112267,0.9996989
0.722351758032472,0.722351758032472,True,0.00011765957,0.99988234
0.722351758032472,0.722351758032472,True,0.0003926158,0.9996074
-1.3843670883058157,-1.3843670883058157,True,0.99990076,9.924042e-05
-1.3843670883058157,-1.3843670883058157,True,0.9999111,8.889212e-05
-1.3843670883058157,-1.3843670883058157,True,0.9996932,0.00030676936
-1.3843670883058157,-1.3843670883058157,True,0.9998899,0.00011010984
-1.3843670883058157,-1.3843670883058157,True,0.9997036,0.0002963869
0.722351758032472,0.722351758032472,True,0.00032126904,0.99967873
-1.3843670883058157,-1.3843670883058157,True,0.99991447,8.551767e-05
-1.3843670883058157,-1.3843670883058157,True,0.9999102,8.982175e-05
-1.3843670883058157,-1.3843670883058157,True,0.99977964,0.00022034904
0.722351758032472,0.722351758032472,True,0.00029176474,0.99970824
-1.3843670883058157,-1.3843670883058157,True,0.99973524,0.00026477955
-1.3843670883058157,-1.3843670883058157,True,0.999918,8.201875e-05
0.722351758032472,0.722351758032472,True,0.0018613338,0.99813867
0.722351758032472,0.722351758032472,True,0.0004182458,0.99958175
0.722351758032472,0.722351758032472,True,0.0001770854,0.9998229
0.722351758032472,0.722351758032472,True,0.0002233386,0.99977666
-1.3843670883058157,-1.3843670883058157,True,0.99990016,9.980833e-05
-1.3843670883058157,-1.3843670883058157,True,0.99978805,0.00021195768
-1.3843670883058157,-1.3843670883058157,True,0.9999152,8.484575e-05
0.722351758032472,0.722351758032472,True,0.00017350912,0.9998265
-1.3843670883058157,-1.3843670883058157,True,0.99991626,8.376e-05
0.722351758032472,0.722351758032472,True,0.002279818,0.9977202
-1.3843670883058157,-1.3843670883058157,True,0.99966854,0.00033146975
-1.3843670883058157,-1.3843670883058157,True,0.9997957,0.00020432973
0.722351758032472,0.722351758032472,True,0.00013017654,0.9998698
0.722351758032472,0.722351758032472,True,4.2796135e-05,0.9999572
0.722351758032472,0.722351758032472,True,0.0013872385,0.99861276
0.722351758032472,0.722351758032472,True,0.00029474497,0.99970526
-1.3843670883058157,-1.3843670883058157,True,0.9997149,0.00028510258
0.722351758032472,0.722351758032472,True,0.000119924545,0.9998801
-1.3843670883058157,-1.3843670883058157,True,0.99990267,9.734646e-05
0.722351758032472,0.722351758032472,True,0.00021964312,0.99978036
-1.3843670883058157,-1.3843670883058157,True,0.9999163,8.369995e-05
-1.3843670883058157,-1.3843670883058157,True,0.9996613,0.00033865625
-1.3843670883058157,-1.3843670883058157,True,0.99974287,0.00025711893
-1.3843670883058157,-1.3843670883058157,True,0.999888,0.00011199281
0.722351758032472,0.722351758032472,True,0.0010939837,0.998906
0.722351758032472,0.722351758032472,True,0.00015318394,0.9998468
0.722351758032472,0.722351758032472,True,5.4121017e-05,0.9999459
0.722351758032472,0.722351758032472,True,0.00012791157,0.9998721
0.722351758032472,0.722351758032472,True,0.00010848045,0.9998915
0.722351758032472,0.722351758032472,True,0.00017553568,0.99982446
-1.3843670883058157,-1.3843670883058157,True,0.9999195,8.05047e-05
0.722351758032472,0.722351758032472,True,0.00011789799,0.9998821
0.722351758032472,0.722351758032472,True,0.00012087822,0.9998791
-1.3843670883058157,-1.3843670883058157,True,0.9998997,0.00010031929
0.722351758032472,0.722351758032472,True,6.198883e-05,0.999938
0.722351758032472,0.722351758032472,True,4.863739e-05,0.99995136
0.722351758032472,0.722351758032472,True,7.009506e-05,0.9999299
0.722351758032472,0.722351758032472,True,0.0005941391,0.99940586
0.722351758032472,0.722351758032472,True,7.688999e-05,0.9999231
-1.3843670883058157,-1.3843670883058157,True,0.99991083,8.917076e-05
0.722351758032472,0.722351758032472,True,0.00028210878,0.9997179
0.722351758032472,0.722351758032472,True,6.92606e-05,0.99993074
0.722351758032472,0.722351758032472,True,8.21352e-05,0.99991786
0.722351758032472,0.722351758032472,True,0.00038939714,0.9996106
-1.3843670883058157,-1.3843670883058157,True,0.99990016,9.981984e-05
0.722351758032472,0.722351758032472,True,4.9471855e-05,0.9999505
0.722351758032472,0.722351758032472,True,0.0001282692,0.99987173
-1.3843670883058157,-1.3843670883058157,True,0.99985635,0.00014363
-1.3843670883058157,-1.3843670883058157,True,0.999792,0.00020802347
0.722351758032472,0.722351758032472,True,0.00017756224,0.99982244
0.722351758032472,0.722351758032472,True,0.00013017654,0.9998698
0.722351758032472,0.722351758032472,True,0.0001707077,0.9998293
-1.3843670883058157,-1.3843670883058157,True,0.9997711,0.00022887344
0.722351758032472,0.722351758032472,True,8.3208084e-05,0.9999168
-1.3843670883058157,-1.3843670883058157,True,0.9999129,8.707466e-05
0.722351758032472,0.722351758032472,True,0.00041168928,0.9995883
0.722351758032472,0.722351758032472,True,0.00049865246,0.99950135
0.722351758032472,0.722351758032472,True,0.00016784668,0.99983215
-1.3843670883058157,-1.3843670883058157,True,0.9995427,0.00045731527
0.722351758032472,0.722351758032472,True,8.261204e-05,0.9999174
-1.3843670883058157,-1.3843670883058157,True,0.9999065,9.352053e-05
-1.3843670883058157,-1.3843670883058157,True,0.9999069,9.312764e-05
0.722351758032472,0.722351758032472,True,0.00020772219,0.9997923
-1.3843670883058157,-1.3843670883058157,True,0.999686,0.00031397844
0.722351758032472,0.722351758032472,True,7.200241e-05,0.999928
0.722351758032472,0.722351758032472,True,0.00011527538,0.9998847
0.722351758032472,0.722351758032472,True,0.00012242794,0.9998776
0.722351758032472,0.722351758032472,True,7.915497e-05,0.99992085
0.722351758032472,0.722351758032472,True,0.00031089783,0.9996891
-1.3843670883058157,-1.3843670883058157,True,0.99979514,0.0002048416
0.722351758032472,0.722351758032472,True,0.0002296567,0.99977034
0.722351758032472,0.722351758032472,True,0.0014403462,0.99855965
0.722351758032472,0.722351758032472,True,0.00021070242,0.9997893
0.722351758032472,0.722351758032472,True,0.000108003616,0.999892
-1.3843670883058157,-1.3843670883058157,True,0.99992305,7.696557e-05
0.722351758032472,0.722351758032472,True,7.879734e-05,0.9999212
0.722351758032472,0.722351758032472,True,0.0011506081,0.9988494
0.722351758032472,0.722351758032472,True,6.4492226e-05,0.9999355
0.722351758032472,0.722351758032472,True,0.0004069209,0.9995931
0.722351758032472,0.722351758032472,True,0.00021320581,0.9997868
0.722351758032472,0.722351758032472,True,4.87566e-05,0.99995124
0.722351758032472,0.722351758032472,True,0.00010883808,0.99989116
0.722351758032472,0.722351758032472,True,0.00021332502,0.9997867
0.722351758032472,0.722351758032472,True,7.331371e-05,0.9999267
-1.3843670883058157,-1.3843670883058157,True,0.9998963,0.00010371784
-1.3843670883058157,-1.3843670883058157,True,0.99981695,0.0001830544
0.722351758032472,0.722351758032472,True,6.0796738e-05,0.9999392
0.722351758032472,0.722351758032472,True,0.00010764599,0.99989235
0.722351758032472,0.722351758032472,True,9.346008e-05,0.99990654
0.722351758032472,0.722351758032472,True,5.9723854e-05,0.9999403
0.722351758032472,0.722351758032472,True,0.00016820431,0.9998318
0.722351758032472,0.722351758032472,True,0.00046169758,0.9995383
0.722351758032472,0.722351758032472,True,7.8082085e-05,0.9999219
-1.3843670883058157,-1.3843670883058157,True,0.9999191,8.090652e-05
0.722351758032472,0.722351758032472,True,0.00015699863,0.999843
0.722351758032472,0.722351758032472,True,0.00026112795,0.9997389
-1.3843670883058157,-1.3843670883058157,True,0.9999008,9.918252e-05
0.722351758032472,0.722351758032472,True,6.1035156e-05,0.99993896
0.722351758032472,0.722351758032472,True,0.005168855,0.99483114
-1.3843670883058157,-1.3843670883058157,True,0.99972725,0.000272731
0.722351758032472,0.722351758032472,True,0.00014972687,0.9998503
-1.3843670883058157,-1.3843670883058157,True,0.9998798,0.000120238474
-1.3843670883058157,-1.3843670883058157,True,0.9999054,9.459422e-05
-1.3843670883058157,-1.3843670883058157,True,0.9998287,0.0001713064
-1.3843670883058157,-1.3843670883058157,True,0.9997446,0.00025539866
0.722351758032472,0.722351758032472,True,4.518032e-05,0.9999548
-1.3843670883058157,-1.3843670883058157,True,0.9998095,0.00019051303
-1.3843670883058157,-1.3843670883058157,True,0.9997308,0.00026915563
0.722351758032472,0.722351758032472,True,0.00010919571,0.9998908
0.722351758032472,0.722351758032472,True,0.00027424097,0.99972576
-1.3843670883058157,-1.3843670883058157,True,0.99943835,0.00056164543
0.722351758032472,0.722351758032472,True,9.9778175e-05,0.9999002
0.722351758032472,0.722351758032472,True,0.00032520294,0.9996748
-1.3843670883058157,-1.3843670883058157,True,0.99961203,0.00038797586
0.722351758032472,0.722351758032472,True,0.00020056963,0.99979943
-1.3843670883058157,-1.3843670883058157,True,0.9999123,8.765875e-05
0.722351758032472,0.722351758032472,True,0.0006093979,0.9993906
-1.3843670883058157,-1.3843670883058157,True,0.99992776,7.224338e-05
-1.3843670883058157,-1.3843670883058157,True,0.9999152,8.48366e-05
-1.3843670883058157,-1.3843670883058157,True,0.9998177,0.00018227447
-1.3843670883058157,-1.3843670883058157,True,0.9999084,9.161867e-05
0.722351758032472,0.722351758032472,True,0.0010764003,0.9989236
0.722351758032472,0.722351758032472,True,0.0005314946,0.9994685
0.722351758032472,0.722351758032472,True,6.377697e-05,0.9999362
-1.3843670883058157,-1.3843670883058157,True,0.9999138,8.6188986e-05
-1.3843670883058157,-1.3843670883058157,True,0.9999105,8.95083e-05
0.722351758032472,0.722351758032472,True,0.0030667782,0.9969332
0.722351758032472,0.722351758032472,True,0.00015568733,0.9998443
-1.3843670883058157,-1.3843670883058157,True,0.9999116,8.8391884e-05
0.722351758032472,0.722351758032472,True,0.0020139217,0.9979861
0.722351758032472,0.722351758032472,True,0.00039964914,0.99960035
0.722351758032472,0.722351758032472,True,7.7843666e-05,0.99992216
0.722351758032472,0.722351758032472,True,0.000102996826,0.999897
0.722351758032472,0.722351758032472,True,0.0001039505,0.99989605
-1.3843670883058157,-1.3843670883058157,True,0.9999049,9.515587e-05
0.722351758032472,0.722351758032472,True,0.00019460917,0.9998054
0.722351758032472,0.722351758032472,True,9.346008e-05,0.99990654
-1.3843670883058157,-1.3843670883058157,True,0.999907,9.296304e-05
0.722351758032472,0.722351758032472,True,7.271767e-05,0.9999273
0.722351758032472,0.722351758032472,True,0.00010204315,0.99989796
0.722351758032472,0.722351758032472,True,0.0003809929,0.999619
0.722351758032472,0.722351758032472,True,0.00035238266,0.9996476
-1.3843670883058157,-1.3843670883058157,True,0.9999196,8.040496e-05
0.722351758032472,0.722351758032472,True,0.0012071133,0.9987929
-1.3843670883058157,-1.3843670883058157,True,0.9999108,8.925226e-05
0.722351758032472,0.722351758032472,True,0.00013422966,0.9998658
0.722351758032472,0.722351758032472,True,0.0003528595,0.99964714
0.722351758032472,0.722351758032472,True,0.00014793873,0.99985206
0.722351758032472,0.722351758032472,True,0.00021094084,0.99978906
0.722351758032472,0.722351758032472,True,0.0001257658,0.99987423
0.722351758032472,0.722351758032472,True,0.00011432171,0.9998857
0.722351758032472,0.722351758032472,True,6.902218e-05,0.999931
0.722351758032472,0.722351758032472,True,5.7578087e-05,0.9999424
0.722351758032472,0.722351758032472,True,0.000520885,0.9994791
-1.3843670883058157,-1.3843670883058157,True,0.99973273,0.00026728908
0.722351758032472,0.722351758032472,True,6.330013e-05,0.9999367
0.722351758032472,0.722351758032472,True,0.00041741133,0.9995826
0.722351758032472,0.722351758032472,True,0.00016915798,0.99983084
0.722351758032472,0.722351758032472,True,0.00015759468,0.9998424
-1.3843670883058157,-1.3843670883058157,True,0.999911,8.9000176e-05
0.722351758032472,0.722351758032472,True,0.00040072203,0.9995993
-1.3843670883058157,-1.3843670883058157,True,0.99960816,0.00039182376
-1.3843670883058157,-1.3843670883058157,True,0.9999152,8.48366e-05
0.722351758032472,0.722351758032472,True,0.000118136406,0.99988186
0.722351758032472,0.722351758032472,True,0.0003631115,0.9996369
0.722351758032472,0.722351758032472,True,0.00053602457,0.999464
0.722351758032472,0.722351758032472,True,0.00010943413,0.99989057
-1.3843670883058157,-1.3843670883058157,True,0.9997209,0.00027913004
0.722351758032472,0.722351758032472,True,0.000101685524,0.9998983
0.722351758032472,0.722351758032472,True,7.1167946e-05,0.99992883
0.722351758032472,0.722351758032472,True,0.00052565336,0.99947435
0.722351758032472,0.722351758032472,True,7.200241e-05,0.999928
0.722351758032472,0.722351758032472,True,0.00010240078,0.9998976
0.722351758032472,0.722351758032472,True,7.2956085e-05,0.99992704
0.722351758032472,0.722351758032472,True,6.6399574e-05,0.9999336
0.722351758032472,0.722351758032472,True,0.00013399124,0.999866
0.722351758032472,0.722351758032472,True,4.8995018e-05,0.999951
0.722351758032472,0.722351758032472,True,8.2850456e-05,0.99991715
0.722351758032472,0.722351758032472,True,0.00016224384,0.99983776
0.722351758032472,0.722351758032472,True,0.00043910742,0.9995609
-1.3843670883058157,-1.3843670883058157,True,0.9999098,9.019649e-05
0.722351758032472,0.722351758032472,True,0.00019294024,0.99980706
0.722351758032472,0.722351758032472,True,9.274483e-05,0.99990726
0.722351758032472,0.722351758032472,True,0.00011944771,0.99988055
0.722351758032472,0.722351758032472,True,8.189678e-05,0.9999181
0.722351758032472,0.722351758032472,True,0.00010216236,0.99989784
0.722351758032472,0.722351758032472,True,0.00016510487,0.9998349
0.722351758032472,0.722351758032472,True,0.0001822114,0.9998178
-1.3843670883058157,-1.3843670883058157,True,0.99981815,0.00018187326
-1.3843670883058157,-1.3843670883058157,True,0.9998533,0.00014668367
-1.3843670883058157,-1.3843670883058157,True,0.99971145,0.0002885239
-1.3843670883058157,-1.3843670883058157,True,0.99991375,8.624514e-05
-1.3843670883058157,-1.3843670883058157,True,0.99991393,8.604749e-05
0.722351758032472,0.722351758032472,True,0.00017106533,0.99982893
0.722351758032472,0.722351758032472,True,0.00013160706,0.9998684
0.722351758032472,0.722351758032472,True,0.001975298,0.9980247
0.722351758032472,0.722351758032472,True,0.00010240078,0.9998976
0.722351758032472,0.722351758032472,True,0.00029832125,0.9997017
0.722351758032472,0.722351758032472,True,0.0016207695,0.99837923
-1.3843670883058157,-1.3843670883058157,True,0.9998273,0.00017265287
-1.3843670883058157,-1.3843670883058157,True,0.9995533,0.00044670186
0.722351758032472,0.722351758032472,True,0.0007070303,0.99929297
0.722351758032472,0.722351758032472,True,0.00018137693,0.9998186
-1.3843670883058157,-1.3843670883058157,True,0.9998766,0.00012335622
-1.3843670883058157,-1.3843670883058157,True,0.9999104,8.9589164e-05
0.722351758032472,0.722351758032472,True,0.00022345781,0.99977654
-1.3843670883058157,-1.3843670883058157,True,0.99965864,0.00034137492
0.722351758032472,0.722351758032472,True,7.998943e-05,0.99992
0.722351758032472,0.722351758032472,True,0.00028663874,0.99971336
0.722351758032472,0.722351758032472,True,0.00016868114,0.9998313
-1.3843670883058157,-1.3843670883058157,True,0.9999105,8.9498564e-05
0.722351758032472,0.722351758032472,True,6.508827e-05,0.9999349
0.722351758032472,0.722351758032472,True,0.00031733513,0.99968266
-1.3843670883058157,-1.3843670883058157,True,0.99958897,0.00041103715
0.722351758032472,0.722351758032472,True,0.0004786253,0.9995214
-1.3843670883058157,-1.3843670883058157,True,0.99991596,8.406688e-05
0.722351758032472,0.722351758032472,True,0.0003349781,0.999665
-1.3843670883058157,-1.3843670883058157,True,0.9998966,0.00010343645
0.722351758032472,0.722351758032472,True,0.00027400255,0.999726
-1.3843670883058157,-1.3843670883058157,True,0.9999041,9.590157e-05
-1.3843670883058157,-1.3843670883058157,True,0.9996855,0.00031447125
0.722351758032472,0.722351758032472,True,0.00012922287,0.9998708
0.722351758032472,0.722351758032472,True,0.00011181831,0.9998882
0.722351758032472,0.722351758032472,True,8.738041e-05,0.9999126
0.722351758032472,0.722351758032472,True,0.00043267012,0.99956733
0.722351758032472,0.722351758032472,True,0.0001128912,0.9998871
0.722351758032472,0.722351758032472,True,7.688999e-05,0.9999231
0.722351758032472,0.722351758032472,True,0.00010561943,0.9998944
0.722351758032472,0.722351758032472,True,0.00016200542,0.999838
0.722351758032472,0.722351758032472,True,4.696846e-05,0.99995303
-1.3843670883058157,-1.3843670883058157,True,0.99990237,9.765597e-05
0.722351758032472,0.722351758032472,True,0.0010875463,0.99891245
0.722351758032472,0.722351758032472,True,0.00038939714,0.9996106
0.722351758032472,0.722351758032472,True,0.00038808584,0.9996119
0.722351758032472,0.722351758032472,True,0.00036132336,0.9996387
0.722351758032472,0.722351758032472,True,8.690357e-05,0.9999131
-1.3843670883058157,-1.3843670883058157,True,0.9999116,8.8391884e-05
0.722351758032472,0.722351758032472,True,8.9764595e-05,0.99991024
-1.3843670883058157,-1.3843670883058157,True,0.999904,9.600432e-05
-1.3843670883058157,-1.3843670883058157,True,0.99991214,8.786027e-05
-1.3843670883058157,-1.3843670883058157,True,0.99960643,0.00039359418
0.722351758032472,0.722351758032472,True,0.00039690733,0.9996031
0.722351758032472,0.722351758032472,True,0.00020700693,0.999793
-1.3843670883058157,-1.3843670883058157,True,0.9998911,0.00010889452
0.722351758032472,0.722351758032472,True,6.8068504e-05,0.99993193
0.722351758032472,0.722351758032472,True,7.736683e-05,0.99992263
0.722351758032472,0.722351758032472,True,0.00025588274,0.9997441
0.722351758032472,0.722351758032472,True,0.00017660856,0.9998234
0.722351758032472,0.722351758032472,True,0.000106573105,0.9998934
-1.3843670883058157,-1.3843670883058157,True,0.99991286,8.713728e-05
0.722351758032472,0.722351758032472,True,0.00046527386,0.9995347
0.722351758032472,0.722351758032472,True,0.00016188622,0.9998381
0.722351758032472,0.722351758032472,True,0.00022095442,0.99977905
0.722351758032472,0.722351758032472,True,0.00023132563,0.9997687
0.722351758032472,0.722351758032472,True,0.023719847,0.97628015
-1.3843670883058157,-1.3843670883058157,True,0.9996258,0.00037420582
0.722351758032472,0.722351758032472,True,0.000114917755,0.9998851
0.722351758032472,0.722351758032472,True,0.000516057,0.99948394
-1.3843670883058157,-1.3843670883058157,True,0.9999125,8.747888e-05
0.722351758032472,0.722351758032472,True,5.8054924e-05,0.99994195
0.722351758032472,0.722351758032472,True,0.00019532442,0.9998047
0.722351758032472,0.722351758032472,True,0.00042766333,0.99957234
0.722351758032472,0.722351758032472,True,0.0003811121,0.9996189
-1.3843670883058157,-1.3843670883058157,True,0.99986005,0.00013994893
0.722351758032472,0.722351758032472,True,5.9723854e-05,0.9999403
0.722351758032472,0.722351758032472,True,7.9870224e-05,0.9999201
0.722351758032472,0.722351758032472,True,0.00033438206,0.9996656
0.722351758032472,0.722351758032472,True,6.425381e-05,0.99993575
0.722351758032472,0.722351758032472,True,0.00022083521,0.99977916
0.722351758032472,0.722351758032472,True,0.00011622906,0.9998838
-1.3843670883058157,-1.3843670883058157,True,0.9997712,0.0002288202
0.722351758032472,0.722351758032472,True,0.00038653612,0.99961346
0.722351758032472,0.722351758032472,True,6.389618e-05,0.9999361
0.722351758032472,0.722351758032472,True,0.0006659627,0.99933404
-1.3843670883058157,-1.3843670883058157,True,0.99937737,0.00062265614
0.722351758032472,0.722351758032472,True,0.00016355515,0.99983644
-1.3843670883058157,-1.3843670883058157,True,0.99964917,0.00035082418
-1.3843670883058157,-1.3843670883058157,True,0.99964666,0.00035332827
-1.3843670883058157,-1.3843670883058157,True,0.9999215,7.852276e-05
-1.3843670883058157,-1.3843670883058157,True,0.9999098,9.0167254e-05
0.722351758032472,0.722351758032472,True,8.9764595e-05,0.99991024
-1.3843670883058157,-1.3843670883058157,True,0.9999231,7.691546e-05
0.722351758032472,0.722351758032472,True,6.866455e-05,0.99993134
-1.3843670883058157,-1.3843670883058157,True,0.9999009,9.9150464e-05
0.722351758032472,0.722351758032472,True,0.00023072958,0.9997693
-1.3843670883058157,-1.3843670883058157,True,0.99965173,0.00034829017
0.722351758032472,0.722351758032472,True,0.00018900633,0.999811
-1.3843670883058157,-1.3843670883058157,True,0.999923,7.70094e-05
0.722351758032472,0.722351758032472,True,0.0003246069,0.9996754
-1.3843670883058157,-1.3843670883058157,True,0.99991524,8.4752995e-05
-1.3843670883058157,-1.3843670883058157,True,0.99981326,0.0001867359
0.722351758032472,0.722351758032472,True,0.000114798546,0.9998852
0.722351758032472,0.722351758032472,True,0.00024050474,0.9997595
-1.3843670883058157,-1.3843670883058157,True,0.99991167,8.833433e-05
0.722351758032472,0.722351758032472,True,5.6505203e-05,0.9999435
0.722351758032472,0.722351758032472,True,0.0019512177,0.9980488
-1.3843670883058157,-1.3843670883058157,True,0.9997524,0.0002475768
0.722351758032472,0.722351758032472,True,9.047985e-05,0.9999095
0.722351758032472,0.722351758032472,True,0.000256598,0.9997434
-1.3843670883058157,-1.3843670883058157,True,0.99978536,0.00021463401
-1.3843670883058157,-1.3843670883058157,True,0.9999158,8.420142e-05
-1.3843670883058157,-1.3843670883058157,True,0.99963963,0.00036037577
0.722351758032472,0.722351758032472,True,0.000151515,0.9998485
0.722351758032472,0.722351758032472,True,6.365776e-05,0.99993634
0.722351758032472,0.722351758032472,True,0.00033164024,0.99966836
0.722351758032472,0.722351758032472,True,0.00023764372,0.99976236
0.722351758032472,0.722351758032472,True,7.605553e-05,0.99992394
0.722351758032472,0.722351758032472,True,0.00010085106,0.99989915
0.722351758032472,0.722351758032472,True,0.00013017654,0.9998698
0.722351758032472,0.722351758032472,True,0.00022143126,0.99977857
0.722351758032472,0.722351758032472,True,7.05719e-05,0.9999294
0.722351758032472,0.722351758032472,True,0.00026625395,0.99973375
-1.3843670883058157,-1.3843670883058157,True,0.9998579,0.00014208094
0.722351758032472,0.722351758032472,True,0.00029248,0.9997075
-1.3843670883058157,-1.3843670883058157,True,0.99991375,8.624514e-05
0.722351758032472,0.722351758032472,True,7.4744225e-05,0.99992526
-1.3843670883058157,-1.3843670883058157,True,0.9999124,8.7646134e-05
0.722351758032472,0.722351758032472,True,0.00013566017,0.99986434
0.722351758032472,0.722351758032472,True,0.00025981665,0.9997402
0.722351758032472,0.722351758032472,True,6.175041e-05,0.99993825
0.722351758032472,0.722351758032472,True,0.048726737,0.95127326
0.722351758032472,0.722351758032472,True,0.000251472,0.9997485
0.722351758032472,0.722351758032472,True,0.00013887882,0.9998611
0.722351758032472,0.722351758032472,True,6.3061714e-05,0.99993694
-1.3843670883058157,-1.3843670883058157,True,0.9997274,0.00027254905
0.722351758032472,0.722351758032472,True,9.870529e-05,0.9999013
0.722351758032472,0.722351758032472,True,0.0007829666,0.99921703
0.722351758032472,0.722351758032472,True,0.0001322031,0.9998678
0.722351758032472,0.722351758032472,True,0.0006456971,0.9993543
0.722351758032472,0.722351758032472,True,0.0017068982,0.9982931
-1.3843670883058157,-1.3843670883058157,True,0.999909,9.102441e-05
0.722351758032472,0.722351758032472,True,0.00027102232,0.999729
0.722351758032472,0.722351758032472,True,6.830692e-05,0.9999317
0.722351758032472,0.722351758032472,True,8.928776e-05,0.9999107
0.722351758032472,0.722351758032472,True,0.011740088,0.9882599
-1.3843670883058157,-1.3843670883058157,True,0.99966437,0.00033563274
-1.3843670883058157,-1.3843670883058157,True,0.99990755,9.244096e-05
-1.3843670883058157,-1.3843670883058157,True,0.9999172,8.280399e-05
0.722351758032472,0.722351758032472,True,0.00012230873,0.9998777
-1.3843670883058157,-1.3843670883058157,True,0.99991524,8.476544e-05
0.722351758032472,0.722351758032472,True,0.0003553629,0.99964464
0.722351758032472,0.722351758032472,True,0.000910759,0.99908924
0.722351758032472,0.722351758032472,True,7.736683e-05,0.99992263
0.722351758032472,0.722351758032472,True,0.00021153688,0.99978846
-1.3843670883058157,-1.3843670883058157,True,0.9999018,9.822484e-05
0.722351758032472,0.722351758032472,True,6.425381e-05,0.99993575
-1.3843670883058157,-1.3843670883058157,True,0.99991083,8.914262e-05
0.722351758032472,0.722351758032472,True,0.00015997887,0.99984
0.722351758032472,0.722351758032472,True,0.00010037422,0.9998996
-1.3843670883058157,-1.3843670883058157,True,0.9997747,0.00022529774
0.722351758032472,0.722351758032472,True,5.364418e-05,0.99994636
0.722351758032472,0.722351758032472,True,0.00026541948,0.9997346
-1.3843670883058157,-1.3843670883058157,True,0.99990195,9.80217e-05
-1.3843670883058157,-1.3843670883058157,True,0.9997468,0.00025322588
-1.3843670883058157,-1.3843670883058157,True,0.99987555,0.00012447662
-1.3843670883058157,-1.3843670883058157,True,0.9998375,0.00016251157
-1.3843670883058157,-1.3843670883058157,True,0.99990875,9.1258036e-05
0.722351758032472,0.722351758032472,True,0.00023466349,0.99976534
0.722351758032472,0.722351758032472,True,0.00012350082,0.9998765
0.722351758032472,0.722351758032472,True,0.00030755997,0.99969244
-1.3843670883058157,-1.3843670883058157,True,0.9996477,0.00035232506
-1.3843670883058157,-1.3843670883058157,True,0.99991006,8.9965e-05
0.722351758032472,0.722351758032472,True,0.0074456334,0.99255437
0.722351758032472,0.722351758032472,True,0.000121831894,0.99987817
0.722351758032472,0.722351758032472,True,0.0010410547,0.99895895
0.722351758032472,0.722351758032472,True,0.000225842,0.99977416
-1.3843670883058157,-1.3843670883058157,True,0.9998161,0.00018390658
-1.3843670883058157,-1.3843670883058157,True,0.9998154,0.00018462376
0.722351758032472,0.722351758032472,True,0.00015795231,0.99984205
0.722351758032472,0.722351758032472,True,0.0001565218,0.9998435
-1.3843670883058157,-1.3843670883058157,True,0.9999153,8.470953e-05
-1.3843670883058157,-1.3843670883058157,True,0.99991447,8.551767e-05
-1.3843670883058157,-1.3843670883058157,True,0.99990857,9.141054e-05
0.722351758032472,0.722351758032472,True,0.00031769276,0.9996823
0.722351758032472,0.722351758032472,True,0.00022369623,0.9997763
0.722351758032472,0.722351758032472,True,0.00020045042,0.99979955
-1.3843670883058157,-1.3843670883058157,True,0.99953914,0.00046085755
0.722351758032472,0.722351758032472,True,8.6307526e-05,0.9999137
-1.3843670883058157,-1.3843670883058157,True,0.999646,0.0003540139
-1.3843670883058157,-1.3843670883058157,True,0.9999135,8.647498e-05
-1.3843670883058157,-1.3843670883058157,True,0.999891,0.00010902689
0.722351758032472,0.722351758032472,True,0.0005738735,0.9994261
-1.3843670883058157,-1.3843670883058157,True,0.99949306,0.0005069591
0.722351758032472,0.722351758032472,True,9.6321106e-05,0.9999037
0.722351758032472,0.722351758032472,True,0.0006837845,0.9993162
-1.3843670883058157,-1.3843670883058157,True,0.99991727,8.2744635e-05
0.722351758032472,0.722351758032472,True,0.00044983625,0.99955016
0.722351758032472,0.722351758032472,True,0.0001898408,0.99981016
0.722351758032472,0.722351758032472,True,0.00052016973,0.99947983
0.722351758032472,0.722351758032472,True,6.41346e-05,0.99993587
-1.3843670883058157,-1.3843670883058157,True,0.9998856,0.000114392584
0.722351758032472,0.722351758032472,True,0.00019294024,0.99980706
0.722351758032472,0.722351758032472,True,6.6399574e-05,0.9999336
0.722351758032472,0.722351758032472,True,7.688999e-05,0.9999231
0.722351758032472,0.722351758032472,True,5.8293343e-05,0.9999417
0.722351758032472,0.722351758032472,True,0.00019866228,0.99980134
0.722351758032472,0.722351758032472,True,0.00015175343,0.99984825
0.722351758032472,0.722351758032472,True,0.00024026632,0.99975973
0.722351758032472,0.722351758032472,True,0.00029546022,0.99970454
-1.3843670883058157,-1.3843670883058157,True,0.9997429,0.00025706404
-1.3843670883058157,-1.3843670883058157,True,0.9997354,0.00026458575
0.722351758032472,0.722351758032472,True,8.046627e-05,0.99991953
0.722351758032472,0.722351758032472,True,0.00011599064,0.999884
0.722351758032472,0.722351758032472,True,8.9645386e-05,0.99991035
-1.3843670883058157,-1.3843670883058157,True,0.9999152,8.484575e-05
0.722351758032472,0.722351758032472,True,0.00023204088,0.99976796
0.722351758032472,0.722351758032472,True,0.000113248825,0.99988675
-1.3843670883058157,-1.3843670883058157,True,0.99991417,8.5827545e-05
0.722351758032472,0.722351758032472,True,8.761883e-05,0.9999124
-1.3843670883058157,-1.3843670883058157,True,0.99991167,8.833433e-05
-1.3843670883058157,-1.3843670883058157,True,0.9998966,0.00010343555
-1.3843670883058157,-1.3843670883058157,True,0.99982166,0.00017832877
0.722351758032472,0.722351758032472,True,7.581711e-05,0.9999242
0.722351758032472,0.722351758032472,True,0.001771152,0.99822885
0.722351758032472,0.722351758032472,True,0.00043088198,0.9995691
0.722351758032472,0.722351758032472,True,0.00011444092,0.99988556
-1.3843670883058157,-1.3843670883058157,True,0.9999179,8.206749e-05
0.722351758032472,0.722351758032472,True,8.869171e-05,0.9999113
0.722351758032472,0.722351758032472,True,7.355213e-05,0.99992645
0.722351758032472,0.722351758032472,True,5.8174133e-05,0.9999418
-1.3843670883058157,-1.3843670883058157,True,0.9998479,0.00015210712
0.722351758032472,0.722351758032472,True,9.3340874e-05,0.99990666
0.722351758032472,0.722351758032472,True,7.4744225e-05,0.99992526
0.722351758032472,0.722351758032472,True,0.00015425682,0.99984574
0.722351758032472,0.722351758032472,True,0.00022667646,0.9997733
0.722351758032472,0.722351758032472,True,0.00030720234,0.9996928
0.722351758032472,0.722351758032472,True,0.00010740757,0.9998926
0.722351758032472,0.722351758032472,True,0.00013005733,0.99986994
0.722351758032472,0.722351758032472,True,0.0001308918,0.9998691
-1.3843670883058157,-1.3843670883058157,True,0.9999191,8.090652e-05
-1.3843670883058157,-1.3843670883058157,True,0.9998586,0.00014137455
-1.3843670883058157,-1.3843670883058157,True,0.9999151,8.486492e-05
0.722351758032472,0.722351758032472,True,0.00016736984,0.99983263
0.722351758032472,0.722351758032472,True,0.00017386675,0.99982613
0.722351758032472,0.722351758032472,True,0.00034952164,0.9996505
0.722351758032472,0.722351758032472,True,0.00012123585,0.99987876
0.722351758032472,0.722351758032472,True,0.00013804436,0.99986196
0.722351758032472,0.722351758032472,True,0.00049614906,0.99950385
0.722351758032472,0.722351758032472,True,9.357929e-05,0.9999064
0.722351758032472,0.722351758032472,True,0.00023704767,0.99976295
0.722351758032472,0.722351758032472,True,0.000172019,0.999828
0.722351758032472,0.722351758032472,True,0.00012516975,0.99987483
0.722351758032472,0.722351758032472,True,7.7843666e-05,0.99992216
0.722351758032472,0.722351758032472,True,7.081032e-05,0.9999292
0.722351758032472,0.722351758032472,True,4.1365623e-05,0.99995863
0.722351758032472,0.722351758032472,True,0.00010383129,0.99989617
0.722351758032472,0.722351758032472,True,8.4638596e-05,0.99991536
0.722351758032472,0.722351758032472,True,0.00027424097,0.99972576
0.722351758032472,0.722351758032472,True,0.00019413233,0.99980587
-1.3843670883058157,-1.3843670883058157,True,0.99971604,0.0002839456
0.722351758032472,0.722351758032472,True,5.018711e-05,0.9999498
0.722351758032472,0.722351758032472,True,0.00056892633,0.9994311
0.722351758032472,0.722351758032472,True,0.0022677183,0.9977323
0.722351758032472,0.722351758032472,True,6.556511e-05,0.99993443
-1.3843670883058157,-1.3843670883058157,True,0.9999116,8.8391884e-05
0.722351758032472,0.722351758032472,True,0.00041490793,0.9995851
0.722351758032472,0.722351758032472,True,7.677078e-05,0.9999232
0.722351758032472,0.722351758032472,True,0.0002015233,0.9997985
0.722351758032472,0.722351758032472,True,0.00029617548,0.9997038
-1.3843670883058157,-1.3843670883058157,True,0.9997086,0.00029138284
0.722351758032472,0.722351758032472,True,0.00016236305,0.99983764
-1.3843670883058157,-1.3843670883058157,True,0.9996022,0.00039781223
0.722351758032472,0.722351758032472,True,0.0005579591,0.99944204
-1.3843670883058157,-1.3843670883058157,True,0.9998848,0.00011518868
0.722351758032472,0.722351758032472,True,0.0006183386,0.99938166
0.722351758032472,0.722351758032472,True,0.00012934208,0.99987066
0.722351758032472,0.722351758032472,True,0.00085639954,0.9991436
0.722351758032472,0.722351758032472,True,7.259846e-05,0.9999274
-1.3843670883058157,-1.3843670883058157,True,0.99982613,0.00017387839
0.722351758032472,0.722351758032472,True,0.000111699104,0.9998883
0.722351758032472,0.722351758032472,True,0.00014102459,0.999859
-1.3843670883058157,-1.3843670883058157,True,0.9998108,0.000189204
0.722351758032472,0.722351758032472,True,8.34465e-05,0.99991655
0.722351758032472,0.722351758032472,True,7.343292e-05,0.99992657
0.722351758032472,0.722351758032472,True,0.00027745962,0.99972254
0.722351758032472,0.722351758032472,True,0.00016272068,0.9998373
0.722351758032472,0.722351758032472,True,7.1525574e-05,0.9999285
0.722351758032472,0.722351758032472,True,6.890297e-05,0.9999311
0.722351758032472,0.722351758032472,True,9.679794e-05,0.9999032
-1.3843670883058157,-1.3843670883058157,True,0.99992234,7.764088e-05
0.722351758032472,0.722351758032472,True,0.00013816357,0.99986184
-1.3843670883058157,-1.3843670883058157,True,0.9998101,0.00018992086
0.722351758032472,0.722351758032472,True,0.00013613701,0.99986386
0.722351758032472,0.722351758032472,True,5.2928925e-05,0.9999471
0.722351758032472,0.722351758032472,True,0.00033807755,0.9996619
0.722351758032472,0.722351758032472,True,6.175041e-05,0.99993825
0.722351758032472,0.722351758032472,True,0.00010228157,0.9998977
-1.3843670883058157,-1.3843670883058157,True,0.9996923,0.0003076586
-1.3843670883058157,-1.3843670883058157,True,0.9993011,0.00069893344
-1.3843670883058157,-1.3843670883058157,True,0.9998959,0.0001041005
0.722351758032472,0.722351758032472,True,0.0004209876,0.999579
0.722351758032472,0.722351758032472,True,0.00011444092,0.99988556
0.722351758032472,0.722351758032472,True,0.0001667738,0.9998332
0.722351758032472,0.722351758032472,True,0.00011944771,0.99988055
0.722351758032472,0.722351758032472,True,0.000103354454,0.99989665
-1.3843670883058157,-1.3843670883058157,True,0.9994602,0.0005397592
-1.3843670883058157,-1.3843670883058157,True,0.9999084,9.1589936e-05
-1.3843670883058157,-1.3843670883058157,True,0.9999141,8.5864296e-05
-1.3843670883058157,-1.3843670883058157,True,0.9993133,0.0006867324
-1.3843670883058157,-1.3843670883058157,True,0.99991584,8.41466e-05
-1.3843670883058157,-1.3843670883058157,True,0.99990904,9.095362e-05
-1.3843670883058157,-1.3843670883058157,True,0.99991494,8.5054904e-05
-1.3843670883058157,-1.3843670883058157,True,0.9996186,0.0003814097
0.722351758032472,0.722351758032472,True,0.00032663345,0.99967337
-1.3843670883058157,-1.3843670883058157,True,0.99991417,8.582615e-05
0.722351758032472,0.722351758032472,True,0.00021284819,0.99978715
-1.3843670883058157,-1.3843670883058157,True,0.9997127,0.0002872931
-1.3843670883058157,-1.3843670883058157,True,0.9994467,0.0005533089
0.722351758032472,0.722351758032472,True,6.1273575e-05,0.9999387
-1.3843670883058157,-1.3843670883058157,True,0.9998473,0.00015270266
-1.3843670883058157,-1.3843670883058157,True,0.99991554,8.446584e-05
-1.3843670883058157,-1.3843670883058157,True,0.99990135,9.8656834e-05
0.722351758032472,0.722351758032472,True,5.209446e-05,0.9999479
0.722351758032472,0.722351758032472,True,8.225441e-05,0.99991775
0.722351758032472,0.722351758032472,True,7.927418e-05,0.9999207
-1.3843670883058157,-1.3843670883058157,True,0.9995579,0.00044209496
0.722351758032472,0.722351758032472,True,0.0029257536,0.99707425
0.722351758032472,0.722351758032472,True,0.0005017519,0.99949825
-1.3843670883058157,-1.3843670883058157,True,0.99980754,0.00019248042
0.722351758032472,0.722351758032472,True,0.004643917,0.9953561
0.722351758032472,0.722351758032472,True,5.9127808e-05,0.9999409
0.722351758032472,0.722351758032472,True,0.00034415722,0.99965584
-1.3843670883058157,-1.3843670883058157,True,0.9998154,0.00018458592
0.722351758032472,0.722351758032472,True,7.104874e-05,0.99992895
0.722351758032472,0.722351758032472,True,8.714199e-05,0.99991286
0.722351758032472,0.722351758032472,True,0.00018042326,0.9998196
-1.3843670883058157,-1.3843670883058157,True,0.99991065,8.93185e-05
0.722351758032472,0.722351758032472,True,0.000106692314,0.9998933
0.722351758032472,0.722351758032472,True,0.00013542175,0.9998646
-1.3843670883058157,-1.3843670883058157,True,0.9995446,0.00045535498
0.722351758032472,0.722351758032472,True,0.00012671947,0.9998733
-1.3843670883058157,-1.3843670883058157,True,0.9997796,0.00022039528
0.722351758032472,0.722351758032472,True,0.00020426512,0.99979573
-1.3843670883058157,-1.3843670883058157,True,0.99972236,0.00027763098
0.722351758032472,0.722351758032472,True,8.380413e-05,0.9999162
0.722351758032472,0.722351758032472,True,0.0001847148,0.9998153
0.722351758032472,0.722351758032472,True,7.045269e-05,0.99992955
0.722351758032472,0.722351758032472,True,0.006798327,0.9932017
0.722351758032472,0.722351758032472,True,0.00035595894,0.99964404
0.722351758032472,0.722351758032472,True,0.00019079447,0.9998092
0.722351758032472,0.722351758032472,True,8.34465e-05,0.99991655
-1.3843670883058157,-1.3843670883058157,True,0.9998539,0.00014608473
-1.3843670883058157,-1.3843670883058157,True,0.9997389,0.00026110865
0.722351758032472,0.722351758032472,True,0.0001886487,0.99981135
0.722351758032472,0.722351758032472,True,0.00029665232,0.99970335
-1.3843670883058157,-1.3843670883058157,True,0.9997756,0.0002244382
0.722351758032472,0.722351758032472,True,5.018711e-05,0.9999498
0.722351758032472,0.722351758032472,True,0.00040584803,0.99959415
-1.3843670883058157,-1.3843670883058157,True,0.9999137,8.6295e-05
0.722351758032472,0.722351758032472,True,0.000533998,0.999466
-1.3843670883058157,-1.3843670883058157,True,0.9995406,0.00045940006
0.722351758032472,0.722351758032472,True,0.00017082691,0.9998292
0.722351758032472,0.722351758032472,True,0.00012564659,0.99987435
0.722351758032472,0.722351758032472,True,0.00094252825,0.9990575
0.722351758032472,0.722351758032472,True,0.0031459928,0.996854
-1.3843670883058157,-1.3843670883058157,True,0.9996833,0.00031666475
0.722351758032472,0.722351758032472,True,0.00022751093,0.9997725
0.722351758032472,0.722351758032472,True,6.651878e-05,0.9999335
0.722351758032472,0.722351758032472,True,0.000120162964,0.99987984
-1.3843670883058157,-1.3843670883058157,True,0.99982494,0.00017507105
0.722351758032472,0.722351758032472,True,0.0019994378,0.99800056
0.722351758032472,0.722351758032472,True,0.00011062622,0.9998894
0.722351758032472,0.722351758032472,True,0.00017046928,0.99982953
-1.3843670883058157,-1.3843670883058157,True,0.9997723,0.0002276744
0.722351758032472,0.722351758032472,True,0.0008648038,0.9991352
0.722351758032472,0.722351758032472,True,0.00012135506,0.99987864
0.722351758032472,0.722351758032472,True,6.0081482e-05,0.9999399
0.722351758032472,0.722351758032472,True,0.000103116035,0.9998969
0.722351758032472,0.722351758032472,True,0.0010144114,0.9989856
-1.3843670883058157,-1.3843670883058157,True,0.9997547,0.00024529276
0.722351758032472,0.722351758032472,True,0.00020498037,0.999795
-1.3843670883058157,-1.3843670883058157,True,0.9998998,0.00010022128
0.722351758032472,0.722351758032472,True,6.0081482e-05,0.9999399
-1.3843670883058157,-1.3843670883058157,True,0.9999184,8.1569946e-05
-1.3843670883058157,-1.3843670883058157,True,0.9999132,8.68072e-05
0.722351758032472,0.722351758032472,True,0.0022770762,0.9977229
0.722351758032472,0.722351758032472,True,9.453297e-05,0.99990547
-1.3843670883058157,-1.3843670883058157,True,0.99981636,0.00018363252
0.722351758032472,0.722351758032472,True,7.367134e-05,0.9999263
0.722351758032472,0.722351758032472,True,0.00020211935,0.9997979
-1.3843670883058157,-1.3843670883058157,True,0.99991983,8.0181766e-05
0.722351758032472,0.722351758032472,True,0.00081795454,0.99918205
-1.3843670883058157,-1.3843670883058157,True,0.9998231,0.00017689401
0.722351758032472,0.722351758032472,True,0.0020214915,0.9979785
0.722351758032472,0.722351758032472,True,0.00021559,0.9997844
0.722351758032472,0.722351758032472,True,0.00010538101,0.9998946
0.722351758032472,0.722351758032472,True,8.08239e-05,0.9999192
0.722351758032472,0.722351758032472,True,0.0004633665,0.99953663
0.722351758032472,0.722351758032472,True,0.00023287535,0.9997671
-1.3843670883058157,-1.3843670883058157,True,0.99991184,8.816712e-05
0.722351758032472,0.722351758032472,True,0.00011408329,0.9998859
0.722351758032472,0.722351758032472,True,0.00012660027,0.9998734
0.722351758032472,0.722351758032472,True,0.0006573796,0.9993426
-1.3843670883058157,-1.3843670883058157,True,0.9999114,8.855522e-05
-1.3843670883058157,-1.3843670883058157,True,0.99983376,0.0001662574
0.722351758032472,0.722351758032472,True,7.247925e-05,0.9999275
0.722351758032472,0.722351758032472,True,8.225441e-05,0.99991775
-1.3843670883058157,-1.3843670883058157,True,0.9998106,0.00018941918
0.722351758032472,0.722351758032472,True,0.00036406517,0.99963593
0.722351758032472,0.722351758032472,True,0.018766403,0.9812336
0.722351758032472,0.722351758032472,True,0.00036764145,0.99963236
-1.3843670883058157,-1.3843670883058157,True,0.99968165,0.00031832288
0.722351758032472,0.722351758032472,True,5.686283e-05,0.99994314
0.722351758032472,0.722351758032472,True,8.177757e-05,0.9999182
-1.3843670883058157,-1.3843670883058157,True,0.9999229,7.71439e-05
-1.3843670883058157,-1.3843670883058157,True,0.999747,0.00025304416
0.722351758032472,0.722351758032472,True,0.00021630526,0.9997837
-1.3843670883058157,-1.3843670883058157,True,0.9997319,0.00026809072
0.722351758032472,0.722351758032472,True,6.389618e-05,0.9999361
0.722351758032472,0.722351758032472,True,0.00018137693,0.9998186
0.722351758032472,0.722351758032472,True,0.0012538433,0.99874616
0.722351758032472,0.722351758032472,True,7.021427e-05,0.9999298
-1.3843670883058157,-1.3843670883058157,True,0.9999156,8.438067e-05
0.722351758032472,0.722351758032472,True,0.00055617094,0.9994438
-1.3843670883058157,-1.3843670883058157,True,0.99991626,8.377047e-05
-1.3843670883058157,-1.3843670883058157,True,0.9999114,8.8573885e-05
0.722351758032472,0.722351758032472,True,0.00024110079,0.9997589
0.722351758032472,0.722351758032472,True,0.0002964139,0.9997036
-1.3843670883058157,-1.3843670883058157,True,0.9999231,7.691546e-05
-1.3843670883058157,-1.3843670883058157,True,0.999605,0.0003950254
0.722351758032472,0.722351758032472,True,0.000172019,0.999828
0.722351758032472,0.722351758032472,True,8.869171e-05,0.9999113
0.722351758032472,0.722351758032472,True,0.00017565489,0.99982435
0.722351758032472,0.722351758032472,True,0.00039976835,0.99960023
0.722351758032472,0.722351758032472,True,7.534027e-05,0.99992466
0.722351758032472,0.722351758032472,True,0.0012478828,0.9987521
0.722351758032472,0.722351758032472,True,0.00029557943,0.9997044
0.722351758032472,0.722351758032472,True,7.033348e-05,0.99992967
-1.3843670883058157,-1.3843670883058157,True,0.9999068,9.32107e-05
0.722351758032472,0.722351758032472,True,0.00016283989,0.99983716
0.722351758032472,0.722351758032472,True,0.00020688772,0.9997931
0.722351758032472,0.722351758032472,True,0.00015079975,0.9998492
0.722351758032472,0.722351758032472,True,0.00020807981,0.9997919
0.722351758032472,0.722351758032472,True,0.00091445446,0.99908555
-1.3843670883058157,-1.3843670883058157,True,0.9998097,0.00019030823
0.722351758032472,0.722351758032472,True,0.0019686818,0.9980313
-1.3843670883058157,-1.3843670883058157,True,0.9999243,7.568229e-05
0.722351758032472,0.722351758032472,True,6.8068504e-05,0.99993193
-1.3843670883058157,-1.3843670883058157,True,0.9999121,8.7910725e-05
-1.3843670883058157,-1.3843670883058157,True,0.9999137,8.630018e-05
-1.3843670883058157,-1.3843670883058157,True,0.99991065,8.936553e-05
0.722351758032472,0.722351758032472,True,0.00012600422,0.999874
0.722351758032472,0.722351758032472,True,0.00027900934,0.999721
0.722351758032472,0.722351758032472,True,0.00027936697,0.99972063
0.722351758032472,0.722351758032472,True,5.0663948e-05,0.99994934
0.722351758032472,0.722351758032472,True,0.001288414,0.9987116
-1.3843670883058157,-1.3843670883058157,True,0.9999135,8.647498e-05
-1.3843670883058157,-1.3843670883058157,True,0.9998912,0.00010877922
-1.3843670883058157,-1.3843670883058157,True,0.9999073,9.269934e-05
0.722351758032472,0.722351758032472,True,0.00017046928,0.99982953
0.722351758032472,0.722351758032472,True,0.00077438354,0.9992256
0.722351758032472,0.722351758032472,True,0.00026088953,0.9997391
-1.3843670883058157,-1.3843670883058157,True,0.99980444,0.00019554303
0.722351758032472,0.722351758032472,True,0.00011622906,0.9998838
-1.3843670883058157,-1.3843670883058157,True,0.9998112,0.00018884157
0.722351758032472,0.722351758032472,True,6.4611435e-05,0.9999354
0.722351758032472,0.722351758032472,True,0.00017082691,0.9998292
0.722351758032472,0.722351758032472,True,8.4519386e-05,0.9999155
-1.3843670883058157,-1.3843670883058157,True,0.9998932,0.0001067868
0.722351758032472,0.722351758032472,True,5.543232e-05,0.99994457
0.722351758032472,0.722351758032472,True,0.0031333566,0.99686664
0.722351758032472,0.722351758032472,True,0.0003194809,0.9996805
0.722351758032472,0.722351758032472,True,9.894371e-05,0.99990106
0.722351758032472,0.722351758032472,True,0.00035905838,0.99964094
-1.3843670883058157,-1.3843670883058157,True,0.9999106,8.9423746e-05
0.722351758032472,0.722351758032472,True,0.02406013,0.97593987
-1.3843670883058157,-1.3843670883058157,True,0.9999087,9.130626e-05
-1.3843670883058157,-1.3843670883058157,True,0.9999155,8.454788e-05
0.722351758032472,0.722351758032472,True,9.10759e-05,0.9999089
-1.3843670883058157,-1.3843670883058157,True,0.9998149,0.00018507232
0.722351758032472,0.722351758032472,True,0.00012683868,0.99987316
0.722351758032472,0.722351758032472,True,6.556511e-05,0.99993443
-1.3843670883058157,-1.3843670883058157,True,0.99991,9.002129e-05
-1.3843670883058157,-1.3843670883058157,True,0.99961865,0.00038136373
-1.3843670883058157,-1.3843670883058157,True,0.9999031,9.688887e-05
-1.3843670883058157,-1.3843670883058157,True,0.99957436,0.00042565117
-1.3843670883058157,-1.3843670883058157,True,0.99991566,8.436908e-05
0.722351758032472,0.722351758032472,True,0.00038266182,0.99961734
-1.3843670883058157,-1.3843670883058157,True,0.99978405,0.00021593562
-1.3843670883058157,-1.3843670883058157,True,0.9997975,0.00020245502
0.722351758032472,0.722351758032472,True,0.00016367435,0.9998363
-1.3843670883058157,-1.3843670883058157,True,0.99991006,8.9965e-05
0.722351758032472,0.722351758032472,True,0.00022310019,0.9997769
-1.3843670883058157,-1.3843670883058157,True,0.9999116,8.8391884e-05
0.722351758032472,0.722351758032472,True,0.00066810846,0.9993319
-1.3843670883058157,-1.3843670883058157,True,0.99990773,9.2289294e-05
-1.3843670883058157,-1.3843670883058157,True,0.9998308,0.00016922202
0.722351758032472,0.722351758032472,True,0.013582945,0.98641706
-1.3843670883058157,-1.3843670883058157,True,0.99988484,0.00011513148
0.722351758032472,0.722351758032472,True,0.00017362833,0.9998264
0.722351758032472,0.722351758032472,True,7.9870224e-05,0.9999201
0.722351758032472,0.722351758032472,True,5.4836273e-05,0.99994516
0.722351758032472,0.722351758032472,True,6.914139e-05,0.99993086
0.722351758032472,0.722351758032472,True,0.00033342838,0.9996666
0.722351758032472,0.722351758032472,True,0.0021163821,0.9978836
-1.3843670883058157,-1.3843670883058157,True,0.9996561,0.00034390797
0.722351758032472,0.722351758032472,True,8.046627e-05,0.99991953
-1.3843670883058157,-1.3843670883058157,True,0.9999086,9.14026e-05
0.722351758032472,0.722351758032472,True,0.00015377998,0.9998462
0.722351758032472,0.722351758032472,True,0.0001193285,0.9998807
-1.3843670883058157,-1.3843670883058157,True,0.9996413,0.00035867232
0.722351758032472,0.722351758032472,True,0.00035727024,0.9996427
-1.3843670883058157,-1.3843670883058157,True,0.99973094,0.00026903863
-1.3843670883058157,-1.3843670883058157,True,0.9999176,8.237696e-05
0.722351758032472,0.722351758032472,True,0.0012438297,0.9987562
-1.3843670883058157,-1.3843670883058157,True,0.99988854,0.000111473724
0.722351758032472,0.722351758032472,True,7.402897e-05,0.999926
0.722351758032472,0.722351758032472,True,0.0006028414,0.99939716
0.722351758032472,0.722351758032472,True,0.0047026277,0.9952974
0.722351758032472,0.722351758032472,True,0.0017767549,0.99822325
-1.3843670883058157,-1.3843670883058157,True,0.99979806,0.00020195605
0.722351758032472,0.722351758032472,True,7.081032e-05,0.9999292
-1.3843670883058157,-1.3843670883058157,True,0.99966955,0.00033042606
-1.3843670883058157,-1.3843670883058157,True,0.9998292,0.00017083596
0.722351758032472,0.722351758032472,True,0.00036764145,0.99963236
0.722351758032472,0.722351758032472,True,0.00018328428,0.9998167
-1.3843670883058157,-1.3843670883058157,True,0.99970484,0.0002951335
-1.3843670883058157,-1.3843670883058157,True,0.99985284,0.00014718442
0.722351758032472,0.722351758032472,True,0.0002568364,0.99974316
-1.3843670883058157,-1.3843670883058157,True,0.99990773,9.22475e-05
0.722351758032472,0.722351758032472,True,0.00011301041,0.999887
0.722351758032472,0.722351758032472,True,0.002955854,0.99704415
0.722351758032472,0.722351758032472,True,0.00025886297,0.99974114
0.722351758032472,0.722351758032472,True,0.00057047606,0.9994295
0.722351758032472,0.722351758032472,True,6.1154366e-05,0.99993885
0.722351758032472,0.722351758032472,True,5.4121017e-05,0.9999459
0.722351758032472,0.722351758032472,True,6.067753e-05,0.9999393
0.722351758032472,0.722351758032472,True,0.00020104647,0.99979895
0.722351758032472,0.722351758032472,True,9.5009804e-05,0.999905
-1.3843670883058157,-1.3843670883058157,True,0.99976677,0.00023323079
-1.3843670883058157,-1.3843670883058157,True,0.9998463,0.00015373205
0.722351758032472,0.722351758032472,True,0.00016534328,0.99983466
0.722351758032472,0.722351758032472,True,7.092953e-05,0.9999291
0.722351758032472,0.722351758032472,True,0.002738595,0.9972614
0.722351758032472,0.722351758032472,True,9.4890594e-05,0.9999051
0.722351758032472,0.722351758032472,True,0.00010251999,0.9998975
0.722351758032472,0.722351758032472,True,0.000115156174,0.99988484
0.722351758032472,0.722351758032472,True,0.00075888634,0.9992411
0.722351758032472,0.722351758032472,True,5.7458878e-05,0.99994254
0.722351758032472,0.722351758032472,True,6.818771e-05,0.9999318
0.722351758032472,0.722351758032472,True,0.00012481213,0.9998752
0.722351758032472,0.722351758032472,True,0.0002296567,0.99977034
0.722351758032472,0.722351758032472,True,0.0009099245,0.9990901
-1.3843670883058157,-1.3843670883058157,True,0.9999231,7.690042e-05
0.722351758032472,0.722351758032472,True,5.8412552e-05,0.9999416
-1.3843670883058157,-1.3843670883058157,True,0.99974406,0.00025597127
-1.3843670883058157,-1.3843670883058157,True,0.9999096,9.043022e-05
0.722351758032472,0.722351758032472,True,5.543232e-05,0.99994457
0.722351758032472,0.722351758032472,True,8.440018e-05,0.9999156
-1.3843670883058157,-1.3843670883058157,True,0.9997797,0.00022027867
0.722351758032472,0.722351758032472,True,6.1154366e-05,0.99993885
-1.3843670883058157,-1.3843670883058157,True,0.99943733,0.0005626965
-1.3843670883058157,-1.3843670883058157,True,0.99967086,0.0003291276
0.722351758032472,0.722351758032472,True,0.0033954382,0.99660456
-1.3843670883058157,-1.3843670883058157,True,0.99976045,0.0002395258
-1.3843670883058157,-1.3843670883058157,True,0.9999179,8.2073755e-05
0.722351758032472,0.722351758032472,True,0.00015687943,0.9998431
0.722351758032472,0.722351758032472,True,0.00017118454,0.9998288
-1.3843670883058157,-1.3843670883058157,True,0.9998719,0.00012806752
0.722351758032472,0.722351758032472,True,0.0001039505,0.99989605
0.722351758032472,0.722351758032472,True,8.416176e-05,0.99991584
-1.3843670883058157,-1.3843670883058157,True,0.9995309,0.00046910392
0.722351758032472,0.722351758032472,True,0.00013065338,0.99986935
0.722351758032472,0.722351758032472,True,6.16312e-05,0.99993837
0.722351758032472,0.722351758032472,True,0.00023072958,0.9997693
0.722351758032472,0.722351758032472,True,6.54459e-05,0.99993455
0.722351758032472,0.722351758032472,True,0.00052171946,0.9994783
0.722351758032472,0.722351758032472,True,6.7830086e-05,0.99993217
0.722351758032472,0.722351758032472,True,0.00013387203,0.9998661
0.722351758032472,0.722351758032472,True,0.00010454655,0.99989545
0.722351758032472,0.722351758032472,True,0.00057280064,0.9994272
0.722351758032472,0.722351758032472,True,0.00010454655,0.99989545
-1.3843670883058157,-1.3843670883058157,True,0.99978155,0.00021846962
-1.3843670883058157,-1.3843670883058157,True,0.99989223,0.000107782624
0.722351758032472,0.722351758032472,True,0.00015485287,0.99984515
0.722351758032472,0.722351758032472,True,0.00022357702,0.9997764
0.722351758032472,0.722351758032472,True,7.200241e-05,0.999928
-1.3843670883058157,-1.3843670883058157,True,0.9999117,8.827935e-05
0.722351758032472,0.722351758032472,True,9.012222e-05,0.9999099
0.722351758032472,0.722351758032472,True,0.00010251999,0.9998975
0.722351758032472,0.722351758032472,True,6.222725e-05,0.9999378
0.722351758032472,0.722351758032472,True,6.0081482e-05,0.9999399
0.722351758032472,0.722351758032472,True,0.00014555454,0.99985445
0.722351758032472,0.722351758032472,True,8.678436e-05,0.9999132
0.722351758032472,0.722351758032472,True,8.9645386e-05,0.99991035
-1.3843670883058157,-1.3843670883058157,True,0.9995221,0.00047791738
-1.3843670883058157,-1.3843670883058157,True,0.999912,8.79633e-05
-1.3843670883058157,-1.3843670883058157,True,0.99991083,8.914262e-05
0.722351758032472,0.722351758032472,True,0.00010573864,0.99989426
0.722351758032472,0.722351758032472,True,0.00010919571,0.9998908
0.722351758032472,0.722351758032472,True,0.00036668777,0.9996333
0.722351758032472,0.722351758032472,True,6.67572e-05,0.99993324
0.722351758032472,0.722351758032472,True,5.6028366e-05,0.999944
0.722351758032472,0.722351758032472,True,0.005075574,0.9949244
0.722351758032472,0.722351758032472,True,0.00025302172,0.999747
-1.3843670883058157,-1.3843670883058157,True,0.9996751,0.00032491502
0.722351758032472,0.722351758032472,True,0.00023919344,0.9997608
0.722351758032472,0.722351758032472,True,0.0004953146,0.9995047
0.722351758032472,0.722351758032472,True,7.8082085e-05,0.9999219
0.722351758032472,0.722351758032472,True,0.00021976233,0.99978024
0.722351758032472,0.722351758032472,True,0.00019973516,0.99980026
-1.3843670883058157,-1.3843670883058157,True,0.9999074,9.2625465e-05
-1.3843670883058157,-1.3843670883058157,True,0.9997975,0.00020244787
-1.3843670883058157,-1.3843670883058157,True,0.9999158,8.420142e-05
-1.3843670883058157,-1.3843670883058157,True,0.9998166,0.00018341168
0.722351758032472,0.722351758032472,True,4.9352646e-05,0.99995065
-1.3843670883058157,-1.3843670883058157,True,0.9998917,0.00010831271
-1.3843670883058157,-1.3843670883058157,True,0.9999011,9.888175e-05
0.722351758032472,0.722351758032472,True,5.4597855e-05,0.9999454
0.722351758032472,0.722351758032472,True,0.00028640032,0.9997136
0.722351758032472,0.722351758032472,True,8.404255e-05,0.99991596
0.722351758032472,0.722351758032472,True,6.03199e-05,0.9999397
0.722351758032472,0.722351758032472,True,0.0001360178,0.999864
0.722351758032472,0.722351758032472,True,0.00033581257,0.9996642
-1.3843670883058157,-1.3843670883058157,True,0.9999127,8.730472e-05
-1.3843670883058157,-1.3843670883058157,True,0.9996452,0.00035483684
0.722351758032472,0.722351758032472,True,8.4519386e-05,0.9999155
-1.3843670883058157,-1.3843670883058157,True,0.99963856,0.00036143998
0.722351758032472,0.722351758032472,True,0.00023454428,0.99976546
0.722351758032472,0.722351758032472,True,0.0025045276,0.9974955
-1.3843670883058157,-1.3843670883058157,True,0.9998951,0.00010489027
0.722351758032472,0.722351758032472,True,0.00014138222,0.9998586
0.722351758032472,0.722351758032472,True,6.771088e-05,0.9999323
0.722351758032472,0.722351758032472,True,8.2850456e-05,0.99991715
0.722351758032472,0.722351758032472,True,0.00017935038,0.99982065
0.722351758032472,0.722351758032472,True,7.4625015e-05,0.9999254
0.722351758032472,0.722351758032472,True,5.4955482e-05,0.99994504
-1.3843670883058157,-1.3843670883058157,True,0.9999114,8.855522e-05
-1.3843670883058157,-1.3843670883058157,True,0.99991006,8.9965e-05
-1.3843670883058157,-1.3843670883058157,True,0.99991286,8.713803e-05
0.722351758032472,0.722351758032472,True,0.00045353174,0.99954647
0.722351758032472,0.722351758032472,True,0.00042515993,0.99957484
-1.3843670883058157,-1.3843670883058157,True,0.9999155,8.452088e-05
0.722351758032472,0.722351758032472,True,0.00021642447,0.9997836
0.722351758032472,0.722351758032472,True,7.247925e-05,0.9999275
-1.3843670883058157,-1.3843670883058157,True,0.99978703,0.00021299596
0.722351758032472,0.722351758032472,True,6.9499016e-05,0.9999305
0.722351758032472,0.722351758032472,True,0.00028258562,0.9997174
0.722351758032472,0.722351758032472,True,0.0001540184,0.999846
-1.3843670883058157,-1.3843670883058157,True,0.99990815,9.18589e-05
0.722351758032472,0.722351758032472,True,0.00015711784,0.9998429
0.722351758032472,0.722351758032472,True,9.429455e-05,0.9999057
-1.3843670883058157,-1.3843670883058157,True,0.9998511,0.00014891855
-1.3843670883058157,-1.3843670883058157,True,0.9997908,0.00020918265
-1.3843670883058157,-1.3843670883058157,True,0.99990904,9.096931e-05
0.722351758032472,0.722351758032472,True,5.221367e-05,0.9999478
-1.3843670883058157,-1.3843670883058157,True,0.9999047,9.530507e-05
-1.3843670883058157,-1.3843670883058157,True,0.9996244,0.00037562172
0.722351758032472,0.722351758032472,True,7.104874e-05,0.99992895
0.722351758032472,0.722351758032472,True,0.000179708,0.9998203
0.722351758032472,0.722351758032472,True,7.557869e-05,0.9999244
-1.3843670883058157,-1.3843670883058157,True,0.99964577,0.00035425698
-1.3843670883058157,-1.3843670883058157,True,0.9998832,0.000116829855
0.722351758032472,0.722351758032472,True,9.3102455e-05,0.9999069
-1.3843670883058157,-1.3843670883058157,True,0.9999048,9.520969e-05
-1.3843670883058157,-1.3843670883058157,True,0.999889,0.00011096127
0.722351758032472,0.722351758032472,True,0.00056773424,0.99943227
-1.3843670883058157,-1.3843670883058157,True,0.9998085,0.00019150489
0.722351758032472,0.722351758032472,True,0.00014042854,0.9998596
0.722351758032472,0.722351758032472,True,8.904934e-05,0.99991095
-1.3843670883058157,-1.3843670883058157,True,0.9997652,0.0002348114
-1.3843670883058157,-1.3843670883058157,True,0.99966544,0.00033454702
0.722351758032472,0.722351758032472,True,0.00040644407,0.99959356
0.722351758032472,0.722351758032472,True,0.0015342236,0.9984658
0.722351758032472,0.722351758032472,True,0.00023657084,0.9997634
-1.3843670883058157,-1.3843670883058157,True,0.9998912,0.000108760854
0.722351758032472,0.722351758032472,True,0.00011217594,0.9998878
0.722351758032472,0.722351758032472,True,9.393692e-05,0.99990606
-1.3843670883058157,-1.3843670883058157,True,0.9998334,0.00016659273
-1.3843670883058157,-1.3843670883058157,True,0.999904,9.5995434e-05
0.722351758032472,0.722351758032472,True,9.012222e-05,0.9999099
0.722351758032472,0.722351758032472,True,5.376339e-05,0.99994624
-1.3843670883058157,-1.3843670883058157,True,0.99984676,0.00015326792
0.722351758032472,0.722351758032472,True,0.00025182962,0.9997482
0.722351758032472,0.722351758032472,True,6.866455e-05,0.99993134
0.722351758032472,0.722351758032472,True,0.0005726814,0.9994273
-1.3843670883058157,-1.3843670883058157,True,0.9997606,0.00023937057
0.722351758032472,0.722351758032472,True,0.00011229515,0.9998877
0.722351758032472,0.722351758032472,True,9.5009804e-05,0.999905
0.722351758032472,0.722351758032472,True,0.0070827007,0.9929173
0.722351758032472,0.722351758032472,True,6.9618225e-05,0.9999304
-1.3843670883058157,-1.3843670883058157,True,0.9998339,0.00016611812
0.722351758032472,0.722351758032472,True,6.878376e-05,0.9999312
-1.3843670883058157,-1.3843670883058157,True,0.9998992,0.00010081172
-1.3843670883058157,-1.3843670883058157,True,0.99986273,0.00013725029
-1.3843670883058157,-1.3843670883058157,True,0.9997751,0.00022487924
0.722351758032472,0.722351758032472,True,5.340576e-05,0.9999466
-1.3843670883058157,-1.3843670883058157,True,0.9999074,9.263112e-05
-1.3843670883058157,-1.3843670883058157,True,0.99991417,8.5836626e-05
-1.3843670883058157,-1.3843670883058157,True,0.9997158,0.00028417393
0.722351758032472,0.722351758032472,True,8.606911e-05,0.99991393
-1.3843670883058157,-1.3843670883058157,True,0.99964684,0.00035314812
0.722351758032472,0.722351758032472,True,0.0001540184,0.999846
0.722351758032472,0.722351758032472,True,6.9618225e-05,0.9999304
0.722351758032472,0.722351758032472,True,0.0027600527,0.99723995
-1.3843670883058157,-1.3843670883058157,True,0.99978495,0.00021508207
-1.3843670883058157,-1.3843670883058157,True,0.9997787,0.00022130115
-1.3843670883058157,-1.3843670883058157,True,0.9999119,8.8106266e-05
0.722351758032472,0.722351758032472,True,0.000118374825,0.9998816
-1.3843670883058157,-1.3843670883058157,True,0.9997486,0.00025140936
0.722351758032472,0.722351758032472,True,6.878376e-05,0.9999312
-1.3843670883058157,-1.3843670883058157,True,0.99990857,9.1453694e-05
-1.3843670883058157,-1.3843670883058157,True,0.9999282,7.180539e-05
0.722351758032472,0.722351758032472,True,0.0034044385,0.99659556
0.722351758032472,0.722351758032472,True,6.341934e-05,0.9999366
0.722351758032472,0.722351758032472,True,0.00010693073,0.99989307
0.722351758032472,0.722351758032472,True,0.00036871433,0.9996313
0.722351758032472,0.722351758032472,True,0.000220716,0.9997793
0.722351758032472,0.722351758032472,True,0.00010120869,0.9998988
-1.3843670883058157,-1.3843670883058157,True,0.9998602,0.00013974424
0.722351758032472,0.722351758032472,True,6.842613e-05,0.9999316
0.722351758032472,0.722351758032472,True,5.7578087e-05,0.9999424
-1.3843670883058157,-1.3843670883058157,True,0.9997593,0.00024065915
-1.3843670883058157,-1.3843670883058157,True,0.9998973,0.00010269051
-1.3843670883058157,-1.3843670883058157,True,0.999677,0.0003229823
-1.3843670883058157,-1.3843670883058157,True,0.9995537,0.00044633663
-1.3843670883058157,-1.3843670883058157,True,0.9996857,0.0003143091
-1.3843670883058157,-1.3843670883058157,True,0.9999108,8.9200694e-05
-1.3843670883058157,-1.3843670883058157,True,0.9995426,0.00045742994
0.722351758032472,0.722351758032472,True,0.00017744303,0.99982256
-1.3843670883058157,-1.3843670883058157,True,0.99991596,8.406688e-05
0.722351758032472,0.722351758032472,True,0.00019413233,0.99980587
0.722351758032472,0.722351758032472,True,0.0001667738,0.9998332
0.722351758032472,0.722351758032472,True,0.00024396181,0.99975604
-1.3843670883058157,-1.3843670883058157,True,0.9998978,0.00010223179
-1.3843670883058157,-1.3843670883058157,True,0.99953085,0.0004691196
-1.3843670883058157,-1.3843670883058157,True,0.9998276,0.00017237093
-1.3843670883058157,-1.3843670883058157,True,0.99991226,8.773469e-05
-1.3843670883058157,-1.3843670883058157,True,0.9999149,8.514141e-05
0.722351758032472,0.722351758032472,True,9.906292e-05,0.99990094
0.722351758032472,0.722351758032472,True,8.511543e-05,0.9999149
-1.3843670883058157,-1.3843670883058157,True,0.9999133,8.6700646e-05
0.722351758032472,0.722351758032472,True,5.221367e-05,0.9999478
-1.3843670883058157,-1.3843670883058157,True,0.9998827,0.00011731782
0.722351758032472,0.722351758032472,True,0.0001142025,0.9998858
-1.3843670883058157,-1.3843670883058157,True,0.9999247,7.528058e-05
-1.3843670883058157,-1.3843670883058157,True,0.9999104,8.960215e-05
0.722351758032472,0.722351758032472,True,0.00015544891,0.99984455
0.722351758032472,0.722351758032472,True,6.723404e-05,0.99993277
0.722351758032472,0.722351758032472,True,0.00022059679,0.9997794
0.722351758032472,0.722351758032472,True,5.0783157e-05,0.9999492
0.722351758032472,0.722351758032472,True,0.00050520897,0.9994948
0.722351758032472,0.722351758032472,True,8.928776e-05,0.9999107
-1.3843670883058157,-1.3843670883058157,True,0.9998896,0.000110398636
0.722351758032472,0.722351758032472,True,9.548664e-05,0.9999045
0.722351758032472,0.722351758032472,True,7.212162e-05,0.9999279
0.722351758032472,0.722351758032472,True,0.00016736984,0.99983263
0.722351758032472,0.722351758032472,True,0.0007779598,0.99922204
0.722351758032472,0.722351758032472,True,6.6280365e-05,0.9999337
0.722351758032472,0.722351758032472,True,0.00015091896,0.9998491
0.722351758032472,0.722351758032472,True,0.0004146695,0.99958533
0.722351758032472,0.722351758032472,True,7.1406364e-05,0.9999286
-1.3843670883058157,-1.3843670883058157,True,0.9999083,9.1642614e-05
0.722351758032472,0.722351758032472,True,6.258488e-05,0.9999374
0.722351758032472,0.722351758032472,True,6.4492226e-05,0.9999355
0.722351758032472,0.722351758032472,True,0.00020200014,0.999798
0.722351758032472,0.722351758032472,True,8.273125e-05,0.99991727
0.722351758032472,0.722351758032472,True,0.00027948618,0.9997205
0.722351758032472,0.722351758032472,True,8.022785e-05,0.9999198
0.722351758032472,0.722351758032472,True,9.6321106e-05,0.9999037
0.722351758032472,0.722351758032472,True,0.1750226,0.8249774
0.722351758032472,0.722351758032472,True,0.00018197298,0.999818
0.722351758032472,0.722351758032472,True,0.00023072958,0.9997693
0.722351758032472,0.722351758032472,True,0.00013959408,0.9998604
0.722351758032472,0.722351758032472,True,0.00013363361,0.99986637
0.722351758032472,0.722351758032472,True,8.738041e-05,0.9999126
0.722351758032472,0.722351758032472,True,7.4744225e-05,0.99992526
-1.3843670883058157,-1.3843670883058157,True,0.9998238,0.00017618635
0.722351758032472,0.722351758032472,True,0.0002657771,0.9997342
0.722351758032472,0.722351758032472,True,0.000151515,0.9998485
-1.3843670883058157,-1.3843670883058157,True,0.99945694,0.00054305256
0.722351758032472,0.722351758032472,True,5.8174133e-05,0.9999418
-1.3843670883058157,-1.3843670883058157,True,0.9995852,0.00041479804
0.722351758032472,0.722351758032472,True,0.00032567978,0.9996743
-1.3843670883058157,-1.3843670883058157,True,0.9999114,8.8573885e-05
0.722351758032472,0.722351758032472,True,9.1671944e-05,0.9999083
0.722351758032472,0.722351758032472,True,0.0001462698,0.99985373
0.722351758032472,0.722351758032472,True,0.00039607286,0.9996039
0.722351758032472,0.722351758032472,True,9.047985e-05,0.9999095
-1.3843670883058157,-1.3843670883058157,True,0.9996232,0.0003767932
0.722351758032472,0.722351758032472,True,9.453297e-05,0.99990547
-1.3843670883058157,-1.3843670883058157,True,0.9999049,9.511459e-05
0.722351758032472,0.722351758032472,True,0.00013554096,0.99986446
0.722351758032472,0.722351758032472,True,8.535385e-05,0.99991465
0.722351758032472,0.722351758032472,True,5.9604645e-05,0.9999404
0.722351758032472,0.722351758032472,True,0.00015866756,0.99984133
0.722351758032472,0.722351758032472,True,0.00012671947,0.9998733
0.722351758032472,0.722351758032472,True,0.00023645163,0.99976355
0.722351758032472,0.722351758032472,True,0.005248964,0.99475104
0.722351758032472,0.722351758032472,True,4.7802925e-05,0.9999522
0.722351758032472,0.722351758032472,True,8.893013e-05,0.99991107
0.722351758032472,0.722351758032472,True,0.00025385618,0.99974614
0.722351758032472,0.722351758032472,True,4.7683716e-05,0.9999523
-1.3843670883058157,-1.3843670883058157,True,0.99991375,8.624514e-05
0.722351758032472,0.722351758032472,True,0.00020307302,0.9997969
0.722351758032472,0.722351758032472,True,9.4652176e-05,0.99990535
0.722351758032472,0.722351758032472,True,0.0008228421,0.99917716
-1.3843670883058157,-1.3843670883058157,True,0.99984455,0.00015543895
0.722351758032472,0.722351758032472,True,0.0004144311,0.99958557
-1.3843670883058157,-1.3843670883058157,True,0.99991083,8.914262e-05
0.722351758032472,0.722351758032472,True,0.0007187724,0.9992812
0.722351758032472,0.722351758032472,True,8.2969666e-05,0.99991703
0.722351758032472,0.722351758032472,True,7.224083e-05,0.99992776
0.722351758032472,0.722351758032472,True,6.425381e-05,0.99993575
0.722351758032472,0.722351758032472,True,0.00013899803,0.999861
0.722351758032472,0.722351758032472,True,8.8095665e-05,0.9999119
-1.3843670883058157,-1.3843670883058157,True,0.9998279,0.00017208747
0.722351758032472,0.722351758032472,True,7.247925e-05,0.9999275
-1.3843670883058157,-1.3843670883058157,True,0.9999135,8.651309e-05
0.722351758032472,0.722351758032472,True,0.00013446808,0.99986553
-1.3843670883058157,-1.3843670883058157,True,0.99986285,0.00013717872
0.722351758032472,0.722351758032472,True,0.0001386404,0.99986136
0.722351758032472,0.722351758032472,True,0.0003196001,0.9996804
0.722351758032472,0.722351758032472,True,0.00036132336,0.9996387
0.722351758032472,0.722351758032472,True,7.3194504e-05,0.9999268
0.722351758032472,0.722351758032472,True,0.00019556284,0.99980444
-1.3843670883058157,-1.3843670883058157,True,0.9999022,9.780844e-05
0.722351758032472,0.722351758032472,True,0.00017696619,0.99982303
0.722351758032472,0.722351758032472,True,0.00015425682,0.99984574
0.722351758032472,0.722351758032472,True,0.00014734268,0.99985266
-1.3843670883058157,-1.3843670883058157,True,0.9998443,0.0001556871
0.722351758032472,0.722351758032472,True,9.6678734e-05,0.9999033
0.722351758032472,0.722351758032472,True,8.893013e-05,0.99991107
-1.3843670883058157,-1.3843670883058157,True,0.9998906,0.000109392626
0.722351758032472,0.722351758032472,True,6.830692e-05,0.9999317
0.722351758032472,0.722351758032472,True,6.330013e-05,0.9999367
0.722351758032472,0.722351758032472,True,0.000100016594,0.9999
-1.3843670883058157,-1.3843670883058157,True,0.99961305,0.00038693962
0.722351758032472,0.722351758032472,True,7.271767e-05,0.9999273
0.722351758032472,0.722351758032472,True,5.531311e-05,0.9999447
0.722351758032472,0.722351758032472,True,9.119511e-05,0.9999088
-1.3843670883058157,-1.3843670883058157,True,0.9998823,0.0001176907
0.722351758032472,0.722351758032472,True,6.0915947e-05,0.9999391
0.722351758032472,0.722351758032472,True,0.000195086,0.9998049
0.722351758032472,0.722351758032472,True,0.00014030933,0.9998597
0.722351758032472,0.722351758032472,True,0.00081783533,0.99918216
0.722351758032472,0.722351758032472,True,0.00030088425,0.9996991
0.722351758032472,0.722351758032472,True,5.6266785e-05,0.99994373
-1.3843670883058157,-1.3843670883058157,True,0.9997569,0.00024314776
-1.3843670883058157,-1.3843670883058157,True,0.9995737,0.0004262853
-1.3843670883058157,-1.3843670883058157,True,0.9999074,9.261213e-05
0.722351758032472,0.722351758032472,True,0.000101685524,0.9998983
0.722351758032472,0.722351758032472,True,0.0001333952,0.9998666
0.722351758032472,0.722351758032472,True,0.0002965331,0.99970347
0.722351758032472,0.722351758032472,True,0.00018841028,0.9998116
0.722351758032472,0.722351758032472,True,7.05719e-05,0.9999294
0.722351758032472,0.722351758032472,True,0.00025361776,0.9997464
0.722351758032472,0.722351758032472,True,0.00020939112,0.9997906
0.722351758032472,0.722351758032472,True,9.274483e-05,0.99990726
0.722351758032472,0.722351758032472,True,0.00023013353,0.99976987
0.722351758032472,0.722351758032472,True,0.00010871887,0.9998913
0.722351758032472,0.722351758032472,True,6.735325e-05,0.99993265
0.722351758032472,0.722351758032472,True,0.0001886487,0.99981135
0.722351758032472,0.722351758032472,True,0.000103116035,0.9998969
-1.3843670883058157,-1.3843670883058157,True,0.9998964,0.00010357254
0.722351758032472,0.722351758032472,True,0.00025588274,0.9997441
-1.3843670883058157,-1.3843670883058157,True,0.9999219,7.8055935e-05
0.722351758032472,0.722351758032472,True,0.000104665756,0.99989533
0.722351758032472,0.722351758032472,True,0.0001283884,0.9998716
0.722351758032472,0.722351758032472,True,6.592274e-05,0.9999341
0.722351758032472,0.722351758032472,True,8.022785e-05,0.9999198
-1.3843670883058157,-1.3843670883058157,True,0.99991417,8.582582e-05
0.722351758032472,0.722351758032472,True,0.00015592575,0.9998441
-1.3843670883058157,-1.3843670883058157,True,0.9994547,0.00054534315
0.722351758032472,0.722351758032472,True,0.00023537874,0.9997646
0.722351758032472,0.722351758032472,True,7.4625015e-05,0.9999254
0.722351758032472,0.722351758032472,True,0.00027781725,0.9997222
-1.3843670883058157,-1.3843670883058157,True,0.9999135,8.645677e-05
-1.3843670883058157,-1.3843670883058157,True,0.999672,0.00032800398
0.722351758032472,0.722351758032472,True,0.00020676851,0.99979323
-1.3843670883058157,-1.3843670883058157,True,0.9997931,0.00020688964
0.722351758032472,0.722351758032472,True,0.0004876852,0.9995123
-1.3843670883058157,-1.3843670883058157,True,0.9999053,9.469531e-05
0.722351758032472,0.722351758032472,True,0.007715225,0.9922848
-1.3843670883058157,-1.3843670883058157,True,0.99977505,0.0002249676
0.722351758032472,0.722351758032472,True,6.818771e-05,0.9999318
0.722351758032472,0.722351758032472,True,9.4890594e-05,0.9999051
0.722351758032472,0.722351758032472,True,0.00021463633,0.99978536
0.722351758032472,0.722351758032472,True,5.6147575e-05,0.99994385
-1.3843670883058157,-1.3843670883058157,True,0.9998943,0.0001056686
0.722351758032472,0.722351758032472,True,0.00016438961,0.9998356
-1.3843670883058157,-1.3843670883058157,True,0.99980944,0.00019056862
0.722351758032472,0.722351758032472,True,7.915497e-05,0.99992085
-1.3843670883058157,-1.3843670883058157,True,0.9999025,9.753062e-05
-1.3843670883058157,-1.3843670883058157,True,0.99991333,8.66785e-05
0.722351758032472,0.722351758032472,True,0.00018054247,0.99981946
0.722351758032472,0.722351758032472,True,0.0012593865,0.9987406
0.722351758032472,0.722351758032472,True,0.00016713142,0.99983287
0.722351758032472,0.722351758032472,True,0.0017399192,0.9982601
-1.3843670883058157,-1.3843670883058157,True,0.9998657,0.000134301
0.722351758032472,0.722351758032472,True,5.1617622e-05,0.9999484
0.722351758032472,0.722351758032472,True,0.00048172474,0.9995183
0.722351758032472,0.722351758032472,True,0.00017237663,0.9998276
0.722351758032472,0.722351758032472,True,6.1154366e-05,0.99993885
0.722351758032472,0.722351758032472,True,9.739399e-05,0.9999026
0.722351758032472,0.722351758032472,True,6.258488e-05,0.9999374
-1.3843670883058157,-1.3843670883058157,True,0.9999006,9.940693e-05
0.722351758032472,0.722351758032472,True,0.00013709068,0.9998629
0.722351758032472,0.722351758032472,True,5.877018e-05,0.99994123
-1.3843670883058157,-1.3843670883058157,True,0.999905,9.4997384e-05
-1.3843670883058157,-1.3843670883058157,True,0.99971825,0.0002817594
0.722351758032472,0.722351758032472,True,0.00059199333,0.999408
0.722351758032472,0.722351758032472,True,0.00011897087,0.999881
-1.3843670883058157,-1.3843670883058157,True,0.9999092,9.0755304e-05
-1.3843670883058157,-1.3843670883058157,True,0.99991167,8.833433e-05
-1.3843670883058157,0.722351758032472,False,0.027764976,0.972235
0.722351758032472,0.722351758032472,True,7.18832e-05,0.9999281
0.722351758032472,0.722351758032472,True,0.00017482042,0.9998252
0.722351758032472,0.722351758032472,True,9.453297e-05,0.99990547
-1.3843670883058157,-1.3843670883058157,True,0.9999142,8.57832e-05
-1.3843670883058157,-1.3843670883058157,True,0.99958104,0.00041895
-1.3843670883058157,-1.3843670883058157,True,0.99955785,0.0004421289
0.722351758032472,0.722351758032472,True,0.00014603138,0.99985397
0.722351758032472,0.722351758032472,True,0.0005785227,0.9994215
0.722351758032472,0.722351758032472,True,6.651878e-05,0.9999335
-1.3843670883058157,-1.3843670883058157,True,0.99990225,9.7766206e-05
-1.3843670883058157,-1.3843670883058157,True,0.999914,8.600705e-05
-1.3843670883058157,-1.3843670883058157,True,0.9997441,0.00025586563
0.722351758032472,0.722351758032472,True,8.046627e-05,0.99991953
-1.3843670883058157,-1.3843670883058157,True,0.99990964,9.038177e-05
0.722351758032472,0.722351758032472,True,9.763241e-05,0.99990237
0.722351758032472,0.722351758032472,True,0.00012624264,0.99987376
0.722351758032472,0.722351758032472,True,0.0035591722,0.9964408
-1.3843670883058157,-1.3843670883058157,True,0.999409,0.00059097057
0.722351758032472,0.722351758032472,True,0.0002079606,0.99979204
-1.3843670883058157,-1.3843670883058157,True,0.999541,0.0004589993
-1.3843670883058157,-1.3843670883058157,True,0.99981815,0.00018186026
-1.3843670883058157,-1.3843670883058157,True,0.99956715,0.00043287216
0.722351758032472,0.722351758032472,True,6.318092e-05,0.9999368
0.722351758032472,0.722351758032472,True,0.0007480979,0.9992519
0.722351758032472,0.722351758032472,True,8.201599e-05,0.999918
0.722351758032472,0.722351758032472,True,7.379055e-05,0.9999262
0.722351758032472,0.722351758032472,True,0.00015735626,0.99984264
-1.3843670883058157,-1.3843670883058157,True,0.9999121,8.7910725e-05
0.722351758032472,0.722351758032472,True,0.00011384487,0.99988616
0.722351758032472,0.722351758032472,True,9.7990036e-05,0.999902
0.722351758032472,0.722351758032472,True,0.003170073,0.9968299
-1.3843670883058157,-1.3843670883058157,True,0.9999145,8.544528e-05
-1.3843670883058157,-1.3843670883058157,True,0.99991214,8.786237e-05
0.722351758032472,0.722351758032472,True,5.0663948e-05,0.99994934
-1.3843670883058157,-1.3843670883058157,True,0.9999019,9.810951e-05
0.722351758032472,0.722351758032472,True,0.00038701296,0.999613
0.722351758032472,0.722351758032472,True,0.0001001358,0.99989986
-1.3843670883058157,-1.3843670883058157,True,0.9993775,0.0006224814
-1.3843670883058157,-1.3843670883058157,True,0.99982786,0.00017216528
0.722351758032472,0.722351758032472,True,7.4863434e-05,0.99992514
-1.3843670883058157,-1.3843670883058157,True,0.99992543,7.4582895e-05
0.722351758032472,0.722351758032472,True,0.00016236305,0.99983764
-1.3843670883058157,-1.3843670883058157,True,0.99989843,0.0001015444
-1.3843670883058157,-1.3843670883058157,True,0.9998078,0.00019221687
-1.3843670883058157,-1.3843670883058157,True,0.99992114,7.8841185e-05
0.722351758032472,0.722351758032472,True,0.00016999245,0.99983
0.722351758032472,0.722351758032472,True,0.00044173002,0.99955827
-1.3843670883058157,-1.3843670883058157,True,0.9996302,0.000369772
0.722351758032472,0.722351758032472,True,0.0003248453,0.99967515
0.722351758032472,0.722351758032472,True,0.0006707907,0.9993292
0.722351758032472,0.722351758032472,True,0.0003091097,0.9996909
-1.3843670883058157,-1.3843670883058157,True,0.99991304,8.69458e-05
-1.3843670883058157,-1.3843670883058157,True,0.9997834,0.0002166126
0.722351758032472,0.722351758032472,True,0.00023847818,0.9997615
-1.3843670883058157,-1.3843670883058157,True,0.99989945,0.00010052939
0.722351758032472,0.722351758032472,True,0.00027400255,0.999726
0.722351758032472,0.722351758032472,True,0.0031923056,0.9968077
-1.3843670883058157,-1.3843670883058157,True,0.9999086,9.136575e-05
-1.3843670883058157,-1.3843670883058157,True,0.9998252,0.00017481398
-1.3843670883058157,-1.3843670883058157,True,0.9999053,9.468511e-05
0.722351758032472,0.722351758032472,True,6.759167e-05,0.9999324
-1.3843670883058157,-1.3843670883058157,True,0.9999113,8.8718014e-05
-1.3843670883058157,-1.3843670883058157,True,0.999835,0.00016499007
0.722351758032472,0.722351758032472,True,6.735325e-05,0.99993265
0.722351758032472,0.722351758032472,True,0.08664554,0.91335446
0.722351758032472,0.722351758032472,True,5.9843063e-05,0.99994016
0.722351758032472,0.722351758032472,True,5.7935715e-05,0.99994206
0.722351758032472,0.722351758032472,True,0.00016844273,0.99983156
-1.3843670883058157,-1.3843670883058157,True,0.9997812,0.00021879
0.722351758032472,0.722351758032472,True,0.00014388561,0.9998561
0.722351758032472,0.722351758032472,True,0.00017386675,0.99982613
-1.3843670883058157,-1.3843670883058157,True,0.9999116,8.8391884e-05
-1.3843670883058157,-1.3843670883058157,True,0.99981976,0.00018022241
0.722351758032472,0.722351758032472,True,0.00020641088,0.9997936
0.722351758032472,0.722351758032472,True,0.00017398596,0.999826
-1.3843670883058157,-1.3843670883058157,True,0.9999145,8.5447966e-05
0.722351758032472,0.722351758032472,True,5.018711e-05,0.9999498
0.722351758032472,0.722351758032472,True,0.022768855,0.97723114
0.722351758032472,0.722351758032472,True,0.00017023087,0.99982977
0.722351758032472,0.722351758032472,True,0.00022393465,0.99977607
0.722351758032472,0.722351758032472,True,8.261204e-05,0.9999174
0.722351758032472,0.722351758032472,True,6.496906e-05,0.99993503
0.722351758032472,0.722351758032472,True,0.00011229515,0.9998877
0.722351758032472,0.722351758032472,True,8.523464e-05,0.99991477
0.722351758032472,0.722351758032472,True,6.7830086e-05,0.99993217
0.722351758032472,0.722351758032472,True,0.00021857023,0.9997814
-1.3843670883058157,-1.3843670883058157,True,0.9998987,0.00010134609
0.722351758032472,0.722351758032472,True,0.0005400777,0.9994599
0.722351758032472,0.722351758032472,True,6.67572e-05,0.99993324
0.722351758032472,0.722351758032472,True,0.00010967255,0.9998903
0.722351758032472,0.722351758032472,True,0.00039333105,0.99960667
0.722351758032472,0.722351758032472,True,0.055075288,0.9449247
0.722351758032472,0.722351758032472,True,0.0001142025,0.9998858
0.722351758032472,0.722351758032472,True,0.0001898408,0.99981016
0.722351758032472,0.722351758032472,True,0.00048959255,0.9995104
-1.3843670883058157,-1.3843670883058157,True,0.99982536,0.00017464638
0.722351758032472,0.722351758032472,True,0.0001758933,0.9998241
0.722351758032472,0.722351758032472,True,7.18832e-05,0.9999281
-1.3843670883058157,-1.3843670883058157,True,0.9996412,0.00035883032
-1.3843670883058157,-1.3843670883058157,True,0.9998933,0.000106702624
-1.3843670883058157,-1.3843670883058157,True,0.99980986,0.00019012704
-1.3843670883058157,-1.3843670883058157,True,0.9999076,9.2369584e-05
0.722351758032472,0.722351758032472,True,0.0001142025,0.9998858
0.722351758032472,0.722351758032472,True,0.0001977086,0.9998023
0.722351758032472,0.722351758032472,True,0.00014567375,0.9998543
0.722351758032472,0.722351758032472,True,0.00016355515,0.99983644
0.722351758032472,0.722351758032472,True,0.049375057,0.95062494
0.722351758032472,0.722351758032472,True,0.0014131069,0.9985869
-1.3843670883058157,-1.3843670883058157,True,0.999714,0.00028601135
0.722351758032472,0.722351758032472,True,7.522106e-05,0.9999248
0.722351758032472,0.722351758032472,True,6.41346e-05,0.99993587
-1.3843670883058157,-1.3843670883058157,True,0.99990505,9.494812e-05
0.722351758032472,0.722351758032472,True,5.7578087e-05,0.9999424
0.722351758032472,0.722351758032472,True,0.001413703,0.9985863
-1.3843670883058157,-1.3843670883058157,True,0.9997953,0.00020467253
0.722351758032472,0.722351758032472,True,0.00058436394,0.99941564
-1.3843670883058157,-1.3843670883058157,True,0.99950457,0.0004954084
0.722351758032472,0.722351758032472,True,0.00030052662,0.9996995
0.722351758032472,0.722351758032472,True,0.00012111664,0.9998789
0.722351758032472,0.722351758032472,True,0.00018292665,0.9998171
-1.3843670883058157,-1.3843670883058157,True,0.9998099,0.00019008426
0.722351758032472,0.722351758032472,True,6.7830086e-05,0.99993217
0.722351758032472,0.722351758032472,True,0.00035309792,0.9996469
-1.3843670883058157,-1.3843670883058157,True,0.99959826,0.0004017251
0.722351758032472,0.722351758032472,True,5.4359436e-05,0.99994564
0.722351758032472,0.722351758032472,True,6.2942505e-05,0.99993706
0.722351758032472,0.722351758032472,True,6.043911e-05,0.99993956
0.722351758032472,0.722351758032472,True,5.507469e-05,0.9999449
0.722351758032472,0.722351758032472,True,0.00014555454,0.99985445
-1.3843670883058157,-1.3843670883058157,True,0.9999102,8.983803e-05
-1.3843670883058157,-1.3843670883058157,True,0.9999108,8.9200694e-05
0.722351758032472,0.722351758032472,True,0.00014483929,0.99985516
-1.3843670883058157,-1.3843670883058157,True,0.9998554,0.00014459755
-1.3843670883058157,-1.3843670883058157,True,0.9999159,8.4118925e-05
-1.3843670883058157,-1.3843670883058157,True,0.9999044,9.562459e-05
0.722351758032472,0.722351758032472,True,0.00011956692,0.99988043
-1.3843670883058157,-1.3843670883058157,True,0.9998969,0.00010313703
-1.3843670883058157,-1.3843670883058157,True,0.99989986,0.000100137404
0.722351758032472,0.722351758032472,True,0.00019401312,0.999806
0.722351758032472,0.722351758032472,True,0.00015580654,0.9998442
0.722351758032472,0.722351758032472,True,0.00014734268,0.99985266
0.722351758032472,0.722351758032472,True,0.00045847893,0.9995415
0.722351758032472,0.722351758032472,True,0.00018328428,0.9998167
0.722351758032472,0.722351758032472,True,0.00013697147,0.999863
0.722351758032472,0.722351758032472,True,0.0001860261,0.999814
0.722351758032472,0.722351758032472,True,0.00012254715,0.99987745
0.722351758032472,0.722351758032472,True,8.881092e-05,0.9999112
0.722351758032472,0.722351758032472,True,8.3208084e-05,0.9999168
0.722351758032472,0.722351758032472,True,0.00015091896,0.9998491
-1.3843670883058157,-1.3843670883058157,True,0.9997611,0.00023887285
0.722351758032472,0.722351758032472,True,0.0002529025,0.9997471
0.722351758032472,0.722351758032472,True,0.00010967255,0.9998903
0.722351758032472,0.722351758032472,True,0.0014917254,0.9985083
0.722351758032472,0.722351758032472,True,0.00022000074,0.99978
0.722351758032472,0.722351758032472,True,5.9247017e-05,0.99994075
0.722351758032472,0.722351758032472,True,0.0004133582,0.99958664
-1.3843670883058157,-1.3843670883058157,True,0.9999151,8.4901025e-05
-1.3843670883058157,-1.3843670883058157,True,0.9998402,0.00015978084
0.722351758032472,0.722351758032472,True,0.00021201372,0.999788
0.722351758032472,0.722351758032472,True,6.4373016e-05,0.9999356
0.722351758032472,0.722351758032472,True,7.331371e-05,0.9999267
0.722351758032472,0.722351758032472,True,0.0003298521,0.99967015
-1.3843670883058157,-1.3843670883058157,True,0.9995802,0.00041978012
-1.3843670883058157,-1.3843670883058157,True,0.99969625,0.00030373083
-1.3843670883058157,-1.3843670883058157,True,0.99991554,8.446197e-05
0.722351758032472,0.722351758032472,True,0.00021535158,0.99978465
0.722351758032472,0.722351758032472,True,0.00014472008,0.9998553
0.722351758032472,0.722351758032472,True,0.000121593475,0.9998784
0.722351758032472,0.722351758032472,True,0.00038170815,0.9996183
-1.3843670883058157,-1.3843670883058157,True,0.9999027,9.726193e-05
0.722351758032472,0.722351758032472,True,8.9764595e-05,0.99991024
0.722351758032472,0.722351758032472,True,9.1314316e-05,0.9999087
0.722351758032472,0.722351758032472,True,0.0017132163,0.9982868
0.722351758032472,0.722351758032472,True,7.867813e-05,0.9999213
0.722351758032472,0.722351758032472,True,6.020069e-05,0.9999398
-1.3843670883058157,-1.3843670883058157,True,0.9999036,9.640319e-05
0.722351758032472,0.722351758032472,True,0.0001348257,0.9998652
0.722351758032472,0.722351758032472,True,0.00016057491,0.9998394
0.722351758032472,0.722351758032472,True,0.00014913082,0.99985087
-1.3843670883058157,-1.3843670883058157,True,0.99991596,8.406688e-05
0.722351758032472,0.722351758032472,True,0.00013315678,0.99986684
0.722351758032472,0.722351758032472,True,7.069111e-05,0.9999293
-1.3843670883058157,-1.3843670883058157,True,0.99977666,0.00022335586
0.722351758032472,0.722351758032472,True,0.0001629591,0.99983704
0.722351758032472,0.722351758032472,True,6.568432e-05,0.9999343
0.722351758032472,0.722351758032472,True,0.00016117096,0.9998388
-1.3843670883058157,-1.3843670883058157,True,0.999916,8.401214e-05
0.722351758032472,0.722351758032472,True,0.00024598837,0.999754
0.722351758032472,0.722351758032472,True,0.00013113022,0.99986887
0.722351758032472,0.722351758032472,True,0.00018531084,0.9998147
-1.3843670883058157,-1.3843670883058157,True,0.9998206,0.00017939141
0.722351758032472,0.722351758032472,True,0.00020748377,0.9997925
0.722351758032472,0.722351758032472,True,0.00014162064,0.9998584
0.722351758032472,0.722351758032472,True,0.00010883808,0.99989116
-1.3843670883058157,-1.3843670883058157,True,0.9997775,0.00022249884
0.722351758032472,0.722351758032472,True,0.00023692846,0.9997631
-1.3843670883058157,-1.3843670883058157,True,0.9997851,0.00021490433
0.722351758032472,0.722351758032472,True,7.8082085e-05,0.9999219
-1.3843670883058157,-1.3843670883058157,True,0.9996803,0.0003197198
0.722351758032472,0.722351758032472,True,0.0027544498,0.99724555
-1.3843670883058157,-1.3843670883058157,True,0.99990445,9.556589e-05
0.722351758032472,0.722351758032472,True,0.00023454428,0.99976546
0.722351758032472,0.722351758032472,True,9.119511e-05,0.9999088
0.722351758032472,0.722351758032472,True,0.00046861172,0.9995314
0.722351758032472,0.722351758032472,True,0.0009138584,0.99908614
0.722351758032472,0.722351758032472,True,0.00012421608,0.9998758
0.722351758032472,0.722351758032472,True,0.00029867887,0.9997013
0.722351758032472,0.722351758032472,True,0.00016355515,0.99983644
0.722351758032472,0.722351758032472,True,0.00010228157,0.9998977
-1.3843670883058157,-1.3843670883058157,True,0.9998228,0.00017719973
0.722351758032472,0.722351758032472,True,0.0006684065,0.9993316
-1.3843670883058157,-1.3843670883058157,True,0.99991554,8.446584e-05
0.722351758032472,0.722351758032472,True,0.000101566315,0.99989843
0.722351758032472,0.722351758032472,True,0.00027388334,0.9997261
-1.3843670883058157,-1.3843670883058157,True,0.99966043,0.0003395686
0.722351758032472,0.722351758032472,True,8.881092e-05,0.9999112
0.722351758032472,0.722351758032472,True,0.00012564659,0.99987435
0.722351758032472,0.722351758032472,True,9.88245e-05,0.9999012
0.722351758032472,0.722351758032472,True,0.00015163422,0.99984837
0.722351758032472,0.722351758032472,True,0.00012528896,0.9998747
-1.3843670883058157,-1.3843670883058157,True,0.9999147,8.532152e-05
0.722351758032472,0.722351758032472,True,5.9366226e-05,0.99994063
0.722351758032472,0.722351758032472,True,0.00010848045,0.9998915
0.722351758032472,0.722351758032472,True,0.00029164553,0.99970835
0.722351758032472,0.722351758032472,True,0.00011205673,0.99988794
0.722351758032472,0.722351758032472,True,6.604195e-05,0.99993396
-1.3843670883058157,-1.3843670883058157,True,0.99990493,9.50834e-05
0.722351758032472,0.722351758032472,True,5.185604e-05,0.99994814
0.722351758032472,0.722351758032472,True,5.4717064e-05,0.9999453
-1.3843670883058157,-1.3843670883058157,True,0.9999172,8.279854e-05
0.722351758032472,0.722351758032472,True,0.00013935566,0.99986064
0.722351758032472,0.722351758032472,True,0.00011384487,0.99988616
0.722351758032472,0.722351758032472,True,0.00019532442,0.9998047
0.722351758032472,0.722351758032472,True,8.511543e-05,0.9999149
-1.3843670883058157,-1.3843670883058157,True,0.9999019,9.8116994e-05
0.722351758032472,0.722351758032472,True,0.00010228157,0.9998977
0.722351758032472,0.722351758032472,True,0.00018137693,0.9998186
-1.3843670883058157,-1.3843670883058157,True,0.99963063,0.00036939958
0.722351758032472,0.722351758032472,True,0.000338912,0.9996611
-1.3843670883058157,-1.3843670883058157,True,0.99985594,0.00014406604
0.722351758032472,0.722351758032472,True,9.4771385e-05,0.9999052
-1.3843670883058157,-1.3843670883058157,True,0.9999004,9.960543e-05
-1.3843670883058157,-1.3843670883058157,True,0.9999191,8.0875274e-05
0.722351758032472,0.722351758032472,True,9.226799e-05,0.99990773
-1.3843670883058157,-1.3843670883058157,True,0.99971956,0.00028044777
-1.3843670883058157,-1.3843670883058157,True,0.9999092,9.0803085e-05
0.722351758032472,0.722351758032472,True,0.0006104708,0.9993895
0.722351758032472,0.722351758032472,True,0.00016582012,0.9998342
-1.3843670883058157,-1.3843670883058157,True,0.9998975,0.00010254657
0.722351758032472,0.722351758032472,True,6.222725e-05,0.9999378
0.722351758032472,0.722351758032472,True,5.9247017e-05,0.99994075
-1.3843670883058157,-1.3843670883058157,True,0.99980736,0.0001926376
-1.3843670883058157,-1.3843670883058157,True,0.9997167,0.00028332448
-1.3843670883058157,-1.3843670883058157,True,0.99990803,9.198336e-05
0.722351758032472,0.722351758032472,True,0.024627745,0.97537225
-1.3843670883058157,-1.3843670883058157,True,0.999715,0.00028504903
0.722351758032472,0.722351758032472,True,0.0005142689,0.99948573
-1.3843670883058157,-1.3843670883058157,True,0.9999152,8.4836116e-05
-1.3843670883058157,-1.3843670883058157,True,0.9997203,0.00027974517
-1.3843670883058157,-1.3843670883058157,True,0.99925905,0.0007409475
0.722351758032472,0.722351758032472,True,0.00012481213,0.9998752
-1.3843670883058157,-1.3843670883058157,True,0.9997184,0.0002815749
0.722351758032472,0.722351758032472,True,0.0030933022,0.9969067
-1.3843670883058157,-1.3843670883058157,True,0.9998156,0.00018443217
0.722351758032472,0.722351758032472,True,7.18832e-05,0.9999281
-1.3843670883058157,-1.3843670883058157,True,0.9999107,8.9261535e-05
0.722351758032472,0.722351758032472,True,0.00012338161,0.9998766
0.722351758032472,0.722351758032472,True,0.00013065338,0.99986935
0.722351758032472,0.722351758032472,True,0.00036001205,0.99964
0.722351758032472,0.722351758032472,True,5.888939e-05,0.9999411
0.722351758032472,0.722351758032472,True,0.00015258789,0.9998474
0.722351758032472,0.722351758032472,True,0.0008042455,0.99919575
0.722351758032472,0.722351758032472,True,0.00026625395,0.99973375
0.722351758032472,0.722351758032472,True,0.0001385212,0.9998615
0.722351758032472,0.722351758032472,True,0.00019842386,0.9998016
-1.3843670883058157,-1.3843670883058157,True,0.9996705,0.0003294723
-1.3843670883058157,-1.3843670883058157,True,0.9998133,0.00018666325
0.722351758032472,0.722351758032472,True,5.221367e-05,0.9999478
-1.3843670883058157,-1.3843670883058157,True,0.99987686,0.00012311814
0.722351758032472,0.722351758032472,True,0.00013124943,0.99986875
0.722351758032472,0.722351758032472,True,9.6678734e-05,0.9999033
0.722351758032472,0.722351758032472,True,0.00016415119,0.99983585
-1.3843670883058157,-1.3843670883058157,True,0.99966264,0.00033738484
0.722351758032472,0.722351758032472,True,6.9499016e-05,0.9999305
0.722351758032472,0.722351758032472,True,0.00011730194,0.9998827
0.722351758032472,0.722351758032472,True,0.0001386404,0.99986136
0.722351758032472,0.722351758032472,True,0.000111579895,0.9998884
-1.3843670883058157,-1.3843670883058157,True,0.99988025,0.00011975082
-1.3843670883058157,-1.3843670883058157,True,0.99965346,0.0003465566
-1.3843670883058157,-1.3843670883058157,True,0.9998647,0.00013533185
0.722351758032472,0.722351758032472,True,0.00040322542,0.9995968
0.722351758032472,0.722351758032472,True,0.00016319752,0.9998368
0.722351758032472,0.722351758032472,True,0.00011372566,0.9998863
0.722351758032472,0.722351758032472,True,0.00078105927,0.99921894
-1.3843670883058157,-1.3843670883058157,True,0.99991167,8.8346125e-05
0.722351758032472,0.722351758032472,True,8.523464e-05,0.99991477
-1.3843670883058157,-1.3843670883058157,True,0.99950343,0.00049657054
0.722351758032472,0.722351758032472,True,0.0003515482,0.99964845
-1.3843670883058157,-1.3843670883058157,True,0.9999228,7.719416e-05
0.722351758032472,0.722351758032472,True,9.846687e-05,0.99990153
0.722351758032472,0.722351758032472,True,0.00014305115,0.99985695
-1.3843670883058157,-1.3843670883058157,True,0.9998295,0.0001705352
0.722351758032472,0.722351758032472,True,6.818771e-05,0.9999318
0.722351758032472,0.722351758032472,True,0.00044125319,0.99955875
-1.3843670883058157,-1.3843670883058157,True,0.9997796,0.00022041168
-1.3843670883058157,-1.3843670883058157,True,0.9999185,8.150906e-05
0.722351758032472,0.722351758032472,True,0.00014197826,0.999858
-1.3843670883058157,-1.3843670883058157,True,0.9999152,8.48366e-05
0.722351758032472,0.722351758032472,True,0.0008741021,0.9991259
0.722351758032472,0.722351758032472,True,0.000166893,0.9998331
0.722351758032472,0.722351758032472,True,0.00010967255,0.9998903
0.722351758032472,0.722351758032472,True,0.00032532215,0.9996747
0.722351758032472,0.722351758032472,True,0.00032639503,0.9996736
0.722351758032472,0.722351758032472,True,0.00024014711,0.99975985
0.722351758032472,0.722351758032472,True,0.0003991723,0.9996008
-1.3843670883058157,-1.3843670883058157,True,0.99972767,0.00027235577
-1.3843670883058157,-1.3843670883058157,True,0.9999126,8.7364264e-05
0.722351758032472,0.722351758032472,True,0.00017803907,0.99982196
-1.3843670883058157,-1.3843670883058157,True,0.9999123,8.768969e-05
0.722351758032472,0.722351758032472,True,8.773804e-05,0.99991226
0.722351758032472,0.722351758032472,True,0.000108361244,0.99989164
0.722351758032472,0.722351758032472,True,0.00020724535,0.99979275
-1.3843670883058157,-1.3843670883058157,True,0.9997747,0.00022532888
0.722351758032472,0.722351758032472,True,0.00027948618,0.9997205
-1.3843670883058157,-1.3843670883058157,True,0.9999178,8.2204635e-05
-1.3843670883058157,-1.3843670883058157,True,0.99973106,0.00026893528
0.722351758032472,0.722351758032472,True,0.01098913,0.9890109
0.722351758032472,0.722351758032472,True,0.00029581785,0.9997042
-1.3843670883058157,-1.3843670883058157,True,0.99983793,0.0001620846
0.722351758032472,0.722351758032472,True,0.00019484758,0.99980515
0.722351758032472,0.722351758032472,True,8.356571e-05,0.99991643
0.722351758032472,0.722351758032472,True,7.081032e-05,0.9999292
-1.3843670883058157,-1.3843670883058157,True,0.99971956,0.00028042638
0.722351758032472,0.722351758032472,True,0.00018185377,0.99981815
0.722351758032472,0.722351758032472,True,0.0001540184,0.999846
0.722351758032472,0.722351758032472,True,9.000301e-05,0.99991
0.722351758032472,0.722351758032472,True,0.050637484,0.9493625
0.722351758032472,0.722351758032472,True,0.0001450777,0.9998549
0.722351758032472,0.722351758032472,True,7.581711e-05,0.9999242
0.722351758032472,0.722351758032472,True,0.0002798438,0.99972016
0.722351758032472,0.722351758032472,True,0.00010120869,0.9998988
0.722351758032472,0.722351758032472,True,0.00011074543,0.99988925
-1.3843670883058157,-1.3843670883058157,True,0.99990064,9.937963e-05
-1.3843670883058157,-1.3843670883058157,True,0.9999134,8.662206e-05
0.722351758032472,0.722351758032472,True,6.365776e-05,0.99993634
0.722351758032472,0.722351758032472,True,0.00016200542,0.999838
-1.3843670883058157,-1.3843670883058157,True,0.99991274,8.7284985e-05
0.722351758032472,0.722351758032472,True,0.00029283762,0.99970716
0.722351758032472,0.722351758032472,True,0.0014181137,0.9985819
-1.3843670883058157,-1.3843670883058157,True,0.99991447,8.551767e-05
0.722351758032472,0.722351758032472,True,0.00023108721,0.9997689
0.722351758032472,0.722351758032472,True,0.0003284216,0.9996716
0.722351758032472,0.722351758032472,True,0.3638758,0.6361242
0.722351758032472,0.722351758032472,True,0.00028020144,0.9997198
0.722351758032472,0.722351758032472,True,0.00020223856,0.99979776
-1.3843670883058157,-1.3843670883058157,True,0.9998178,0.00018223815
-1.3843670883058157,-1.3843670883058157,True,0.9997753,0.00022473626
0.722351758032472,0.722351758032472,True,7.6532364e-05,0.99992347
-1.3843670883058157,-1.3843670883058157,True,0.9998673,0.00013269251
0.722351758032472,0.722351758032472,True,0.00018709898,0.9998129
0.722351758032472,0.722351758032472,True,0.00023216009,0.99976784
-1.3843670883058157,-1.3843670883058157,True,0.9997533,0.00024671742
0.722351758032472,0.722351758032472,True,0.00023943186,0.99976057
0.722351758032472,0.722351758032472,True,6.222725e-05,0.9999378
0.722351758032472,0.722351758032472,True,7.4744225e-05,0.99992526
0.722351758032472,0.722351758032472,True,7.855892e-05,0.99992144
0.722351758032472,0.722351758032472,True,0.00016403198,0.99983597
0.722351758032472,0.722351758032472,True,0.00022155046,0.99977845
0.722351758032472,0.722351758032472,True,0.00027638674,0.9997236
0.722351758032472,0.722351758032472,True,8.59499e-05,0.99991405
0.722351758032472,0.722351758032472,True,5.6385994e-05,0.9999436
0.722351758032472,0.722351758032472,True,9.191036e-05,0.9999081
0.722351758032472,0.722351758032472,True,0.0001269579,0.99987304
0.722351758032472,0.722351758032472,True,0.00010049343,0.9998995
0.722351758032472,0.722351758032472,True,0.0012990236,0.998701
0.722351758032472,0.722351758032472,True,0.0002027154,0.9997973
-1.3843670883058157,-1.3843670883058157,True,0.9994603,0.00053969666
0.722351758032472,0.722351758032472,True,0.00011897087,0.999881
0.722351758032472,0.722351758032472,True,5.9485435e-05,0.9999405
-1.3843670883058157,-1.3843670883058157,True,0.99991286,8.714335e-05
-1.3843670883058157,-1.3843670883058157,True,0.9997944,0.00020558827
0.722351758032472,0.722351758032472,True,0.000813663,0.99918634
0.722351758032472,0.722351758032472,True,5.7697296e-05,0.9999423
-1.3843670883058157,-1.3843670883058157,True,0.9996428,0.00035719242
-1.3843670883058157,-1.3843670883058157,True,0.9999158,8.420142e-05
-1.3843670883058157,-1.3843670883058157,True,0.9999145,8.547609e-05
0.722351758032472,0.722351758032472,True,6.663799e-05,0.99993336
0.722351758032472,0.722351758032472,True,0.000236094,0.9997639
-1.3843670883058157,-1.3843670883058157,True,0.99974567,0.00025432633
0.722351758032472,0.722351758032472,True,0.00013923645,0.99986076
0.722351758032472,0.722351758032472,True,0.00013768673,0.9998623
0.722351758032472,0.722351758032472,True,0.0006274581,0.99937254
-1.3843670883058157,-1.3843670883058157,True,0.9999109,8.911967e-05
-1.3843670883058157,-1.3843670883058157,True,0.9999208,7.92384e-05
0.722351758032472,0.722351758032472,True,0.00025957823,0.9997404
-1.3843670883058157,-1.3843670883058157,True,0.9999231,7.687805e-05
0.722351758032472,0.722351758032472,True,7.009506e-05,0.9999299
-1.3843670883058157,-1.3843670883058157,True,0.9998881,0.00011189205
0.722351758032472,0.722351758032472,True,0.000114917755,0.9998851
0.722351758032472,0.722351758032472,True,5.7458878e-05,0.99994254
-1.3843670883058157,-1.3843670883058157,True,0.9999137,8.630018e-05
-1.3843670883058157,-1.3843670883058157,True,0.99977094,0.00022904197
-1.3843670883058157,-1.3843670883058157,True,0.9999045,9.5460506e-05
0.722351758032472,0.722351758032472,True,0.00013232231,0.9998677
0.722351758032472,0.722351758032472,True,5.7935715e-05,0.99994206
0.722351758032472,0.722351758032472,True,0.00012767315,0.9998723
-1.3843670883058157,-1.3843670883058157,True,0.99990875,9.127535e-05
0.722351758032472,0.722351758032472,True,9.036064e-05,0.99990964
0.722351758032472,0.722351758032472,True,0.0002681613,0.99973184
0.722351758032472,0.722351758032472,True,5.9127808e-05,0.9999409
-1.3843670883058157,-1.3843670883058157,True,0.99971133,0.0002886593
0.722351758032472,0.722351758032472,True,5.3167343e-05,0.99994683
-1.3843670883058157,-1.3843670883058157,True,0.99991447,8.554148e-05
0.722351758032472,0.722351758032472,True,0.00024729967,0.9997527
-1.3843670883058157,-1.3843670883058157,True,0.9996894,0.0003106262
-1.3843670883058157,-1.3843670883058157,True,0.99958116,0.00041882522
0.722351758032472,0.722351758032472,True,0.00043302774,0.999567
0.722351758032472,0.722351758032472,True,0.00011873245,0.99988127
-1.3843670883058157,-1.3843670883058157,True,0.99991614,8.389277e-05
0.722351758032472,0.722351758032472,True,0.00010561943,0.9998944
0.722351758032472,0.722351758032472,True,0.00014173985,0.99985826
-1.3843670883058157,-1.3843670883058157,True,0.9997792,0.00022077594
-1.3843670883058157,-1.3843670883058157,True,0.9998949,0.00010507258
0.722351758032472,0.722351758032472,True,6.8068504e-05,0.99993193
0.722351758032472,0.722351758032472,True,6.54459e-05,0.99993455
0.722351758032472,0.722351758032472,True,0.0016133785,0.9983866
-1.3843670883058157,-1.3843670883058157,True,0.9999108,8.9200694e-05
-1.3843670883058157,-1.3843670883058157,True,0.99991286,8.716571e-05
0.722351758032472,0.722351758032472,True,0.00011360645,0.9998864
-1.3843670883058157,-1.3843670883058157,True,0.9998441,0.00015593789
-1.3843670883058157,-1.3843670883058157,True,0.9998251,0.00017485567
0.722351758032472,0.722351758032472,True,0.000513196,0.9994868
-1.3843670883058157,-1.3843670883058157,True,0.9998065,0.00019348916
-1.3843670883058157,-1.3843670883058157,True,0.9999216,7.838936e-05
-1.3843670883058157,-1.3843670883058157,True,0.9999282,7.180539e-05
0.722351758032472,0.722351758032472,True,0.00019544363,0.99980456
-1.3843670883058157,-1.3843670883058157,True,0.99978495,0.00021508227
0.722351758032472,0.722351758032472,True,0.00027352571,0.9997265
0.722351758032472,0.722351758032472,True,0.0001193285,0.9998807
-1.3843670883058157,-1.3843670883058157,True,0.999805,0.00019501515
0.722351758032472,0.722351758032472,True,5.9366226e-05,0.99994063
0.722351758032472,0.722351758032472,True,0.00018709898,0.9998129
0.722351758032472,0.722351758032472,True,5.8293343e-05,0.9999417
0.722351758032472,0.722351758032472,True,7.18832e-05,0.9999281
0.722351758032472,0.722351758032472,True,7.557869e-05,0.9999244
0.722351758032472,0.722351758032472,True,0.00027507544,0.9997249
0.722351758032472,0.722351758032472,True,9.1552734e-05,0.99990845
0.722351758032472,0.722351758032472,True,0.00048553944,0.99951446
0.722351758032472,0.722351758032472,True,0.00017720461,0.9998228
0.722351758032472,0.722351758032472,True,9.36985e-05,0.9999063
0.722351758032472,0.722351758032472,True,7.7962875e-05,0.99992204
0.722351758032472,0.722351758032472,True,0.00015687943,0.9998431
-1.3843670883058157,-1.3843670883058157,True,0.999913,8.7002445e-05
0.722351758032472,0.722351758032472,True,6.9856644e-05,0.99993014
0.722351758032472,0.722351758032472,True,0.073752165,0.92624784
-1.3843670883058157,-1.3843670883058157,True,0.9998305,0.00016950641
-1.3843670883058157,-1.3843670883058157,True,0.9997717,0.00022827694
0.722351758032472,0.722351758032472,True,0.000875175,0.9991248
0.722351758032472,0.722351758032472,True,0.00050520897,0.9994948
0.722351758032472,0.722351758032472,True,0.00013375282,0.99986625
0.722351758032472,0.722351758032472,True,0.00028508902,0.9997149
-1.3843670883058157,-1.3843670883058157,True,0.9995296,0.00047037558
0.722351758032472,0.722351758032472,True,0.00020927191,0.9997907
-1.3843670883058157,-1.3843670883058157,True,0.99970394,0.0002960717
0.722351758032472,0.722351758032472,True,0.17535102,0.824649
-1.3843670883058157,-1.3843670883058157,True,0.99978244,0.0002175411
0.722351758032472,0.722351758032472,True,8.046627e-05,0.99991953
0.722351758032472,0.722351758032472,True,0.00046229362,0.9995377
-1.3843670883058157,-1.3843670883058157,True,0.9997847,0.00021530078
0.722351758032472,0.722351758032472,True,0.0002796054,0.9997204
0.722351758032472,0.722351758032472,True,0.00013053417,0.99986947
0.722351758032472,0.722351758032472,True,0.05629456,0.94370544
-1.3843670883058157,-1.3843670883058157,True,0.99966127,0.00033875622
0.722351758032472,0.722351758032472,True,0.00013124943,0.99986875
0.722351758032472,0.722351758032472,True,0.00025564432,0.99974436
0.722351758032472,0.722351758032472,True,9.1671944e-05,0.9999083
0.722351758032472,0.722351758032472,True,0.00029700994,0.999703
0.722351758032472,0.722351758032472,True,0.00024920702,0.9997508
-1.3843670883058157,-1.3843670883058157,True,0.9999114,8.858351e-05
0.722351758032472,0.722351758032472,True,0.00017613173,0.99982387
0.722351758032472,0.722351758032472,True,6.902218e-05,0.999931
-1.3843670883058157,-1.3843670883058157,True,0.99977267,0.00022731847
0.722351758032472,0.722351758032472,True,0.00019401312,0.999806
-1.3843670883058157,-1.3843670883058157,True,0.9999152,8.4836116e-05
0.722351758032472,0.722351758032472,True,0.00022572279,0.9997743
-1.3843670883058157,-1.3843670883058157,True,0.99982697,0.00017304132
0.722351758032472,0.722351758032472,True,0.0005438924,0.9994561
0.722351758032472,0.722351758032472,True,0.0004555583,0.99954444
-1.3843670883058157,-1.3843670883058157,True,0.9999199,8.01003e-05
-1.3843670883058157,-1.3843670883058157,True,0.9998242,0.00017578379
0.722351758032472,0.722351758032472,True,0.00034105778,0.99965894
0.722351758032472,0.722351758032472,True,0.00016593933,0.99983406
0.722351758032472,0.722351758032472,True,0.00045126677,0.99954873
-1.3843670883058157,-1.3843670883058157,True,0.99978787,0.00021216008
0.722351758032472,0.722351758032472,True,0.00025612116,0.9997439
0.722351758032472,0.722351758032472,True,0.00042754412,0.99957246
0.722351758032472,0.722351758032472,True,6.2942505e-05,0.99993706
0.722351758032472,0.722351758032472,True,0.00034689903,0.9996531
-1.3843670883058157,-1.3843670883058157,True,0.99991155,8.845217e-05
0.722351758032472,0.722351758032472,True,0.0005428195,0.9994572
0.722351758032472,0.722351758032472,True,5.531311e-05,0.9999447
0.722351758032472,0.722351758032472,True,0.00017237663,0.9998276
-1.3843670883058157,-1.3843670883058157,True,0.9999152,8.4836116e-05
-1.3843670883058157,-1.3843670883058157,True,0.9999047,9.53218e-05
0.722351758032472,0.722351758032472,True,9.357929e-05,0.9999064
0.722351758032472,0.722351758032472,True,5.853176e-05,0.99994147
0.722351758032472,0.722351758032472,True,0.00020390749,0.9997961
0.722351758032472,0.722351758032472,True,0.0024736524,0.99752635
0.722351758032472,0.722351758032472,True,0.003230691,0.9967693
0.722351758032472,0.722351758032472,True,7.6293945e-05,0.9999237
0.722351758032472,0.722351758032472,True,7.390976e-05,0.9999261
-1.3843670883058157,-1.3843670883058157,True,0.99986285,0.00013715662
0.722351758032472,0.722351758032472,True,0.00034976006,0.99965024
0.722351758032472,0.722351758032472,True,8.8095665e-05,0.9999119
0.722351758032472,0.722351758032472,True,0.0005828142,0.9994172
0.722351758032472,0.722351758032472,True,0.00020617247,0.9997938
0.722351758032472,0.722351758032472,True,0.00030446053,0.99969554
-1.3843670883058157,-1.3843670883058157,True,0.99984765,0.00015236203
-1.3843670883058157,-1.3843670883058157,True,0.9996528,0.00034719385
0.722351758032472,0.722351758032472,True,9.095669e-05,0.99990904
0.722351758032472,0.722351758032472,True,7.1167946e-05,0.99992883
0.722351758032472,0.722351758032472,True,0.00017178059,0.9998282
0.722351758032472,0.722351758032472,True,6.353855e-05,0.99993646
0.722351758032472,0.722351758032472,True,7.665157e-05,0.99992335
-1.3843670883058157,-1.3843670883058157,True,0.9999191,8.090652e-05
0.722351758032472,0.722351758032472,True,0.00010967255,0.9998903
-1.3843670883058157,-1.3843670883058157,True,0.9999026,9.74056e-05
-1.3843670883058157,-1.3843670883058157,True,0.999908,9.2036185e-05
0.722351758032472,0.722351758032472,True,0.000116705894,0.9998833
0.722351758032472,0.722351758032472,True,0.00010049343,0.9998995
0.722351758032472,0.722351758032472,True,8.368492e-05,0.9999163
0.722351758032472,0.722351758032472,True,0.0011238456,0.99887615
0.722351758032472,0.722351758032472,True,0.00017946959,0.99982053
-1.3843670883058157,-1.3843670883058157,True,0.9999067,9.330479e-05
0.722351758032472,0.722351758032472,True,0.00024181604,0.9997582
0.722351758032472,0.722351758032472,True,0.0002091527,0.99979085
0.722351758032472,0.722351758032472,True,0.00013303757,0.99986696
0.722351758032472,0.722351758032472,True,7.343292e-05,0.99992657
-1.3843670883058157,-1.3843670883058157,True,0.99977005,0.0002299382
0.722351758032472,0.722351758032472,True,0.00010573864,0.99989426
0.722351758032472,0.722351758032472,True,0.00010752678,0.9998925
0.722351758032472,0.722351758032472,True,6.4373016e-05,0.9999356
0.722351758032472,0.722351758032472,True,0.00018686056,0.99981314
0.722351758032472,0.722351758032472,True,0.00011873245,0.99988127
-1.3843670883058157,-1.3843670883058157,True,0.99974495,0.00025505555
0.722351758032472,0.722351758032472,True,0.00013101101,0.999869
-1.3843670883058157,-1.3843670883058157,True,0.99967945,0.00032056068
0.722351758032472,0.722351758032472,True,5.686283e-05,0.99994314
0.722351758032472,0.722351758032472,True,7.879734e-05,0.9999212
-1.3843670883058157,-1.3843670883058157,True,0.9997235,0.0002764909
0.722351758032472,0.722351758032472,True,9.000301e-05,0.99991
-1.3843670883058157,-1.3843670883058157,True,0.99990076,9.926711e-05
0.722351758032472,0.722351758032472,True,0.0002489686,0.99975103
0.722351758032472,0.722351758032472,True,0.00015795231,0.99984205
0.722351758032472,0.722351758032472,True,0.00018459558,0.9998154
0.722351758032472,0.722351758032472,True,6.341934e-05,0.9999366
0.722351758032472,0.722351758032472,True,0.00013959408,0.9998604
0.722351758032472,0.722351758032472,True,7.724762e-05,0.99992275
-1.3843670883058157,-1.3843670883058157,True,0.99961865,0.00038137572
0.722351758032472,0.722351758032472,True,8.916855e-05,0.99991083
0.722351758032472,0.722351758032472,True,0.0002116561,0.99978834
0.722351758032472,0.722351758032472,True,0.00021189451,0.9997881
-1.3843670883058157,-1.3843670883058157,True,0.9997476,0.0002524458
0.722351758032472,0.722351758032472,True,4.36306e-05,0.99995637
0.722351758032472,0.722351758032472,True,0.00056403875,0.99943596
-1.3843670883058157,-1.3843670883058157,True,0.9999081,9.192777e-05
0.722351758032472,0.722351758032472,True,0.0003825426,0.99961746
0.722351758032472,0.722351758032472,True,0.00020390749,0.9997961
-1.3843670883058157,-1.3843670883058157,True,0.999865,0.00013498285
0.722351758032472,0.722351758032472,True,0.00056117773,0.9994388
0.722351758032472,0.722351758032472,True,0.00032615662,0.99967384
-1.3843670883058157,-1.3843670883058157,True,0.999879,0.00012097808
0.722351758032472,0.722351758032472,True,9.3340874e-05,0.99990666
0.722351758032472,0.722351758032472,True,7.736683e-05,0.99992263
0.722351758032472,0.722351758032472,True,0.00012779236,0.9998722
-1.3843670883058157,-1.3843670883058157,True,0.99990314,9.6859774e-05
-1.3843670883058157,-1.3843670883058157,True,0.999694,0.00030602535
-1.3843670883058157,-1.3843670883058157,True,0.9999003,9.972308e-05
0.722351758032472,0.722351758032472,True,9.1314316e-05,0.9999087
-1.3843670883058157,-1.3843670883058157,True,0.9999013,9.86971e-05
0.722351758032472,0.722351758032472,True,9.000301e-05,0.99991
0.722351758032472,0.722351758032472,True,9.2983246e-05,0.999907
-1.3843670883058157,-1.3843670883058157,True,0.9998826,0.00011742369
0.722351758032472,0.722351758032472,True,7.2956085e-05,0.99992704
-1.3843670883058157,-1.3843670883058157,True,0.9999097,9.028013e-05
-1.3843670883058157,-1.3843670883058157,True,0.9998081,0.0001919548
-1.3843670883058157,-1.3843670883058157,True,0.99991345,8.654049e-05
0.722351758032472,0.722351758032472,True,0.0002180934,0.9997819
0.722351758032472,0.722351758032472,True,0.00024420023,0.9997558
-1.3843670883058157,-1.3843670883058157,True,0.99984,0.00016000512
0.722351758032472,0.722351758032472,True,0.00019806623,0.99980193
0.722351758032472,0.722351758032472,True,6.759167e-05,0.9999324
0.722351758032472,0.722351758032472,True,0.00019198656,0.999808
0.722351758032472,0.722351758032472,True,5.173683e-05,0.99994826
0.722351758032472,0.722351758032472,True,0.002547443,0.99745256
0.722351758032472,0.722351758032472,True,0.00029343367,0.99970657
0.722351758032472,0.722351758032472,True,0.00040012598,0.9995999
0.722351758032472,0.722351758032472,True,0.000116467476,0.99988353
0.722351758032472,0.722351758032472,True,0.000101447105,0.99989855
0.722351758032472,0.722351758032472,True,0.0003632307,0.99963677
-1.3843670883058157,-1.3843670883058157,True,0.99992096,7.901633e-05
0.722351758032472,0.722351758032472,True,0.0003629923,0.999637
0.722351758032472,0.722351758032472,True,9.775162e-05,0.99990225
0.722351758032472,0.722351758032472,True,0.0004171729,0.9995828
-1.3843670883058157,-1.3843670883058157,True,0.99967337,0.00032664
0.722351758032472,0.722351758032472,True,6.711483e-05,0.9999329
-1.3843670883058157,-1.3843670883058157,True,0.9999127,8.733236e-05
-1.3843670883058157,-1.3843670883058157,True,0.9998238,0.00017617896
0.722351758032472,0.722351758032472,True,0.00036251545,0.9996375
0.722351758032472,0.722351758032472,True,6.020069e-05,0.9999398
-1.3843670883058157,-1.3843670883058157,True,0.9997266,0.00027341963
0.722351758032472,0.722351758032472,True,6.9499016e-05,0.9999305
0.722351758032472,0.722351758032472,True,0.0002284646,0.99977154
-1.3843670883058157,-1.3843670883058157,True,0.9999121,8.7910725e-05
0.722351758032472,0.722351758032472,True,0.00029486418,0.99970514
0.722351758032472,0.722351758032472,True,0.000747025,0.999253
-1.3843670883058157,-1.3843670883058157,True,0.99990994,9.006808e-05
-1.3843670883058157,-1.3843670883058157,True,0.999916,8.401214e-05
0.722351758032472,0.722351758032472,True,5.9485435e-05,0.9999405
-1.3843670883058157,-1.3843670883058157,True,0.99990827,9.172812e-05
0.722351758032472,0.722351758032472,True,7.6174736e-05,0.9999238
0.722351758032472,0.722351758032472,True,0.00010585785,0.99989414
0.722351758032472,0.722351758032472,True,0.00016522408,0.9998348
0.722351758032472,0.722351758032472,True,4.4584274e-05,0.9999554
0.722351758032472,0.722351758032472,True,0.0028620958,0.9971379
0.722351758032472,0.722351758032472,True,7.688999e-05,0.9999231
0.722351758032472,0.722351758032472,True,6.7949295e-05,0.99993205
0.722351758032472,0.722351758032472,True,8.4757805e-05,0.99991524
0.722351758032472,0.722351758032472,True,5.7458878e-05,0.99994254
-1.3843670883058157,-1.3843670883058157,True,0.9999179,8.204777e-05
0.722351758032472,0.722351758032472,True,0.000109910965,0.9998901
0.722351758032472,0.722351758032472,True,6.771088e-05,0.9999323
-1.3843670883058157,-1.3843670883058157,True,0.9999106,8.9423746e-05
0.722351758032472,0.722351758032472,True,7.70092e-05,0.999923
0.722351758032472,0.722351758032472,True,5.4121017e-05,0.9999459
0.722351758032472,0.722351758032472,True,0.0025538206,0.9974462
0.722351758032472,0.722351758032472,True,0.0002142787,0.9997857
-1.3843670883058157,-1.3843670883058157,True,0.99989885,0.00010114817
-1.3843670883058157,-1.3843670883058157,True,0.9998003,0.00019967981
-1.3843670883058157,-1.3843670883058157,True,0.9998203,0.00017968005
0.722351758032472,0.722351758032472,True,0.00023335218,0.99976665
0.722351758032472,0.722351758032472,True,0.00027650595,0.9997235
0.722351758032472,0.722351758032472,True,5.221367e-05,0.9999478
0.722351758032472,0.722351758032472,True,0.00015044212,0.99984956
0.722351758032472,0.722351758032472,True,0.00039190054,0.9996081
0.722351758032472,0.722351758032472,True,4.8995018e-05,0.999951
-1.3843670883058157,-1.3843670883058157,True,0.99949056,0.0005094114
-1.3843670883058157,-1.3843670883058157,True,0.9999086,9.136575e-05
-1.3843670883058157,-1.3843670883058157,True,0.99992406,7.591996e-05
-1.3843670883058157,-1.3843670883058157,True,0.99990815,9.18589e-05
0.722351758032472,0.722351758032472,True,0.0002503991,0.9997496
0.722351758032472,0.722351758032472,True,0.24031252,0.7596875
0.722351758032472,0.722351758032472,True,0.00010108948,0.9998989
0.722351758032472,0.722351758032472,True,7.18832e-05,0.9999281
0.722351758032472,0.722351758032472,True,7.343292e-05,0.99992657
0.722351758032472,0.722351758032472,True,0.00016462803,0.9998354
0.722351758032472,0.722351758032472,True,0.00018936396,0.99981064
0.722351758032472,0.722351758032472,True,0.0004094243,0.9995906
0.722351758032472,0.722351758032472,True,0.00010275841,0.99989724
0.722351758032472,0.722351758032472,True,8.9883804e-05,0.9999101
0.722351758032472,0.722351758032472,True,5.3286552e-05,0.9999467
-1.3843670883058157,-1.3843670883058157,True,0.99970853,0.00029148982
0.722351758032472,0.722351758032472,True,0.00038337708,0.9996166
0.722351758032472,0.722351758032472,True,0.000305295,0.9996947
0.722351758032472,0.722351758032472,True,0.00020033121,0.99979967
0.722351758032472,0.722351758032472,True,5.9247017e-05,0.99994075
0.722351758032472,0.722351758032472,True,7.712841e-05,0.9999229
0.722351758032472,0.722351758032472,True,6.771088e-05,0.9999323
0.722351758032472,0.722351758032472,True,0.0002195239,0.9997805
0.722351758032472,0.722351758032472,True,9.191036e-05,0.9999081
-1.3843670883058157,-1.3843670883058157,True,0.9999174,8.2587125e-05
0.722351758032472,0.722351758032472,True,9.9658966e-05,0.99990034
0.722351758032472,0.722351758032472,True,5.531311e-05,0.9999447
0.722351758032472,0.722351758032472,True,0.00015902519,0.999841
0.722351758032472,0.722351758032472,True,0.0001898408,0.99981016
-1.3843670883058157,-1.3843670883058157,True,0.9994923,0.0005077387
0.722351758032472,0.722351758032472,True,0.00016593933,0.99983406
0.722351758032472,0.722351758032472,True,0.00036609173,0.9996339
0.722351758032472,0.722351758032472,True,8.177757e-05,0.9999182
0.722351758032472,0.722351758032472,True,0.00029057264,0.9997094
0.722351758032472,0.722351758032472,True,0.00025826693,0.99974173
0.722351758032472,0.722351758032472,True,0.00020438433,0.9997956
-1.3843670883058157,-1.3843670883058157,True,0.9999113,8.8663204e-05
-1.3843670883058157,-1.3843670883058157,True,0.9999125,8.751918e-05
0.722351758032472,0.722351758032472,True,0.000113248825,0.99988675
-1.3843670883058157,-1.3843670883058157,True,0.9998178,0.000182206
0.722351758032472,0.722351758032472,True,0.0005605817,0.9994394
0.722351758032472,0.722351758032472,True,0.00010228157,0.9998977
0.722351758032472,0.722351758032472,True,0.00014412403,0.9998559
0.722351758032472,0.722351758032472,True,0.0002964139,0.9997036
-1.3843670883058157,-1.3843670883058157,True,0.99990875,9.127535e-05
0.722351758032472,0.722351758032472,True,0.00055640936,0.9994436
0.722351758032472,0.722351758032472,True,6.723404e-05,0.99993277
-1.3843670883058157,-1.3843670883058157,True,0.999898,0.000101994105
0.722351758032472,0.722351758032472,True,8.583069e-05,0.99991417
-1.3843670883058157,-1.3843670883058157,True,0.9998328,0.00016718532
0.722351758032472,0.722351758032472,True,6.902218e-05,0.999931
0.722351758032472,0.722351758032472,True,0.0001231432,0.99987686
0.722351758032472,0.722351758032472,True,0.00036764145,0.99963236
-1.3843670883058157,-1.3843670883058157,True,0.9998964,0.00010357344
-1.3843670883058157,-1.3843670883058157,True,0.99991006,8.996104e-05
0.722351758032472,0.722351758032472,True,0.00010585785,0.99989414
0.722351758032472,0.722351758032472,True,0.000106573105,0.9998934
-1.3843670883058157,-1.3843670883058157,True,0.999675,0.0003250479
0.722351758032472,0.722351758032472,True,0.0002555251,0.9997445
0.722351758032472,0.722351758032472,True,8.332729e-05,0.9999167
-1.3843670883058157,-1.3843670883058157,True,0.99989814,0.0001018589
0.722351758032472,0.722351758032472,True,0.001964271,0.9980357
-1.3843670883058157,-1.3843670883058157,True,0.9999135,8.645677e-05
0.722351758032472,0.722351758032472,True,0.00013244152,0.99986756
0.722351758032472,0.722351758032472,True,0.00021022558,0.9997898
-1.3843670883058157,-1.3843670883058157,True,0.99965316,0.0003468448
-1.3843670883058157,-1.3843670883058157,True,0.9999053,9.473983e-05
0.722351758032472,0.722351758032472,True,0.0018209219,0.9981791
0.722351758032472,0.722351758032472,True,0.0003130436,0.99968696
-1.3843670883058157,-1.3843670883058157,True,0.9998721,0.00012793388
0.722351758032472,0.722351758032472,True,0.00021582842,0.9997842
-1.3843670883058157,-1.3843670883058157,True,0.9999134,8.6593565e-05
-1.3843670883058157,-1.3843670883058157,True,0.9999056,9.443299e-05
0.722351758032472,0.722351758032472,True,0.00015687943,0.9998431
0.722351758032472,0.722351758032472,True,7.414818e-05,0.99992585
-1.3843670883058157,-1.3843670883058157,True,0.99976355,0.00023644671
0.722351758032472,0.722351758032472,True,7.3075294e-05,0.9999269
0.722351758032472,0.722351758032472,True,0.00032770634,0.9996723
0.722351758032472,0.722351758032472,True,6.890297e-05,0.9999311
-1.3843670883058157,-1.3843670883058157,True,0.99968934,0.00031063776
0.722351758032472,0.722351758032472,True,0.0009139776,0.999086
-1.3843670883058157,-1.3843670883058157,True,0.9998682,0.00013175623
0.722351758032472,0.722351758032472,True,0.0006104708,0.9993895
-1.3843670883058157,-1.3843670883058157,True,0.99973774,0.00026226832
0.722351758032472,0.722351758032472,True,0.00012934208,0.99987066
0.722351758032472,0.722351758032472,True,0.00049746037,0.99950254
0.722351758032472,0.722351758032472,True,0.00017291307,0.9998271
0.722351758032472,0.722351758032472,True,0.0007737875,0.9992262
0.722351758032472,0.722351758032472,True,8.1181526e-05,0.9999188
-1.3843670883058157,-1.3843670883058157,True,0.99978566,0.00021432013
-1.3843670883058157,-1.3843670883058157,True,0.9999163,8.369995e-05
0.722351758032472,0.722351758032472,True,9.679794e-05,0.9999032
0.722351758032472,0.722351758032472,True,8.738041e-05,0.9999126
0.722351758032472,0.722351758032472,True,0.0001436472,0.99985635
0.722351758032472,0.722351758032472,True,0.0004222989,0.9995777
0.722351758032472,0.722351758032472,True,6.4730644e-05,0.99993527
0.722351758032472,0.722351758032472,True,0.0001090765,0.9998909
0.722351758032472,0.722351758032472,True,0.00014567375,0.9998543
-1.3843670883058157,-1.3843670883058157,True,0.9998057,0.0001943369
0.722351758032472,0.722351758032472,True,0.00016534328,0.99983466
-1.3843670883058157,-1.3843670883058157,True,0.99988216,0.000117816475
0.722351758032472,0.722351758032472,True,0.00029104948,0.99970895
-1.3843670883058157,-1.3843670883058157,True,0.9999232,7.676831e-05
0.722351758032472,0.722351758032472,True,0.00013172626,0.9998683
0.722351758032472,0.722351758032472,True,8.428097e-05,0.9999157
0.722351758032472,0.722351758032472,True,0.0001270771,0.9998729
-1.3843670883058157,-1.3843670883058157,True,0.99991906,8.091392e-05
0.722351758032472,0.722351758032472,True,0.0001552105,0.9998448
0.722351758032472,0.722351758032472,True,8.010864e-05,0.9999199
0.722351758032472,0.722351758032472,True,0.00013840199,0.9998616
0.722351758032472,0.722351758032472,True,5.352497e-05,0.9999465
0.722351758032472,0.722351758032472,True,0.00019341707,0.9998066
-1.3843670883058157,-1.3843670883058157,True,0.999679,0.00032099342
-1.3843670883058157,-1.3843670883058157,True,0.99982435,0.00017565544
-1.3843670883058157,-1.3843670883058157,True,0.9998755,0.00012452209
-1.3843670883058157,-1.3843670883058157,True,0.9997212,0.00027878772
-1.3843670883058157,-1.3843670883058157,True,0.99990195,9.802862e-05
-1.3843670883058157,-1.3843670883058157,True,0.9997874,0.00021263193
0.722351758032472,0.722351758032472,True,0.0002526641,0.99974734
0.722351758032472,0.722351758032472,True,0.0013024807,0.9986975
-1.3843670883058157,-1.3843670883058157,True,0.9999152,8.4836116e-05
0.722351758032472,0.722351758032472,True,0.000271976,0.999728
0.722351758032472,0.722351758032472,True,9.095669e-05,0.99990904
0.722351758032472,0.722351758032472,True,5.722046e-05,0.9999428
0.722351758032472,0.722351758032472,True,9.548664e-05,0.9999045
0.722351758032472,0.722351758032472,True,0.00027757883,0.9997224
0.722351758032472,0.722351758032472,True,7.3075294e-05,0.9999269
0.722351758032472,0.722351758032472,True,0.000114798546,0.9998852
0.722351758032472,0.722351758032472,True,0.00935328,0.9906467
-1.3843670883058157,-1.3843670883058157,True,0.9999121,8.792967e-05
-1.3843670883058157,-1.3843670883058157,True,0.99991906,8.0959224e-05
0.722351758032472,0.722351758032472,True,7.176399e-05,0.99992824
0.722351758032472,0.722351758032472,True,7.164478e-05,0.99992836
0.722351758032472,0.722351758032472,True,0.00019139051,0.9998086
-1.3843670883058157,-1.3843670883058157,True,0.9996847,0.0003152821
-1.3843670883058157,-1.3843670883058157,True,0.9999047,9.532088e-05
0.722351758032472,0.722351758032472,True,7.677078e-05,0.9999232
0.722351758032472,0.722351758032472,True,0.00023072958,0.9997693
0.722351758032472,0.722351758032472,True,0.00012528896,0.9998747
-1.3843670883058157,-1.3843670883058157,True,0.9996206,0.00037938094
0.722351758032472,0.722351758032472,True,0.000184834,0.99981517
0.722351758032472,0.722351758032472,True,0.00013828278,0.9998617
0.722351758032472,0.722351758032472,True,0.00029176474,0.99970824
-1.3843670883058157,-1.3843670883058157,True,0.9999171,8.292425e-05
0.722351758032472,0.722351758032472,True,0.00036740303,0.9996326
0.722351758032472,0.722351758032472,True,0.0003607273,0.9996393
0.722351758032472,0.722351758032472,True,5.555153e-05,0.99994445
0.722351758032472,0.722351758032472,True,0.00012278557,0.9998772
-1.3843670883058157,-1.3843670883058157,True,0.99981153,0.00018848844
0.722351758032472,0.722351758032472,True,0.00018113852,0.99981886
0.722351758032472,0.722351758032472,True,0.00012886524,0.99987113
0.722351758032472,0.722351758032472,True,0.000105023384,0.999895
0.722351758032472,0.722351758032472,True,0.00032627583,0.9996737
0.722351758032472,0.722351758032472,True,0.0002939105,0.9997061
0.722351758032472,0.722351758032472,True,9.095669e-05,0.99990904
0.722351758032472,0.722351758032472,True,0.00013291836,0.9998671
-1.3843670883058157,-1.3843670883058157,True,0.99969447,0.00030553355
0.722351758032472,0.722351758032472,True,0.00015449524,0.9998455
0.722351758032472,0.722351758032472,True,0.00011897087,0.999881
-1.3843670883058157,-1.3843670883058157,True,0.99991083,8.914262e-05
0.722351758032472,0.722351758032472,True,0.00030732155,0.9996927
-1.3843670883058157,-1.3843670883058157,True,0.99986565,0.0001343626
0.722351758032472,0.722351758032472,True,0.00014603138,0.99985397
-1.3843670883058157,-1.3843670883058157,True,0.9998649,0.00013512038
0.722351758032472,0.722351758032472,True,0.00015175343,0.99984825
0.722351758032472,0.722351758032472,True,0.00010240078,0.9998976
-1.3843670883058157,-1.3843670883058157,True,0.999913,8.7002445e-05
0.722351758032472,0.722351758032472,True,7.9751015e-05,0.99992025
0.722351758032472,0.722351758032472,True,0.00034201145,0.999658
-1.3843670883058157,-1.3843670883058157,True,0.99990636,9.361261e-05
-1.3843670883058157,-1.3843670883058157,True,0.999896,0.00010398541
-1.3843670883058157,-1.3843670883058157,True,0.99973595,0.0002640754
0.722351758032472,0.722351758032472,True,0.00017023087,0.99982977
0.722351758032472,0.722351758032472,True,4.684925e-05,0.99995315
0.722351758032472,0.722351758032472,True,6.937981e-05,0.9999306
-1.3843670883058157,-1.3843670883058157,True,0.9999135,8.651309e-05
0.722351758032472,0.722351758032472,True,0.00017672777,0.9998233
-1.3843670883058157,-1.3843670883058157,True,0.99968034,0.00031965523
0.722351758032472,0.722351758032472,True,0.00034809113,0.9996519
-1.3843670883058157,-1.3843670883058157,True,0.9994046,0.00059538236
0.722351758032472,0.722351758032472,True,0.0003464222,0.9996536
-1.3843670883058157,-1.3843670883058157,True,0.9996756,0.0003244065
0.722351758032472,0.722351758032472,True,6.7830086e-05,0.99993217
0.722351758032472,0.722351758032472,True,0.0002220273,0.999778
-1.3843670883058157,-1.3843670883058157,True,0.9999107,8.9261535e-05
-1.3843670883058157,-1.3843670883058157,True,0.9999125,8.748155e-05
0.722351758032472,0.722351758032472,True,7.6174736e-05,0.9999238
0.722351758032472,0.722351758032472,True,4.9710274e-05,0.9999503
0.722351758032472,0.722351758032472,True,0.00019139051,0.9998086
-1.3843670883058157,-1.3843670883058157,True,0.99966294,0.0003370492
0.722351758032472,0.722351758032472,True,8.392334e-05,0.9999161
-1.3843670883058157,-1.3843670883058157,True,0.9997673,0.00023269237
-1.3843670883058157,-1.3843670883058157,True,0.99990594,9.403571e-05
0.722351758032472,0.722351758032472,True,0.00027137995,0.9997286
0.722351758032472,0.722351758032472,True,0.002323091,0.9976769
-1.3843670883058157,-1.3843670883058157,True,0.9996674,0.00033261187
0.722351758032472,0.722351758032472,True,4.839897e-05,0.9999516
0.722351758032472,0.722351758032472,True,0.0010086894,0.9989913
0.722351758032472,0.722351758032472,True,7.9751015e-05,0.99992025
0.722351758032472,0.722351758032472,True,0.00029152632,0.9997085
-1.3843670883058157,-1.3843670883058157,True,0.9999127,8.730088e-05
0.722351758032472,0.722351758032472,True,0.00040334463,0.99959666
0.722351758032472,0.722351758032472,True,5.90086e-05,0.999941
0.722351758032472,0.722351758032472,True,0.00022572279,0.9997743
0.722351758032472,0.722351758032472,True,6.4373016e-05,0.9999356
0.722351758032472,0.722351758032472,True,7.1287155e-05,0.9999287
0.722351758032472,0.722351758032472,True,0.0005738735,0.9994261
-1.3843670883058157,-1.3843670883058157,True,0.9998281,0.00017189824
-1.3843670883058157,-1.3843670883058157,True,0.99975073,0.00024924797
0.722351758032472,0.722351758032472,True,0.00027042627,0.9997296
0.722351758032472,0.722351758032472,True,0.0004943609,0.99950564
0.722351758032472,0.722351758032472,True,0.00014710426,0.9998529
0.722351758032472,0.722351758032472,True,0.00037634373,0.99962366
-1.3843670883058157,-1.3843670883058157,True,0.9997514,0.00024858513
0.722351758032472,0.722351758032472,True,0.000109791756,0.9998902
0.722351758032472,0.722351758032472,True,0.0001667738,0.9998332
0.722351758032472,0.722351758032472,True,0.0002167821,0.9997832
-1.3843670883058157,-1.3843670883058157,True,0.99982077,0.00017921481
0.722351758032472,0.722351758032472,True,0.00016736984,0.99983263
-1.3843670883058157,-1.3843670883058157,True,0.9998915,0.00010846651
0.722351758032472,0.722351758032472,True,0.0002605319,0.99973947
-1.3843670883058157,-1.3843670883058157,True,0.9999019,9.8136086e-05
-1.3843670883058157,-1.3843670883058157,True,0.99941695,0.0005830731
0.722351758032472,0.722351758032472,True,6.7830086e-05,0.99993217
-1.3843670883058157,-1.3843670883058157,True,0.999626,0.00037399042
0.722351758032472,0.722351758032472,True,0.0001552105,0.9998448
0.722351758032472,0.722351758032472,True,5.4478645e-05,0.9999455
0.722351758032472,0.722351758032472,True,0.00021559,0.9997844
0.722351758032472,0.722351758032472,True,0.0012314916,0.9987685
-1.3843670883058157,-1.3843670883058157,True,0.9999278,7.2196344e-05
-1.3843670883058157,-1.3843670883058157,True,0.99990505,9.49723e-05
0.722351758032472,0.722351758032472,True,9.000301e-05,0.99991
-1.3843670883058157,-1.3843670883058157,True,0.9999148,8.515846e-05
-1.3843670883058157,-1.3843670883058157,True,0.99964267,0.00035735796
-1.3843670883058157,-1.3843670883058157,True,0.9998209,0.00017910718
0.722351758032472,0.722351758032472,True,0.00017130375,0.9998287
0.722351758032472,0.722351758032472,True,0.00013661385,0.9998634
0.722351758032472,0.722351758032472,True,0.00023013353,0.99976987
-1.3843670883058157,-1.3843670883058157,True,0.9998661,0.00013388466
0.722351758032472,0.722351758032472,True,9.429455e-05,0.9999057
-1.3843670883058157,-1.3843670883058157,True,0.9998737,0.00012629441
-1.3843670883058157,-1.3843670883058157,True,0.9999163,8.369995e-05
-1.3843670883058157,-1.3843670883058157,True,0.9996464,0.00035356058
0.722351758032472,0.722351758032472,True,0.007814586,0.9921854
0.722351758032472,0.722351758032472,True,0.00013792515,0.9998621
0.722351758032472,0.722351758032472,True,0.00040060282,0.9995994
-1.3843670883058157,-1.3843670883058157,True,0.99974084,0.00025915875
0.722351758032472,0.722351758032472,True,8.165836e-05,0.99991834
0.722351758032472,0.722351758032472,True,0.00015699863,0.999843
-1.3843670883058157,-1.3843670883058157,True,0.99992055,7.9448815e-05
-1.3843670883058157,-1.3843670883058157,True,0.99991417,8.5836626e-05
-1.3843670883058157,-1.3843670883058157,True,0.9999137,8.630018e-05
0.722351758032472,0.722351758032472,True,0.00010383129,0.99989617
0.722351758032472,0.722351758032472,True,5.2809715e-05,0.9999472
0.722351758032472,0.722351758032472,True,9.2983246e-05,0.999907
0.722351758032472,0.722351758032472,True,0.0004374385,0.99956256
0.722351758032472,0.722351758032472,True,0.0002425313,0.99975747
-1.3843670883058157,-1.3843670883058157,True,0.9999153,8.46895e-05
-1.3843670883058157,-1.3843670883058157,True,0.9999083,9.164943e-05
0.722351758032472,0.722351758032472,True,6.377697e-05,0.9999362
-1.3843670883058157,-1.3843670883058157,True,0.99990803,9.195592e-05
0.722351758032472,0.722351758032472,True,0.0007624626,0.99923754
0.722351758032472,0.722351758032472,True,0.00021737814,0.9997826
0.722351758032472,0.722351758032472,True,8.368492e-05,0.9999163
0.722351758032472,0.722351758032472,True,0.0013734102,0.9986266
0.722351758032472,0.722351758032472,True,0.0004261136,0.9995739
-1.3843670883058157,-1.3843670883058157,True,0.9999214,7.8597004e-05
0.722351758032472,0.722351758032472,True,0.00014543533,0.99985456
-1.3843670883058157,-1.3843670883058157,True,0.9997916,0.00020835378
0.722351758032472,0.722351758032472,True,0.0002452731,0.9997547
0.722351758032472,0.722351758032472,True,8.3088875e-05,0.9999169
0.722351758032472,0.722351758032472,True,0.00022560358,0.9997744
-1.3843670883058157,-1.3843670883058157,True,0.99979657,0.00020342659
-1.3843670883058157,-1.3843670883058157,True,0.99988645,0.00011351796
0.722351758032472,0.722351758032472,True,8.535385e-05,0.99991465
0.722351758032472,0.722351758032472,True,0.00018233061,0.99981767
-1.3843670883058157,-1.3843670883058157,True,0.9999238,7.615351e-05
-1.3843670883058157,-1.3843670883058157,True,0.9997739,0.00022608857
0.722351758032472,0.722351758032472,True,0.00013291836,0.9998671
-1.3843670883058157,-1.3843670883058157,True,0.9997633,0.00023670589
-1.3843670883058157,-1.3843670883058157,True,0.99990815,9.18589e-05
-1.3843670883058157,-1.3843670883058157,True,0.9996934,0.00030657815
0.722351758032472,0.722351758032472,True,0.0004838705,0.9995161
-1.3843670883058157,-1.3843670883058157,True,0.9999043,9.572459e-05
0.722351758032472,0.722351758032472,True,0.00015187263,0.9998481
0.722351758032472,0.722351758032472,True,8.940697e-05,0.9999106
-1.3843670883058157,-1.3843670883058157,True,0.99968666,0.00031337107
-1.3843670883058157,-1.3843670883058157,True,0.9999145,8.550095e-05
0.722351758032472,0.722351758032472,True,6.03199e-05,0.9999397
-1.3843670883058157,-1.3843670883058157,True,0.9991379,0.0008621052
-1.3843670883058157,-1.3843670883058157,True,0.99991584,8.41466e-05
0.722351758032472,0.722351758032472,True,8.4638596e-05,0.99991536
-1.3843670883058157,-1.3843670883058157,True,0.9998198,0.00018017861
-1.3843670883058157,-1.3843670883058157,True,0.9997429,0.0002570687
0.722351758032472,0.722351758032472,True,0.00011706352,0.99988294
0.722351758032472,0.722351758032472,True,6.771088e-05,0.9999323
0.722351758032472,0.722351758032472,True,0.3655408,0.6344592
0.722351758032472,0.722351758032472,True,9.1433525e-05,0.99990857
0.722351758032472,0.722351758032472,True,8.356571e-05,0.99991643
0.722351758032472,0.722351758032472,True,0.00022882223,0.9997712
0.722351758032472,0.722351758032472,True,0.0003311634,0.99966884
0.722351758032472,0.722351758032472,True,0.00015211105,0.9998479
-1.3843670883058157,-1.3843670883058157,True,0.9999135,8.647498e-05
-1.3843670883058157,-1.3843670883058157,True,0.99990976,9.021859e-05
-1.3843670883058157,-1.3843670883058157,True,0.99984837,0.00015166236
-1.3843670883058157,-1.3843670883058157,True,0.9999128,8.721584e-05
-1.3843670883058157,-1.3843670883058157,True,0.99990785,9.216019e-05
0.722351758032472,0.722351758032472,True,0.00024992228,0.9997501
-1.3843670883058157,-1.3843670883058157,True,0.99991953,8.047422e-05
0.722351758032472,0.722351758032472,True,0.0001296997,0.9998703
0.722351758032472,0.722351758032472,True,0.00022286177,0.99977714
0.722351758032472,0.722351758032472,True,0.0028235912,0.9971764
-1.3843670883058157,-1.3843670883058157,True,0.9999198,8.025528e-05
-1.3843670883058157,-1.3843670883058157,True,0.9999131,8.689126e-05
-1.3843670883058157,-1.3843670883058157,True,0.9999209,7.906782e-05
0.722351758032472,0.722351758032472,True,0.00012242794,0.9998776
0.722351758032472,0.722351758032472,True,0.000104665756,0.99989533
0.722351758032472,0.722351758032472,True,0.0007273555,0.99927264
0.722351758032472,0.722351758032472,True,0.00025826693,0.99974173
0.722351758032472,0.722351758032472,True,7.557869e-05,0.9999244
-1.3843670883058157,-1.3843670883058157,True,0.99984246,0.00015750714
0.722351758032472,0.722351758032472,True,6.508827e-05,0.9999349
-1.3843670883058157,-1.3843670883058157,True,0.9999178,8.221271e-05
-1.3843670883058157,-1.3843670883058157,True,0.99990994,9.0079935e-05
-1.3843670883058157,-1.3843670883058157,True,0.9997537,0.00024629507
0.722351758032472,0.722351758032472,True,6.54459e-05,0.99993455
0.722351758032472,0.722351758032472,True,7.83205e-05,0.9999217
0.722351758032472,0.722351758032472,True,5.185604e-05,0.99994814
-1.3843670883058157,-1.3843670883058157,True,0.99990034,9.9664714e-05
0.722351758032472,0.722351758032472,True,0.0078104734,0.9921895
0.722351758032472,0.722351758032472,True,0.00024491549,0.9997551
0.722351758032472,0.722351758032472,True,0.0006222725,0.9993777
-1.3843670883058157,-1.3843670883058157,True,0.9996887,0.00031130898
0.722351758032472,0.722351758032472,True,8.9764595e-05,0.99991024
-1.3843670883058157,-1.3843670883058157,True,0.99991256,8.7420514e-05
0.722351758032472,0.722351758032472,True,0.00030601025,0.999694
0.722351758032472,0.722351758032472,True,0.000118255615,0.99988174
-1.3843670883058157,-1.3843670883058157,True,0.9998326,0.00016745798
-1.3843670883058157,-1.3843670883058157,True,0.9998835,0.00011651322
0.722351758032472,0.722351758032472,True,0.0003131628,0.99968684
0.722351758032472,0.722351758032472,True,0.00024145842,0.99975854
0.722351758032472,0.722351758032472,True,0.28335905,0.71664095
-1.3843670883058157,-1.3843670883058157,True,0.9996898,0.00031019383
0.722351758032472,0.722351758032472,True,8.9645386e-05,0.99991035
0.722351758032472,0.722351758032472,True,0.00016021729,0.9998398
0.722351758032472,0.722351758032472,True,0.00031769276,0.9996823
-1.3843670883058157,-1.3843670883058157,True,0.9999122,8.780851e-05
0.722351758032472,0.722351758032472,True,0.00016200542,0.999838
-1.3843670883058157,-1.3843670883058157,True,0.9997584,0.00024155733
-1.3843670883058157,-1.3843670883058157,True,0.99984914,0.00015087497
-1.3843670883058157,-1.3843670883058157,True,0.99975324,0.00024678637
0.722351758032472,0.722351758032472,True,0.00022917986,0.9997708
-1.3843670883058157,-1.3843670883058157,True,0.9999127,8.730472e-05
0.722351758032472,0.722351758032472,True,0.0036447048,0.9963553
-1.3843670883058157,-1.3843670883058157,True,0.9996258,0.00037417334
0.722351758032472,0.722351758032472,True,0.00014781952,0.9998522
-1.3843670883058157,-1.3843670883058157,True,0.99979633,0.00020365442
-1.3843670883058157,-1.3843670883058157,True,0.9997183,0.0002817167
0.722351758032472,0.722351758032472,True,7.855892e-05,0.99992144
-1.3843670883058157,-1.3843670883058157,True,0.9998926,0.00010741817
-1.3843670883058157,-1.3843670883058157,True,0.99983895,0.00016107052
0.722351758032472,0.722351758032472,True,9.453297e-05,0.99990547
-1.3843670883058157,-1.3843670883058157,True,0.9999191,8.090652e-05
0.722351758032472,0.722351758032472,True,0.00012528896,0.9998747
0.722351758032472,0.722351758032472,True,0.0029544234,0.9970456
0.722351758032472,0.722351758032472,True,0.000119924545,0.9998801
0.722351758032472,0.722351758032472,True,0.00018435717,0.99981564
0.722351758032472,0.722351758032472,True,0.00077426434,0.99922574
0.722351758032472,0.722351758032472,True,0.000341177,0.9996588
0.722351758032472,0.722351758032472,True,7.760525e-05,0.9999224
0.722351758032472,0.722351758032472,True,6.580353e-05,0.9999342
0.722351758032472,0.722351758032472,True,7.545948e-05,0.99992454
0.722351758032472,0.722351758032472,True,8.845329e-05,0.99991155
0.722351758032472,0.722351758032472,True,7.033348e-05,0.99992967
0.722351758032472,0.722351758032472,True,7.736683e-05,0.99992263
0.722351758032472,0.722351758032472,True,0.00026267767,0.9997373
0.722351758032472,0.722351758032472,True,0.00059473515,0.99940526
-1.3843670883058157,-1.3843670883058157,True,0.99990296,9.705616e-05
0.722351758032472,0.722351758032472,True,7.498264e-05,0.999925
-1.3843670883058157,-1.3843670883058157,True,0.9999134,8.662206e-05
0.722351758032472,0.722351758032472,True,9.393692e-05,0.99990606
-1.3843670883058157,-1.3843670883058157,True,0.99977976,0.00022025769
0.722351758032472,0.722351758032472,True,0.0001398325,0.99986017
0.722351758032472,0.722351758032472,True,8.6545944e-05,0.99991345
0.722351758032472,0.722351758032472,True,0.00024789572,0.9997521
-1.3843670883058157,-1.3843670883058157,True,0.999914,8.600705e-05
0.722351758032472,0.722351758032472,True,0.00011122227,0.9998888
-1.3843670883058157,-1.3843670883058157,True,0.99991286,8.714094e-05
0.722351758032472,0.722351758032472,True,0.00035357475,0.9996464
0.722351758032472,0.722351758032472,True,0.00022941828,0.9997706
0.722351758032472,0.722351758032472,True,0.00013971329,0.9998603
-1.3843670883058157,-1.3843670883058157,True,0.99991107,8.893935e-05
0.722351758032472,0.722351758032472,True,6.484985e-05,0.99993515
0.722351758032472,0.722351758032472,True,8.416176e-05,0.99991584
0.722351758032472,0.722351758032472,True,5.1259995e-05,0.99994874
0.722351758032472,0.722351758032472,True,0.0003067255,0.9996933
0.722351758032472,0.722351758032472,True,0.005558908,0.9944411
0.722351758032472,0.722351758032472,True,0.0005950928,0.9994049
0.722351758032472,0.722351758032472,True,9.250641e-05,0.9999075
-1.3843670883058157,-1.3843670883058157,True,0.9998573,0.00014270851
-1.3843670883058157,-1.3843670883058157,True,0.9999102,8.9818066e-05
0.722351758032472,0.722351758032472,True,0.0003566742,0.9996433
-1.3843670883058157,-1.3843670883058157,True,0.99973154,0.0002684629
0.722351758032472,0.722351758032472,True,0.00014925003,0.99985075
0.722351758032472,0.722351758032472,True,0.014014959,0.98598504
0.722351758032472,0.722351758032472,True,0.00017493963,0.99982506
0.722351758032472,0.722351758032472,True,6.723404e-05,0.99993277
0.722351758032472,0.722351758032472,True,4.4822693e-05,0.9999552
0.722351758032472,0.722351758032472,True,0.002960503,0.9970395
0.722351758032472,0.722351758032472,True,0.00030732155,0.9996927
0.722351758032472,0.722351758032472,True,8.392334e-05,0.9999161
-1.3843670883058157,-1.3843670883058157,True,0.99987745,0.0001225551
0.722351758032472,0.722351758032472,True,9.3340874e-05,0.99990666
0.722351758032472,0.722351758032472,True,0.000454247,0.99954575
0.722351758032472,0.722351758032472,True,0.00030994415,0.99969006
-1.3843670883058157,-1.3843670883058157,True,0.9999111,8.884407e-05
0.722351758032472,0.722351758032472,True,0.00022119284,0.9997788
0.722351758032472,0.722351758032472,True,0.000831604,0.9991684
-1.3843670883058157,-1.3843670883058157,True,0.99980086,0.00019912655
0.722351758032472,0.722351758032472,True,0.0035583377,0.99644166
-1.3843670883058157,-1.3843670883058157,True,0.999736,0.00026398656
0.722351758032472,0.722351758032472,True,6.1392784e-05,0.9999386
-1.3843670883058157,-1.3843670883058157,True,0.99985033,0.00014969574
0.722351758032472,0.722351758032472,True,0.00048971176,0.9995103
0.722351758032472,0.722351758032472,True,6.651878e-05,0.9999335
0.722351758032472,0.722351758032472,True,0.00018769503,0.9998123
0.722351758032472,0.722351758032472,True,0.00016450882,0.9998355
0.722351758032472,0.722351758032472,True,9.75132e-05,0.9999025
0.722351758032472,0.722351758032472,True,0.0001424551,0.99985754
-1.3843670883058157,-1.3843670883058157,True,0.99980515,0.00019481983
-1.3843670883058157,-1.3843670883058157,True,0.9997863,0.0002137002
-1.3843670883058157,-1.3843670883058157,True,0.99961483,0.00038514333
0.722351758032472,0.722351758032472,True,0.0022388697,0.99776113
0.722351758032472,0.722351758032472,True,9.560585e-05,0.9999044
-1.3843670883058157,-1.3843670883058157,True,0.9997731,0.0002269066
-1.3843670883058157,-1.3843670883058157,True,0.9999135,8.645677e-05
0.722351758032472,0.722351758032472,True,9.739399e-05,0.9999026
-1.3843670883058157,-1.3843670883058157,True,0.9998154,0.00018456904
0.722351758032472,0.722351758032472,True,0.00014162064,0.9998584
0.722351758032472,0.722351758032472,True,0.00014328957,0.9998567
0.722351758032472,0.722351758032472,True,0.00010287762,0.9998971
0.722351758032472,0.722351758032472,True,0.0005245805,0.9994754
0.722351758032472,0.722351758032472,True,0.00037884712,0.99962115
0.722351758032472,0.722351758032472,True,7.390976e-05,0.9999261
0.722351758032472,0.722351758032472,True,0.0004905462,0.99950945
0.722351758032472,0.722351758032472,True,9.2983246e-05,0.999907
0.722351758032472,0.722351758032472,True,5.4717064e-05,0.9999453
-1.3843670883058157,-1.3843670883058157,True,0.9998319,0.00016807018
0.722351758032472,0.722351758032472,True,8.2969666e-05,0.99991703
0.722351758032472,0.722351758032472,True,0.00027769804,0.9997223
-1.3843670883058157,-1.3843670883058157,True,0.9999161,8.392406e-05
-1.3843670883058157,-1.3843670883058157,True,0.9997042,0.00029584428
0.722351758032472,0.722351758032472,True,0.0009188652,0.99908113
0.722351758032472,0.722351758032472,True,0.00045067072,0.9995493
0.722351758032472,0.722351758032472,True,0.00014913082,0.99985087
0.722351758032472,0.722351758032472,True,0.000116586685,0.9998834
0.722351758032472,0.722351758032472,True,7.247925e-05,0.9999275
-1.3843670883058157,-1.3843670883058157,True,0.9999078,9.220115e-05
-1.3843670883058157,-1.3843670883058157,True,0.99977344,0.00022657927
-1.3843670883058157,-1.3843670883058157,True,0.9999127,8.730472e-05
-1.3843670883058157,-1.3843670883058157,True,0.9999098,9.016579e-05
0.722351758032472,0.722351758032472,True,0.00033545494,0.99966455
0.722351758032472,0.722351758032472,True,0.00010621548,0.9998938
0.722351758032472,0.722351758032472,True,0.0003734827,0.9996265
0.722351758032472,0.722351758032472,True,0.00036239624,0.9996376
0.722351758032472,0.722351758032472,True,5.9485435e-05,0.9999405
-1.3843670883058157,-1.3843670883058157,True,0.99989486,0.00010512097
0.722351758032472,0.722351758032472,True,4.720688e-05,0.9999528
0.722351758032472,0.722351758032472,True,0.00010025501,0.99989974
0.722351758032472,0.722351758032472,True,0.00014734268,0.99985266
0.722351758032472,0.722351758032472,True,0.0006108284,0.9993892
-1.3843670883058157,-1.3843670883058157,True,0.9999134,8.663436e-05
0.722351758032472,0.722351758032472,True,0.00081437826,0.9991856
-1.3843670883058157,-1.3843670883058157,True,0.9999181,8.1881364e-05
-1.3843670883058157,-1.3843670883058157,True,0.9999233,7.671833e-05
-1.3843670883058157,-1.3843670883058157,True,0.9999203,7.969588e-05
0.722351758032472,0.722351758032472,True,6.556511e-05,0.99993443
0.722351758032472,0.722351758032472,True,0.00021022558,0.9997898
-1.3843670883058157,-1.3843670883058157,True,0.99981284,0.00018712928
0.722351758032472,0.722351758032472,True,0.00042635202,0.99957365
0.722351758032472,0.722351758032472,True,9.405613e-05,0.99990594
0.722351758032472,0.722351758032472,True,5.853176e-05,0.99994147
-1.3843670883058157,-1.3843670883058157,True,0.9999182,8.178726e-05
0.722351758032472,0.722351758032472,True,8.1181526e-05,0.9999188
-1.3843670883058157,-1.3843670883058157,True,0.99990135,9.865551e-05
0.722351758032472,0.722351758032472,True,0.00053697824,0.999463
-1.3843670883058157,-1.3843670883058157,True,0.9999173,8.268658e-05
0.722351758032472,0.722351758032472,True,5.38826e-05,0.9999461
0.722351758032472,0.722351758032472,True,0.021767378,0.9782326
0.722351758032472,0.722351758032472,True,6.92606e-05,0.99993074
0.722351758032472,0.722351758032472,True,0.00010025501,0.99989974
-1.3843670883058157,-1.3843670883058157,True,0.999912,8.79633e-05
-1.3843670883058157,-1.3843670883058157,True,0.9996756,0.00032442628
0.722351758032472,0.722351758032472,True,0.00034832954,0.9996517
0.722351758032472,0.722351758032472,True,0.0003989339,0.99960107
0.722351758032472,0.722351758032472,True,0.0001155138,0.9998845
0.722351758032472,0.722351758032472,True,0.00022047758,0.9997795
-1.3843670883058157,-1.3843670883058157,True,0.99979424,0.00020573908
-1.3843670883058157,-1.3843670883058157,True,0.9999155,8.454788e-05
0.722351758032472,0.722351758032472,True,0.0001462698,0.99985373
0.722351758032472,0.722351758032472,True,0.0007149577,0.99928504
0.722351758032472,0.722351758032472,True,8.571148e-05,0.9999143
0.722351758032472,0.722351758032472,True,0.00029700994,0.999703
-1.3843670883058157,-1.3843670883058157,True,0.9992892,0.00071079633
0.722351758032472,0.722351758032472,True,5.710125e-05,0.9999429
0.722351758032472,0.722351758032472,True,8.046627e-05,0.99991953
-1.3843670883058157,-1.3843670883058157,True,0.9998073,0.00019272817
0.722351758032472,0.722351758032472,True,7.939339e-05,0.9999206
0.722351758032472,0.722351758032472,True,0.0019645095,0.9980355
-1.3843670883058157,-1.3843670883058157,True,0.9999035,9.648146e-05
0.722351758032472,0.722351758032472,True,6.1035156e-05,0.99993896
0.722351758032472,0.722351758032472,True,7.891655e-05,0.9999211
0.722351758032472,0.722351758032472,True,7.688999e-05,0.9999231
0.722351758032472,0.722351758032472,True,0.00037431717,0.9996257
0.722351758032472,0.722351758032472,True,0.00011456013,0.99988544
-1.3843670883058157,-1.3843670883058157,True,0.99991053,8.945002e-05
0.722351758032472,0.722351758032472,True,0.27285576,0.72714424
0.722351758032472,0.722351758032472,True,9.7990036e-05,0.999902
0.722351758032472,0.722351758032472,True,8.428097e-05,0.9999157
0.722351758032472,0.722351758032472,True,0.0002694726,0.9997305
0.722351758032472,0.722351758032472,True,0.0006029606,0.99939704
0.722351758032472,0.722351758032472,True,8.21352e-05,0.99991786
0.722351758032472,0.722351758032472,True,0.00017350912,0.9998265
0.722351758032472,0.722351758032472,True,7.343292e-05,0.99992657
0.722351758032472,0.722351758032472,True,6.484985e-05,0.99993515
-1.3843670883058157,-1.3843670883058157,True,0.99979377,0.00020624854
-1.3843670883058157,-1.3843670883058157,True,0.9998976,0.0001024037
0.722351758032472,0.722351758032472,True,0.00032186508,0.99967813
0.722351758032472,0.722351758032472,True,9.4771385e-05,0.9999052
0.722351758032472,0.722351758032472,True,0.00018948317,0.9998105
-1.3843670883058157,-1.3843670883058157,True,0.99991286,8.716571e-05
-1.3843670883058157,-1.3843670883058157,True,0.9999108,8.9200694e-05
0.722351758032472,0.722351758032472,True,0.0011135936,0.9988864
-1.3843670883058157,-1.3843670883058157,True,0.9999127,8.730472e-05
0.722351758032472,0.722351758032472,True,0.00013577938,0.9998642
-1.3843670883058157,-1.3843670883058157,True,0.99991167,8.833433e-05
0.722351758032472,0.722351758032472,True,0.00022631884,0.9997737
-1.3843670883058157,-1.3843670883058157,True,0.9999121,8.7910725e-05
0.722351758032472,0.722351758032472,True,0.00011026859,0.99988973
-1.3843670883058157,-1.3843670883058157,True,0.9998224,0.00017765076
-1.3843670883058157,-1.3843670883058157,True,0.9999133,8.670222e-05
-1.3843670883058157,-1.3843670883058157,True,0.9998309,0.00016907172
-1.3843670883058157,-1.3843670883058157,True,0.9994423,0.0005577033
0.722351758032472,0.722351758032472,True,0.00044959784,0.9995504
0.722351758032472,0.722351758032472,True,0.00016951561,0.9998305
0.722351758032472,0.722351758032472,True,0.0042292476,0.99577075
0.722351758032472,0.722351758032472,True,5.7816505e-05,0.9999422
0.722351758032472,0.722351758032472,True,0.0011490583,0.99885094
0.722351758032472,0.722351758032472,True,7.355213e-05,0.99992645
0.722351758032472,0.722351758032472,True,6.186962e-05,0.99993813
0.722351758032472,0.722351758032472,True,0.00013494492,0.99986506
-1.3843670883058157,-1.3843670883058157,True,0.9997921,0.00020789677
0.722351758032472,0.722351758032472,True,0.00069737434,0.9993026
0.722351758032472,0.722351758032472,True,8.749962e-05,0.9999125
-1.3843670883058157,-1.3843670883058157,True,0.9999059,9.412983e-05
0.722351758032472,0.722351758032472,True,0.00012779236,0.9998722
0.722351758032472,0.722351758032472,True,4.851818e-05,0.9999515
0.722351758032472,0.722351758032472,True,0.0005788803,0.9994211
-1.3843670883058157,-1.3843670883058157,True,0.9999208,7.9239006e-05
0.722351758032472,0.722351758032472,True,0.0001731515,0.99982685
-1.3843670883058157,-1.3843670883058157,True,0.9998201,0.00017988388
-1.3843670883058157,-1.3843670883058157,True,0.9999031,9.6907635e-05
0.722351758032472,0.722351758032472,True,0.00011897087,0.999881
0.722351758032472,0.722351758032472,True,8.189678e-05,0.9999181
0.722351758032472,0.722351758032472,True,0.00014281273,0.9998572
0.722351758032472,0.722351758032472,True,6.1154366e-05,0.99993885
0.722351758032472,0.722351758032472,True,0.0001052618,0.99989474
0.722351758032472,0.722351758032472,True,8.940697e-05,0.9999106
-1.3843670883058157,-1.3843670883058157,True,0.99990135,9.8662196e-05
-1.3843670883058157,-1.3843670883058157,True,0.9999152,8.4808205e-05
0.722351758032472,0.722351758032472,True,0.00029486418,0.99970514
0.722351758032472,0.722351758032472,True,0.00058329105,0.9994167
-1.3843670883058157,-1.3843670883058157,True,0.9999052,9.477824e-05
0.722351758032472,0.722351758032472,True,0.0013743639,0.99862564
-1.3843670883058157,-1.3843670883058157,True,0.9998058,0.00019421113
0.722351758032472,0.722351758032472,True,9.1671944e-05,0.9999083
-1.3843670883058157,-1.3843670883058157,True,0.9998444,0.00015560562
0.722351758032472,0.722351758032472,True,8.702278e-05,0.999913
-1.3843670883058157,-1.3843670883058157,True,0.99990153,9.84928e-05
-1.3843670883058157,-1.3843670883058157,True,0.99981344,0.00018657661
0.722351758032472,0.722351758032472,True,0.000102996826,0.999897
0.722351758032472,0.722351758032472,True,0.00011527538,0.9998847
0.722351758032472,0.722351758032472,True,7.6413155e-05,0.9999236
-1.3843670883058157,-1.3843670883058157,True,0.9998892,0.00011081937
0.722351758032472,0.722351758032472,True,6.937981e-05,0.9999306
0.722351758032472,0.722351758032472,True,9.059906e-05,0.9999094
0.722351758032472,0.722351758032472,True,0.00026339293,0.9997366
0.722351758032472,0.722351758032472,True,0.00057578087,0.9994242
-1.3843670883058157,-1.3843670883058157,True,0.9999036,9.637562e-05
0.722351758032472,0.722351758032472,True,6.92606e-05,0.99993074
0.722351758032472,0.722351758032472,True,9.608269e-05,0.9999039
0.722351758032472,0.722351758032472,True,0.00017470121,0.9998253
-1.3843670883058157,-1.3843670883058157,True,0.99990815,9.18391e-05
-1.3843670883058157,-1.3843670883058157,True,0.9999143,8.572227e-05
-1.3843670883058157,-1.3843670883058157,True,0.99991745,8.2533355e-05
0.722351758032472,0.722351758032472,True,0.00019532442,0.9998047
-1.3843670883058157,-1.3843670883058157,True,0.99931604,0.0006839624
0.722351758032472,0.722351758032472,True,0.00019818544,0.9998018
0.722351758032472,0.722351758032472,True,0.006767988,0.993232
0.722351758032472,0.722351758032472,True,5.90086e-05,0.999941
-1.3843670883058157,-1.3843670883058157,True,0.9998105,0.00018951294
0.722351758032472,0.722351758032472,True,0.0001770854,0.9998229
0.722351758032472,0.722351758032472,True,0.00020045042,0.99979955
-1.3843670883058157,-1.3843670883058157,True,0.9997715,0.00022852105
0.722351758032472,0.722351758032472,True,0.0007466674,0.99925333
0.722351758032472,0.722351758032472,True,0.00022166967,0.99977833
0.722351758032472,0.722351758032472,True,0.00011014938,0.99988985
-1.3843670883058157,-1.3843670883058157,True,0.9997781,0.00022189316
0.722351758032472,0.722351758032472,True,7.8201294e-05,0.9999218
-1.3843670883058157,-1.3843670883058157,True,0.99991727,8.2744635e-05
0.722351758032472,0.722351758032472,True,6.592274e-05,0.9999341
-1.3843670883058157,-1.3843670883058157,True,0.999909,9.103727e-05
0.722351758032472,0.722351758032472,True,0.00016331673,0.9998367
0.722351758032472,0.722351758032472,True,0.000101566315,0.99989843
-1.3843670883058157,-1.3843670883058157,True,0.99991006,8.9958216e-05
-1.3843670883058157,-1.3843670883058157,True,0.99988824,0.000111773355
0.722351758032472,0.722351758032472,True,8.3088875e-05,0.9999169
0.722351758032472,0.722351758032472,True,0.00012636185,0.99987364
-1.3843670883058157,-1.3843670883058157,True,0.99991137,8.861291e-05
-1.3843670883058157,-1.3843670883058157,True,0.9998041,0.00019591552
-1.3843670883058157,-1.3843670883058157,True,0.9997426,0.00025737917
0.722351758032472,0.722351758032472,True,0.00029295683,0.99970704
0.722351758032472,0.722351758032472,True,0.0014605522,0.99853945
0.722351758032472,0.722351758032472,True,0.00010251999,0.9998975
-1.3843670883058157,-1.3843670883058157,True,0.9999106,8.9423746e-05
0.722351758032472,0.722351758032472,True,8.070469e-05,0.9999193
0.722351758032472,0.722351758032472,True,0.00018912554,0.9998109
0.722351758032472,0.722351758032472,True,0.00021666288,0.99978334
0.722351758032472,0.722351758032472,True,0.0003014803,0.9996985
-1.3843670883058157,-1.3843670883058157,True,0.9996106,0.0003893818
-1.3843670883058157,-1.3843670883058157,True,0.99983084,0.00016918297
0.722351758032472,0.722351758032472,True,9.8228455e-05,0.9999018
0.722351758032472,0.722351758032472,True,0.00038409233,0.9996159
-1.3843670883058157,-1.3843670883058157,True,0.99991584,8.416923e-05
-1.3843670883058157,-1.3843670883058157,True,0.9998998,0.000100176956
0.722351758032472,0.722351758032472,True,8.9883804e-05,0.9999101
-1.3843670883058157,-1.3843670883058157,True,0.99991596,8.406688e-05
-1.3843670883058157,-1.3843670883058157,True,0.9999137,8.630018e-05
0.722351758032472,0.722351758032472,True,0.000172019,0.999828
0.722351758032472,0.722351758032472,True,0.0002682805,0.9997317
0.722351758032472,0.722351758032472,True,0.0001386404,0.99986136
0.722351758032472,0.722351758032472,True,0.00022727251,0.9997727
0.722351758032472,0.722351758032472,True,8.785725e-05,0.99991214
0.722351758032472,0.722351758032472,True,5.173683e-05,0.99994826
0.722351758032472,0.722351758032472,True,0.00012266636,0.99987733
0.722351758032472,0.722351758032472,True,4.863739e-05,0.99995136
0.722351758032472,0.722351758032472,True,0.00015556812,0.99984443
-1.3843670883058157,-1.3843670883058157,True,0.999778,0.00022200236
-1.3843670883058157,-1.3843670883058157,True,0.9998028,0.0001971869
0.722351758032472,0.722351758032472,True,0.0002951026,0.9997049
0.722351758032472,0.722351758032472,True,0.00035500526,0.999645
0.722351758032472,0.722351758032472,True,7.4863434e-05,0.99992514
-1.3843670883058157,-1.3843670883058157,True,0.9998379,0.00016214272
0.722351758032472,0.722351758032472,True,0.00018805265,0.99981195
0.722351758032472,0.722351758032472,True,0.0010894537,0.99891055
0.722351758032472,0.722351758032472,True,0.00022000074,0.99978
0.722351758032472,0.722351758032472,True,7.7843666e-05,0.99992216
-1.3843670883058157,-1.3843670883058157,True,0.99990296,9.7060416e-05
0.722351758032472,0.722351758032472,True,8.8214874e-05,0.9999118
0.722351758032472,0.722351758032472,True,9.918213e-05,0.9999008
0.722351758032472,0.722351758032472,True,0.0005722642,0.99942774
-1.3843670883058157,-1.3843670883058157,True,0.99979407,0.00020595222
0.722351758032472,0.722351758032472,True,4.8041344e-05,0.99995196
-1.3843670883058157,-1.3843670883058157,True,0.99987596,0.00012405064
0.722351758032472,0.722351758032472,True,0.00026780367,0.9997322
-1.3843670883058157,-1.3843670883058157,True,0.99991417,8.585963e-05
0.722351758032472,0.722351758032472,True,0.00011575222,0.99988425
-1.3843670883058157,-1.3843670883058157,True,0.99989647,0.00010356277
-1.3843670883058157,-1.3843670883058157,True,0.999916,8.401214e-05
0.722351758032472,0.722351758032472,True,0.00019830465,0.9998017
0.722351758032472,0.722351758032472,True,7.2956085e-05,0.99992704
0.722351758032472,0.722351758032472,True,0.0001026392,0.99989736
-1.3843670883058157,-1.3843670883058157,True,0.9998255,0.00017453752
0.722351758032472,0.722351758032472,True,9.024143e-05,0.99990976
0.722351758032472,0.722351758032472,True,0.00011909008,0.9998809
0.722351758032472,0.722351758032472,True,0.0010709167,0.9989291
0.722351758032472,0.722351758032472,True,6.902218e-05,0.999931
0.722351758032472,0.722351758032472,True,9.179115e-05,0.9999082
0.722351758032472,0.722351758032472,True,0.00011432171,0.9998857
0.722351758032472,0.722351758032472,True,0.00014579296,0.9998542
0.722351758032472,0.722351758032472,True,0.00019389391,0.9998061
0.722351758032472,0.722351758032472,True,8.177757e-05,0.9999182
-1.3843670883058157,-1.3843670883058157,True,0.9999131,8.689574e-05
0.722351758032472,0.722351758032472,True,0.0018758178,0.9981242
-1.3843670883058157,-1.3843670883058157,True,0.99978465,0.00021533322
0.722351758032472,0.722351758032472,True,8.690357e-05,0.9999131
0.722351758032472,0.722351758032472,True,7.879734e-05,0.9999212
0.722351758032472,0.722351758032472,True,6.258488e-05,0.9999374
0.722351758032472,0.722351758032472,True,0.0018659234,0.9981341
-1.3843670883058157,-1.3843670883058157,True,0.9999089,9.108528e-05
-1.3843670883058157,-1.3843670883058157,True,0.9996762,0.00032378882
-1.3843670883058157,-1.3843670883058157,True,0.9998059,0.00019405379
-1.3843670883058157,-1.3843670883058157,True,0.9999069,9.312506e-05
0.722351758032472,0.722351758032472,True,0.00010216236,0.99989784
0.722351758032472,0.722351758032472,True,0.0010675788,0.9989324
0.722351758032472,0.722351758032472,True,0.00014865398,0.99985135
0.722351758032472,0.722351758032472,True,5.865097e-05,0.99994135
0.722351758032472,0.722351758032472,True,7.05719e-05,0.9999294
-1.3843670883058157,-1.3843670883058157,True,0.9999114,8.8573885e-05
0.722351758032472,0.722351758032472,True,0.00051665306,0.99948335
-1.3843670883058157,-1.3843670883058157,True,0.99992174,7.827851e-05
0.722351758032472,0.722351758032472,True,0.015655994,0.984344
0.722351758032472,0.722351758032472,True,0.00013577938,0.9998642
-1.3843670883058157,-1.3843670883058157,True,0.9995075,0.0004924867
0.722351758032472,0.722351758032472,True,0.0002462268,0.9997538
0.722351758032472,0.722351758032472,True,0.0030114055,0.9969886
0.722351758032472,0.722351758032472,True,0.0016194582,0.99838054
0.722351758032472,0.722351758032472,True,0.0002823472,0.99971765
0.722351758032472,0.722351758032472,True,0.00013911724,0.9998609
0.722351758032472,0.722351758032472,True,0.00037527084,0.9996247
0.722351758032472,0.722351758032472,True,4.9829483e-05,0.9999502
0.722351758032472,0.722351758032472,True,6.830692e-05,0.9999317
0.722351758032472,0.722351758032472,True,0.0002476573,0.99975234
0.722351758032472,0.722351758032472,True,0.000174582,0.9998254
0.722351758032472,0.722351758032472,True,0.00015747547,0.9998425
-1.3843670883058157,-1.3843670883058157,True,0.9997722,0.00022783293
0.722351758032472,0.722351758032472,True,7.748604e-05,0.9999225
0.722351758032472,0.722351758032472,True,0.00027638674,0.9997236
0.722351758032472,0.722351758032472,True,0.0003299713,0.99967
0.722351758032472,0.722351758032472,True,0.00029188395,0.9997081
0.722351758032472,0.722351758032472,True,0.00017803907,0.99982196
0.722351758032472,0.722351758032472,True,7.56979e-05,0.9999243
-1.3843670883058157,-1.3843670883058157,True,0.99982435,0.00017566365
-1.3843670883058157,-1.3843670883058157,True,0.99982065,0.00017934559
-1.3843670883058157,-1.3843670883058157,True,0.9999128,8.721584e-05
-1.3843670883058157,-1.3843670883058157,True,0.9998517,0.00014827117
-1.3843670883058157,-1.3843670883058157,True,0.99975294,0.00024704626
0.722351758032472,0.722351758032472,True,0.00020962954,0.9997904
0.722351758032472,0.722351758032472,True,0.00024086237,0.99975914
0.722351758032472,0.722351758032472,True,9.8109245e-05,0.9999019
0.722351758032472,0.722351758032472,True,0.0001193285,0.9998807
0.722351758032472,0.722351758032472,True,6.9856644e-05,0.99993014
-1.3843670883058157,-1.3843670883058157,True,0.9998701,0.00012990777
0.722351758032472,0.722351758032472,True,8.428097e-05,0.9999157
0.722351758032472,0.722351758032472,True,0.0001193285,0.9998807
0.722351758032472,0.722351758032472,True,0.00014293194,0.99985707
0.722351758032472,0.722351758032472,True,0.00020426512,0.99979573
0.722351758032472,0.722351758032472,True,0.00012660027,0.9998734
-1.3843670883058157,-1.3843670883058157,True,0.99984443,0.00015556556
0.722351758032472,0.722351758032472,True,0.00016438961,0.9998356
-1.3843670883058157,-1.3843670883058157,True,0.9998659,0.00013414024
0.722351758032472,0.722351758032472,True,0.00017130375,0.9998287
0.722351758032472,0.722351758032472,True,5.6385994e-05,0.9999436
-1.3843670883058157,-1.3843670883058157,True,0.9998957,0.00010431544
0.722351758032472,0.722351758032472,True,0.00014305115,0.99985695
0.722351758032472,0.722351758032472,True,0.0003745556,0.99962544
0.722351758032472,0.722351758032472,True,0.000490427,0.9995096
0.722351758032472,0.722351758032472,True,8.9764595e-05,0.99991024
-1.3843670883058157,-1.3843670883058157,True,0.9999098,9.0155736e-05
-1.3843670883058157,-1.3843670883058157,True,0.9999124,8.759116e-05
-1.3843670883058157,-1.3843670883058157,True,0.9999212,7.879256e-05
-1.3843670883058157,-1.3843670883058157,True,0.99974215,0.00025783034
-1.3843670883058157,-1.3843670883058157,True,0.9998293,0.00017072409
-1.3843670883058157,-1.3843670883058157,True,0.9997729,0.00022711785
0.722351758032472,0.722351758032472,True,0.00016832352,0.9998317
0.722351758032472,0.722351758032472,True,4.863739e-05,0.99995136
0.722351758032472,0.722351758032472,True,5.5909157e-05,0.9999441
0.722351758032472,0.722351758032472,True,0.00011205673,0.99988794
-1.3843670883058157,-1.3843670883058157,True,0.9997646,0.00023537179
0.722351758032472,0.722351758032472,True,0.00015091896,0.9998491
0.722351758032472,0.722351758032472,True,8.2969666e-05,0.99991703
-1.3843670883058157,-1.3843670883058157,True,0.99949586,0.00050416077
0.722351758032472,0.722351758032472,True,0.00023061037,0.9997694
0.722351758032472,0.722351758032472,True,0.00036466122,0.99963534
0.722351758032472,0.722351758032472,True,6.723404e-05,0.99993277
0.722351758032472,0.722351758032472,True,9.512901e-05,0.9999049
0.722351758032472,0.722351758032472,True,0.00088626146,0.99911374
0.722351758032472,0.722351758032472,True,0.002538085,0.9974619
0.722351758032472,0.722351758032472,True,0.00031530857,0.9996847
-1.3843670883058157,-1.3843670883058157,True,0.9999141,8.589255e-05
-1.3843670883058157,-1.3843670883058157,True,0.99979943,0.00020058278
0.722351758032472,0.722351758032472,True,0.00011217594,0.9998878
0.722351758032472,0.722351758032472,True,0.023715556,0.97628444
0.722351758032472,0.722351758032472,True,0.00024241209,0.9997576
0.722351758032472,0.722351758032472,True,0.00020605326,0.99979395
0.722351758032472,0.722351758032472,True,6.1392784e-05,0.9999386
-1.3843670883058157,-1.3843670883058157,True,0.999906,9.397593e-05
0.722351758032472,0.722351758032472,True,0.0002835393,0.99971646
-1.3843670883058157,-1.3843670883058157,True,0.99990696,9.3067e-05
-1.3843670883058157,-1.3843670883058157,True,0.99990314,9.68402e-05
-1.3843670883058157,-1.3843670883058157,True,0.9999163,8.369995e-05
-1.3843670883058157,-1.3843670883058157,True,0.9998898,0.0001101886
0.722351758032472,0.722351758032472,True,0.009036958,0.99096304
0.722351758032472,0.722351758032472,True,7.510185e-05,0.9999249
0.722351758032472,0.722351758032472,True,0.00015699863,0.999843
-1.3843670883058157,-1.3843670883058157,True,0.9997036,0.00029640272
0.722351758032472,0.722351758032472,True,7.70092e-05,0.999923
0.722351758032472,0.722351758032472,True,6.2942505e-05,0.99993706
0.722351758032472,0.722351758032472,True,0.0022845268,0.9977155
0.722351758032472,0.722351758032472,True,0.00024050474,0.9997595
0.722351758032472,0.722351758032472,True,0.00032758713,0.9996724
-1.3843670883058157,-1.3843670883058157,True,0.9999068,9.319249e-05
0.722351758032472,0.722351758032472,True,0.000109791756,0.9998902
0.722351758032472,0.722351758032472,True,0.0003965497,0.99960345
-1.3843670883058157,-1.3843670883058157,True,0.9999158,8.420142e-05
-1.3843670883058157,-1.3843670883058157,True,0.9997905,0.00020950781
-1.3843670883058157,-1.3843670883058157,True,0.9998994,0.00010063739
-1.3843670883058157,-1.3843670883058157,True,0.99989486,0.00010512097
0.722351758032472,0.722351758032472,True,7.081032e-05,0.9999292
0.722351758032472,0.722351758032472,True,5.698204e-05,0.999943
0.722351758032472,0.722351758032472,True,8.4757805e-05,0.99991524
0.722351758032472,0.722351758032472,True,0.000320673,0.9996793
-1.3843670883058157,-1.3843670883058157,True,0.99982005,0.00017996639
0.722351758032472,0.722351758032472,True,0.00010919571,0.9998908
0.722351758032472,0.722351758032472,True,0.00016224384,0.99983776
-1.3843670883058157,-1.3843670883058157,True,0.99992216,7.786383e-05
0.722351758032472,0.722351758032472,True,0.000392735,0.99960726
0.722351758032472,0.722351758032472,True,0.00014126301,0.99985874
-1.3843670883058157,-1.3843670883058157,True,0.99970096,0.00029903447
0.722351758032472,0.722351758032472,True,5.7816505e-05,0.9999422
0.722351758032472,0.722351758032472,True,6.937981e-05,0.9999306
-1.3843670883058157,-1.3843670883058157,True,0.99991214,8.7853485e-05
0.722351758032472,0.722351758032472,True,0.00027948618,0.9997205
0.722351758032472,0.722351758032472,True,0.00046229362,0.9995377
-1.3843670883058157,-1.3843670883058157,True,0.99989986,0.000100116304
0.722351758032472,0.722351758032472,True,0.00016200542,0.999838
0.722351758032472,0.722351758032472,True,0.00016260147,0.9998374
0.722351758032472,0.722351758032472,True,5.7458878e-05,0.99994254
-1.3843670883058157,-1.3843670883058157,True,0.9997908,0.00020920658
-1.3843670883058157,-1.3843670883058157,True,0.99964327,0.0003567289
0.722351758032472,0.722351758032472,True,0.00031721592,0.9996828
0.722351758032472,0.722351758032472,True,0.0007779598,0.99922204
-1.3843670883058157,-1.3843670883058157,True,0.9999182,8.17602e-05
0.722351758032472,0.722351758032472,True,0.00015056133,0.99984944
0.722351758032472,0.722351758032472,True,0.00020891428,0.9997911
-1.3843670883058157,-1.3843670883058157,True,0.99947196,0.00052801037
-1.3843670883058157,-1.3843670883058157,True,0.9999171,8.293256e-05
-1.3843670883058157,-1.3843670883058157,True,0.99980754,0.00019248006
0.722351758032472,0.722351758032472,True,0.0001732707,0.9998267
0.722351758032472,0.722351758032472,True,0.0003402233,0.9996598
0.722351758032472,0.722351758032472,True,0.00015425682,0.99984574
0.722351758032472,0.722351758032472,True,9.5009804e-05,0.999905
0.722351758032472,0.722351758032472,True,5.209446e-05,0.9999479
-1.3843670883058157,-1.3843670883058157,True,0.999888,0.00011201192
0.722351758032472,0.722351758032472,True,0.00020295382,0.99979705
0.722351758032472,0.722351758032472,True,0.0001308918,0.9998691
0.722351758032472,0.722351758032472,True,0.00014698505,0.999853
0.722351758032472,0.722351758032472,True,0.0001128912,0.9998871
0.722351758032472,0.722351758032472,True,8.380413e-05,0.9999162
-1.3843670883058157,-1.3843670883058157,True,0.9998957,0.00010433175
-1.3843670883058157,-1.3843670883058157,True,0.9999016,9.842708e-05
0.722351758032472,0.722351758032472,True,9.703636e-05,0.99990296
0.722351758032472,0.722351758032472,True,0.00026530027,0.9997347
0.722351758032472,0.722351758032472,True,0.00043827295,0.9995617
-1.3843670883058157,-1.3843670883058157,True,0.99991333,8.6649896e-05
-1.3843670883058157,-1.3843670883058157,True,0.9999194,8.061317e-05
-1.3843670883058157,-1.3843670883058157,True,0.9999116,8.8391884e-05
0.722351758032472,0.722351758032472,True,0.00015294552,0.99984705
0.722351758032472,0.722351758032472,True,0.00012934208,0.99987066
0.722351758032472,0.722351758032472,True,0.0021679997,0.997832
0.722351758032472,0.722351758032472,True,0.00016629696,0.9998337
0.722351758032472,0.722351758032472,True,9.870529e-05,0.9999013
0.722351758032472,0.722351758032472,True,0.0001732707,0.9998267
-1.3843670883058157,-1.3843670883058157,True,0.99991965,8.0323116e-05
0.722351758032472,0.722351758032472,True,6.210804e-05,0.9999379
0.722351758032472,0.722351758032472,True,8.4519386e-05,0.9999155
0.722351758032472,0.722351758032472,True,7.43866e-05,0.9999256
0.722351758032472,0.722351758032472,True,0.00042384863,0.99957615
0.722351758032472,0.722351758032472,True,0.00018233061,0.99981767
0.722351758032472,0.722351758032472,True,0.0006377101,0.9993623
0.722351758032472,0.722351758032472,True,0.00041300058,0.999587
0.722351758032472,0.722351758032472,True,5.710125e-05,0.9999429
0.722351758032472,0.722351758032472,True,0.0004787445,0.99952126
0.722351758032472,0.722351758032472,True,5.352497e-05,0.9999465
0.722351758032472,0.722351758032472,True,0.00044935942,0.99955064
0.722351758032472,0.722351758032472,True,0.00033295155,0.99966705
0.722351758032472,0.722351758032472,True,0.00022524595,0.99977475
0.722351758032472,0.722351758032472,True,0.00027567148,0.9997243
-1.3843670883058157,-1.3843670883058157,True,0.9998973,0.00010271724
0.722351758032472,0.722351758032472,True,0.00011265278,0.99988735
0.722351758032472,0.722351758032472,True,6.604195e-05,0.99993396
-1.3843670883058157,-1.3843670883058157,True,0.99977624,0.00022373185
-1.3843670883058157,-1.3843670883058157,True,0.9999204,7.9554804e-05
0.722351758032472,0.722351758032472,True,0.00037157536,0.9996284
-1.3843670883058157,-1.3843670883058157,True,0.9996569,0.00034308832
0.722351758032472,0.722351758032472,True,0.00044709444,0.9995529
-1.3843670883058157,-1.3843670883058157,True,0.99979484,0.00020515041
-1.3843670883058157,-1.3843670883058157,True,0.9999098,9.017765e-05
0.722351758032472,0.722351758032472,True,8.428097e-05,0.9999157
-1.3843670883058157,-1.3843670883058157,True,0.9999076,9.23857e-05
-1.3843670883058157,-1.3843670883058157,True,0.99969476,0.0003052072
0.722351758032472,0.722351758032472,True,7.271767e-05,0.9999273
-1.3843670883058157,-1.3843670883058157,True,0.99975115,0.00024885428
0.722351758032472,0.722351758032472,True,0.00025075674,0.99974924
-1.3843670883058157,-1.3843670883058157,True,0.99991643,8.356024e-05
0.722351758032472,0.722351758032472,True,7.534027e-05,0.99992466
0.722351758032472,0.722351758032472,True,0.0001822114,0.9998178
-1.3843670883058157,-1.3843670883058157,True,0.9999124,8.7637105e-05
0.722351758032472,0.722351758032472,True,0.0014551878,0.9985448
0.722351758032472,0.722351758032472,True,0.00035214424,0.99964786
0.722351758032472,0.722351758032472,True,7.164478e-05,0.99992836
-1.3843670883058157,-1.3843670883058157,True,0.9997291,0.00027089208
0.722351758032472,0.722351758032472,True,7.677078e-05,0.9999232
-1.3843670883058157,-1.3843670883058157,True,0.9997354,0.00026456657
0.722351758032472,0.722351758032472,True,0.00025302172,0.999747
-1.3843670883058157,-1.3843670883058157,True,0.9997064,0.00029361714
-1.3843670883058157,-1.3843670883058157,True,0.9998577,0.00014228933
0.722351758032472,0.722351758032472,True,0.00017637014,0.99982363
0.722351758032472,0.722351758032472,True,0.000104784966,0.9998952
0.722351758032472,0.722351758032472,True,0.00019699335,0.999803
0.722351758032472,0.722351758032472,True,0.0029864311,0.99701357
-1.3843670883058157,-1.3843670883058157,True,0.99991417,8.5827545e-05
0.722351758032472,0.722351758032472,True,0.00013744831,0.99986255
0.722351758032472,0.722351758032472,True,7.879734e-05,0.9999212
-1.3843670883058157,-1.3843670883058157,True,0.99978316,0.00021686307
0.722351758032472,0.722351758032472,True,8.1300735e-05,0.9999187
-1.3843670883058157,-1.3843670883058157,True,0.9999046,9.544886e-05
0.722351758032472,0.722351758032472,True,5.6028366e-05,0.999944
0.722351758032472,0.722351758032472,True,0.00053077936,0.9994692
0.722351758032472,0.722351758032472,True,0.00013673306,0.99986327
-1.3843670883058157,-1.3843670883058157,True,0.999765,0.00023502264
-1.3843670883058157,-1.3843670883058157,True,0.9997266,0.00027342484
-1.3843670883058157,-1.3843670883058157,True,0.9996718,0.0003281538
0.722351758032472,0.722351758032472,True,0.000119924545,0.9998801
0.722351758032472,0.722351758032472,True,5.209446e-05,0.9999479
-1.3843670883058157,-1.3843670883058157,True,0.9999114,8.858351e-05
-1.3843670883058157,-1.3843670883058157,True,0.9999156,8.441085e-05
0.722351758032472,0.722351758032472,True,0.00013124943,0.99986875
-1.3843670883058157,-1.3843670883058157,True,0.9995873,0.00041270032
0.722351758032472,0.722351758032472,True,0.00044494867,0.99955505
0.722351758032472,0.722351758032472,True,0.00058436394,0.99941564
0.722351758032472,0.722351758032472,True,0.00014960766,0.9998504
0.722351758032472,0.722351758032472,True,0.00011062622,0.9998894
0.722351758032472,0.722351758032472,True,0.00011265278,0.99988735
0.722351758032472,0.722351758032472,True,0.0005750656,0.99942493
0.722351758032472,0.722351758032472,True,0.00017398596,0.999826
0.722351758032472,0.722351758032472,True,0.00038015842,0.99961984
-1.3843670883058157,-1.3843670883058157,True,0.999534,0.00046599357
-1.3843670883058157,-1.3843670883058157,True,0.9999208,7.92384e-05
0.722351758032472,0.722351758032472,True,0.00011956692,0.99988043
0.722351758032472,0.722351758032472,True,0.00018185377,0.99981815
-1.3843670883058157,-1.3843670883058157,True,0.99991006,8.9965e-05
0.722351758032472,0.722351758032472,True,0.00045520067,0.9995448
0.722351758032472,0.722351758032472,True,6.9856644e-05,0.99993014
0.722351758032472,0.722351758032472,True,0.0003299713,0.99967
-1.3843670883058157,0.722351758032472,False,0.011064112,0.9889359
0.722351758032472,0.722351758032472,True,0.00053304434,0.99946696
0.722351758032472,0.722351758032472,True,0.00022488832,0.9997751
0.722351758032472,0.722351758032472,True,4.9829483e-05,0.9999502
0.722351758032472,0.722351758032472,True,0.00013947487,0.9998605
0.722351758032472,0.722351758032472,True,0.00214535,0.99785465
0.722351758032472,0.722351758032472,True,0.00015211105,0.9998479
0.722351758032472,0.722351758032472,True,5.6385994e-05,0.9999436
0.722351758032472,0.722351758032472,True,0.00012874603,0.99987125
-1.3843670883058157,-1.3843670883058157,True,0.99991053,8.945002e-05
0.722351758032472,0.722351758032472,True,0.0022642612,0.99773574
-1.3843670883058157,-1.3843670883058157,True,0.99992144,7.857047e-05
-1.3843670883058157,-1.3843670883058157,True,0.99989223,0.000107782624
0.722351758032472,0.722351758032472,True,0.0001822114,0.9998178
0.722351758032472,0.722351758032472,True,6.484985e-05,0.99993515
0.722351758032472,0.722351758032472,True,0.00017505884,0.99982494
-1.3843670883058157,-1.3843670883058157,True,0.9999119,8.8090055e-05
0.722351758032472,0.722351758032472,True,8.678436e-05,0.9999132
0.722351758032472,0.722351758032472,True,6.6280365e-05,0.9999337
0.722351758032472,0.722351758032472,True,0.00023800135,0.999762
0.722351758032472,0.722351758032472,True,0.00020331144,0.9997967
0.722351758032472,0.722351758032472,True,0.0013025403,0.99869746
0.722351758032472,0.722351758032472,True,0.00018852949,0.9998115
0.722351758032472,0.722351758032472,True,0.00025886297,0.99974114
0.722351758032472,0.722351758032472,True,0.00028687716,0.9997131
0.722351758032472,0.722351758032472,True,6.6161156e-05,0.99993384
-1.3843670883058157,-1.3843670883058157,True,0.9997621,0.00023786945
0.722351758032472,0.722351758032472,True,0.0001847148,0.9998153
0.722351758032472,0.722351758032472,True,7.390976e-05,0.9999261
0.722351758032472,0.722351758032472,True,0.000105023384,0.999895
0.722351758032472,0.722351758032472,True,0.00023049116,0.9997695
-1.3843670883058157,-1.3843670883058157,True,0.999912,8.79633e-05
0.722351758032472,0.722351758032472,True,0.0001604557,0.99983954
0.722351758032472,0.722351758032472,True,0.00020891428,0.9997911
-1.3843670883058157,-1.3843670883058157,True,0.6184938,0.38150617
0.722351758032472,0.722351758032472,True,0.00015938282,0.9998406
0.722351758032472,0.722351758032472,True,0.000101566315,0.99989843
-1.3843670883058157,0.722351758032472,False,0.03391868,0.9660813
0.722351758032472,0.722351758032472,True,0.03938532,0.9606147
0.722351758032472,0.722351758032472,True,0.0002670884,0.9997329
-1.3843670883058157,-1.3843670883058157,True,0.99974686,0.0002531484
-1.3843670883058157,-1.3843670883058157,True,0.9996071,0.0003929334
-1.3843670883058157,-1.3843670883058157,True,0.9996412,0.0003588081
-1.3843670883058157,-1.3843670883058157,True,0.99982005,0.00017995093
-1.3843670883058157,-1.3843670883058157,True,0.99985343,0.00014654442
0.722351758032472,0.722351758032472,True,0.00035333633,0.99964666
0.722351758032472,0.722351758032472,True,0.0001399517,0.99986005
-1.3843670883058157,-1.3843670883058157,True,0.9998986,0.00010136378
-1.3843670883058157,-1.3843670883058157,True,0.9997639,0.00023607255
0.722351758032472,0.722351758032472,True,5.0663948e-05,0.99994934
-1.3843670883058157,-1.3843670883058157,True,0.9999107,8.928137e-05
0.722351758032472,0.722351758032472,True,0.0002796054,0.9997204
0.722351758032472,0.722351758032472,True,0.0001437664,0.99985623
0.722351758032472,0.722351758032472,True,6.41346e-05,0.99993587
0.722351758032472,0.722351758032472,True,6.055832e-05,0.99993944
-1.3843670883058157,-1.3843670883058157,True,0.999628,0.0003719951
0.722351758032472,0.722351758032472,True,0.000113487244,0.9998865
0.722351758032472,0.722351758032472,True,6.759167e-05,0.9999324
0.722351758032472,0.722351758032472,True,0.00011396408,0.99988604
-1.3843670883058157,-1.3843670883058157,True,0.9995386,0.00046142592
-1.3843670883058157,-1.3843670883058157,True,0.9995873,0.00041271388
-1.3843670883058157,-1.3843670883058157,True,0.9999119,8.8069726e-05
0.722351758032472,0.722351758032472,True,0.00020164251,0.99979836
0.722351758032472,0.722351758032472,True,7.367134e-05,0.9999263
-1.3843670883058157,-1.3843670883058157,True,0.999898,0.000102005
0.722351758032472,0.722351758032472,True,0.00012433529,0.99987566
0.722351758032472,0.722351758032472,True,0.00016653538,0.99983346
0.722351758032472,0.722351758032472,True,0.0004991293,0.9995009
0.722351758032472,0.722351758032472,True,5.9604645e-05,0.9999404
-1.3843670883058157,-1.3843670883058157,True,0.9999125,8.7513676e-05
-1.3843670883058157,-1.3843670883058157,True,0.99990815,9.1879396e-05
0.722351758032472,0.722351758032472,True,0.00021916628,0.99978083
-1.3843670883058157,-1.3843670883058157,True,0.9998093,0.00019069112
0.722351758032472,0.722351758032472,True,0.00035262108,0.9996474
0.722351758032472,0.722351758032472,True,0.007871866,0.99212813
0.722351758032472,0.722351758032472,True,8.08239e-05,0.9999192
-1.3843670883058157,-1.3843670883058157,True,0.9999141,8.589255e-05
-1.3843670883058157,-1.3843670883058157,True,0.99970937,0.00029063123
0.722351758032472,0.722351758032472,True,6.723404e-05,0.99993277
0.722351758032472,0.722351758032472,True,8.022785e-05,0.9999198
-1.3843670883058157,-1.3843670883058157,True,0.9999091,9.090419e-05
0.722351758032472,0.722351758032472,True,0.00014746189,0.99985254
0.722351758032472,0.722351758032472,True,8.511543e-05,0.9999149
0.722351758032472,0.722351758032472,True,9.36985e-05,0.9999063
0.722351758032472,0.722351758032472,True,9.6321106e-05,0.9999037
-1.3843670883058157,-1.3843670883058157,True,0.999511,0.00048899965
-1.3843670883058157,-1.3843670883058157,True,0.9998905,0.00010948352
0.722351758032472,0.722351758032472,True,0.00014901161,0.999851
-1.3843670883058157,-1.3843670883058157,True,0.99965155,0.00034842285
0.722351758032472,0.722351758032472,True,0.00014793873,0.99985206
0.722351758032472,0.722351758032472,True,0.00034213066,0.99965787
0.722351758032472,0.722351758032472,True,0.0075488687,0.99245113
-1.3843670883058157,-1.3843670883058157,True,0.99946326,0.00053676707
-1.3843670883058157,-1.3843670883058157,True,0.99988925,0.00011071649
-1.3843670883058157,-1.3843670883058157,True,0.99952143,0.00047856316
0.722351758032472,0.722351758032472,True,0.0001822114,0.9998178
0.722351758032472,0.722351758032472,True,0.00014030933,0.9998597
0.722351758032472,0.722351758032472,True,0.00015258789,0.9998474
0.722351758032472,0.722351758032472,True,0.003546834,0.99645317
0.722351758032472,0.722351758032472,True,0.00032317638,0.9996768
0.722351758032472,0.722351758032472,True,0.00012421608,0.9998758
-1.3843670883058157,-1.3843670883058157,True,0.99991477,8.52515e-05
0.722351758032472,0.722351758032472,True,0.00028055906,0.99971944
0.722351758032472,0.722351758032472,True,0.000156641,0.99984336
0.722351758032472,0.722351758032472,True,0.0003452301,0.99965477
0.722351758032472,0.722351758032472,True,0.00019925833,0.99980074
0.722351758032472,0.722351758032472,True,0.00016021729,0.9998398
-1.3843670883058157,-1.3843670883058157,True,0.99990326,9.6713215e-05
0.722351758032472,0.722351758032472,True,0.00028139353,0.9997186
0.722351758032472,0.722351758032472,True,0.000495553,0.99950445
-1.3843670883058157,0.722351758032472,False,0.0005686879,0.9994313
0.722351758032472,0.722351758032472,True,0.00010108948,0.9998989
0.722351758032472,0.722351758032472,True,0.00048530102,0.9995147
-1.3843670883058157,-1.3843670883058157,True,0.99980503,0.0001949445
0.722351758032472,0.722351758032472,True,5.2690506e-05,0.9999473
0.722351758032472,0.722351758032472,True,0.0003259182,0.9996741
-1.3843670883058157,-1.3843670883058157,True,0.9999147,8.5265965e-05
0.722351758032472,0.722351758032472,True,9.4890594e-05,0.9999051
0.722351758032472,0.722351758032472,True,0.00016498566,0.999835
0.722351758032472,0.722351758032472,True,9.119511e-05,0.9999088
-1.3843670883058157,-1.3843670883058157,True,0.99972624,0.00027375744
-1.3843670883058157,-1.3843670883058157,True,0.99991524,8.478088e-05
0.722351758032472,0.722351758032472,True,7.033348e-05,0.99992967
0.722351758032472,0.722351758032472,True,0.00020712614,0.9997929
0.722351758032472,0.722351758032472,True,7.236004e-05,0.99992764
0.722351758032472,0.722351758032472,True,0.00022405386,0.99977595
-1.3843670883058157,-1.3843670883058157,True,0.9999022,9.779259e-05
0.722351758032472,0.722351758032472,True,0.00011754036,0.99988246
0.722351758032472,0.722351758032472,True,0.00012266636,0.99987733
-1.3843670883058157,-1.3843670883058157,True,0.9997328,0.00026722843
0.722351758032472,0.722351758032472,True,9.6678734e-05,0.9999033
-1.3843670883058157,-1.3843670883058157,True,0.9998956,0.00010443776
0.722351758032472,0.722351758032472,True,9.1671944e-05,0.9999083
0.722351758032472,0.722351758032472,True,5.722046e-05,0.9999428
-1.3843670883058157,-1.3843670883058157,True,0.9998912,0.00010879197
-1.3843670883058157,-1.3843670883058157,True,0.9996449,0.00035512226
0.722351758032472,0.722351758032472,True,0.00021368265,0.9997863
0.722351758032472,0.722351758032472,True,0.00024026632,0.99975973
0.722351758032472,0.722351758032472,True,6.890297e-05,0.9999311
0.722351758032472,0.722351758032472,True,5.9962273e-05,0.99994004
0.722351758032472,0.722351758032472,True,0.00011229515,0.9998877
0.722351758032472,0.722351758032472,True,9.250641e-05,0.9999075
-1.3843670883058157,-1.3843670883058157,True,0.99980783,0.00019218902
-1.3843670883058157,-1.3843670883058157,True,0.9998076,0.00019241327
0.722351758032472,0.722351758032472,True,0.0002387166,0.9997613
-1.3843670883058157,-1.3843670883058157,True,0.99984133,0.00015865028
-1.3843670883058157,-1.3843670883058157,True,0.99991596,8.406688e-05
-1.3843670883058157,-1.3843670883058157,True,0.9995331,0.00046687011
0.722351758032472,0.722351758032472,True,0.00025111437,0.9997489
-1.3843670883058157,-1.3843670883058157,True,0.99972546,0.00027455596
0.722351758032472,0.722351758032472,True,0.00012755394,0.99987245
0.722351758032472,0.722351758032472,True,0.00026839972,0.9997316
0.722351758032472,0.722351758032472,True,7.176399e-05,0.99992824
-1.3843670883058157,-1.3843670883058157,True,0.99990165,9.8357836e-05
0.722351758032472,0.722351758032472,True,0.0005541444,0.99944586
-1.3843670883058157,-1.3843670883058157,True,0.9999246,7.541551e-05
0.722351758032472,0.722351758032472,True,5.042553e-05,0.9999496
-1.3843670883058157,-1.3843670883058157,True,0.99987775,0.00012227878
-1.3843670883058157,-1.3843670883058157,True,0.9998213,0.00017871364
0.722351758032472,0.722351758032472,True,0.00037038326,0.9996296
0.722351758032472,0.722351758032472,True,9.727478e-05,0.9999027
0.722351758032472,0.722351758032472,True,0.001085639,0.99891436
0.722351758032472,0.722351758032472,True,0.00024932623,0.9997507
0.722351758032472,0.722351758032472,True,0.00020748377,0.9997925
-1.3843670883058157,-1.3843670883058157,True,0.9998652,0.00013483067
-1.3843670883058157,-1.3843670883058157,True,0.9997771,0.00022294503
0.722351758032472,0.722351758032472,True,4.220009e-05,0.9999578
0.722351758032472,0.722351758032472,True,0.00012671947,0.9998733
0.722351758032472,0.722351758032472,True,0.0003541708,0.9996458
0.722351758032472,0.722351758032472,True,6.759167e-05,0.9999324
0.722351758032472,0.722351758032472,True,8.404255e-05,0.99991596
-1.3843670883058157,-1.3843670883058157,True,0.99990416,9.5857955e-05
0.722351758032472,0.722351758032472,True,9.691715e-05,0.9999031
0.722351758032472,0.722351758032472,True,0.00019937754,0.9998006
-1.3843670883058157,-1.3843670883058157,True,0.99971795,0.00028203058
0.722351758032472,0.722351758032472,True,9.584427e-05,0.99990416
-1.3843670883058157,-1.3843670883058157,True,0.9998679,0.0001320654
-1.3843670883058157,-1.3843670883058157,True,0.99969596,0.0003040226
-1.3843670883058157,-1.3843670883058157,True,0.9998192,0.00018079487
0.722351758032472,0.722351758032472,True,0.0007312894,0.9992687
-1.3843670883058157,-1.3843670883058157,True,0.99991304,8.6976484e-05
0.722351758032472,0.722351758032472,True,0.000106573105,0.9998934
0.722351758032472,0.722351758032472,True,7.212162e-05,0.9999279
0.722351758032472,0.722351758032472,True,0.0002579093,0.9997421
-1.3843670883058157,-1.3843670883058157,True,0.99974376,0.00025624136
-1.3843670883058157,-1.3843670883058157,True,0.9996856,0.00031443706
0.722351758032472,0.722351758032472,True,0.0022253394,0.99777466
0.722351758032472,0.722351758032472,True,0.0003004074,0.9996996
0.722351758032472,0.722351758032472,True,0.00012493134,0.99987507
0.722351758032472,0.722351758032472,True,0.00035202503,0.999648
0.722351758032472,0.722351758032472,True,9.179115e-05,0.9999082
0.722351758032472,0.722351758032472,True,0.00046026707,0.99953973
0.722351758032472,0.722351758032472,True,0.0002040267,0.999796
-1.3843670883058157,-1.3843670883058157,True,0.99982953,0.00017045521
-1.3843670883058157,-1.3843670883058157,True,0.9999108,8.920376e-05
-1.3843670883058157,-1.3843670883058157,True,0.9999135,8.645965e-05
-1.3843670883058157,-1.3843670883058157,True,0.9999013,9.8733435e-05
0.722351758032472,0.722351758032472,True,0.00016224384,0.99983776
-1.3843670883058157,-1.3843670883058157,True,0.99982584,0.00017418338
0.722351758032472,0.722351758032472,True,0.00011098385,0.999889
0.722351758032472,0.722351758032472,True,0.00022011995,0.9997799
0.722351758032472,0.722351758032472,True,0.00013530254,0.9998647
-1.3843670883058157,-1.3843670883058157,True,0.9999191,8.0858765e-05
0.722351758032472,0.722351758032472,True,0.0001912713,0.9998087
0.722351758032472,0.722351758032472,True,0.00079506636,0.99920493
0.722351758032472,0.722351758032472,True,7.7962875e-05,0.99992204
0.722351758032472,0.722351758032472,True,0.00013113022,0.99986887
0.722351758032472,0.722351758032472,True,6.186962e-05,0.99993813
0.722351758032472,0.722351758032472,True,5.543232e-05,0.99994457
-1.3843670883058157,-1.3843670883058157,True,0.99991435,8.567789e-05
0.722351758032472,0.722351758032472,True,6.711483e-05,0.9999329
0.722351758032472,0.722351758032472,True,0.10857624,0.89142376
0.722351758032472,0.722351758032472,True,0.00018781424,0.9998122
-1.3843670883058157,0.722351758032472,False,0.0013697147,0.9986303
-1.3843670883058157,-1.3843670883058157,True,0.9999224,7.761926e-05
-1.3843670883058157,-1.3843670883058157,True,0.9997845,0.0002154548
0.722351758032472,0.722351758032472,True,0.0018011928,0.9981988
0.722351758032472,0.722351758032472,True,0.0001296997,0.9998703
-1.3843670883058157,0.722351758032472,False,0.21410793,0.78589207
0.722351758032472,0.722351758032472,True,0.00052922964,0.9994708
0.722351758032472,0.722351758032472,True,6.902218e-05,0.999931
0.722351758032472,0.722351758032472,True,0.000102996826,0.999897
-1.3843670883058157,-1.3843670883058157,True,0.99991304,8.69458e-05
-1.3843670883058157,-1.3843670883058157,True,0.9999015,9.853883e-05
0.722351758032472,0.722351758032472,True,0.00016498566,0.999835
-1.3843670883058157,-1.3843670883058157,True,0.9997351,0.0002648823
0.722351758032472,0.722351758032472,True,0.000120162964,0.99987984
0.722351758032472,0.722351758032472,True,0.00013446808,0.99986553
0.722351758032472,0.722351758032472,True,0.00048279762,0.9995172
-1.3843670883058157,-1.3843670883058157,True,0.99949396,0.00050605583
-1.3843670883058157,-1.3843670883058157,True,0.9999121,8.7916174e-05
-1.3843670883058157,-1.3843670883058157,True,0.9996415,0.000358519
-1.3843670883058157,-1.3843670883058157,True,0.99971175,0.00028825007
0.722351758032472,0.722351758032472,True,5.4121017e-05,0.9999459
0.722351758032472,0.722351758032472,True,0.00011527538,0.9998847
-1.3843670883058157,-1.3843670883058157,True,0.9998974,0.00010258285
0.722351758032472,0.722351758032472,True,7.6293945e-05,0.9999237
0.722351758032472,0.722351758032472,True,0.00024551153,0.9997545
0.722351758032472,0.722351758032472,True,0.00017637014,0.99982363
-1.3843670883058157,-1.3843670883058157,True,0.9999125,8.748155e-05
-1.3843670883058157,-1.3843670883058157,True,0.99982214,0.00017788772
0.722351758032472,0.722351758032472,True,0.00017517805,0.9998248
-1.3843670883058157,-1.3843670883058157,True,0.9999109,8.9091205e-05
0.722351758032472,0.722351758032472,True,0.00013279915,0.9998672
0.722351758032472,0.722351758032472,True,0.0007737875,0.9992262
-1.3843670883058157,-1.3843670883058157,True,0.999909,9.098711e-05
0.722351758032472,0.722351758032472,True,6.330013e-05,0.9999367
0.722351758032472,0.722351758032472,True,8.952618e-05,0.9999105
0.722351758032472,0.722351758032472,True,0.0001450777,0.9998549
0.722351758032472,0.722351758032472,True,0.00034749508,0.9996525
0.722351758032472,0.722351758032472,True,0.00025433302,0.99974567
-1.3843670883058157,-1.3843670883058157,True,0.99990565,9.434181e-05
0.722351758032472,0.722351758032472,True,0.00073331594,0.9992667
0.722351758032472,0.722351758032472,True,0.002982974,0.997017
0.722351758032472,0.722351758032472,True,0.0002182126,0.9997818
-1.3843670883058157,-1.3843670883058157,True,0.99980885,0.00019112947
0.722351758032472,0.722351758032472,True,0.00017249584,0.9998275
-1.3843670883058157,-1.3843670883058157,True,0.99991566,8.432572e-05
0.722351758032472,0.722351758032472,True,0.0001039505,0.99989605
-1.3843670883058157,-1.3843670883058157,True,0.9997863,0.00021367372
0.722351758032472,0.722351758032472,True,0.00022286177,0.99977714
0.722351758032472,0.722351758032472,True,0.0010549426,0.99894506
-1.3843670883058157,-1.3843670883058157,True,0.9999137,8.630018e-05
0.722351758032472,0.722351758032472,True,5.733967e-05,0.99994266
0.722351758032472,0.722351758032472,True,0.00015032291,0.9998497
0.722351758032472,0.722351758032472,True,0.0001758933,0.9998241
-1.3843670883058157,-1.3843670883058157,True,0.99965554,0.00034445612
0.722351758032472,0.722351758032472,True,9.071827e-05,0.9999093
0.722351758032472,0.722351758032472,True,0.00015223026,0.99984777
0.722351758032472,0.722351758032472,True,0.00014829636,0.9998517
0.722351758032472,0.722351758032472,True,0.00012850761,0.9998715
0.722351758032472,0.722351758032472,True,0.00050759315,0.9994924
0.722351758032472,0.722351758032472,True,9.262562e-05,0.9999074
0.722351758032472,0.722351758032472,True,0.00035607815,0.9996439
0.722351758032472,0.722351758032472,True,9.548664e-05,0.9999045
-1.3843670883058157,-1.3843670883058157,True,0.9997225,0.00027753413
0.722351758032472,0.722351758032472,True,0.0002949834,0.999705
0.722351758032472,0.722351758032472,True,0.00010108948,0.9998989
0.722351758032472,0.722351758032472,True,0.0002657771,0.9997342
0.722351758032472,0.722351758032472,True,7.3075294e-05,0.9999269
0.722351758032472,0.722351758032472,True,0.12634885,0.87365115
0.722351758032472,0.722351758032472,True,5.3167343e-05,0.99994683
0.722351758032472,0.722351758032472,True,5.7816505e-05,0.9999422
0.722351758032472,0.722351758032472,True,0.00059759617,0.9994024
0.722351758032472,0.722351758032472,True,0.00044625998,0.99955374
-1.3843670883058157,-1.3843670883058157,True,0.9999044,9.5630894e-05
0.722351758032472,0.722351758032472,True,0.00019341707,0.9998066
0.722351758032472,0.722351758032472,True,0.00022190809,0.9997781
0.722351758032472,0.722351758032472,True,0.00017386675,0.99982613
0.722351758032472,0.722351758032472,True,0.00011110306,0.9998889
0.722351758032472,0.722351758032472,True,0.0001335144,0.9998665
-1.3843670883058157,-1.3843670883058157,True,0.99986655,0.00013344482
0.722351758032472,0.722351758032472,True,0.0010473728,0.9989526
0.722351758032472,0.722351758032472,True,0.00031673908,0.99968326
0.722351758032472,0.722351758032472,True,0.000111460686,0.99988854
0.722351758032472,0.722351758032472,True,0.0003424883,0.9996575
0.722351758032472,0.722351758032472,True,0.00023299456,0.999767
0.722351758032472,0.722351758032472,True,0.0004942417,0.99950576
-1.3843670883058157,-1.3843670883058157,True,0.9999049,9.515387e-05
0.722351758032472,0.722351758032472,True,0.00012874603,0.99987125
0.722351758032472,0.722351758032472,True,0.00038701296,0.999613
0.722351758032472,0.722351758032472,True,8.21352e-05,0.99991786
0.722351758032472,0.722351758032472,True,8.8095665e-05,0.9999119
-1.3843670883058157,-1.3843670883058157,True,0.99975085,0.00024916933
-1.3843670883058157,-1.3843670883058157,True,0.9998125,0.00018748753
-1.3843670883058157,-1.3843670883058157,True,0.9999101,8.989767e-05
-1.3843670883058157,-1.3843670883058157,True,0.999923,7.70094e-05
0.722351758032472,0.722351758032472,True,0.00039345026,0.99960655
0.722351758032472,0.722351758032472,True,0.00051259995,0.9994874
0.722351758032472,0.722351758032472,True,0.00016915798,0.99983084
0.722351758032472,0.722351758032472,True,8.380413e-05,0.9999162
0.722351758032472,0.722351758032472,True,0.0004607439,0.99953926
-1.3843670883058157,-1.3843670883058157,True,0.9997378,0.00026217732
-1.3843670883058157,-1.3843670883058157,True,0.9998962,0.00010377898
-1.3843670883058157,-1.3843670883058157,True,0.999906,9.401922e-05
0.722351758032472,0.722351758032472,True,0.00037658215,0.9996234
0.722351758032472,0.722351758032472,True,6.651878e-05,0.9999335
0.722351758032472,0.722351758032472,True,6.425381e-05,0.99993575
0.722351758032472,0.722351758032472,True,0.00013458729,0.9998654
-1.3843670883058157,-1.3843670883058157,True,0.9998501,0.00014988214
-1.3843670883058157,-1.3843670883058157,True,0.99991494,8.5047606e-05
0.722351758032472,0.722351758032472,True,7.56979e-05,0.9999243
0.722351758032472,0.722351758032472,True,0.00013136864,0.99986863
-1.3843670883058157,-1.3843670883058157,True,0.99985605,0.0001439253
0.722351758032472,0.722351758032472,True,0.00018256903,0.99981743
0.722351758032472,0.722351758032472,True,5.030632e-05,0.9999497
-1.3843670883058157,-1.3843670883058157,True,0.9998605,0.00013946056
0.722351758032472,0.722351758032472,True,5.7935715e-05,0.99994206
0.722351758032472,0.722351758032472,True,7.236004e-05,0.99992764
-1.3843670883058157,-1.3843670883058157,True,0.9998941,0.00010589304
0.722351758032472,0.722351758032472,True,0.00017154217,0.99982846
0.722351758032472,0.722351758032472,True,5.0663948e-05,0.99994934
-1.3843670883058157,-1.3843670883058157,True,0.99975866,0.00024132963
-1.3843670883058157,-1.3843670883058157,True,0.9999154,8.4591666e-05
0.722351758032472,0.722351758032472,True,0.00058686733,0.99941313
-1.3843670883058157,-1.3843670883058157,True,0.9999182,8.177392e-05
-1.3843670883058157,-1.3843670883058157,True,0.9999122,8.7768494e-05
0.722351758032472,0.722351758032472,True,8.714199e-05,0.99991286
-1.3843670883058157,-1.3843670883058157,True,0.9994907,0.0005093128
-1.3843670883058157,-1.3843670883058157,True,0.9999127,8.730472e-05
-1.3843670883058157,-1.3843670883058157,True,0.99987394,0.00012607097
0.722351758032472,0.722351758032472,True,7.426739e-05,0.99992573
0.722351758032472,0.722351758032472,True,8.9883804e-05,0.9999101
0.722351758032472,0.722351758032472,True,0.0015156865,0.9984843
0.722351758032472,0.722351758032472,True,8.440018e-05,0.9999156
0.722351758032472,0.722351758032472,True,0.001916647,0.99808335
0.722351758032472,0.722351758032472,True,0.00056260824,0.9994374
0.722351758032472,0.722351758032472,True,0.0004298091,0.9995702
0.722351758032472,0.722351758032472,True,6.318092e-05,0.9999368
0.722351758032472,0.722351758032472,True,0.02063775,0.97936225
0.722351758032472,0.722351758032472,True,6.92606e-05,0.99993074
-1.3843670883058157,-1.3843670883058157,True,0.9999198,8.021327e-05
0.722351758032472,0.722351758032472,True,9.012222e-05,0.9999099
0.722351758032472,0.722351758032472,True,7.70092e-05,0.999923
0.722351758032472,0.722351758032472,True,0.00013637543,0.9998636
0.722351758032472,0.722351758032472,True,0.00029343367,0.99970657
-1.3843670883058157,-1.3843670883058157,True,0.99959886,0.00040111112
-1.3843670883058157,-1.3843670883058157,True,0.9999143,8.572227e-05
0.722351758032472,0.722351758032472,True,9.346008e-05,0.99990654
0.722351758032472,0.722351758032472,True,0.00010859966,0.9998914
-1.3843670883058157,-1.3843670883058157,True,0.99944854,0.0005514759
0.722351758032472,0.722351758032472,True,0.00010895729,0.99989104
0.722351758032472,0.722351758032472,True,0.00054198503,0.999458
0.722351758032472,0.722351758032472,True,7.271767e-05,0.9999273
-1.3843670883058157,-1.3843670883058157,True,0.9999132,8.678569e-05
0.722351758032472,0.722351758032472,True,0.00035965443,0.99964035
0.722351758032472,0.722351758032472,True,6.2942505e-05,0.99993706
0.722351758032472,0.722351758032472,True,6.318092e-05,0.9999368
-1.3843670883058157,-1.3843670883058157,True,0.9999114,8.858351e-05
0.722351758032472,0.722351758032472,True,0.000105023384,0.999895
0.722351758032472,0.722351758032472,True,8.559227e-05,0.9999144
-1.3843670883058157,-1.3843670883058157,True,0.9999163,8.369995e-05
0.722351758032472,0.722351758032472,True,9.191036e-05,0.9999081
0.722351758032472,0.722351758032472,True,0.000108242035,0.99989176
-1.3843670883058157,-1.3843670883058157,True,0.9999142,8.577166e-05
-1.3843670883058157,-1.3843670883058157,True,0.99990624,9.376851e-05
0.722351758032472,0.722351758032472,True,0.00011754036,0.99988246
-1.3843670883058157,-1.3843670883058157,True,0.99991983,8.017581e-05
-1.3843670883058157,-1.3843670883058157,True,0.9997517,0.00024829636
-1.3843670883058157,-1.3843670883058157,True,0.99981016,0.00018984627
0.722351758032472,0.722351758032472,True,7.1525574e-05,0.9999285
0.722351758032472,0.722351758032472,True,0.000161767,0.99983823
0.722351758032472,0.722351758032472,True,0.0016699433,0.99833006
-1.3843670883058157,-1.3843670883058157,True,0.99982864,0.00017136766
0.722351758032472,0.722351758032472,True,0.00042659044,0.9995734
-1.3843670883058157,-1.3843670883058157,True,0.999579,0.00042097812
0.722351758032472,0.722351758032472,True,0.00018137693,0.9998186
-1.3843670883058157,-1.3843670883058157,True,0.9999172,8.2795224e-05
-1.3843670883058157,-1.3843670883058157,True,0.99964404,0.00035593996
0.722351758032472,0.722351758032472,True,0.0003399849,0.99966
-1.3843670883058157,-1.3843670883058157,True,0.9999142,8.577166e-05
0.722351758032472,0.722351758032472,True,0.0001847148,0.9998153
0.722351758032472,0.722351758032472,True,0.00016450882,0.9998355
0.722351758032472,0.722351758032472,True,8.022785e-05,0.9999198
-1.3843670883058157,-1.3843670883058157,True,0.99980986,0.00019012125
0.722351758032472,0.722351758032472,True,0.00012266636,0.99987733
0.722351758032472,0.722351758032472,True,0.00016534328,0.99983466
0.722351758032472,0.722351758032472,True,0.00026899576,0.999731
-1.3843670883058157,-1.3843670883058157,True,0.9998118,0.00018814296
0.722351758032472,0.722351758032472,True,0.00045078993,0.9995492
0.722351758032472,0.722351758032472,True,0.00014197826,0.999858
0.722351758032472,0.722351758032472,True,0.0005978346,0.99940217
0.722351758032472,0.722351758032472,True,0.00014555454,0.99985445
0.722351758032472,0.722351758032472,True,8.904934e-05,0.99991095
0.722351758032472,0.722351758032472,True,0.00035262108,0.9996474
-1.3843670883058157,-1.3843670883058157,True,0.99989676,0.00010320688
-1.3843670883058157,-1.3843670883058157,True,0.9999116,8.8391884e-05
0.722351758032472,0.722351758032472,True,0.000116467476,0.99988353
0.722351758032472,0.722351758032472,True,9.787083e-05,0.9999021
-1.3843670883058157,-1.3843670883058157,True,0.99990076,9.9234174e-05
-1.3843670883058157,-1.3843670883058157,True,0.999801,0.00019900886
-1.3843670883058157,-1.3843670883058157,True,0.9997987,0.00020130184
0.722351758032472,0.722351758032472,True,0.00024968386,0.9997503
0.722351758032472,0.722351758032472,True,7.8082085e-05,0.9999219
-1.3843670883058157,-1.3843670883058157,True,0.9999088,9.119688e-05
0.722351758032472,0.722351758032472,True,0.0002680421,0.99973196
0.722351758032472,0.722351758032472,True,0.00041371584,0.9995863
0.722351758032472,0.722351758032472,True,0.023594499,0.9764055
0.722351758032472,0.722351758032472,True,0.00014388561,0.9998561
0.722351758032472,0.722351758032472,True,0.0001026392,0.99989736
-1.3843670883058157,-1.3843670883058157,True,0.99969524,0.0003047437
0.722351758032472,0.722351758032472,True,0.00016593933,0.99983406
0.722351758032472,0.722351758032472,True,0.00043541193,0.9995646
0.722351758032472,0.722351758032472,True,7.879734e-05,0.9999212
-1.3843670883058157,-1.3843670883058157,True,0.9996939,0.0003061301
0.722351758032472,0.722351758032472,True,0.00018113852,0.99981886
0.722351758032472,0.722351758032472,True,0.0004095435,0.99959046
0.722351758032472,0.722351758032472,True,0.0015035868,0.9984964
0.722351758032472,0.722351758032472,True,0.0003682375,0.99963176
0.722351758032472,0.722351758032472,True,6.508827e-05,0.9999349
-1.3843670883058157,-1.3843670883058157,True,0.99990827,9.174736e-05
0.722351758032472,0.722351758032472,True,0.00010955334,0.99989045
0.722351758032472,0.722351758032472,True,0.00010573864,0.99989426
0.722351758032472,0.722351758032472,True,0.00028175116,0.99971825
0.722351758032472,0.722351758032472,True,0.00018256903,0.99981743
0.722351758032472,0.722351758032472,True,0.0038411617,0.99615884
0.722351758032472,0.722351758032472,True,0.00048601627,0.999514
0.722351758032472,0.722351758032472,True,0.0001155138,0.9998845
-1.3843670883058157,-1.3843670883058157,True,0.9996267,0.00037328855
-1.3843670883058157,-1.3843670883058157,True,0.9997646,0.00023540187
0.722351758032472,0.722351758032472,True,0.02283603,0.977164
-1.3843670883058157,-1.3843670883058157,True,0.9999082,9.177239e-05
0.722351758032472,0.722351758032472,True,0.00012409687,0.9998759
-1.3843670883058157,-1.3843670883058157,True,0.99990994,9.0079935e-05
0.722351758032472,0.722351758032472,True,0.0011250377,0.99887496
0.722351758032472,0.722351758032472,True,0.0001642704,0.9998357
0.722351758032472,0.722351758032472,True,0.0003670454,0.99963295
0.722351758032472,0.722351758032472,True,0.0010070205,0.998993
-1.3843670883058157,-1.3843670883058157,True,0.9999116,8.8391884e-05
0.722351758032472,0.722351758032472,True,0.00017923117,0.99982077
-1.3843670883058157,-1.3843670883058157,True,0.9995846,0.00041540188
0.722351758032472,0.722351758032472,True,0.0002564788,0.9997435
0.722351758032472,0.722351758032472,True,0.00033640862,0.9996636
0.722351758032472,0.722351758032472,True,0.00016641617,0.9998336
-1.3843670883058157,-1.3843670883058157,True,0.9998415,0.00015849213
0.722351758032472,0.722351758032472,True,0.00010371208,0.9998963
0.722351758032472,0.722351758032472,True,6.9856644e-05,0.99993014
0.722351758032472,0.722351758032472,True,6.890297e-05,0.9999311
0.722351758032472,0.722351758032472,True,5.0663948e-05,0.99994934
-1.3843670883058157,-1.3843670883058157,True,0.99992216,7.78354e-05
0.722351758032472,0.722351758032472,True,0.0004505515,0.99954945
0.722351758032472,0.722351758032472,True,0.00010108948,0.9998989
0.722351758032472,0.722351758032472,True,6.54459e-05,0.99993455
0.722351758032472,0.722351758032472,True,0.002353847,0.99764615
-1.3843670883058157,-1.3843670883058157,True,0.9998589,0.00014109699
-1.3843670883058157,-1.3843670883058157,True,0.9999044,9.562505e-05
-1.3843670883058157,-1.3843670883058157,True,0.99979645,0.00020354708
0.722351758032472,0.722351758032472,True,0.00012099743,0.999879
0.722351758032472,0.722351758032472,True,0.00035643578,0.99964356
-1.3843670883058157,-1.3843670883058157,True,0.9999128,8.719397e-05
0.722351758032472,0.722351758032472,True,0.00015175343,0.99984825
0.722351758032472,0.722351758032472,True,6.866455e-05,0.99993134
-1.3843670883058157,-1.3843670883058157,True,0.99991316,8.682285e-05
-1.3843670883058157,-1.3843670883058157,True,0.9999111,8.8881614e-05
-1.3843670883058157,-1.3843670883058157,True,0.99991417,8.5827545e-05
0.722351758032472,0.722351758032472,True,0.00014555454,0.99985445
0.722351758032472,0.722351758032472,True,0.00012719631,0.9998728
0.722351758032472,0.722351758032472,True,0.0001128912,0.9998871
-1.3843670883058157,-1.3843670883058157,True,0.99991095,8.904381e-05
0.722351758032472,0.722351758032472,True,0.0005232692,0.99947673
0.722351758032472,0.722351758032472,True,9.524822e-05,0.99990475
0.722351758032472,0.722351758032472,True,0.00029993057,0.99970007
-1.3843670883058157,-1.3843670883058157,True,0.99991536,8.465227e-05
0.722351758032472,0.722351758032472,True,0.0002169013,0.9997831
0.722351758032472,0.722351758032472,True,0.00022548437,0.9997745
0.722351758032472,0.722351758032472,True,0.0007889271,0.9992111
0.722351758032472,0.722351758032472,True,0.00014674664,0.99985325
-1.3843670883058157,-1.3843670883058157,True,0.99991196,8.802338e-05
-1.3843670883058157,-1.3843670883058157,True,0.9995438,0.00045620956
0.722351758032472,0.722351758032472,True,9.524822e-05,0.99990475
0.722351758032472,0.722351758032472,True,6.890297e-05,0.9999311
0.722351758032472,0.722351758032472,True,0.0001552105,0.9998448
0.722351758032472,0.722351758032472,True,8.4519386e-05,0.9999155
0.722351758032472,0.722351758032472,True,0.00010025501,0.99989974
-1.3843670883058157,-1.3843670883058157,True,0.99984455,0.00015546904
0.722351758032472,0.722351758032472,True,0.00019413233,0.99980587
0.722351758032472,0.722351758032472,True,0.00030374527,0.99969625
0.722351758032472,0.722351758032472,True,0.00031101704,0.999689
0.722351758032472,0.722351758032472,True,6.1392784e-05,0.9999386
0.722351758032472,0.722351758032472,True,0.0001705885,0.9998294
0.722351758032472,0.722351758032472,True,0.00016903877,0.99983096
-1.3843670883058157,-1.3843670883058157,True,0.99989986,0.00010013063
0.722351758032472,0.722351758032472,True,5.209446e-05,0.9999479
0.722351758032472,0.722351758032472,True,0.00023037195,0.9997696
-1.3843670883058157,-1.3843670883058157,True,0.99990636,9.3637434e-05
-1.3843670883058157,-1.3843670883058157,True,0.9998715,0.00012848426
0.722351758032472,0.722351758032472,True,0.0019886494,0.99801135
0.722351758032472,0.722351758032472,True,0.0002091527,0.99979085
-1.3843670883058157,-1.3843670883058157,True,0.99975073,0.0002492499
-1.3843670883058157,-1.3843670883058157,True,0.999916,8.401214e-05
0.722351758032472,0.722351758032472,True,0.00014781952,0.9998522
-1.3843670883058157,-1.3843670883058157,True,0.99991435,8.562211e-05
0.722351758032472,0.722351758032472,True,6.175041e-05,0.99993825
-1.3843670883058157,-1.3843670883058157,True,0.99985355,0.00014644566
0.722351758032472,0.722351758032472,True,4.863739e-05,0.99995136
-1.3843670883058157,-1.3843670883058157,True,0.9998447,0.00015534279
-1.3843670883058157,-1.3843670883058157,True,0.99972266,0.00027734233
0.722351758032472,0.722351758032472,True,0.0005533099,0.9994467
0.722351758032472,0.722351758032472,True,6.484985e-05,0.99993515
0.722351758032472,0.722351758032472,True,0.00029879808,0.9997012
0.722351758032472,0.722351758032472,True,0.00011539459,0.9998846
-1.3843670883058157,-1.3843670883058157,True,0.9999127,8.730472e-05
-1.3843670883058157,-1.3843670883058157,True,0.9999087,9.134205e-05
-1.3843670883058157,-1.3843670883058157,True,0.999829,0.00017102894
0.722351758032472,0.722351758032472,True,0.00010967255,0.9998903
0.722351758032472,0.722351758032472,True,0.006035745,0.99396425
0.722351758032472,0.722351758032472,True,0.00990206,0.99009794
0.722351758032472,0.722351758032472,True,0.00015234947,0.99984765
0.722351758032472,0.722351758032472,True,0.00014543533,0.99985456
0.722351758032472,0.722351758032472,True,7.9751015e-05,0.99992025
-1.3843670883058157,-1.3843670883058157,True,0.99992704,7.295007e-05
0.722351758032472,0.722351758032472,True,0.00025230646,0.9997477
0.722351758032472,0.722351758032472,True,0.00010275841,0.99989724
-1.3843670883058157,-1.3843670883058157,True,0.99981564,0.00018434496
-1.3843670883058157,-1.3843670883058157,True,0.9997538,0.00024622088
0.722351758032472,0.722351758032472,True,0.0001039505,0.99989605
0.722351758032472,0.722351758032472,True,0.042812765,0.95718724
0.722351758032472,0.722351758032472,True,0.00028413534,0.99971586
0.722351758032472,0.722351758032472,True,9.036064e-05,0.99990964
0.722351758032472,0.722351758032472,True,0.00036752224,0.9996325
-1.3843670883058157,-1.3843670883058157,True,0.999916,8.401214e-05
0.722351758032472,0.722351758032472,True,0.00068986416,0.99931014
0.722351758032472,0.722351758032472,True,0.00013256073,0.99986744
0.722351758032472,0.722351758032472,True,0.0007715225,0.9992285
0.722351758032472,0.722351758032472,True,0.00019294024,0.99980706
-1.3843670883058157,-1.3843670883058157,True,0.99990046,9.952738e-05
0.722351758032472,0.722351758032472,True,9.6678734e-05,0.9999033
-1.3843670883058157,-1.3843670883058157,True,0.9997963,0.00020372492
0.722351758032472,0.722351758032472,True,0.00011765957,0.99988234
0.722351758032472,0.722351758032472,True,9.6559525e-05,0.99990344
0.722351758032472,0.722351758032472,True,0.00021988153,0.9997801
-1.3843670883058157,-1.3843670883058157,True,0.9999079,9.209693e-05
-1.3843670883058157,-1.3843670883058157,True,0.99992543,7.4582895e-05
0.722351758032472,0.722351758032472,True,9.357929e-05,0.9999064
0.722351758032472,0.722351758032472,True,0.00023978949,0.9997602
-1.3843670883058157,-1.3843670883058157,True,0.99967366,0.00032633342
0.722351758032472,0.722351758032472,True,0.00043982267,0.9995602
0.722351758032472,0.722351758032472,True,9.3340874e-05,0.99990666
-1.3843670883058157,-1.3843670883058157,True,0.99988055,0.00011943503
0.722351758032472,0.722351758032472,True,0.00010371208,0.9998963
0.722351758032472,0.722351758032472,True,6.0081482e-05,0.9999399
0.722351758032472,0.722351758032472,True,0.0001629591,0.99983704
0.722351758032472,0.722351758032472,True,7.748604e-05,0.9999225
0.722351758032472,0.722351758032472,True,4.8160553e-05,0.99995184
-1.3843670883058157,-1.3843670883058157,True,0.9998385,0.00016155443
0.722351758032472,0.722351758032472,True,0.00012886524,0.99987113
0.722351758032472,0.722351758032472,True,0.0002387166,0.9997613
0.722351758032472,0.722351758032472,True,0.00025743246,0.99974257
0.722351758032472,0.722351758032472,True,0.0001540184,0.999846
0.722351758032472,0.722351758032472,True,0.0002796054,0.9997204
0.722351758032472,0.722351758032472,True,0.00018018484,0.9998198
-1.3843670883058157,-1.3843670883058157,True,0.99990195,9.803021e-05
-1.3843670883058157,-1.3843670883058157,True,0.99951863,0.0004813677
-1.3843670883058157,-1.3843670883058157,True,0.99987453,0.00012545648
0.722351758032472,0.722351758032472,True,5.567074e-05,0.9999443
-1.3843670883058157,-1.3843670883058157,True,0.9997585,0.00024153083
0.722351758032472,0.722351758032472,True,0.00016081333,0.9998392
0.722351758032472,0.722351758032472,True,0.0001398325,0.99986017
-1.3843670883058157,-1.3843670883058157,True,0.99989104,0.00010897805
0.722351758032472,0.722351758032472,True,0.00013041496,0.9998696
0.722351758032472,0.722351758032472,True,0.0007368922,0.9992631
-1.3843670883058157,-1.3843670883058157,True,0.99977773,0.0002222599
0.722351758032472,0.722351758032472,True,9.7990036e-05,0.999902
-1.3843670883058157,-1.3843670883058157,True,0.99991447,8.551767e-05
-1.3843670883058157,-1.3843670883058157,True,0.99976796,0.0002320326
-1.3843670883058157,-1.3843670883058157,True,0.99990493,9.5085845e-05
-1.3843670883058157,-1.3843670883058157,True,0.99991786,8.212394e-05
0.722351758032472,0.722351758032472,True,0.00033557415,0.9996644
-1.3843670883058157,-1.3843670883058157,True,0.9997393,0.0002607238
0.722351758032472,0.722351758032472,True,0.0001502037,0.9998498
-1.3843670883058157,-1.3843670883058157,True,0.999515,0.00048498798
0.722351758032472,0.722351758032472,True,0.00042313337,0.99957687
0.722351758032472,0.722351758032472,True,0.00040489435,0.9995951
0.722351758032472,0.722351758032472,True,0.00018054247,0.99981946
-1.3843670883058157,-1.3843670883058157,True,0.99989766,0.000102346
-1.3843670883058157,-1.3843670883058157,True,0.9998934,0.0001065686
0.722351758032472,0.722351758032472,True,7.677078e-05,0.9999232
0.722351758032472,0.722351758032472,True,5.6385994e-05,0.9999436
0.722351758032472,0.722351758032472,True,0.00030374527,0.99969625
0.722351758032472,0.722351758032472,True,5.38826e-05,0.9999461
0.722351758032472,0.722351758032472,True,9.596348e-05,0.99990404
-1.3843670883058157,-1.3843670883058157,True,0.99989986,0.000100116304
0.722351758032472,0.722351758032472,True,0.006051779,0.9939482
0.722351758032472,0.722351758032472,True,0.0001835227,0.9998165
-1.3843670883058157,-1.3843670883058157,True,0.9996896,0.000310424
0.722351758032472,0.722351758032472,True,0.0048676133,0.9951324
-1.3843670883058157,-1.3843670883058157,True,0.99991435,8.567789e-05
-1.3843670883058157,-1.3843670883058157,True,0.9999129,8.707648e-05
0.722351758032472,0.722351758032472,True,9.596348e-05,0.99990404
0.722351758032472,0.722351758032472,True,7.224083e-05,0.99992776
0.722351758032472,0.722351758032472,True,0.0013302565,0.99866974
-1.3843670883058157,-1.3843670883058157,True,0.9999126,8.737775e-05
0.722351758032472,0.722351758032472,True,0.00013613701,0.99986386
0.722351758032472,0.722351758032472,True,5.4717064e-05,0.9999453
0.722351758032472,0.722351758032472,True,0.0010786057,0.9989214
0.722351758032472,0.722351758032472,True,9.870529e-05,0.9999013
0.722351758032472,0.722351758032472,True,0.00036799908,0.999632
-1.3843670883058157,-1.3843670883058157,True,0.9999097,9.032035e-05
-1.3843670883058157,-1.3843670883058157,True,0.9998929,0.000107100794
0.722351758032472,0.722351758032472,True,0.00029736757,0.99970263
0.722351758032472,0.722351758032472,True,7.4625015e-05,0.9999254
-1.3843670883058157,-1.3843670883058157,True,0.99984133,0.00015869067
-1.3843670883058157,-1.3843670883058157,True,0.999793,0.00020702029
0.722351758032472,0.722351758032472,True,0.0004708767,0.9995291
0.722351758032472,0.722351758032472,True,0.00035250187,0.9996475
0.722351758032472,0.722351758032472,True,0.00047135353,0.99952865
0.722351758032472,0.722351758032472,True,0.00023466349,0.99976534
-1.3843670883058157,-1.3843670883058157,True,0.99957335,0.00042663608
-1.3843670883058157,-1.3843670883058157,True,0.9998791,0.00012086117
0.722351758032472,0.722351758032472,True,0.00019711256,0.9998029
0.722351758032472,0.722351758032472,True,0.00034224987,0.99965775
-1.3843670883058157,-1.3843670883058157,True,0.9997331,0.00026693736
-1.3843670883058157,-1.3843670883058157,True,0.9999074,9.261213e-05
0.722351758032472,0.722351758032472,True,0.0005836487,0.99941635
0.722351758032472,0.722351758032472,True,9.548664e-05,0.9999045
-1.3843670883058157,-1.3843670883058157,True,0.9999092,9.076369e-05
0.722351758032472,0.722351758032472,True,9.1552734e-05,0.99990845
-1.3843670883058157,-1.3843670883058157,True,0.9998864,0.00011361835
0.722351758032472,0.722351758032472,True,0.0001604557,0.99983954
-1.3843670883058157,-1.3843670883058157,True,0.9997606,0.00023934273
0.722351758032472,0.722351758032472,True,0.00022882223,0.9997712
0.722351758032472,0.722351758032472,True,5.6147575e-05,0.99994385
-1.3843670883058157,-1.3843670883058157,True,0.9999231,7.687629e-05
0.722351758032472,0.722351758032472,True,9.858608e-05,0.9999014
-1.3843670883058157,-1.3843670883058157,True,0.99991333,8.668833e-05
-1.3843670883058157,-1.3843670883058157,True,0.9993218,0.0006781743
-1.3843670883058157,-1.3843670883058157,True,0.99991226,8.7711516e-05
-1.3843670883058157,-1.3843670883058157,True,0.999912,8.7989814e-05
0.722351758032472,0.722351758032472,True,0.00021582842,0.9997842
-1.3843670883058157,-1.3843670883058157,True,0.99950975,0.0004902343
-1.3843670883058157,-1.3843670883058157,True,0.9999111,8.8881614e-05
-1.3843670883058157,-1.3843670883058157,True,0.99964744,0.00035255303
-1.3843670883058157,-1.3843670883058157,True,0.9999087,9.130626e-05
0.722351758032472,0.722351758032472,True,5.8412552e-05,0.9999416
0.722351758032472,0.722351758032472,True,0.007240057,0.99275994
0.722351758032472,0.722351758032472,True,0.00055378675,0.9994462
0.722351758032472,0.722351758032472,True,0.00011777878,0.9998822
0.722351758032472,0.722351758032472,True,0.00012552738,0.9998745
0.722351758032472,0.722351758032472,True,0.0006521344,0.99934787
0.722351758032472,0.722351758032472,True,0.00051414967,0.99948585
0.722351758032472,0.722351758032472,True,6.914139e-05,0.99993086
-1.3843670883058157,-1.3843670883058157,True,0.99984163,0.00015838063
0.722351758032472,0.722351758032472,True,0.00048840046,0.9995116
0.722351758032472,0.722351758032472,True,7.605553e-05,0.99992394
0.722351758032472,0.722351758032472,True,0.00013315678,0.99986684
0.722351758032472,0.722351758032472,True,0.00021880865,0.9997812
0.722351758032472,0.722351758032472,True,0.0001385212,0.9998615
0.722351758032472,0.722351758032472,True,0.000116467476,0.99988353
0.722351758032472,0.722351758032472,True,0.000179708,0.9998203
0.722351758032472,0.722351758032472,True,0.00020223856,0.99979776
0.722351758032472,0.722351758032472,True,0.00024312735,0.9997569
0.722351758032472,0.722351758032472,True,0.0003682375,0.99963176
0.722351758032472,0.722351758032472,True,0.00024038553,0.9997596
-1.3843670883058157,-1.3843670883058157,True,0.99981046,0.00018952378
0.722351758032472,0.722351758032472,True,8.702278e-05,0.999913
-1.3843670883058157,-1.3843670883058157,True,0.9999003,9.971415e-05
0.722351758032472,0.722351758032472,True,0.00026351213,0.9997365
-1.3843670883058157,-1.3843670883058157,True,0.99991363,8.6361346e-05
0.722351758032472,0.722351758032472,True,0.00019615889,0.99980384
0.722351758032472,0.722351758032472,True,0.0013369322,0.99866307
-1.3843670883058157,-1.3843670883058157,True,0.9997322,0.00026778877
0.722351758032472,0.722351758032472,True,0.00012886524,0.99987113
0.722351758032472,0.722351758032472,True,5.6624413e-05,0.9999434
0.722351758032472,0.722351758032472,True,0.0005401969,0.9994598
-1.3843670883058157,-1.3843670883058157,True,0.99990106,9.893107e-05
0.722351758032472,0.722351758032472,True,5.1498413e-05,0.9999485
0.722351758032472,0.722351758032472,True,7.9631805e-05,0.99992037
0.722351758032472,0.722351758032472,True,0.00032889843,0.9996711
0.722351758032472,0.722351758032472,True,0.00012469292,0.9998753
0.722351758032472,0.722351758032472,True,8.916855e-05,0.99991083
0.722351758032472,0.722351758032472,True,6.6161156e-05,0.99993384
0.722351758032472,0.722351758032472,True,0.00017422438,0.9998258
-1.3843670883058157,-1.3843670883058157,True,0.99981606,0.00018392921
0.722351758032472,0.722351758032472,True,0.0027475953,0.9972524
-1.3843670883058157,-1.3843670883058157,True,0.99991155,8.845217e-05
0.722351758032472,0.722351758032472,True,0.0016666055,0.9983334
-1.3843670883058157,-1.3843670883058157,True,0.9996194,0.00038057019
0.722351758032472,0.722351758032472,True,0.00022011995,0.9997799
0.722351758032472,0.722351758032472,True,9.846687e-05,0.99990153
0.722351758032472,0.722351758032472,True,0.00023585558,0.99976414
-1.3843670883058157,-1.3843670883058157,True,0.99991065,8.933562e-05
0.722351758032472,0.722351758032472,True,0.00015366077,0.99984634
-1.3843670883058157,-1.3843670883058157,True,0.99980426,0.00019575364
0.722351758032472,0.722351758032472,True,0.00020521879,0.9997948
-1.3843670883058157,-1.3843670883058157,True,0.9994587,0.00054133375
-1.3843670883058157,-1.3843670883058157,True,0.9999125,8.748155e-05
-1.3843670883058157,-1.3843670883058157,True,0.99991286,8.716571e-05
0.722351758032472,0.722351758032472,True,0.00028640032,0.9997136
-1.3843670883058157,-1.3843670883058157,True,0.9998743,0.00012567776
-1.3843670883058157,-1.3843670883058157,True,0.9996529,0.000347081
0.722351758032472,0.722351758032472,True,6.699562e-05,0.999933
-1.3843670883058157,-1.3843670883058157,True,0.99954516,0.0004548368
0.722351758032472,0.722351758032472,True,0.00035011768,0.9996499
0.722351758032472,0.722351758032472,True,0.002764523,0.9972355
-1.3843670883058157,-1.3843670883058157,True,0.9999135,8.651309e-05
0.722351758032472,0.722351758032472,True,6.401539e-05,0.999936
-1.3843670883058157,-1.3843670883058157,True,0.9998011,0.00019887438
0.722351758032472,0.722351758032472,True,0.0015304685,0.99846953
0.722351758032472,0.722351758032472,True,0.0020643473,0.99793565
0.722351758032472,0.722351758032472,True,0.000236094,0.9997639
0.722351758032472,0.722351758032472,True,0.0003014803,0.9996985
-1.3843670883058157,-1.3843670883058157,True,0.9999145,8.550095e-05
-1.3843670883058157,-1.3843670883058157,True,0.9998891,0.000110940426
0.722351758032472,0.722351758032472,True,0.00015842915,0.9998416
0.722351758032472,0.722351758032472,True,0.0001180172,0.999882
0.722351758032472,0.722351758032472,True,0.00032556057,0.99967444
-1.3843670883058157,-1.3843670883058157,True,0.99966604,0.000333954
0.722351758032472,0.722351758032472,True,8.535385e-05,0.99991465
-1.3843670883058157,-1.3843670883058157,True,0.9998523,0.00014770671
-1.3843670883058157,-1.3843670883058157,True,0.9998224,0.00017760198
0.722351758032472,0.722351758032472,True,7.855892e-05,0.99992144
0.722351758032472,0.722351758032472,True,0.010988712,0.9890113
0.722351758032472,0.722351758032472,True,0.0012491941,0.9987508
0.722351758032472,0.722351758032472,True,7.104874e-05,0.99992895
0.722351758032472,0.722351758032472,True,0.0002552867,0.9997447
0.722351758032472,0.722351758032472,True,7.43866e-05,0.9999256
0.722351758032472,0.722351758032472,True,7.224083e-05,0.99992776
0.722351758032472,0.722351758032472,True,0.000119805336,0.9998802
0.722351758032472,0.722351758032472,True,0.00036871433,0.9996313
0.722351758032472,0.722351758032472,True,8.21352e-05,0.99991786
0.722351758032472,0.722351758032472,True,0.00023072958,0.9997693
0.722351758032472,0.722351758032472,True,0.0002322793,0.9997677
-1.3843670883058157,-1.3843670883058157,True,0.9998625,0.00013750717
-1.3843670883058157,-1.3843670883058157,True,0.9999244,7.556136e-05
-1.3843670883058157,-1.3843670883058157,True,0.99970067,0.0002993297
-1.3843670883058157,-1.3843670883058157,True,0.99991417,8.5827545e-05
-1.3843670883058157,-1.3843670883058157,True,0.9998783,0.00012173048
0.722351758032472,0.722351758032472,True,0.00010728836,0.9998927
0.722351758032472,0.722351758032472,True,0.00013232231,0.9998677
0.722351758032472,0.722351758032472,True,0.00059115887,0.99940884
0.722351758032472,0.722351758032472,True,0.00010061264,0.9998994
0.722351758032472,0.722351758032472,True,0.00010406971,0.99989593
0.722351758032472,0.722351758032472,True,0.00069212914,0.9993079
0.722351758032472,0.722351758032472,True,0.00085532665,0.9991447
0.722351758032472,0.722351758032472,True,0.00015330315,0.9998467
0.722351758032472,0.722351758032472,True,6.92606e-05,0.99993074
0.722351758032472,0.722351758032472,True,0.00013303757,0.99986696
-1.3843670883058157,-1.3843670883058157,True,0.99992245,7.7569755e-05
0.722351758032472,0.722351758032472,True,7.56979e-05,0.9999243
0.722351758032472,0.722351758032472,True,7.1287155e-05,0.9999287
0.722351758032472,0.722351758032472,True,0.0012443066,0.9987557
-1.3843670883058157,-1.3843670883058157,True,0.9999142,8.577166e-05
0.722351758032472,0.722351758032472,True,0.000120043755,0.99987996
-1.3843670883058157,-1.3843670883058157,True,0.9999034,9.661938e-05
-1.3843670883058157,-1.3843670883058157,True,0.9999001,9.99105e-05
0.722351758032472,0.722351758032472,True,0.00035238266,0.9996476
0.722351758032472,0.722351758032472,True,0.000115156174,0.99988484
-1.3843670883058157,-1.3843670883058157,True,0.999667,0.0003330212
0.722351758032472,0.722351758032472,True,0.000287354,0.99971265
0.722351758032472,0.722351758032472,True,6.532669e-05,0.9999347
0.722351758032472,0.722351758032472,True,7.033348e-05,0.99992967
0.722351758032472,0.722351758032472,True,0.00049865246,0.99950135
0.722351758032472,0.722351758032472,True,6.854534e-05,0.99993145
-1.3843670883058157,-1.3843670883058157,True,0.9998509,0.0001490845
-1.3843670883058157,-1.3843670883058157,True,0.99990624,9.3759576e-05
0.722351758032472,0.722351758032472,True,0.00083982944,0.9991602
0.722351758032472,0.722351758032472,True,0.00019305944,0.99980694
0.722351758032472,0.722351758032472,True,0.00012516975,0.99987483
0.722351758032472,0.722351758032472,True,7.390976e-05,0.9999261
-1.3843670883058157,-1.3843670883058157,True,0.9999142,8.577166e-05
-1.3843670883058157,-1.3843670883058157,True,0.99991417,8.5827545e-05
0.722351758032472,0.722351758032472,True,6.198883e-05,0.999938
0.722351758032472,0.722351758032472,True,0.03867185,0.96132815
0.722351758032472,0.722351758032472,True,0.00011110306,0.9998889
-1.3843670883058157,-1.3843670883058157,True,0.9997911,0.00020893467
-1.3843670883058157,-1.3843670883058157,True,0.9999234,7.659238e-05
0.722351758032472,0.722351758032472,True,9.512901e-05,0.9999049
-1.3843670883058157,-1.3843670883058157,True,0.9998834,0.00011657891
-1.3843670883058157,-1.3843670883058157,True,0.9997329,0.0002670835
-1.3843670883058157,-1.3843670883058157,True,0.9999131,8.689574e-05
0.722351758032472,0.722351758032472,True,7.2956085e-05,0.99992704
0.722351758032472,0.722351758032472,True,8.6307526e-05,0.9999137
0.722351758032472,0.722351758032472,True,6.0796738e-05,0.9999392
0.722351758032472,0.722351758032472,True,0.00079995394,0.99920005
0.722351758032472,0.722351758032472,True,6.67572e-05,0.99993324
-1.3843670883058157,-1.3843670883058157,True,0.9999109,8.9101915e-05
0.722351758032472,0.722351758032472,True,0.00018030405,0.9998197
-1.3843670883058157,-1.3843670883058157,True,0.99983346,0.00016654888
-1.3843670883058157,-1.3843670883058157,True,0.99979883,0.00020114184
0.722351758032472,0.722351758032472,True,0.00014030933,0.9998597
0.722351758032472,0.722351758032472,True,5.340576e-05,0.9999466
0.722351758032472,0.722351758032472,True,6.771088e-05,0.9999323
0.722351758032472,0.722351758032472,True,0.00014948845,0.9998505
-1.3843670883058157,-1.3843670883058157,True,0.99991196,8.8057546e-05
0.722351758032472,0.722351758032472,True,0.010045886,0.9899541
-1.3843670883058157,-1.3843670883058157,True,0.9999117,8.827935e-05
-1.3843670883058157,-1.3843670883058157,True,0.99991333,8.66785e-05
-1.3843670883058157,-1.3843670883058157,True,0.9997473,0.00025271432
0.722351758032472,0.722351758032472,True,7.998943e-05,0.99992
-1.3843670883058157,-1.3843670883058157,True,0.999906,9.4010604e-05
-1.3843670883058157,-1.3843670883058157,True,0.99987453,0.00012548987
0.722351758032472,0.722351758032472,True,8.201599e-05,0.999918
-1.3843670883058157,-1.3843670883058157,True,0.99964106,0.00035892698
0.722351758032472,0.722351758032472,True,0.0001860261,0.999814
0.722351758032472,0.722351758032472,True,0.00010871887,0.9998913
0.722351758032472,0.722351758032472,True,7.343292e-05,0.99992657
-1.3843670883058157,-1.3843670883058157,True,0.9999099,9.009832e-05
0.722351758032472,0.722351758032472,True,9.357929e-05,0.9999064
0.722351758032472,0.722351758032472,True,8.1419945e-05,0.9999186
0.722351758032472,0.722351758032472,True,0.00011086464,0.99988914
-1.3843670883058157,-1.3843670883058157,True,0.9995534,0.0004466171
0.722351758032472,0.722351758032472,True,0.00034034252,0.99965966
-1.3843670883058157,-1.3843670883058157,True,0.99981964,0.00018033879
0.722351758032472,0.722351758032472,True,0.00041013956,0.99958986
0.722351758032472,0.722351758032472,True,5.3286552e-05,0.9999467
-1.3843670883058157,-1.3843670883058157,True,0.9999049,9.511051e-05
0.722351758032472,0.722351758032472,True,0.00028651953,0.9997135
0.722351758032472,0.722351758032472,True,0.0006348491,0.99936515
0.722351758032472,0.722351758032472,True,0.00010740757,0.9998926
0.722351758032472,0.722351758032472,True,0.00042051077,0.9995795
0.722351758032472,0.722351758032472,True,0.00035214424,0.99964786
0.722351758032472,0.722351758032472,True,0.00010716915,0.99989283
0.722351758032472,0.722351758032472,True,0.0006864071,0.9993136
0.722351758032472,0.722351758032472,True,8.070469e-05,0.9999193
0.722351758032472,0.722351758032472,True,0.00018030405,0.9998197
0.722351758032472,0.722351758032472,True,0.00015425682,0.99984574
0.722351758032472,0.722351758032472,True,0.0012946129,0.9987054
0.722351758032472,0.722351758032472,True,0.00023323298,0.99976677
0.722351758032472,0.722351758032472,True,0.000179708,0.9998203
-1.3843670883058157,-1.3843670883058157,True,0.9999135,8.651309e-05
0.722351758032472,0.722351758032472,True,6.246567e-05,0.99993753
-1.3843670883058157,-1.3843670883058157,True,0.99989986,0.00010010762
0.722351758032472,0.722351758032472,True,0.00015830994,0.9998417
-1.3843670883058157,-1.3843670883058157,True,0.9998126,0.00018741604
0.722351758032472,0.722351758032472,True,0.0580734,0.9419266
-1.3843670883058157,-1.3843670883058157,True,0.999895,0.000105022584
-1.3843670883058157,-1.3843670883058157,True,0.9998894,0.000110613386
0.722351758032472,0.722351758032472,True,0.035864413,0.9641356
0.722351758032472,0.722351758032472,True,8.380413e-05,0.9999162
0.722351758032472,0.722351758032472,True,0.00212574,0.99787426
0.722351758032472,0.722351758032472,True,7.069111e-05,0.9999293
0.722351758032472,0.722351758032472,True,0.00018578768,0.9998142
0.722351758032472,0.722351758032472,True,0.00017935038,0.99982065
0.722351758032472,0.722351758032472,True,0.000174582,0.9998254
-1.3843670883058157,-1.3843670883058157,True,0.9999158,8.420142e-05
0.722351758032472,0.722351758032472,True,9.214878e-05,0.99990785
0.722351758032472,0.722351758032472,True,0.00013566017,0.99986434
0.722351758032472,0.722351758032472,True,0.00022500753,0.999775
-1.3843670883058157,-1.3843670883058157,True,0.99973625,0.0002637699
-1.3843670883058157,-1.3843670883058157,True,0.9998888,0.00011124212
-1.3843670883058157,-1.3843670883058157,True,0.99991107,8.893935e-05
0.722351758032472,0.722351758032472,True,8.1419945e-05,0.9999186
-1.3843670883058157,-1.3843670883058157,True,0.9999105,8.9544235e-05
0.722351758032472,0.722351758032472,True,8.070469e-05,0.9999193
0.722351758032472,0.722351758032472,True,0.0014821887,0.9985178
0.722351758032472,0.722351758032472,True,6.9618225e-05,0.9999304
0.722351758032472,0.722351758032472,True,0.00016880035,0.9998312
0.722351758032472,0.722351758032472,True,0.00023394823,0.99976605
-1.3843670883058157,-1.3843670883058157,True,0.9997428,0.00025717827
0.722351758032472,0.722351758032472,True,7.6413155e-05,0.9999236
-1.3843670883058157,-1.3843670883058157,True,0.99975264,0.00024737764
0.722351758032472,0.722351758032472,True,4.8995018e-05,0.999951
-1.3843670883058157,-1.3843670883058157,True,0.99968845,0.0003115557
-1.3843670883058157,-1.3843670883058157,True,0.9999155,8.453659e-05
0.722351758032472,0.722351758032472,True,0.0003194809,0.9996805
0.722351758032472,0.722351758032472,True,0.00014233589,0.99985766
0.722351758032472,0.722351758032472,True,5.7935715e-05,0.99994206
0.722351758032472,0.722351758032472,True,0.00014853477,0.99985147
0.722351758032472,0.722351758032472,True,9.274483e-05,0.99990726
-1.3843670883058157,-1.3843670883058157,True,0.99990684,9.318662e-05
0.722351758032472,0.722351758032472,True,0.00021272898,0.9997873
-1.3843670883058157,-1.3843670883058157,True,0.9998961,0.00010388521
-1.3843670883058157,-1.3843670883058157,True,0.99990606,9.3928444e-05
-1.3843670883058157,0.722351758032472,False,0.0020469427,0.99795306
0.722351758032472,0.722351758032472,True,0.00015437603,0.9998456
0.722351758032472,0.722351758032472,True,4.851818e-05,0.9999515
0.722351758032472,0.722351758032472,True,0.00016379356,0.9998362
-1.3843670883058157,-1.3843670883058157,True,0.9997826,0.0002173829
0.722351758032472,0.722351758032472,True,0.00013840199,0.9998616
0.722351758032472,0.722351758032472,True,7.2836876e-05,0.99992716
-1.3843670883058157,-1.3843670883058157,True,0.99991214,8.7853485e-05
0.722351758032472,0.722351758032472,True,0.00029295683,0.99970704
-1.3843670883058157,-1.3843670883058157,True,0.99991184,8.815829e-05
0.722351758032472,0.722351758032472,True,5.7458878e-05,0.99994254
-1.3843670883058157,-1.3843670883058157,True,0.9996037,0.00039630785
-1.3843670883058157,-1.3843670883058157,True,0.999756,0.00024400493
-1.3843670883058157,-1.3843670883058157,True,0.99989825,0.00010173097
-1.3843670883058157,-1.3843670883058157,True,0.99978584,0.00021416854
0.722351758032472,0.722351758032472,True,0.00014781952,0.9998522
0.722351758032472,0.722351758032472,True,0.00012338161,0.9998766
-1.3843670883058157,-1.3843670883058157,True,0.9999125,8.75292e-05
-1.3843670883058157,-1.3843670883058157,True,0.9998888,0.00011121232
0.722351758032472,0.722351758032472,True,0.00025612116,0.9997439
0.722351758032472,0.722351758032472,True,0.00096583366,0.99903417
-1.3843670883058157,-1.3843670883058157,True,0.99979705,0.00020293084
-1.3843670883058157,-1.3843670883058157,True,0.9999074,9.263227e-05
0.722351758032472,0.722351758032472,True,0.00028926134,0.99971074
-1.3843670883058157,-1.3843670883058157,True,0.9997999,0.00020007565
0.722351758032472,0.722351758032472,True,7.760525e-05,0.9999224
0.722351758032472,0.722351758032472,True,0.00042289495,0.9995771
0.722351758032472,0.722351758032472,True,0.00017386675,0.99982613
-1.3843670883058157,-1.3843670883058157,True,0.9999089,9.108528e-05
-1.3843670883058157,-1.3843670883058157,True,0.999915,8.497741e-05
0.722351758032472,0.722351758032472,True,0.00018626451,0.99981374
0.722351758032472,0.722351758032472,True,0.00015342236,0.9998466
0.722351758032472,0.722351758032472,True,0.0007060766,0.9992939
0.722351758032472,0.722351758032472,True,0.00017696619,0.99982303
0.722351758032472,0.722351758032472,True,0.009705782,0.9902942
-1.3843670883058157,-1.3843670883058157,True,0.99991244,8.7576205e-05
-1.3843670883058157,-1.3843670883058157,True,0.9999272,7.27681e-05
0.722351758032472,0.722351758032472,True,0.000120043755,0.99987996
0.722351758032472,0.722351758032472,True,0.00012040138,0.9998796
0.722351758032472,0.722351758032472,True,0.00014352798,0.9998565
-1.3843670883058157,-1.3843670883058157,True,0.99980444,0.00019553986
0.722351758032472,0.722351758032472,True,0.00021761656,0.9997824
0.722351758032472,0.722351758032472,True,7.9870224e-05,0.9999201
0.722351758032472,0.722351758032472,True,0.00011396408,0.99988604
-1.3843670883058157,-1.3843670883058157,True,0.9998974,0.00010255585
0.722351758032472,0.722351758032472,True,0.000659287,0.9993407
0.722351758032472,0.722351758032472,True,6.0796738e-05,0.9999392
-1.3843670883058157,-1.3843670883058157,True,0.9998985,0.00010151477
0.722351758032472,0.722351758032472,True,0.00016832352,0.9998317
-1.3843670883058157,-1.3843670883058157,True,0.9998592,0.00014076398
0.722351758032472,0.722351758032472,True,0.0001667738,0.9998332
-1.3843670883058157,-1.3843670883058157,True,0.999769,0.00023104824
-1.3843670883058157,-1.3843670883058157,True,0.9998162,0.00018380086
0.722351758032472,0.722351758032472,True,0.0002374053,0.9997626
-1.3843670883058157,-1.3843670883058157,True,0.9998981,0.00010192672
0.722351758032472,0.722351758032472,True,0.00023835897,0.99976164
0.722351758032472,0.722351758032472,True,0.00026661158,0.9997334
-1.3843670883058157,-1.3843670883058157,True,0.9998987,0.00010132096
-1.3843670883058157,-1.3843670883058157,True,0.9996508,0.00034924576
-1.3843670883058157,-1.3843670883058157,True,0.99990046,9.951343e-05
-1.3843670883058157,-1.3843670883058157,True,0.99991566,8.435589e-05
0.722351758032472,0.722351758032472,True,8.237362e-05,0.9999176
0.722351758032472,0.722351758032472,True,7.9751015e-05,0.99992025
0.722351758032472,0.722351758032472,True,0.00017625093,0.99982375
0.722351758032472,0.722351758032472,True,0.00010538101,0.9998946
-1.3843670883058157,-1.3843670883058157,True,0.9996733,0.00032669294
0.722351758032472,0.722351758032472,True,0.00017386675,0.99982613
0.722351758032472,0.722351758032472,True,7.843971e-05,0.99992156
-1.3843670883058157,-1.3843670883058157,True,0.99991244,8.754873e-05
-1.3843670883058157,-1.3843670883058157,True,0.9998932,0.00010683071
0.722351758032472,0.722351758032472,True,0.00014185905,0.99985814
-1.3843670883058157,-1.3843670883058157,True,0.9999114,8.855522e-05
0.722351758032472,0.722351758032472,True,7.033348e-05,0.99992967
0.722351758032472,0.722351758032472,True,0.00012648106,0.9998735
-1.3843670883058157,-1.3843670883058157,True,0.9999008,9.9164834e-05
-1.3843670883058157,-1.3843670883058157,True,0.9993565,0.0006434905
-1.3843670883058157,-1.3843670883058157,True,0.9999128,8.717469e-05
-1.3843670883058157,-1.3843670883058157,True,0.99991715,8.282476e-05
-1.3843670883058157,-1.3843670883058157,True,0.99990827,9.170232e-05
0.722351758032472,0.722351758032472,True,0.0002014041,0.9997986
0.722351758032472,0.722351758032472,True,5.686283e-05,0.99994314
-1.3843670883058157,-1.3843670883058157,True,0.9998009,0.0001990882
0.722351758032472,0.722351758032472,True,0.00027436018,0.99972564
0.722351758032472,0.722351758032472,True,0.0003376007,0.9996624
0.722351758032472,0.722351758032472,True,0.00010621548,0.9998938
0.722351758032472,0.722351758032472,True,0.00011754036,0.99988246
-1.3843670883058157,-1.3843670883058157,True,0.9999119,8.809569e-05
0.722351758032472,0.722351758032472,True,0.00026530027,0.9997347
0.722351758032472,0.722351758032472,True,0.00040620565,0.9995938
0.722351758032472,0.722351758032472,True,0.00035738945,0.9996426
-1.3843670883058157,-1.3843670883058157,True,0.9998653,0.0001347186
0.722351758032472,0.722351758032472,True,6.723404e-05,0.99993277
0.722351758032472,0.722351758032472,True,0.00030195713,0.99969804
-1.3843670883058157,-1.3843670883058157,True,0.9995524,0.00044759968
0.722351758032472,0.722351758032472,True,0.00012600422,0.999874
0.722351758032472,0.722351758032472,True,0.00012230873,0.9998777
0.722351758032472,0.722351758032472,True,7.4505806e-05,0.9999255
0.722351758032472,0.722351758032472,True,0.00017267466,0.9998273
-1.3843670883058157,-1.3843670883058157,True,0.9998212,0.00017882869
0.722351758032472,0.722351758032472,True,0.00010621548,0.9998938
0.722351758032472,0.722351758032472,True,0.0021785498,0.99782145
-1.3843670883058157,-1.3843670883058157,True,0.9997215,0.00027849473
0.722351758032472,0.722351758032472,True,8.380413e-05,0.9999162
0.722351758032472,0.722351758032472,True,0.0001155138,0.9998845
0.722351758032472,0.722351758032472,True,0.00015199184,0.999848
-1.3843670883058157,-1.3843670883058157,True,0.99990124,9.875396e-05
-1.3843670883058157,-1.3843670883058157,True,0.99992317,7.681606e-05
0.722351758032472,0.722351758032472,True,0.00010955334,0.99989045
0.722351758032472,0.722351758032472,True,0.00014543533,0.99985456
0.722351758032472,0.722351758032472,True,0.00023049116,0.9997695
0.722351758032472,0.722351758032472,True,0.00028175116,0.99971825
0.722351758032472,0.722351758032472,True,0.108804524,0.8911955
0.722351758032472,0.722351758032472,True,0.00096976757,0.99903023
0.722351758032472,0.722351758032472,True,0.00010430813,0.9998957
-1.3843670883058157,-1.3843670883058157,True,0.9998968,0.00010319625
-1.3843670883058157,-1.3843670883058157,True,0.99991715,8.285502e-05
0.722351758032472,0.722351758032472,True,0.00020736456,0.99979264
0.722351758032472,0.722351758032472,True,0.00028389692,0.9997161
0.722351758032472,0.722351758032472,True,0.0001347065,0.9998653
-1.3843670883058157,-1.3843670883058157,True,0.9998757,0.00012425309
-1.3843670883058157,-1.3843670883058157,True,0.9997286,0.00027137005
-1.3843670883058157,-1.3843670883058157,True,0.99965614,0.00034385684
-1.3843670883058157,-1.3843670883058157,True,0.99989027,0.00010975059
-1.3843670883058157,-1.3843670883058157,True,0.9997823,0.000217677
0.722351758032472,0.722351758032472,True,9.417534e-05,0.9999058
0.722351758032472,0.722351758032472,True,0.0002694726,0.9997305
0.722351758032472,0.722351758032472,True,0.00037407875,0.9996259
0.722351758032472,0.722351758032472,True,0.00020331144,0.9997967
-1.3843670883058157,-1.3843670883058157,True,0.99990314,9.686892e-05
-1.3843670883058157,-1.3843670883058157,True,0.99963975,0.00036025158
-1.3843670883058157,-1.3843670883058157,True,0.99991006,8.9965e-05
0.722351758032472,0.722351758032472,True,0.000113129616,0.9998869
0.722351758032472,0.722351758032472,True,0.00042122602,0.9995788
0.722351758032472,0.722351758032472,True,0.00022870302,0.9997713
0.722351758032472,0.722351758032472,True,0.00010442734,0.9998956
0.722351758032472,0.722351758032472,True,0.00013172626,0.9998683
0.722351758032472,0.722351758032472,True,0.00023955107,0.99976045
-1.3843670883058157,-1.3843670883058157,True,0.999913,8.7045264e-05
-1.3843670883058157,-1.3843670883058157,True,0.99977374,0.00022625094
-1.3843670883058157,-1.3843670883058157,True,0.9999111,8.889212e-05
-1.3843670883058157,-1.3843670883058157,True,0.999892,0.00010800237
0.722351758032472,0.722351758032472,True,0.0001322031,0.9998678
0.722351758032472,0.722351758032472,True,0.00046038628,0.9995396
0.722351758032472,0.722351758032472,True,8.583069e-05,0.99991417
0.722351758032472,0.722351758032472,True,0.0006378293,0.9993622
0.722351758032472,0.722351758032472,True,0.00015902519,0.999841
0.722351758032472,0.722351758032472,True,0.0011225343,0.99887747
0.722351758032472,0.722351758032472,True,0.0007149577,0.99928504
0.722351758032472,0.722351758032472,True,0.0015916228,0.9984084
0.722351758032472,0.722351758032472,True,0.00019901991,0.999801
0.722351758032472,0.722351758032472,True,6.7830086e-05,0.99993217
-1.3843670883058157,-1.3843670883058157,True,0.9996658,0.0003341865
0.722351758032472,0.722351758032472,True,0.00034105778,0.99965894
0.722351758032472,0.722351758032472,True,5.7697296e-05,0.9999423
-1.3843670883058157,-1.3843670883058157,True,0.9999158,8.420142e-05
-1.3843670883058157,-1.3843670883058157,True,0.9999103,8.970748e-05
0.722351758032472,0.722351758032472,True,0.00020164251,0.99979836
0.722351758032472,0.722351758032472,True,0.0014711618,0.99852884
0.722351758032472,0.722351758032472,True,0.00014162064,0.9998584
-1.3843670883058157,-1.3843670883058157,True,0.99989814,0.000101878715
0.722351758032472,0.722351758032472,True,7.605553e-05,0.99992394
0.722351758032472,0.722351758032472,True,6.687641e-05,0.9999331
0.722351758032472,0.722351758032472,True,0.000649035,0.99935097
0.722351758032472,0.722351758032472,True,0.000118494034,0.9998815
-1.3843670883058157,-1.3843670883058157,True,0.9999032,9.67814e-05
0.722351758032472,0.722351758032472,True,9.441376e-05,0.9999056
0.722351758032472,0.722351758032472,True,0.0004131198,0.9995869
0.722351758032472,0.722351758032472,True,6.997585e-05,0.99993
0.722351758032472,0.722351758032472,True,7.498264e-05,0.999925
-1.3843670883058157,-1.3843670883058157,True,0.9998546,0.00014538477
-1.3843670883058157,-1.3843670883058157,True,0.99978614,0.0002138492
-1.3843670883058157,-1.3843670883058157,True,0.99990016,9.981984e-05
0.722351758032472,0.722351758032472,True,0.00015473366,0.99984527
-1.3843670883058157,-1.3843670883058157,True,0.99991655,8.342314e-05
-1.3843670883058157,-1.3843670883058157,True,0.9996617,0.0003382926
-1.3843670883058157,-1.3843670883058157,True,0.9990524,0.00094758923
0.722351758032472,0.722351758032472,True,0.0037160516,0.99628395
-1.3843670883058157,-1.3843670883058157,True,0.99981785,0.00018214555
-1.3843670883058157,-1.3843670883058157,True,0.99992007,7.994105e-05
0.722351758032472,0.722351758032472,True,0.00028008223,0.9997199
-1.3843670883058157,-1.3843670883058157,True,0.9997377,0.00026229958
0.722351758032472,0.722351758032472,True,0.00022667646,0.9997733
0.722351758032472,0.722351758032472,True,0.010657668,0.98934233
-1.3843670883058157,-1.3843670883058157,True,0.9998421,0.00015789554
0.722351758032472,0.722351758032472,True,0.00013029575,0.9998697
-1.3843670883058157,-1.3843670883058157,True,0.9999127,8.730463e-05
0.722351758032472,0.722351758032472,True,5.6505203e-05,0.9999435
0.722351758032472,0.722351758032472,True,0.00016105175,0.99983895
0.722351758032472,0.722351758032472,True,0.0023384094,0.9976616
-1.3843670883058157,-1.3843670883058157,True,0.99992096,7.901633e-05
0.722351758032472,0.722351758032472,True,7.224083e-05,0.99992776
0.722351758032472,0.722351758032472,True,0.00049316883,0.99950683
0.722351758032472,0.722351758032472,True,0.0015229583,0.99847704
0.722351758032472,0.722351758032472,True,0.0001333952,0.9998666
0.722351758032472,0.722351758032472,True,7.8082085e-05,0.9999219
0.722351758032472,0.722351758032472,True,0.00012910366,0.9998709
0.722351758032472,0.722351758032472,True,0.00010120869,0.9998988
0.722351758032472,0.722351758032472,True,7.4625015e-05,0.9999254
0.722351758032472,0.722351758032472,True,7.724762e-05,0.99992275
-1.3843670883058157,-1.3843670883058157,True,0.9999075,9.252209e-05
0.722351758032472,0.722351758032472,True,0.00010251999,0.9998975
0.722351758032472,0.722351758032472,True,0.0001295805,0.9998704
0.722351758032472,0.722351758032472,True,8.583069e-05,0.99991417
0.722351758032472,0.722351758032472,True,0.00017565489,0.99982435
0.722351758032472,0.722351758032472,True,0.00031244755,0.99968755
-1.3843670883058157,-1.3843670883058157,True,0.9999063,9.3668954e-05
0.722351758032472,0.722351758032472,True,6.425381e-05,0.99993575
-1.3843670883058157,-1.3843670883058157,True,0.99990886,9.115341e-05
0.722351758032472,0.722351758032472,True,0.00027126074,0.99972874
0.722351758032472,0.722351758032472,True,0.0001077652,0.99989223
0.722351758032472,0.722351758032472,True,0.00011730194,0.9998827
0.722351758032472,0.722351758032472,True,0.00015103817,0.99984896
0.722351758032472,0.722351758032472,True,0.00011467934,0.9998853
-1.3843670883058157,-1.3843670883058157,True,0.99992025,7.9747806e-05
0.722351758032472,0.722351758032472,True,0.00039869547,0.9996013
-1.3843670883058157,-1.3843670883058157,True,0.9995163,0.00048370752
-1.3843670883058157,-1.3843670883058157,True,0.99967855,0.00032145984
-1.3843670883058157,-1.3843670883058157,True,0.9997472,0.0002527789
-1.3843670883058157,-1.3843670883058157,True,0.99991554,8.446584e-05
0.722351758032472,0.722351758032472,True,0.00014936924,0.99985063
0.722351758032472,0.722351758032472,True,7.367134e-05,0.9999263
0.722351758032472,0.722351758032472,True,0.00033915043,0.99966085
0.722351758032472,0.722351758032472,True,0.00019556284,0.99980444
0.722351758032472,0.722351758032472,True,8.189678e-05,0.9999181
-1.3843670883058157,-1.3843670883058157,True,0.99988306,0.000116959265
0.722351758032472,0.722351758032472,True,6.222725e-05,0.9999378
0.722351758032472,0.722351758032472,True,0.00011181831,0.9998882
0.722351758032472,0.722351758032472,True,0.00012052059,0.9998795
-1.3843670883058157,-1.3843670883058157,True,0.99969715,0.0003028602
0.722351758032472,0.722351758032472,True,9.202957e-05,0.999908
0.722351758032472,0.722351758032472,True,0.00012409687,0.9998759
0.722351758032472,0.722351758032472,True,0.00011265278,0.99988735
0.722351758032472,0.722351758032472,True,0.000103354454,0.99989665
-1.3843670883058157,-1.3843670883058157,True,0.99961424,0.00038578437
-1.3843670883058157,-1.3843670883058157,True,0.99978,0.00022002302
0.722351758032472,0.722351758032472,True,6.6161156e-05,0.99993384
-1.3843670883058157,-1.3843670883058157,True,0.9997737,0.00022633703
0.722351758032472,0.722351758032472,True,0.00013160706,0.9998684
0.722351758032472,0.722351758032472,True,0.00012111664,0.9998789
0.722351758032472,0.722351758032472,True,5.173683e-05,0.99994826
0.722351758032472,0.722351758032472,True,8.21352e-05,0.99991786
0.722351758032472,0.722351758032472,True,0.00043970346,0.9995603
0.722351758032472,0.722351758032472,True,0.0013805628,0.99861944
0.722351758032472,0.722351758032472,True,0.0028291345,0.99717087
0.722351758032472,0.722351758032472,True,6.16312e-05,0.99993837
-1.3843670883058157,-1.3843670883058157,True,0.9998025,0.0001975277
-1.3843670883058157,-1.3843670883058157,True,0.999924,7.601892e-05
-1.3843670883058157,-1.3843670883058157,True,0.9997378,0.00026218858
0.722351758032472,0.722351758032472,True,0.0005534291,0.9994466
0.722351758032472,0.722351758032472,True,0.00078976154,0.99921024
0.722351758032472,0.722351758032472,True,8.225441e-05,0.99991775
0.722351758032472,0.722351758032472,True,0.020899475,0.9791005
0.722351758032472,0.722351758032472,True,0.0001193285,0.9998807
0.722351758032472,0.722351758032472,True,0.0017413497,0.99825865
-1.3843670883058157,-1.3843670883058157,True,0.99957436,0.00042565586
-1.3843670883058157,-1.3843670883058157,True,0.9999026,9.7397715e-05
-1.3843670883058157,-1.3843670883058157,True,0.9998809,0.000119093296
-1.3843670883058157,-1.3843670883058157,True,0.9996644,0.00033558806
0.722351758032472,0.722351758032472,True,0.0004684925,0.9995315
0.722351758032472,0.722351758032472,True,0.0008791089,0.9991209
-1.3843670883058157,-1.3843670883058157,True,0.9999061,9.3868264e-05
0.722351758032472,0.722351758032472,True,0.00020045042,0.99979955
0.722351758032472,0.722351758032472,True,0.000116586685,0.9998834
0.722351758032472,0.722351758032472,True,0.000115036964,0.99988496
0.722351758032472,0.722351758032472,True,9.572506e-05,0.9999043
0.722351758032472,0.722351758032472,True,0.00013196468,0.99986804
-1.3843670883058157,-1.3843670883058157,True,0.99989957,0.00010043683
0.722351758032472,0.722351758032472,True,8.9883804e-05,0.9999101
-1.3843670883058157,-1.3843670883058157,True,0.9999234,7.661466e-05
-1.3843670883058157,-1.3843670883058157,True,0.9998253,0.00017469501
0.722351758032472,0.722351758032472,True,8.940697e-05,0.9999106
0.722351758032472,0.722351758032472,True,0.00025707483,0.9997429
0.722351758032472,0.722351758032472,True,0.00074869394,0.9992513
0.722351758032472,0.722351758032472,True,0.0015580058,0.998442
0.722351758032472,0.722351758032472,True,0.00019854307,0.99980146
0.722351758032472,0.722351758032472,True,0.00063055754,0.99936944
-1.3843670883058157,-1.3843670883058157,True,0.99972874,0.00027127797
-1.3843670883058157,-1.3843670883058157,True,0.9999081,9.1918744e-05
0.722351758032472,0.722351758032472,True,0.00053042173,0.9994696
-1.3843670883058157,-1.3843670883058157,True,0.9998956,0.000104430386
0.722351758032472,0.722351758032472,True,7.3075294e-05,0.9999269
0.722351758032472,0.722351758032472,True,0.00022298098,0.999777
-1.3843670883058157,-1.3843670883058157,True,0.99979806,0.00020191139
0.722351758032472,0.722351758032472,True,0.0001399517,0.99986005
0.722351758032472,0.722351758032472,True,0.00023669004,0.9997633
0.722351758032472,0.722351758032472,True,5.7578087e-05,0.9999424
0.722351758032472,0.722351758032472,True,0.00035464764,0.99964535
-1.3843670883058157,-1.3843670883058157,True,0.99981844,0.0001815787
0.722351758032472,0.722351758032472,True,0.00012731552,0.9998727
0.722351758032472,0.722351758032472,True,5.6624413e-05,0.9999434
0.722351758032472,0.722351758032472,True,0.00017827749,0.9998217
0.722351758032472,0.722351758032472,True,0.0005916357,0.99940836
0.722351758032472,0.722351758032472,True,0.000101685524,0.9998983
0.722351758032472,0.722351758032472,True,9.715557e-05,0.99990284
-1.3843670883058157,-1.3843670883058157,True,0.99991584,8.415246e-05
0.722351758032472,0.722351758032472,True,7.867813e-05,0.9999213
0.722351758032472,0.722351758032472,True,0.00052911043,0.9994709
-1.3843670883058157,-1.3843670883058157,True,0.999923,7.70094e-05
0.722351758032472,0.722351758032472,True,0.00019174814,0.99980825
0.722351758032472,0.722351758032472,True,0.00043946505,0.99956053
0.722351758032472,0.722351758032472,True,0.0007985234,0.9992015
0.722351758032472,0.722351758032472,True,0.00015127659,0.9998487
-1.3843670883058157,-1.3843670883058157,True,0.9998585,0.00014152494
-1.3843670883058157,-1.3843670883058157,True,0.99988,0.00012000252
-1.3843670883058157,-1.3843670883058157,True,0.9998701,0.00012985451
-1.3843670883058157,-1.3843670883058157,True,0.9997507,0.00024931334
-1.3843670883058157,-1.3843670883058157,True,0.99990344,9.656402e-05
0.722351758032472,0.722351758032472,True,7.224083e-05,0.99992776
0.722351758032472,0.722351758032472,True,0.00012779236,0.9998722
0.722351758032472,0.722351758032472,True,0.00018996,0.99981004
-1.3843670883058157,-1.3843670883058157,True,0.9998927,0.00010728428
0.722351758032472,0.722351758032472,True,0.000120043755,0.99987996
0.722351758032472,0.722351758032472,True,7.6174736e-05,0.9999238
0.722351758032472,0.722351758032472,True,0.00021725893,0.99978274
-1.3843670883058157,-1.3843670883058157,True,0.999849,0.00015095813
0.722351758032472,0.722351758032472,True,0.00018674135,0.99981326
-1.3843670883058157,-1.3843670883058157,True,0.9999156,8.437657e-05
-1.3843670883058157,-1.3843670883058157,True,0.99990237,9.7654294e-05
0.722351758032472,0.722351758032472,True,0.0057778955,0.9942221
-1.3843670883058157,-1.3843670883058157,True,0.9999086,9.136575e-05
0.722351758032472,0.722351758032472,True,0.00054615736,0.99945384
-1.3843670883058157,-1.3843670883058157,True,0.9999034,9.664269e-05
-1.3843670883058157,-1.3843670883058157,True,0.9996084,0.00039161948
-1.3843670883058157,-1.3843670883058157,True,0.99990726,9.273028e-05
-1.3843670883058157,-1.3843670883058157,True,0.9997876,0.00021235438
-1.3843670883058157,-1.3843670883058157,True,0.9999014,9.8582634e-05
-1.3843670883058157,-1.3843670883058157,True,0.9998995,0.00010048311
0.722351758032472,0.722351758032472,True,4.4345856e-05,0.99995565
-1.3843670883058157,-1.3843670883058157,True,0.99991053,8.9463065e-05
0.722351758032472,0.722351758032472,True,0.00018042326,0.9998196
0.722351758032472,0.722351758032472,True,0.0020540357,0.99794596
0.722351758032472,0.722351758032472,True,7.092953e-05,0.9999291
0.722351758032472,0.722351758032472,True,0.0001680851,0.9998319
0.722351758032472,0.722351758032472,True,0.00017899275,0.999821
0.722351758032472,0.722351758032472,True,5.8293343e-05,0.9999417
-1.3843670883058157,-1.3843670883058157,True,0.99967337,0.0003266319
0.722351758032472,0.722351758032472,True,9.787083e-05,0.9999021
0.722351758032472,0.722351758032472,True,6.67572e-05,0.99993324
0.722351758032472,0.722351758032472,True,9.894371e-05,0.99990106
-1.3843670883058157,-1.3843670883058157,True,0.9999092,9.075946e-05
0.722351758032472,0.722351758032472,True,9.274483e-05,0.99990726
-1.3843670883058157,-1.3843670883058157,True,0.9999191,8.090652e-05
-1.3843670883058157,-1.3843670883058157,True,0.99991584,8.41466e-05
0.722351758032472,0.722351758032472,True,0.00014853477,0.99985147
0.722351758032472,0.722351758032472,True,0.000633657,0.99936634
0.722351758032472,0.722351758032472,True,0.00034439564,0.9996556
-1.3843670883058157,-1.3843670883058157,True,0.9998909,0.00010910209
0.722351758032472,0.722351758032472,True,0.00013971329,0.9998603
0.722351758032472,0.722351758032472,True,0.00014019012,0.9998598
0.722351758032472,0.722351758032472,True,0.00024455786,0.99975544
-1.3843670883058157,-1.3843670883058157,True,0.9999013,9.8721575e-05
0.722351758032472,0.722351758032472,True,0.00014734268,0.99985266
0.722351758032472,0.722351758032472,True,0.00012671947,0.9998733
0.722351758032472,0.722351758032472,True,0.00021404028,0.99978596
-1.3843670883058157,-1.3843670883058157,True,0.99987555,0.00012442737
0.722351758032472,0.722351758032472,True,0.00028163195,0.99971837
-1.3843670883058157,-1.3843670883058157,True,0.99976045,0.00023956623
-1.3843670883058157,-1.3843670883058157,True,0.99987245,0.00012753693
-1.3843670883058157,-1.3843670883058157,True,0.9997101,0.00028991752
0.722351758032472,0.722351758032472,True,0.00019544363,0.99980456
0.722351758032472,0.722351758032472,True,6.520748e-05,0.9999348
0.722351758032472,0.722351758032472,True,0.00037944317,0.99962056
-1.3843670883058157,-1.3843670883058157,True,0.99991447,8.551767e-05
-1.3843670883058157,-1.3843670883058157,True,0.9990208,0.000979159
0.722351758032472,0.722351758032472,True,0.000718534,0.99928147
-1.3843670883058157,-1.3843670883058157,True,0.99979943,0.00020055946
0.722351758032472,0.722351758032472,True,0.0005657077,0.9994343
0.722351758032472,0.722351758032472,True,0.028821588,0.9711784
0.722351758032472,0.722351758032472,True,0.00014150143,0.9998585
-1.3843670883058157,-1.3843670883058157,True,0.99991393,8.6074986e-05
0.722351758032472,0.722351758032472,True,0.00021022558,0.9997898
0.722351758032472,0.722351758032472,True,9.906292e-05,0.99990094
-1.3843670883058157,-1.3843670883058157,True,0.9995572,0.00044282843
-1.3843670883058157,-1.3843670883058157,True,0.99990624,9.37712e-05
0.722351758032472,0.722351758032472,True,0.001544714,0.9984553
0.722351758032472,0.722351758032472,True,6.6399574e-05,0.9999336
0.722351758032472,0.722351758032472,True,0.00013136864,0.99986863
0.722351758032472,0.722351758032472,True,7.4744225e-05,0.99992526
-1.3843670883058157,-1.3843670883058157,True,0.9998263,0.00017368418
0.722351758032472,0.722351758032472,True,0.00013923645,0.99986076
0.722351758032472,0.722351758032472,True,0.00019091368,0.9998091
0.722351758032472,0.722351758032472,True,0.00030362606,0.9996964
0.722351758032472,0.722351758032472,True,0.000101447105,0.99989855
0.722351758032472,0.722351758032472,True,0.00014817715,0.9998518
0.722351758032472,0.722351758032472,True,0.00037276745,0.99962723
-1.3843670883058157,-1.3843670883058157,True,0.9999051,9.4869836e-05
-1.3843670883058157,-1.3843670883058157,True,0.99991226,8.775293e-05
-1.3843670883058157,-1.3843670883058157,True,0.9999124,8.760469e-05
-1.3843670883058157,-1.3843670883058157,True,0.9996821,0.00031785588
-1.3843670883058157,-1.3843670883058157,True,0.9998465,0.00015350735
-1.3843670883058157,-1.3843670883058157,True,0.9997757,0.00022431262
-1.3843670883058157,-1.3843670883058157,True,0.999909,9.102398e-05
0.722351758032472,0.722351758032472,True,0.00023514032,0.99976486
0.722351758032472,0.722351758032472,True,0.00017178059,0.9998282
0.722351758032472,0.722351758032472,True,5.555153e-05,0.99994445
0.722351758032472,0.722351758032472,True,0.0001500845,0.9998499
-1.3843670883058157,-1.3843670883058157,True,0.9999237,7.6302895e-05
0.722351758032472,0.722351758032472,True,7.009506e-05,0.9999299
0.722351758032472,0.722351758032472,True,7.1525574e-05,0.9999285
0.722351758032472,0.722351758032472,True,0.00018852949,0.9998115
0.722351758032472,0.722351758032472,True,5.340576e-05,0.9999466
-1.3843670883058157,-1.3843670883058157,True,0.999893,0.00010697464
0.722351758032472,0.722351758032472,True,0.01477474,0.98522526
0.722351758032472,0.722351758032472,True,0.0002784133,0.9997216
0.722351758032472,0.722351758032472,True,0.000108122826,0.9998919
0.722351758032472,0.722351758032472,True,0.0004942417,0.99950576
-1.3843670883058157,-1.3843670883058157,True,0.99991417,8.5827545e-05
-1.3843670883058157,-1.3843670883058157,True,0.9998425,0.00015746194
0.722351758032472,0.722351758032472,True,0.0001333952,0.9998666
0.722351758032472,0.722351758032472,True,0.0001898408,0.99981016
-1.3843670883058157,-1.3843670883058157,True,0.9999152,8.4836116e-05
0.722351758032472,0.722351758032472,True,0.00011694431,0.99988306
0.722351758032472,0.722351758032472,True,9.906292e-05,0.99990094
0.722351758032472,0.722351758032472,True,5.6743622e-05,0.99994326
-1.3843670883058157,-1.3843670883058157,True,0.99991906,8.0959224e-05
0.722351758032472,0.722351758032472,True,0.00010919571,0.9998908
0.722351758032472,0.722351758032472,True,0.00016462803,0.9998354
-1.3843670883058157,-1.3843670883058157,True,0.9997817,0.0002182995
-1.3843670883058157,-1.3843670883058157,True,0.9998447,0.00015534367
0.722351758032472,0.722351758032472,True,0.0004633665,0.99953663
0.722351758032472,0.722351758032472,True,0.00013005733,0.99986994
0.722351758032472,0.722351758032472,True,5.8054924e-05,0.99994195
-1.3843670883058157,-1.3843670883058157,True,0.9997711,0.00022887715
-1.3843670883058157,-1.3843670883058157,True,0.9999037,9.633647e-05
0.722351758032472,0.722351758032472,True,0.00010538101,0.9998946
-1.3843670883058157,-1.3843670883058157,True,0.9998198,0.00018017534
0.722351758032472,0.722351758032472,True,0.00021725893,0.99978274
0.722351758032472,0.722351758032472,True,0.00010192394,0.9998981
-1.3843670883058157,-1.3843670883058157,True,0.9998064,0.00019361945
0.722351758032472,0.722351758032472,True,0.00012290478,0.9998771
-1.3843670883058157,-1.3843670883058157,True,0.99985373,0.00014627498
0.722351758032472,0.722351758032472,True,0.0067819953,0.993218
0.722351758032472,0.722351758032472,True,0.00032055378,0.99967945
0.722351758032472,0.722351758032472,True,0.00011694431,0.99988306
-1.3843670883058157,-1.3843670883058157,True,0.9996178,0.0003822092
0.722351758032472,0.722351758032472,True,0.00043839216,0.9995616
0.722351758032472,0.722351758032472,True,0.0015025139,0.9984975
0.722351758032472,0.722351758032472,True,0.00011110306,0.9998889
-1.3843670883058157,-1.3843670883058157,True,0.999776,0.00022400358
0.722351758032472,0.722351758032472,True,8.6426735e-05,0.9999136
0.722351758032472,0.722351758032472,True,7.677078e-05,0.9999232
0.722351758032472,0.722351758032472,True,7.092953e-05,0.9999291
0.722351758032472,0.722351758032472,True,0.0001360178,0.999864
-1.3843670883058157,-1.3843670883058157,True,0.99991065,8.936553e-05
0.722351758032472,0.722351758032472,True,0.00010859966,0.9998914
0.722351758032472,0.722351758032472,True,0.0003386736,0.9996613
0.722351758032472,0.722351758032472,True,0.00031602383,0.999684
0.722351758032472,0.722351758032472,True,0.00026839972,0.9997316
0.722351758032472,0.722351758032472,True,0.00015223026,0.99984777
0.722351758032472,0.722351758032472,True,0.00031125546,0.99968874
-1.3843670883058157,-1.3843670883058157,True,0.9999093,9.069872e-05
-1.3843670883058157,-1.3843670883058157,True,0.9998399,0.00016011928
0.722351758032472,0.722351758032472,True,0.00010621548,0.9998938
-1.3843670883058157,-1.3843670883058157,True,0.99989504,0.000104953906
0.722351758032472,0.722351758032472,True,0.00015938282,0.9998406
-1.3843670883058157,-1.3843670883058157,True,0.9996867,0.00031330145
-1.3843670883058157,-1.3843670883058157,True,0.99990064,9.936475e-05
0.722351758032472,0.722351758032472,True,0.00039631128,0.9996037
-1.3843670883058157,-1.3843670883058157,True,0.9995891,0.00041088788
-1.3843670883058157,-1.3843670883058157,True,0.99959534,0.0004046458
0.722351758032472,0.722351758032472,True,5.2332878e-05,0.99994767
0.722351758032472,0.722351758032472,True,0.00015175343,0.99984825
0.722351758032472,0.722351758032472,True,0.00025314093,0.99974686
-1.3843670883058157,-1.3843670883058157,True,0.9999177,8.233934e-05
0.722351758032472,0.722351758032472,True,0.000443995,0.999556
-1.3843670883058157,-1.3843670883058157,True,0.9999114,8.8592635e-05
0.722351758032472,0.722351758032472,True,0.00011765957,0.99988234
0.722351758032472,0.722351758032472,True,0.000103116035,0.9998969
0.722351758032472,0.722351758032472,True,0.00017946959,0.99982053
0.722351758032472,0.722351758032472,True,0.0002577901,0.9997422
0.722351758032472,0.722351758032472,True,0.00020462275,0.9997954
0.722351758032472,0.722351758032472,True,0.00014269352,0.9998573
0.722351758032472,0.722351758032472,True,0.00022131205,0.9997787
0.722351758032472,0.722351758032472,True,8.4877014e-05,0.9999151
0.722351758032472,0.722351758032472,True,0.00041383505,0.99958616
0.722351758032472,0.722351758032472,True,8.106232e-05,0.99991894
0.722351758032472,0.722351758032472,True,0.0036160946,0.9963839
0.722351758032472,0.722351758032472,True,6.41346e-05,0.99993587
-1.3843670883058157,-1.3843670883058157,True,0.9999225,7.750669e-05
0.722351758032472,0.722351758032472,True,0.00023001432,0.99977
0.722351758032472,0.722351758032472,True,0.0013133883,0.9986866
0.722351758032472,0.722351758032472,True,9.9778175e-05,0.9999002
0.722351758032472,0.722351758032472,True,0.0001847148,0.9998153
0.722351758032472,0.722351758032472,True,0.00015473366,0.99984527
-1.3843670883058157,-1.3843670883058157,True,0.9998958,0.00010418571
-1.3843670883058157,-1.3843670883058157,True,0.99991363,8.6356406e-05
0.722351758032472,0.722351758032472,True,8.940697e-05,0.9999106
-1.3843670883058157,-1.3843670883058157,True,0.9993393,0.0006607119
-1.3843670883058157,-1.3843670883058157,True,0.9999145,8.547609e-05
-1.3843670883058157,-1.3843670883058157,True,0.99991006,8.9965e-05
0.722351758032472,0.722351758032472,True,0.0002785325,0.99972147
0.722351758032472,0.722351758032472,True,9.000301e-05,0.99991
-1.3843670883058157,-1.3843670883058157,True,0.9997954,0.00020464911
0.722351758032472,0.722351758032472,True,0.00010931492,0.9998907
-1.3843670883058157,-1.3843670883058157,True,0.99983054,0.00016942868
0.722351758032472,0.722351758032472,True,0.00020951033,0.9997905
-1.3843670883058157,-1.3843670883058157,True,0.999807,0.00019302002
0.722351758032472,0.722351758032472,True,0.00035464764,0.99964535
0.722351758032472,0.722351758032472,True,0.00011527538,0.9998847
0.722351758032472,0.722351758032472,True,0.00010716915,0.99989283
0.722351758032472,0.722351758032472,True,7.688999e-05,0.9999231
-1.3843670883058157,-1.3843670883058157,True,0.999916,8.398451e-05
0.722351758032472,0.722351758032472,True,0.00015044212,0.99984956
-1.3843670883058157,-1.3843670883058157,True,0.99963695,0.00036307154
0.722351758032472,0.722351758032472,True,0.00017142296,0.9998286
0.722351758032472,0.722351758032472,True,0.00014317036,0.9998568
0.722351758032472,0.722351758032472,True,6.020069e-05,0.9999398
0.722351758032472,0.722351758032472,True,7.867813e-05,0.9999213
0.722351758032472,0.722351758032472,True,0.00016343594,0.99983656
0.722351758032472,0.722351758032472,True,9.918213e-05,0.9999008
-1.3843670883058157,-1.3843670883058157,True,0.9997408,0.00025924054
0.722351758032472,0.722351758032472,True,0.00020045042,0.99979955
0.722351758032472,0.722351758032472,True,0.00014352798,0.9998565
0.722351758032472,0.722351758032472,True,0.00013518333,0.9998648
0.722351758032472,0.722351758032472,True,0.00011885166,0.99988115
0.722351758032472,0.722351758032472,True,6.1154366e-05,0.99993885
-1.3843670883058157,-1.3843670883058157,True,0.9996064,0.0003936255
0.722351758032472,0.722351758032472,True,6.2704086e-05,0.9999373
0.722351758032472,0.722351758032472,True,0.0002245307,0.99977547
-1.3843670883058157,-1.3843670883058157,True,0.9997525,0.00024746492
0.722351758032472,0.722351758032472,True,6.186962e-05,0.99993813
0.722351758032472,0.722351758032472,True,0.00016057491,0.9998394
-1.3843670883058157,-1.3843670883058157,True,0.9996886,0.000311401
0.722351758032472,0.722351758032472,True,6.4611435e-05,0.9999354
0.722351758032472,0.722351758032472,True,0.00034213066,0.99965787
0.722351758032472,0.722351758032472,True,8.583069e-05,0.99991417
-1.3843670883058157,-1.3843670883058157,True,0.99991643,8.3539046e-05
0.722351758032472,0.722351758032472,True,0.0010592341,0.99894077
0.722351758032472,0.722351758032472,True,6.4492226e-05,0.9999355
-1.3843670883058157,-1.3843670883058157,True,0.9999006,9.9440396e-05
0.722351758032472,0.722351758032472,True,0.00013613701,0.99986386
-1.3843670883058157,-1.3843670883058157,True,0.99966896,0.0003310491
0.722351758032472,0.722351758032472,True,0.00013780594,0.9998622
-1.3843670883058157,-1.3843670883058157,True,0.9999127,8.729889e-05
0.722351758032472,0.722351758032472,True,0.003948629,0.9960514
-1.3843670883058157,-1.3843670883058157,True,0.9998969,0.00010310477
0.722351758032472,0.722351758032472,True,0.00025373697,0.99974626
0.722351758032472,0.722351758032472,True,0.00018244982,0.99981755
0.722351758032472,0.722351758032472,True,0.0006753206,0.9993247
-1.3843670883058157,-1.3843670883058157,True,0.99989957,0.00010040418
0.722351758032472,0.722351758032472,True,0.00013542175,0.9998646
-1.3843670883058157,-1.3843670883058157,True,0.9997571,0.00024291487
-1.3843670883058157,-1.3843670883058157,True,0.9996936,0.00030642212
-1.3843670883058157,-1.3843670883058157,True,0.99991006,8.9965e-05
0.722351758032472,0.722351758032472,True,0.00015306473,0.99984694
0.722351758032472,0.722351758032472,True,9.4652176e-05,0.99990535
0.722351758032472,0.722351758032472,True,0.00010514259,0.99989486
0.722351758032472,0.722351758032472,True,6.508827e-05,0.9999349
0.722351758032472,0.722351758032472,True,5.9366226e-05,0.99994063
0.722351758032472,0.722351758032472,True,0.0011978149,0.9988022
-1.3843670883058157,-1.3843670883058157,True,0.9998823,0.0001176998
0.722351758032472,0.722351758032472,True,0.0001705885,0.9998294
0.722351758032472,0.722351758032472,True,0.000115036964,0.99988496
-1.3843670883058157,0.722351758032472,False,0.018779159,0.98122084
0.722351758032472,0.722351758032472,True,0.00046122074,0.9995388
0.722351758032472,0.722351758032472,True,0.00022679567,0.9997732
-1.3843670883058157,-1.3843670883058157,True,0.99964017,0.000359826
-1.3843670883058157,-1.3843670883058157,True,0.99991196,8.802506e-05
0.722351758032472,0.722351758032472,True,0.0076547265,0.9923453
0.722351758032472,0.722351758032472,True,0.00010120869,0.9998988
0.722351758032472,0.722351758032472,True,0.00016772747,0.9998323
-1.3843670883058157,-1.3843670883058157,True,0.99991584,8.41466e-05
0.722351758032472,0.722351758032472,True,0.00014472008,0.9998553
-1.3843670883058157,-1.3843670883058157,True,0.9993918,0.0006081892
0.722351758032472,0.722351758032472,True,0.0002722144,0.9997278
0.722351758032472,0.722351758032472,True,0.00022810698,0.9997719
-1.3843670883058157,-1.3843670883058157,True,0.9999241,7.5897886e-05
0.722351758032472,0.722351758032472,True,0.0011351109,0.9988649
0.722351758032472,0.722351758032472,True,0.00048673153,0.99951327
0.722351758032472,0.722351758032472,True,0.00036633015,0.99963367
0.722351758032472,0.722351758032472,True,6.186962e-05,0.99993813
0.722351758032472,0.722351758032472,True,0.00014674664,0.99985325
0.722351758032472,0.722351758032472,True,0.00018650293,0.9998135
-1.3843670883058157,-1.3843670883058157,True,0.99991304,8.69458e-05
0.722351758032472,0.722351758032472,True,7.998943e-05,0.99992
-1.3843670883058157,-1.3843670883058157,True,0.99949074,0.0005092509
0.722351758032472,0.722351758032472,True,0.00041025877,0.99958974
0.722351758032472,0.722351758032472,True,9.3340874e-05,0.99990666
0.722351758032472,0.722351758032472,True,4.7445297e-05,0.99995255
0.722351758032472,0.722351758032472,True,0.0025285482,0.99747145
0.722351758032472,0.722351758032472,True,0.00025457144,0.9997454
0.722351758032472,0.722351758032472,True,9.8347664e-05,0.99990165
-1.3843670883058157,-1.3843670883058157,True,0.9997807,0.00021927786
-1.3843670883058157,-1.3843670883058157,True,0.9999141,8.589255e-05
0.722351758032472,0.722351758032472,True,0.0006736517,0.99932635
0.722351758032472,0.722351758032472,True,6.020069e-05,0.9999398
-1.3843670883058157,-1.3843670883058157,True,0.9998975,0.0001024929
-1.3843670883058157,-1.3843670883058157,True,0.99991894,8.108129e-05
0.722351758032472,0.722351758032472,True,0.00010728836,0.9998927
0.722351758032472,0.722351758032472,True,0.00014269352,0.9998573
0.722351758032472,0.722351758032472,True,9.596348e-05,0.99990404
0.722351758032472,0.722351758032472,True,0.0001707077,0.9998293
-1.3843670883058157,-1.3843670883058157,True,0.9998287,0.00017128435
0.722351758032472,0.722351758032472,True,7.1287155e-05,0.9999287
-1.3843670883058157,-1.3843670883058157,True,0.9998948,0.00010518615
0.722351758032472,0.722351758032472,True,7.581711e-05,0.9999242
0.722351758032472,0.722351758032472,True,9.214878e-05,0.99990785
0.722351758032472,0.722351758032472,True,0.0061219335,0.99387807
0.722351758032472,0.722351758032472,True,0.00016272068,0.9998373
-1.3843670883058157,-1.3843670883058157,True,0.99991167,8.8332985e-05
0.722351758032472,0.722351758032472,True,6.4730644e-05,0.99993527
-1.3843670883058157,-1.3843670883058157,True,0.999727,0.0002730177
0.722351758032472,0.722351758032472,True,9.250641e-05,0.9999075
0.722351758032472,0.722351758032472,True,4.708767e-05,0.9999529
0.722351758032472,0.722351758032472,True,5.9485435e-05,0.9999405
0.722351758032472,0.722351758032472,True,0.00015854836,0.99984145
0.722351758032472,0.722351758032472,True,0.00018316507,0.99981683
0.722351758032472,0.722351758032472,True,7.83205e-05,0.9999217
-1.3843670883058157,-1.3843670883058157,True,0.9998469,0.0001531458
0.722351758032472,0.722351758032472,True,0.0001103878,0.9998896
0.722351758032472,0.722351758032472,True,0.00022500753,0.999775
0.722351758032472,0.722351758032472,True,0.00010287762,0.9998971
-1.3843670883058157,-1.3843670883058157,True,0.9997473,0.00025270734
0.722351758032472,0.722351758032472,True,0.00028461218,0.9997154
0.722351758032472,0.722351758032472,True,0.00012302399,0.999877
0.722351758032472,0.722351758032472,True,0.00014042854,0.9998596
0.722351758032472,0.722351758032472,True,6.258488e-05,0.9999374
0.722351758032472,0.722351758032472,True,0.00014209747,0.9998579
-1.3843670883058157,-1.3843670883058157,True,0.99991524,8.478088e-05
0.722351758032472,0.722351758032472,True,0.00014817715,0.9998518
-1.3843670883058157,-1.3843670883058157,True,0.999916,8.401214e-05
0.722351758032472,0.722351758032472,True,0.00015056133,0.99984944
0.722351758032472,0.722351758032472,True,4.9471855e-05,0.9999505
-1.3843670883058157,-1.3843670883058157,True,0.9999117,8.8290544e-05
0.722351758032472,0.722351758032472,True,5.4955482e-05,0.99994504
0.722351758032472,0.722351758032472,True,9.6678734e-05,0.9999033
0.722351758032472,0.722351758032472,True,0.00013685226,0.99986315
0.722351758032472,0.722351758032472,True,6.020069e-05,0.9999398
0.722351758032472,0.722351758032472,True,0.00022989511,0.9997701
-1.3843670883058157,-1.3843670883058157,True,0.9996795,0.00032051792
-1.3843670883058157,-1.3843670883058157,True,0.99991524,8.4752995e-05
0.722351758032472,0.722351758032472,True,8.511543e-05,0.9999149
0.722351758032472,0.722351758032472,True,0.000119924545,0.9998801
0.722351758032472,0.722351758032472,True,0.00011539459,0.9998846
-1.3843670883058157,-1.3843670883058157,True,0.9999201,7.984148e-05
0.722351758032472,0.722351758032472,True,7.6532364e-05,0.99992347
0.722351758032472,0.722351758032472,True,0.0003271103,0.9996729
-1.3843670883058157,-1.3843670883058157,True,0.99991274,8.724787e-05
0.722351758032472,0.722351758032472,True,0.00018709898,0.9998129
-1.3843670883058157,-1.3843670883058157,True,0.9996604,0.0003396136
0.722351758032472,0.722351758032472,True,6.341934e-05,0.9999366
-1.3843670883058157,-1.3843670883058157,True,0.9999044,9.5631716e-05
0.722351758032472,0.722351758032472,True,0.00013315678,0.99986684
-1.3843670883058157,-1.3843670883058157,True,0.99989945,0.00010055518
0.722351758032472,0.722351758032472,True,0.00034070015,0.9996593
-1.3843670883058157,-1.3843670883058157,True,0.9996026,0.00039739077
-1.3843670883058157,-1.3843670883058157,True,0.99965996,0.00034006688
-1.3843670883058157,-1.3843670883058157,True,0.99990034,9.966253e-05
0.722351758032472,0.722351758032472,True,0.00013160706,0.9998684
0.722351758032472,0.722351758032472,True,0.0010691285,0.9989309
0.722351758032472,0.722351758032472,True,0.0031237602,0.99687624
-1.3843670883058157,-1.3843670883058157,True,0.99963254,0.00036747183
-1.3843670883058157,-1.3843670883058157,True,0.9999158,8.420142e-05
0.722351758032472,0.722351758032472,True,8.9764595e-05,0.99991024
-1.3843670883058157,-1.3843670883058157,True,0.99991214,8.7853485e-05
0.722351758032472,0.722351758032472,True,0.0002129674,0.99978703
0.722351758032472,0.722351758032472,True,5.173683e-05,0.99994826
0.722351758032472,0.722351758032472,True,5.197525e-05,0.999948
0.722351758032472,0.722351758032472,True,0.00012648106,0.9998735
0.722351758032472,0.722351758032472,True,0.00024944544,0.99975055
0.722351758032472,0.722351758032472,True,5.185604e-05,0.99994814
0.722351758032472,0.722351758032472,True,0.00017803907,0.99982196
0.722351758032472,0.722351758032472,True,0.00028902292,0.999711
0.722351758032472,0.722351758032472,True,0.00022310019,0.9997769
0.722351758032472,0.722351758032472,True,7.200241e-05,0.999928
-1.3843670883058157,-1.3843670883058157,True,0.99985087,0.00014911706
0.722351758032472,0.722351758032472,True,8.6545944e-05,0.99991345
-1.3843670883058157,-1.3843670883058157,True,0.99958014,0.00041982936
0.722351758032472,0.722351758032472,True,0.0001424551,0.99985754
-1.3843670883058157,-1.3843670883058157,True,0.99983585,0.00016412769
-1.3843670883058157,-1.3843670883058157,True,0.9997873,0.00021270859
0.722351758032472,0.722351758032472,True,0.00010561943,0.9998944
-1.3843670883058157,-1.3843670883058157,True,0.99961346,0.0003865298
0.722351758032472,0.722351758032472,True,6.0081482e-05,0.9999399
0.722351758032472,0.722351758032472,True,0.00060224533,0.99939775
0.722351758032472,0.722351758032472,True,7.236004e-05,0.99992764
0.722351758032472,0.722351758032472,True,6.532669e-05,0.9999347
-1.3843670883058157,-1.3843670883058157,True,0.99968624,0.00031377407
0.722351758032472,0.722351758032472,True,0.002456665,0.99754333
-1.3843670883058157,-1.3843670883058157,True,0.9999229,7.71439e-05
0.722351758032472,0.722351758032472,True,0.00029969215,0.9997003
0.722351758032472,0.722351758032472,True,0.00011205673,0.99988794
0.722351758032472,0.722351758032472,True,8.523464e-05,0.99991477
0.722351758032472,0.722351758032472,True,6.759167e-05,0.9999324
-1.3843670883058157,-1.3843670883058157,True,0.9999054,9.460703e-05
0.722351758032472,0.722351758032472,True,0.00017648935,0.9998235
0.722351758032472,0.722351758032472,True,0.00027531385,0.9997247
-1.3843670883058157,-1.3843670883058157,True,0.9999102,8.984505e-05
0.722351758032472,0.722351758032472,True,0.00010025501,0.99989974
-1.3843670883058157,-1.3843670883058157,True,0.99979085,0.00020917447
0.722351758032472,0.722351758032472,True,0.00012910366,0.9998709
-1.3843670883058157,-1.3843670883058157,True,0.99955237,0.0004476558
0.722351758032472,0.722351758032472,True,0.004482448,0.99551755
-1.3843670883058157,-1.3843670883058157,True,0.99989545,0.000104575985
0.722351758032472,0.722351758032472,True,4.851818e-05,0.9999515
-1.3843670883058157,-1.3843670883058157,True,0.99959105,0.000408938
-1.3843670883058157,-1.3843670883058157,True,0.9999127,8.730896e-05
0.722351758032472,0.722351758032472,True,0.00015890598,0.9998411
0.722351758032472,0.722351758032472,True,7.200241e-05,0.999928
-1.3843670883058157,-1.3843670883058157,True,0.99972504,0.0002749835
0.722351758032472,0.722351758032472,True,0.00016319752,0.9998368
0.722351758032472,0.722351758032472,True,0.00023049116,0.9997695
0.722351758032472,0.722351758032472,True,6.9618225e-05,0.9999304
0.722351758032472,0.722351758032472,True,0.0001488924,0.9998511
0.722351758032472,0.722351758032472,True,0.00010085106,0.99989915
0.722351758032472,0.722351758032472,True,8.058548e-05,0.9999194
0.722351758032472,0.722351758032472,True,0.00014185905,0.99985814
-1.3843670883058157,-1.3843670883058157,True,0.9997019,0.00029809968
-1.3843670883058157,-1.3843670883058157,True,0.9999022,9.780024e-05
0.722351758032472,0.722351758032472,True,9.2983246e-05,0.999907
0.722351758032472,0.722351758032472,True,0.00024205446,0.99975795
0.722351758032472,0.722351758032472,True,0.0001347065,0.9998653
0.722351758032472,0.722351758032472,True,0.00015079975,0.9998492
0.722351758032472,0.722351758032472,True,0.0050863028,0.9949137
0.722351758032472,0.722351758032472,True,0.00031125546,0.99968874
0.722351758032472,0.722351758032472,True,0.00015103817,0.99984896
0.722351758032472,0.722351758032472,True,0.00012409687,0.9998759
0.722351758032472,0.722351758032472,True,0.00015616417,0.99984384
0.722351758032472,0.722351758032472,True,9.000301e-05,0.99991
0.722351758032472,0.722351758032472,True,0.00020617247,0.9997938
-1.3843670883058157,-1.3843670883058157,True,0.9999051,9.489055e-05
0.722351758032472,0.722351758032472,True,9.4890594e-05,0.9999051
0.722351758032472,0.722351758032472,True,0.00026601553,0.999734
0.722351758032472,0.722351758032472,True,5.853176e-05,0.99994147
-1.3843670883058157,-1.3843670883058157,True,0.99970305,0.0002969435
0.722351758032472,0.722351758032472,True,0.0001399517,0.99986005
0.722351758032472,0.722351758032472,True,7.4863434e-05,0.99992514
-1.3843670883058157,-1.3843670883058157,True,0.99968475,0.0003152478
-1.3843670883058157,-1.3843670883058157,True,0.99951077,0.0004892428
0.722351758032472,0.722351758032472,True,8.773804e-05,0.99991226
0.722351758032472,0.722351758032472,True,0.0018508434,0.99814916
0.722351758032472,0.722351758032472,True,0.000101327896,0.9998987
0.722351758032472,0.722351758032472,True,6.592274e-05,0.9999341
0.722351758032472,0.722351758032472,True,0.00018566847,0.99981433
0.722351758032472,0.722351758032472,True,0.0001462698,0.99985373
0.722351758032472,0.722351758032472,True,0.00011134148,0.99988866
0.722351758032472,0.722351758032472,True,8.893013e-05,0.99991107
0.722351758032472,0.722351758032472,True,0.00012850761,0.9998715
0.722351758032472,0.722351758032472,True,0.00022894144,0.99977106
-1.3843670883058157,-1.3843670883058157,True,0.9997988,0.00020124772
0.722351758032472,0.722351758032472,True,8.535385e-05,0.99991465
0.722351758032472,0.722351758032472,True,0.00014388561,0.9998561
0.722351758032472,0.722351758032472,True,0.0009292364,0.99907076
0.722351758032472,0.722351758032472,True,9.024143e-05,0.99990976
0.722351758032472,0.722351758032472,True,0.00010895729,0.99989104
-1.3843670883058157,-1.3843670883058157,True,0.99981517,0.00018486245
-1.3843670883058157,-1.3843670883058157,True,0.99990517,9.483565e-05
0.722351758032472,0.722351758032472,True,0.000108003616,0.999892
0.722351758032472,0.722351758032472,True,8.4638596e-05,0.99991536
0.722351758032472,0.722351758032472,True,0.0002757907,0.9997242
-1.3843670883058157,-1.3843670883058157,True,0.9999051,9.486432e-05
-1.3843670883058157,-1.3843670883058157,True,0.9997712,0.00022884528
0.722351758032472,0.722351758032472,True,5.6624413e-05,0.9999434
0.722351758032472,0.722351758032472,True,0.00017178059,0.9998282
0.722351758032472,0.722351758032472,True,0.0006636977,0.9993363
0.722351758032472,0.722351758032472,True,6.580353e-05,0.9999342
0.722351758032472,0.722351758032472,True,0.00020426512,0.99979573
0.722351758032472,0.722351758032472,True,9.429455e-05,0.9999057
-1.3843670883058157,-1.3843670883058157,True,0.99991566,8.435589e-05
0.722351758032472,0.722351758032472,True,6.890297e-05,0.9999311
0.722351758032472,0.722351758032472,True,0.00023466349,0.99976534
-1.3843670883058157,-1.3843670883058157,True,0.99980694,0.00019304248
0.722351758032472,0.722351758032472,True,0.00049841404,0.9995016
0.722351758032472,0.722351758032472,True,6.425381e-05,0.99993575
0.722351758032472,0.722351758032472,True,0.0003401041,0.9996599
-1.3843670883058157,-1.3843670883058157,True,0.9998027,0.00019731704
-1.3843670883058157,-1.3843670883058157,True,0.999907,9.2998605e-05
0.722351758032472,0.722351758032472,True,0.00031340122,0.9996866
0.722351758032472,0.722351758032472,True,0.00014805794,0.99985194
-1.3843670883058157,-1.3843670883058157,True,0.9997464,0.0002536299
0.722351758032472,0.722351758032472,True,5.4955482e-05,0.99994504
-1.3843670883058157,-1.3843670883058157,True,0.99991345,8.654049e-05
-1.3843670883058157,-1.3843670883058157,True,0.9999003,9.9727455e-05
0.722351758032472,0.722351758032472,True,0.0007648468,0.99923515
0.722351758032472,0.722351758032472,True,8.106232e-05,0.99991894
0.722351758032472,0.722351758032472,True,5.6147575e-05,0.99994385
0.722351758032472,0.722351758032472,True,7.1167946e-05,0.99992883
0.722351758032472,0.722351758032472,True,0.00028020144,0.9997198
-1.3843670883058157,-1.3843670883058157,True,0.9999156,8.438228e-05
0.722351758032472,0.722351758032472,True,0.000325799,0.9996742
0.722351758032472,0.722351758032472,True,6.4611435e-05,0.9999354
0.722351758032472,0.722351758032472,True,0.000114798546,0.9998852
0.722351758032472,0.722351758032472,True,7.021427e-05,0.9999298
-1.3843670883058157,-1.3843670883058157,True,0.9999135,8.648463e-05
0.722351758032472,0.722351758032472,True,0.00016713142,0.99983287
0.722351758032472,0.722351758032472,True,0.016644657,0.98335534
0.722351758032472,0.722351758032472,True,6.020069e-05,0.9999398
0.722351758032472,0.722351758032472,True,0.00015580654,0.9998442
0.722351758032472,0.722351758032472,True,0.00033009052,0.9996699
0.722351758032472,0.722351758032472,True,0.00042539835,0.9995746
0.722351758032472,0.722351758032472,True,0.00039118528,0.9996088
0.722351758032472,0.722351758032472,True,8.058548e-05,0.9999194
-1.3843670883058157,-1.3843670883058157,True,0.99991083,8.9149245e-05
-1.3843670883058157,-1.3843670883058157,True,0.9996904,0.0003095997
-1.3843670883058157,-1.3843670883058157,True,0.999924,7.601892e-05
-1.3843670883058157,-1.3843670883058157,True,0.9999147,8.532152e-05
0.722351758032472,0.722351758032472,True,0.00012588501,0.9998741
-1.3843670883058157,-1.3843670883058157,True,0.9996717,0.00032831496
0.722351758032472,0.722351758032472,True,5.1021576e-05,0.999949
0.722351758032472,0.722351758032472,True,0.00013136864,0.99986863
-1.3843670883058157,0.722351758032472,False,0.0761376,0.9238624
0.722351758032472,0.722351758032472,True,0.0013360977,0.9986639
0.722351758032472,0.722351758032472,True,9.953976e-05,0.99990046
0.722351758032472,0.722351758032472,True,0.0001193285,0.9998807
0.722351758032472,0.722351758032472,True,7.8201294e-05,0.9999218
-1.3843670883058157,-1.3843670883058157,True,0.9999135,8.645965e-05
-1.3843670883058157,-1.3843670883058157,True,0.9997365,0.00026351205
-1.3843670883058157,-1.3843670883058157,True,0.9999156,8.441085e-05
0.722351758032472,0.722351758032472,True,6.318092e-05,0.9999368
-1.3843670883058157,-1.3843670883058157,True,0.9996262,0.00037377462
-1.3843670883058157,-1.3843670883058157,True,0.9999054,9.460703e-05
0.722351758032472,0.722351758032472,True,0.00016987324,0.9998301
0.722351758032472,0.722351758032472,True,0.00018149614,0.9998185
0.722351758032472,0.722351758032472,True,6.186962e-05,0.99993813
0.722351758032472,0.722351758032472,True,0.003437817,0.9965622
0.722351758032472,0.722351758032472,True,0.022658825,0.9773412
0.722351758032472,0.722351758032472,True,6.020069e-05,0.9999398
0.722351758032472,0.722351758032472,True,5.9723854e-05,0.9999403
-1.3843670883058157,-1.3843670883058157,True,0.99938613,0.00061385677
0.722351758032472,0.722351758032472,True,5.5909157e-05,0.9999441
0.722351758032472,0.722351758032472,True,0.00030565262,0.99969435
0.722351758032472,0.722351758032472,True,0.00034105778,0.99965894
0.722351758032472,0.722351758032472,True,0.00034868717,0.9996513
0.722351758032472,0.722351758032472,True,0.000119805336,0.9998802
-1.3843670883058157,-1.3843670883058157,True,0.9997269,0.00027308826
0.722351758032472,0.722351758032472,True,0.00021380186,0.9997862
-1.3843670883058157,-1.3843670883058157,True,0.99991447,8.5535765e-05
0.722351758032472,0.722351758032472,True,0.000108003616,0.999892
0.722351758032472,0.722351758032472,True,0.000118255615,0.99988174
0.722351758032472,0.722351758032472,True,9.846687e-05,0.99990153
0.722351758032472,0.722351758032472,True,0.00041776896,0.99958223
-1.3843670883058157,-1.3843670883058157,True,0.9999108,8.9200694e-05
0.722351758032472,0.722351758032472,True,0.00017815828,0.99982184
-1.3843670883058157,-1.3843670883058157,True,0.99982566,0.0001743251
-1.3843670883058157,-1.3843670883058157,True,0.9999165,8.3517785e-05
0.722351758032472,0.722351758032472,True,0.000106573105,0.9998934
0.722351758032472,0.722351758032472,True,0.0002773404,0.99972266
-1.3843670883058157,-1.3843670883058157,True,0.9997679,0.00023210586
0.722351758032472,0.722351758032472,True,0.00012874603,0.99987125
-1.3843670883058157,-1.3843670883058157,True,0.9999072,9.281786e-05
0.722351758032472,0.722351758032472,True,6.878376e-05,0.9999312
0.722351758032472,0.722351758032472,True,0.00013923645,0.99986076
0.722351758032472,0.722351758032472,True,7.390976e-05,0.9999261
0.722351758032472,0.722351758032472,True,8.392334e-05,0.9999161
-1.3843670883058157,-1.3843670883058157,True,0.9999087,9.131662e-05
0.722351758032472,0.722351758032472,True,0.00020724535,0.99979275
0.722351758032472,0.722351758032472,True,5.9127808e-05,0.9999409
0.722351758032472,0.722351758032472,True,8.1300735e-05,0.9999187
0.722351758032472,0.722351758032472,True,6.9737434e-05,0.99993026
0.722351758032472,0.722351758032472,True,0.00015223026,0.99984777
0.722351758032472,0.722351758032472,True,0.0024322867,0.9975677
0.722351758032472,0.722351758032472,True,0.00019830465,0.9998017
-1.3843670883058157,-1.3843670883058157,True,0.9999188,8.116167e-05
-1.3843670883058157,-1.3843670883058157,True,0.9999097,9.0316986e-05
-1.3843670883058157,-1.3843670883058157,True,0.99969065,0.00030933652
0.722351758032472,0.722351758032472,True,7.3075294e-05,0.9999269
0.722351758032472,0.722351758032472,True,0.00021511316,0.9997849
-1.3843670883058157,-1.3843670883058157,True,0.9996951,0.00030488378
-1.3843670883058157,-1.3843670883058157,True,0.99990904,9.096931e-05
0.722351758032472,0.722351758032472,True,0.00018900633,0.999811
0.722351758032472,0.722351758032472,True,0.00016832352,0.9998317
0.722351758032472,0.722351758032472,True,0.0002861619,0.99971384
0.722351758032472,0.722351758032472,True,0.00016498566,0.999835
0.722351758032472,0.722351758032472,True,0.000109791756,0.9998902
-1.3843670883058157,-1.3843670883058157,True,0.99961305,0.00038693962
-1.3843670883058157,-1.3843670883058157,True,0.9999148,8.518567e-05
0.722351758032472,0.722351758032472,True,0.0001128912,0.9998871
-1.3843670883058157,-1.3843670883058157,True,0.9998345,0.0001655181
0.722351758032472,0.722351758032472,True,0.00022429228,0.9997757
-1.3843670883058157,-1.3843670883058157,True,0.9999191,8.087912e-05
-1.3843670883058157,-1.3843670883058157,True,0.9998947,0.00010531724
0.722351758032472,0.722351758032472,True,0.000121593475,0.9998784
0.722351758032472,0.722351758032472,True,0.0003604889,0.9996395
0.722351758032472,0.722351758032472,True,0.00019663572,0.99980336
0.722351758032472,0.722351758032472,True,6.54459e-05,0.99993455
-1.3843670883058157,-1.3843670883058157,True,0.9999122,8.780164e-05
-1.3843670883058157,-1.3843670883058157,True,0.99946594,0.00053403404
0.722351758032472,0.722351758032472,True,0.0003142357,0.99968576
-1.3843670883058157,-1.3843670883058157,True,0.99991554,8.4448126e-05
0.722351758032472,0.722351758032472,True,0.000106692314,0.9998933
-1.3843670883058157,-1.3843670883058157,True,0.9999054,9.4576724e-05
0.722351758032472,0.722351758032472,True,0.00024169683,0.9997583
-1.3843670883058157,-1.3843670883058157,True,0.9999165,8.3520164e-05
-1.3843670883058157,-1.3843670883058157,True,0.9997392,0.0002607427
0.722351758032472,0.722351758032472,True,0.000115156174,0.99988484
0.722351758032472,0.722351758032472,True,0.000104904175,0.9998951
0.722351758032472,0.722351758032472,True,6.1154366e-05,0.99993885
0.722351758032472,0.722351758032472,True,0.00027185678,0.99972814
0.722351758032472,0.722351758032472,True,0.00013530254,0.9998647
0.722351758032472,0.722351758032472,True,8.702278e-05,0.999913
-1.3843670883058157,-1.3843670883058157,True,0.9999075,9.2520866e-05
-1.3843670883058157,-1.3843670883058157,True,0.9998983,0.00010171089
0.722351758032472,0.722351758032472,True,0.00025326014,0.99974674
0.722351758032472,0.722351758032472,True,0.000121831894,0.99987817
0.722351758032472,0.722351758032472,True,0.00013840199,0.9998616
0.722351758032472,0.722351758032472,True,0.000118255615,0.99988174
0.722351758032472,0.722351758032472,True,7.6174736e-05,0.9999238
-1.3843670883058157,-1.3843670883058157,True,0.99973774,0.00026228558
0.722351758032472,0.722351758032472,True,0.0006609559,0.99933904
-1.3843670883058157,-1.3843670883058157,True,0.9999124,8.7605775e-05
-1.3843670883058157,-1.3843670883058157,True,0.9998015,0.00019849984
-1.3843670883058157,-1.3843670883058157,True,0.9999069,9.3101706e-05
0.722351758032472,0.722351758032472,True,0.00013804436,0.99986196
0.722351758032472,0.722351758032472,True,5.030632e-05,0.9999497
0.722351758032472,0.722351758032472,True,0.00011861324,0.9998814
0.722351758032472,0.722351758032472,True,0.0005130768,0.9994869
0.722351758032472,0.722351758032472,True,0.00010728836,0.9998927
-1.3843670883058157,-1.3843670883058157,True,0.9999039,9.6062744e-05
0.722351758032472,0.722351758032472,True,0.00014412403,0.9998559
0.722351758032472,0.722351758032472,True,6.484985e-05,0.99993515
-1.3843670883058157,-1.3843670883058157,True,0.999784,0.00021602007
-1.3843670883058157,-1.3843670883058157,True,0.9999101,8.990642e-05
0.722351758032472,0.722351758032472,True,5.9485435e-05,0.9999405
-1.3843670883058157,-1.3843670883058157,True,0.99980485,0.00019516081
-1.3843670883058157,-1.3843670883058157,True,0.9999089,9.1062095e-05
0.722351758032472,0.722351758032472,True,0.00013160706,0.9998684
0.722351758032472,0.722351758032472,True,0.00017374754,0.99982625
0.722351758032472,0.722351758032472,True,0.0005161762,0.9994838
0.722351758032472,0.722351758032472,True,0.00019448996,0.9998055
0.722351758032472,0.722351758032472,True,7.510185e-05,0.9999249
-1.3843670883058157,-1.3843670883058157,True,0.9998992,0.00010080192
-1.3843670883058157,-1.3843670883058157,True,0.9997147,0.0002853087
-1.3843670883058157,-1.3843670883058157,True,0.99983805,0.00016197396
0.722351758032472,0.722351758032472,True,0.0004196763,0.9995803
0.722351758032472,0.722351758032472,True,0.00016880035,0.9998312
0.722351758032472,0.722351758032472,True,0.001798749,0.99820125
0.722351758032472,0.722351758032472,True,0.00050628185,0.9994937
0.722351758032472,0.722351758032472,True,6.318092e-05,0.9999368
-1.3843670883058157,-1.3843670883058157,True,0.9999123,8.766202e-05
0.722351758032472,0.722351758032472,True,0.0006427169,0.9993573
-1.3843670883058157,-1.3843670883058157,True,0.999916,8.401214e-05
0.722351758032472,0.722351758032472,True,0.00043970346,0.9995603
0.722351758032472,0.722351758032472,True,0.0002245307,0.99977547
-1.3843670883058157,-1.3843670883058157,True,0.9998771,0.00012291779
0.722351758032472,0.722351758032472,True,0.00012731552,0.9998727
0.722351758032472,0.722351758032472,True,5.6505203e-05,0.9999435
0.722351758032472,0.722351758032472,True,0.0003889203,0.9996111
0.722351758032472,0.722351758032472,True,0.00012671947,0.9998733
-1.3843670883058157,-1.3843670883058157,True,0.99957025,0.00042973596
-1.3843670883058157,-1.3843670883058157,True,0.9997802,0.00021981583
-1.3843670883058157,-1.3843670883058157,True,0.999913,8.7007844e-05
-1.3843670883058157,-1.3843670883058157,True,0.9997178,0.00028221455
0.722351758032472,0.722351758032472,True,4.5657158e-05,0.99995434
0.722351758032472,0.722351758032472,True,8.08239e-05,0.9999192
0.722351758032472,0.722351758032472,True,0.0062553287,0.9937447
-1.3843670883058157,-1.3843670883058157,True,0.99978995,0.00021003225
-1.3843670883058157,-1.3843670883058157,True,0.9997526,0.00024741562
-1.3843670883058157,-1.3843670883058157,True,0.9999208,7.92384e-05
0.722351758032472,0.722351758032472,True,8.773804e-05,0.99991226
0.722351758032472,0.722351758032472,True,6.6399574e-05,0.9999336
0.722351758032472,0.722351758032472,True,0.00027698278,0.999723
0.722351758032472,0.722351758032472,True,8.165836e-05,0.99991834
0.722351758032472,0.722351758032472,True,9.584427e-05,0.99990416
-1.3843670883058157,-1.3843670883058157,True,0.9998599,0.00014009392
0.722351758032472,0.722351758032472,True,0.000101447105,0.99989855
-1.3843670883058157,-1.3843670883058157,True,0.9999195,8.052297e-05
0.722351758032472,0.722351758032472,True,0.000110030174,0.99988997
-1.3843670883058157,-1.3843670883058157,True,0.9996985,0.0003014639
0.722351758032472,0.722351758032472,True,0.0001296997,0.9998703
0.722351758032472,0.722351758032472,True,0.00025337934,0.9997466
-1.3843670883058157,-1.3843670883058157,True,0.99991,9.000403e-05
-1.3843670883058157,-1.3843670883058157,True,0.9999127,8.733236e-05
0.722351758032472,0.722351758032472,True,7.247925e-05,0.9999275
0.722351758032472,0.722351758032472,True,0.0009524226,0.9990476
0.722351758032472,0.722351758032472,True,0.00033473969,0.99966526
-1.3843670883058157,-1.3843670883058157,True,0.9999188,8.116167e-05
0.722351758032472,0.722351758032472,True,7.605553e-05,0.99992394
-1.3843670883058157,-1.3843670883058157,True,0.9999118,8.819318e-05
-1.3843670883058157,-1.3843670883058157,True,0.99966997,0.00033005487
0.722351758032472,0.722351758032472,True,0.00011265278,0.99988735
0.722351758032472,0.722351758032472,True,0.0001090765,0.9998909
-1.3843670883058157,-1.3843670883058157,True,0.9998999,0.00010010476
0.722351758032472,0.722351758032472,True,0.0005648732,0.9994351
0.722351758032472,0.722351758032472,True,0.00012290478,0.9998771
0.722351758032472,0.722351758032472,True,0.00030195713,0.99969804
0.722351758032472,0.722351758032472,True,0.000116825104,0.9998832
0.722351758032472,0.722351758032472,True,6.854534e-05,0.99993145
-1.3843670883058157,-1.3843670883058157,True,0.99957603,0.00042397506
0.722351758032472,0.722351758032472,True,0.00023800135,0.999762
0.722351758032472,0.722351758032472,True,0.00048053265,0.99951947
0.722351758032472,0.722351758032472,True,0.0003041029,0.9996959
0.722351758032472,0.722351758032472,True,8.022785e-05,0.9999198
0.722351758032472,0.722351758032472,True,7.545948e-05,0.99992454
0.722351758032472,0.722351758032472,True,9.405613e-05,0.99990594
0.722351758032472,0.722351758032472,True,0.0002977252,0.9997023
0.722351758032472,0.722351758032472,True,6.556511e-05,0.99993443
-1.3843670883058157,-1.3843670883058157,True,0.9999135,8.645677e-05
-1.3843670883058157,-1.3843670883058157,True,0.9998896,0.00011037991
0.722351758032472,0.722351758032472,True,0.00015330315,0.9998467
-1.3843670883058157,-1.3843670883058157,True,0.9997855,0.00021454277
0.722351758032472,0.722351758032472,True,0.0001642704,0.9998357
0.722351758032472,0.722351758032472,True,7.534027e-05,0.99992466
0.722351758032472,0.722351758032472,True,6.0796738e-05,0.9999392
0.722351758032472,0.722351758032472,True,0.00011193752,0.99988806
-1.3843670883058157,-1.3843670883058157,True,0.99991363,8.6356406e-05
0.722351758032472,0.722351758032472,True,0.00037288666,0.9996271
0.722351758032472,0.722351758032472,True,6.9856644e-05,0.99993014
-1.3843670883058157,-1.3843670883058157,True,0.99983704,0.00016295722
-1.3843670883058157,-1.3843670883058157,True,0.99968857,0.0003114203
0.722351758032472,0.722351758032472,True,8.881092e-05,0.9999112
0.722351758032472,0.722351758032472,True,0.00024038553,0.9997596
-1.3843670883058157,-1.3843670883058157,True,0.9999216,7.8372395e-05
-1.3843670883058157,-1.3843670883058157,True,0.9997869,0.00021311257
0.722351758032472,0.722351758032472,True,0.00013709068,0.9998629
0.722351758032472,0.722351758032472,True,9.453297e-05,0.99990547
0.722351758032472,0.722351758032472,True,0.0043227077,0.9956773
0.722351758032472,0.722351758032472,True,5.1617622e-05,0.9999484
0.722351758032472,0.722351758032472,True,8.547306e-05,0.9999145
0.722351758032472,0.722351758032472,True,6.496906e-05,0.99993503
0.722351758032472,0.722351758032472,True,0.00014293194,0.99985707
-1.3843670883058157,-1.3843670883058157,True,0.9999287,7.126778e-05
0.722351758032472,0.722351758032472,True,0.0002245307,0.99977547
0.722351758032472,0.722351758032472,True,0.00013101101,0.999869
-1.3843670883058157,-1.3843670883058157,True,0.9999127,8.730472e-05
0.722351758032472,0.722351758032472,True,0.00016736984,0.99983263
0.722351758032472,0.722351758032472,True,5.0902367e-05,0.9999491
-1.3843670883058157,-1.3843670883058157,True,0.9997602,0.00023980024
0.722351758032472,0.722351758032472,True,0.00010251999,0.9998975
0.722351758032472,0.722351758032472,True,7.83205e-05,0.9999217
0.722351758032472,0.722351758032472,True,0.00051510334,0.9994849
-1.3843670883058157,-1.3843670883058157,True,0.99979204,0.00020795803
0.722351758032472,0.722351758032472,True,8.4519386e-05,0.9999155
-1.3843670883058157,-1.3843670883058157,True,0.99979216,0.00020781312
-1.3843670883058157,-1.3843670883058157,True,0.9996622,0.00033777262
0.722351758032472,0.722351758032472,True,0.000116825104,0.9998832
-1.3843670883058157,-1.3843670883058157,True,0.9997398,0.00026016237
-1.3843670883058157,-1.3843670883058157,True,0.9997556,0.00024437674
-1.3843670883058157,-1.3843670883058157,True,0.9997532,0.00024682187
0.722351758032472,0.722351758032472,True,5.9247017e-05,0.99994075
0.722351758032472,0.722351758032472,True,5.555153e-05,0.99994445
0.722351758032472,0.722351758032472,True,0.00020569563,0.9997943
0.722351758032472,0.722351758032472,True,7.021427e-05,0.9999298
0.722351758032472,0.722351758032472,True,4.9948692e-05,0.99995005
-1.3843670883058157,-1.3843670883058157,True,0.9999016,9.8414785e-05
0.722351758032472,0.722351758032472,True,9.024143e-05,0.99990976
0.722351758032472,0.722351758032472,True,0.00013446808,0.99986553
0.722351758032472,0.722351758032472,True,0.0003039837,0.999696
0.722351758032472,0.722351758032472,True,5.4121017e-05,0.9999459
0.722351758032472,0.722351758032472,True,5.1140785e-05,0.99994886
0.722351758032472,0.722351758032472,True,5.733967e-05,0.99994266
0.722351758032472,0.722351758032472,True,9.906292e-05,0.99990094
0.722351758032472,0.722351758032472,True,8.666515e-05,0.99991333
-1.3843670883058157,-1.3843670883058157,True,0.9999119,8.808065e-05
0.722351758032472,0.722351758032472,True,0.00051140785,0.9994886
0.722351758032472,0.722351758032472,True,9.357929e-05,0.9999064
0.722351758032472,0.722351758032472,True,9.858608e-05,0.9999014
-1.3843670883058157,-1.3843670883058157,True,0.99987614,0.00012383248
0.722351758032472,0.722351758032472,True,0.00019949675,0.9998005
0.722351758032472,0.722351758032472,True,0.00018423796,0.99981576
0.722351758032472,0.722351758032472,True,8.1181526e-05,0.9999188
-1.3843670883058157,-1.3843670883058157,True,0.99982023,0.00017977446
0.722351758032472,0.722351758032472,True,0.00011527538,0.9998847
-1.3843670883058157,-1.3843670883058157,True,0.9999155,8.453659e-05
0.722351758032472,0.722351758032472,True,0.00015735626,0.99984264
0.722351758032472,0.722351758032472,True,0.00013017654,0.9998698
0.722351758032472,0.722351758032472,True,0.00014066696,0.99985933
-1.3843670883058157,-1.3843670883058157,True,0.99990594,9.406863e-05
0.722351758032472,0.722351758032472,True,0.00018030405,0.9998197
0.722351758032472,0.722351758032472,True,6.16312e-05,0.99993837
-1.3843670883058157,-1.3843670883058157,True,0.9998725,0.0001274703
0.722351758032472,0.722351758032472,True,9.608269e-05,0.9999039
-1.3843670883058157,-1.3843670883058157,True,0.99990284,9.717914e-05
0.722351758032472,0.722351758032472,True,0.00021785498,0.99978215
0.722351758032472,0.722351758032472,True,0.0023579597,0.99764204
0.722351758032472,0.722351758032472,True,0.00021237135,0.9997876
-1.3843670883058157,-1.3843670883058157,True,0.99983054,0.00016944921
-1.3843670883058157,-1.3843670883058157,True,0.99991333,8.664998e-05
0.722351758032472,0.722351758032472,True,7.426739e-05,0.99992573
-1.3843670883058157,-1.3843670883058157,True,0.9997084,0.00029160822
0.722351758032472,0.722351758032472,True,0.00013780594,0.9998622
-1.3843670883058157,-1.3843670883058157,True,0.99989736,0.000102634614
0.722351758032472,0.722351758032472,True,0.0029984117,0.9970016
0.722351758032472,0.722351758032472,True,8.881092e-05,0.9999112
0.722351758032472,0.722351758032472,True,0.00038087368,0.9996191
0.722351758032472,0.722351758032472,True,0.00011765957,0.99988234
0.722351758032472,0.722351758032472,True,7.56979e-05,0.9999243
-1.3843670883058157,-1.3843670883058157,True,0.9996364,0.00036361642
-1.3843670883058157,-1.3843670883058157,True,0.9998902,0.000109812354
0.722351758032472,0.722351758032472,True,0.00015485287,0.99984515
0.722351758032472,0.722351758032472,True,0.00059199333,0.999408
0.722351758032472,0.722351758032472,True,7.772446e-05,0.9999223
0.722351758032472,0.722351758032472,True,0.00026255846,0.99973744
-1.3843670883058157,-1.3843670883058157,True,0.9997066,0.0002933829
0.722351758032472,0.722351758032472,True,0.00047564507,0.99952435
0.722351758032472,0.722351758032472,True,0.00011742115,0.9998826
-1.3843670883058157,-1.3843670883058157,True,0.99977595,0.00022403283
0.722351758032472,0.722351758032472,True,0.00014925003,0.99985075
0.722351758032472,0.722351758032472,True,0.00023299456,0.999767
0.722351758032472,0.722351758032472,True,0.00014221668,0.9998578
-1.3843670883058157,-1.3843670883058157,True,0.9999105,8.950582e-05
-1.3843670883058157,-1.3843670883058157,True,0.9992006,0.000799408
-1.3843670883058157,-1.3843670883058157,True,0.9997389,0.0002611226
0.722351758032472,0.722351758032472,True,0.00010871887,0.9998913
-1.3843670883058157,-1.3843670883058157,True,0.9999081,9.1918744e-05
0.722351758032472,0.722351758032472,True,6.7949295e-05,0.99993205
0.722351758032472,0.722351758032472,True,6.592274e-05,0.9999341
0.722351758032472,0.722351758032472,True,0.00012767315,0.9998723
-1.3843670883058157,-1.3843670883058157,True,0.9999198,8.022804e-05
-1.3843670883058157,-1.3843670883058157,True,0.99990904,9.098068e-05
0.722351758032472,0.722351758032472,True,0.000101447105,0.99989855
-1.3843670883058157,-1.3843670883058157,True,0.9999154,8.4591666e-05
0.722351758032472,0.722351758032472,True,0.00031089783,0.9996891
0.722351758032472,0.722351758032472,True,0.00016129017,0.9998387
0.722351758032472,0.722351758032472,True,0.0001912713,0.9998087
-1.3843670883058157,-1.3843670883058157,True,0.99963737,0.00036265486
-1.3843670883058157,-1.3843670883058157,True,0.99992305,7.692638e-05
0.722351758032472,0.722351758032472,True,0.0014703274,0.9985297
-1.3843670883058157,-1.3843670883058157,True,0.9998265,0.00017351402
0.722351758032472,0.722351758032472,True,0.0001269579,0.99987304
0.722351758032472,0.722351758032472,True,0.000121474266,0.9998785
0.722351758032472,0.722351758032472,True,0.00023084879,0.99976915
-1.3843670883058157,-1.3843670883058157,True,0.9999155,8.4541585e-05
-1.3843670883058157,-1.3843670883058157,True,0.9997561,0.00024387587
0.722351758032472,0.722351758032472,True,9.9897385e-05,0.9999001
-1.3843670883058157,-1.3843670883058157,True,0.9998567,0.0001432984
-1.3843670883058157,-1.3843670883058157,True,0.9999145,8.547609e-05
-1.3843670883058157,-1.3843670883058157,True,0.99974304,0.00025694078
-1.3843670883058157,-1.3843670883058157,True,0.9999144,8.561721e-05
0.722351758032472,0.722351758032472,True,7.6174736e-05,0.9999238
-1.3843670883058157,-1.3843670883058157,True,0.9997308,0.00026918334
0.722351758032472,0.722351758032472,True,6.7830086e-05,0.99993217
-1.3843670883058157,-1.3843670883058157,True,0.99982923,0.00017078954
0.722351758032472,0.722351758032472,True,5.531311e-05,0.9999447
-1.3843670883058157,-1.3843670883058157,True,0.99991524,8.475137e-05
-1.3843670883058157,-1.3843670883058157,True,0.9999155,8.452088e-05
0.722351758032472,0.722351758032472,True,0.00080913305,0.99919087
-1.3843670883058157,-1.3843670883058157,True,0.99956405,0.00043596476
-1.3843670883058157,-1.3843670883058157,True,0.99991524,8.478088e-05
0.722351758032472,0.722351758032472,True,0.0024014115,0.9975986
0.722351758032472,0.722351758032472,True,6.16312e-05,0.99993837
-1.3843670883058157,-1.3843670883058157,True,0.99958104,0.00041897417
-1.3843670883058157,-1.3843670883058157,True,0.99990845,9.157605e-05
-1.3843670883058157,-1.3843670883058157,True,0.99991375,8.624399e-05
0.722351758032472,0.722351758032472,True,0.00044709444,0.9995529
0.722351758032472,0.722351758032472,True,0.00032627583,0.9996737
-1.3843670883058157,-1.3843670883058157,True,0.9998798,0.00012020237
0.722351758032472,0.722351758032472,True,8.380413e-05,0.9999162
-1.3843670883058157,-1.3843670883058157,True,0.9998039,0.00019606951
0.722351758032472,0.722351758032472,True,0.0001360178,0.999864
-1.3843670883058157,-1.3843670883058157,True,0.9997591,0.00024090824
0.722351758032472,0.722351758032472,True,7.6174736e-05,0.9999238
0.722351758032472,0.722351758032472,True,7.1406364e-05,0.9999286
-1.3843670883058157,-1.3843670883058157,True,0.99991536,8.465469e-05
0.722351758032472,0.722351758032472,True,0.00044244528,0.99955755
-1.3843670883058157,-1.3843670883058157,True,0.9999082,9.177239e-05
0.722351758032472,0.722351758032472,True,0.00010371208,0.9998963
0.722351758032472,0.722351758032472,True,0.00064879656,0.9993512
-1.3843670883058157,-1.3843670883058157,True,0.99990445,9.553473e-05
0.722351758032472,0.722351758032472,True,0.00014197826,0.999858
-1.3843670883058157,-1.3843670883058157,True,0.99991137,8.861291e-05
0.722351758032472,0.722351758032472,True,0.00028973818,0.99971026
0.722351758032472,0.722351758032472,True,7.557869e-05,0.9999244
0.722351758032472,0.722351758032472,True,7.736683e-05,0.99992263
0.722351758032472,0.722351758032472,True,0.0004825592,0.99951744
-1.3843670883058157,-1.3843670883058157,True,0.99991417,8.5827545e-05
0.722351758032472,0.722351758032472,True,0.001276195,0.9987238
0.722351758032472,0.722351758032472,True,0.001414895,0.9985851
0.722351758032472,0.722351758032472,True,0.000174582,0.9998254
0.722351758032472,0.722351758032472,True,0.00013720989,0.9998628
0.722351758032472,0.722351758032472,True,6.020069e-05,0.9999398
0.722351758032472,0.722351758032472,True,8.690357e-05,0.9999131
-1.3843670883058157,-1.3843670883058157,True,0.999797,0.00020299025
0.722351758032472,0.722351758032472,True,0.0009752512,0.99902475
0.722351758032472,0.722351758032472,True,5.018711e-05,0.9999498
0.722351758032472,0.722351758032472,True,0.0013436079,0.9986564
0.722351758032472,0.722351758032472,True,0.00016951561,0.9998305
-1.3843670883058157,-1.3843670883058157,True,0.99990463,9.53737e-05
0.722351758032472,0.722351758032472,True,0.0013088584,0.99869114
0.722351758032472,0.722351758032472,True,0.00016224384,0.99983776
0.722351758032472,0.722351758032472,True,0.00042194128,0.99957806
0.722351758032472,0.722351758032472,True,0.00021284819,0.99978715
0.722351758032472,0.722351758032472,True,0.0001155138,0.9998845
-1.3843670883058157,-1.3843670883058157,True,0.9997608,0.0002392161
0.722351758032472,0.722351758032472,True,0.0002413392,0.99975866
0.722351758032472,0.722351758032472,True,0.0003105402,0.99968946
0.722351758032472,0.722351758032472,True,7.414818e-05,0.99992585
0.722351758032472,0.722351758032472,True,6.0081482e-05,0.9999399
-1.3843670883058157,-1.3843670883058157,True,0.99991906,8.0959224e-05
0.722351758032472,0.722351758032472,True,8.845329e-05,0.99991155
-1.3843670883058157,-1.3843670883058157,True,0.99989414,0.0001058463
-1.3843670883058157,-1.3843670883058157,True,0.9999036,9.6381504e-05
-1.3843670883058157,-1.3843670883058157,True,0.9998423,0.00015773544
0.722351758032472,0.722351758032472,True,0.00077331066,0.9992267
0.722351758032472,0.722351758032472,True,0.003160715,0.9968393
0.722351758032472,0.722351758032472,True,7.70092e-05,0.999923
0.722351758032472,0.722351758032472,True,0.0002283454,0.99977165
0.722351758032472,0.722351758032472,True,7.712841e-05,0.9999229
0.722351758032472,0.722351758032472,True,0.00017249584,0.9998275
-1.3843670883058157,-1.3843670883058157,True,0.9998233,0.00017670773
0.722351758032472,0.722351758032472,True,0.036682844,0.96331716
-1.3843670883058157,-1.3843670883058157,True,0.9996263,0.0003737372
0.722351758032472,0.722351758032472,True,6.4611435e-05,0.9999354
-1.3843670883058157,-1.3843670883058157,True,0.99982196,0.00017806116
0.722351758032472,0.722351758032472,True,6.067753e-05,0.9999393
0.722351758032472,0.722351758032472,True,0.0004106164,0.9995894
-1.3843670883058157,-1.3843670883058157,True,0.9995929,0.00040707516
0.722351758032472,0.722351758032472,True,0.00011777878,0.9998822
0.722351758032472,0.722351758032472,True,5.7458878e-05,0.99994254
0.722351758032472,0.722351758032472,True,0.0001320839,0.9998679
0.722351758032472,0.722351758032472,True,0.0044594407,0.99554056
0.722351758032472,0.722351758032472,True,0.00016927719,0.9998307
0.722351758032472,0.722351758032472,True,0.00013458729,0.9998654
0.722351758032472,0.722351758032472,True,0.000325799,0.9996742
-1.3843670883058157,-1.3843670883058157,True,0.9998999,0.000100092446
-1.3843670883058157,-1.3843670883058157,True,0.99985296,0.0001470719
-1.3843670883058157,-1.3843670883058157,True,0.99991435,8.563844e-05
0.722351758032472,0.722351758032472,True,0.00026077032,0.9997392
0.722351758032472,0.722351758032472,True,0.0003682375,0.99963176
0.722351758032472,0.722351758032472,True,0.00020033121,0.99979967
0.722351758032472,0.722351758032472,True,0.00014221668,0.9998578
0.722351758032472,0.722351758032472,True,0.00010931492,0.9998907
-1.3843670883058157,-1.3843670883058157,True,0.9991821,0.00081786816
-1.3843670883058157,-1.3843670883058157,True,0.99992174,7.8250894e-05
0.722351758032472,0.722351758032472,True,6.4373016e-05,0.9999356
0.722351758032472,0.722351758032472,True,0.00014781952,0.9998522
0.722351758032472,0.722351758032472,True,0.00024420023,0.9997558
-1.3843670883058157,-1.3843670883058157,True,0.9999153,8.4712025e-05
0.722351758032472,0.722351758032472,True,0.00019365549,0.99980634
0.722351758032472,0.722351758032472,True,0.00013780594,0.9998622
-1.3843670883058157,-1.3843670883058157,True,0.9998284,0.0001715866
0.722351758032472,0.722351758032472,True,0.00023776293,0.99976224
-1.3843670883058157,-1.3843670883058157,True,0.9996278,0.00037215967
0.722351758032472,0.722351758032472,True,4.9948692e-05,0.99995005
0.722351758032472,0.722351758032472,True,0.00011897087,0.999881
0.722351758032472,0.722351758032472,True,0.0034390092,0.996561
-1.3843670883058157,-1.3843670883058157,True,0.9999216,7.838936e-05
-1.3843670883058157,-1.3843670883058157,True,0.999904,9.602977e-05
-1.3843670883058157,-1.3843670883058157,True,0.99973154,0.0002684337
0.722351758032472,0.722351758032472,True,0.00014090538,0.9998591
0.722351758032472,0.722351758032472,True,0.004237056,0.99576294
-1.3843670883058157,-1.3843670883058157,True,0.9996678,0.00033215777
0.722351758032472,0.722351758032472,True,0.0014001727,0.9985998
-1.3843670883058157,-1.3843670883058157,True,0.9999142,8.577166e-05
0.722351758032472,0.722351758032472,True,0.00018244982,0.99981755
0.722351758032472,0.722351758032472,True,0.00040072203,0.9995993
-1.3843670883058157,-1.3843670883058157,True,0.99961317,0.00038684337
0.722351758032472,0.722351758032472,True,0.00057315826,0.99942684
0.722351758032472,0.722351758032472,True,0.00022441149,0.9997756
-1.3843670883058157,-1.3843670883058157,True,0.9998176,0.0001824153
-1.3843670883058157,-1.3843670883058157,True,0.9999029,9.711717e-05
0.722351758032472,0.722351758032472,True,0.00014853477,0.99985147
-1.3843670883058157,-1.3843670883058157,True,0.99969727,0.00030271383
0.722351758032472,0.722351758032472,True,0.00020498037,0.999795
0.722351758032472,0.722351758032472,True,0.00021511316,0.9997849
0.722351758032472,0.722351758032472,True,0.00011587143,0.9998841
-1.3843670883058157,-1.3843670883058157,True,0.999813,0.00018695752
-1.3843670883058157,-1.3843670883058157,True,0.9998372,0.00016276573
0.722351758032472,0.722351758032472,True,0.0002349019,0.9997651
-1.3843670883058157,-1.3843670883058157,True,0.9999107,8.928716e-05
0.722351758032472,0.722351758032472,True,0.00057959557,0.9994204
-1.3843670883058157,-1.3843670883058157,True,0.9998836,0.00011639529
0.722351758032472,0.722351758032472,True,6.9618225e-05,0.9999304
0.722351758032472,0.722351758032472,True,7.867813e-05,0.9999213
0.722351758032472,0.722351758032472,True,0.0004736185,0.9995264
-1.3843670883058157,-1.3843670883058157,True,0.99974644,0.00025358712
0.722351758032472,0.722351758032472,True,0.0005521178,0.9994479
0.722351758032472,0.722351758032472,True,0.00035262108,0.9996474
0.722351758032472,0.722351758032472,True,0.00023394823,0.99976605
-1.3843670883058157,-1.3843670883058157,True,0.9998386,0.00016139552
-1.3843670883058157,-1.3843670883058157,True,0.99982375,0.00017624213
-1.3843670883058157,-1.3843670883058157,True,0.99988365,0.00011636078
0.722351758032472,0.722351758032472,True,0.0003979802,0.999602
-1.3843670883058157,-1.3843670883058157,True,0.99990463,9.5350064e-05
0.722351758032472,0.722351758032472,True,0.0003515482,0.99964845
0.722351758032472,0.722351758032472,True,0.0024953485,0.99750465
0.722351758032472,0.722351758032472,True,5.543232e-05,0.99994457
0.722351758032472,0.722351758032472,True,0.000120162964,0.99987984
0.722351758032472,0.722351758032472,True,0.00040608644,0.9995939
-1.3843670883058157,-1.3843670883058157,True,0.9999086,9.13681e-05
-1.3843670883058157,0.722351758032472,False,0.19933784,0.80066216
-1.3843670883058157,-1.3843670883058157,True,0.99991465,8.532697e-05
0.722351758032472,0.722351758032472,True,0.00023204088,0.99976796
0.722351758032472,0.722351758032472,True,0.000754714,0.9992453
-1.3843670883058157,-1.3843670883058157,True,0.99972117,0.00027885102
0.722351758032472,0.722351758032472,True,0.00013315678,0.99986684
-1.3843670883058157,-1.3843670883058157,True,0.99979234,0.00020767824
0.722351758032472,0.722351758032472,True,0.00027912855,0.9997209
0.722351758032472,0.722351758032472,True,0.0025367737,0.9974632
-1.3843670883058157,-1.3843670883058157,True,0.99988604,0.00011398025
-1.3843670883058157,-1.3843670883058157,True,0.99992424,7.57316e-05
-1.3843670883058157,-1.3843670883058157,True,0.99972385,0.00027617186
-1.3843670883058157,-1.3843670883058157,True,0.9999235,7.64961e-05
-1.3843670883058157,-1.3843670883058157,True,0.9999106,8.9423746e-05
-1.3843670883058157,-1.3843670883058157,True,0.9996226,0.0003773914
-1.3843670883058157,-1.3843670883058157,True,0.9999113,8.866676e-05
0.722351758032472,0.722351758032472,True,7.510185e-05,0.9999249
0.722351758032472,0.722351758032472,True,0.0009379983,0.999062
0.722351758032472,0.722351758032472,True,0.00012290478,0.9998771
-1.3843670883058157,-1.3843670883058157,True,0.99984634,0.00015364325
0.722351758032472,0.722351758032472,True,0.00022107363,0.9997789
0.722351758032472,0.722351758032472,True,0.000114917755,0.9998851
0.722351758032472,0.722351758032472,True,5.4717064e-05,0.9999453
0.722351758032472,0.722351758032472,True,0.0027472377,0.99725276
0.722351758032472,0.722351758032472,True,0.00017625093,0.99982375
-1.3843670883058157,-1.3843670883058157,True,0.99991065,8.93703e-05
0.722351758032472,0.722351758032472,True,0.0001449585,0.99985504
0.722351758032472,0.722351758032472,True,0.00015723705,0.99984276
0.722351758032472,0.722351758032472,True,0.0023530126,0.997647
-1.3843670883058157,-1.3843670883058157,True,0.99974036,0.0002596425
-1.3843670883058157,-1.3843670883058157,True,0.9999114,8.8573885e-05
-1.3843670883058157,-1.3843670883058157,True,0.9997791,0.00022090587
-1.3843670883058157,-1.3843670883058157,True,0.99954957,0.0004504152
-1.3843670883058157,-1.3843670883058157,True,0.9999075,9.252051e-05
0.722351758032472,0.722351758032472,True,0.00057804585,0.99942195
-1.3843670883058157,-1.3843670883058157,True,0.9999262,7.3812305e-05
0.722351758032472,0.722351758032472,True,0.000114917755,0.9998851
-1.3843670883058157,-1.3843670883058157,True,0.99959826,0.00040174273
0.722351758032472,0.722351758032472,True,0.00035774708,0.99964225
-1.3843670883058157,-1.3843670883058157,True,0.9999135,8.645677e-05
-1.3843670883058157,-1.3843670883058157,True,0.9998863,0.0001136993
-1.3843670883058157,-1.3843670883058157,True,0.9999237,7.630246e-05
0.722351758032472,0.722351758032472,True,0.00011861324,0.9998814
0.722351758032472,0.722351758032472,True,6.4611435e-05,0.9999354
0.722351758032472,0.722351758032472,True,8.952618e-05,0.9999105
0.722351758032472,0.722351758032472,True,0.002099514,0.9979005
-1.3843670883058157,-1.3843670883058157,True,0.9998746,0.00012542635
0.722351758032472,0.722351758032472,True,0.00043779612,0.9995622
0.722351758032472,0.722351758032472,True,7.522106e-05,0.9999248
0.722351758032472,0.722351758032472,True,0.000114798546,0.9998852
-1.3843670883058157,-1.3843670883058157,True,0.99990904,9.098432e-05
0.722351758032472,0.722351758032472,True,0.00012910366,0.9998709
-1.3843670883058157,-1.3843670883058157,True,0.99992114,7.8841185e-05
0.722351758032472,0.722351758032472,True,0.0013822317,0.99861777
0.722351758032472,0.722351758032472,True,8.4757805e-05,0.99991524
0.722351758032472,0.722351758032472,True,0.00013005733,0.99986994
-1.3843670883058157,-1.3843670883058157,True,0.999905,9.5011164e-05
-1.3843670883058157,-1.3843670883058157,True,0.9999054,9.458981e-05
0.722351758032472,0.722351758032472,True,6.210804e-05,0.9999379
-1.3843670883058157,-1.3843670883058157,True,0.9994724,0.0005275971
0.722351758032472,0.722351758032472,True,0.009043276,0.9909567
0.722351758032472,0.722351758032472,True,0.00024050474,0.9997595
0.722351758032472,0.722351758032472,True,6.723404e-05,0.99993277
0.722351758032472,0.722351758032472,True,0.020757198,0.9792428
0.722351758032472,0.722351758032472,True,0.00022929907,0.9997707
0.722351758032472,0.722351758032472,True,0.0004464984,0.9995535
0.722351758032472,0.722351758032472,True,0.00018650293,0.9998135
0.722351758032472,0.722351758032472,True,0.00010037422,0.9998996
0.722351758032472,0.722351758032472,True,0.0006278157,0.9993722
0.722351758032472,0.722351758032472,True,0.0001924634,0.99980754
-1.3843670883058157,-1.3843670883058157,True,0.99991244,8.754873e-05
0.722351758032472,0.722351758032472,True,0.0006080866,0.9993919
0.722351758032472,0.722351758032472,True,5.1498413e-05,0.9999485
0.722351758032472,0.722351758032472,True,8.6426735e-05,0.9999136
0.722351758032472,0.722351758032472,True,0.0004555583,0.99954444
0.722351758032472,0.722351758032472,True,0.0004364848,0.9995635
-1.3843670883058157,-1.3843670883058157,True,0.9997935,0.0002064583
0.722351758032472,0.722351758032472,True,6.318092e-05,0.9999368
0.722351758032472,0.722351758032472,True,0.00025099516,0.999749
-1.3843670883058157,-1.3843670883058157,True,0.99988055,0.00011946056
0.722351758032472,0.722351758032472,True,0.00010609627,0.9998939
0.722351758032472,0.722351758032472,True,0.0002195239,0.9997805
0.722351758032472,0.722351758032472,True,0.0001450777,0.9998549
0.722351758032472,0.722351758032472,True,8.785725e-05,0.99991214
0.722351758032472,0.722351758032472,True,0.00012719631,0.9998728
0.722351758032472,0.722351758032472,True,9.775162e-05,0.99990225
0.722351758032472,0.722351758032472,True,0.0026718378,0.99732816
0.722351758032472,0.722351758032472,True,0.0006121397,0.99938786
-1.3843670883058157,-1.3843670883058157,True,0.99991465,8.535407e-05
0.722351758032472,0.722351758032472,True,0.0002760291,0.999724
-1.3843670883058157,-1.3843670883058157,True,0.99979866,0.0002013241
-1.3843670883058157,-1.3843670883058157,True,0.9998673,0.00013265545
-1.3843670883058157,-1.3843670883058157,True,0.9999096,9.0422036e-05
0.722351758032472,0.722351758032472,True,0.00019174814,0.99980825
-1.3843670883058157,-1.3843670883058157,True,0.9999142,8.577166e-05
0.722351758032472,0.722351758032472,True,0.0001399517,0.99986005
-1.3843670883058157,-1.3843670883058157,True,0.9999243,7.568229e-05
0.722351758032472,0.722351758032472,True,0.00015592575,0.9998441
0.722351758032472,0.722351758032472,True,0.00048220158,0.9995178
0.722351758032472,0.722351758032472,True,0.00010120869,0.9998988
0.722351758032472,0.722351758032472,True,9.000301e-05,0.99991
0.722351758032472,0.722351758032472,True,0.00011181831,0.9998882
-1.3843670883058157,-1.3843670883058157,True,0.9998689,0.00013104666
0.722351758032472,0.722351758032472,True,0.0022386312,0.99776137
0.722351758032472,0.722351758032472,True,6.67572e-05,0.99993324
0.722351758032472,0.722351758032472,True,8.2969666e-05,0.99991703
0.722351758032472,0.722351758032472,True,7.712841e-05,0.9999229
0.722351758032472,0.722351758032472,True,8.72612e-05,0.99991274
-1.3843670883058157,-1.3843670883058157,True,0.9999101,8.990642e-05
0.722351758032472,0.722351758032472,True,0.0036100745,0.9963899
0.722351758032472,0.722351758032472,True,0.00054746866,0.99945253
-1.3843670883058157,-1.3843670883058157,True,0.9999136,8.6428736e-05
-1.3843670883058157,-1.3843670883058157,True,0.9999192,8.0835714e-05
0.722351758032472,0.722351758032472,True,0.00011014938,0.99988985
-1.3843670883058157,-1.3843670883058157,True,0.99990934,9.064365e-05
-1.3843670883058157,-1.3843670883058157,True,0.9999143,8.573167e-05
0.722351758032472,0.722351758032472,True,0.0004273057,0.9995727
0.722351758032472,0.722351758032472,True,0.00018280745,0.9998172
0.722351758032472,0.722351758032472,True,0.00020939112,0.9997906
0.722351758032472,0.722351758032472,True,0.00010108948,0.9998989
0.722351758032472,0.722351758032472,True,9.6678734e-05,0.9999033
-1.3843670883058157,-1.3843670883058157,True,0.9999019,9.812298e-05
-1.3843670883058157,-1.3843670883058157,True,0.99991274,8.724787e-05
0.722351758032472,0.722351758032472,True,0.00037550926,0.9996245
-1.3843670883058157,-1.3843670883058157,True,0.99989825,0.0001017594
-1.3843670883058157,-1.3843670883058157,True,0.99951774,0.00048226668
0.722351758032472,0.722351758032472,True,0.00019866228,0.99980134
0.722351758032472,0.722351758032472,True,0.00024491549,0.9997551
0.722351758032472,0.722351758032472,True,0.00016152859,0.9998385
0.722351758032472,0.722351758032472,True,0.00022572279,0.9997743
0.722351758032472,0.722351758032472,True,0.00020581484,0.9997942
0.722351758032472,0.722351758032472,True,0.00015187263,0.9998481
0.722351758032472,0.722351758032472,True,0.00010025501,0.99989974
0.722351758032472,0.722351758032472,True,0.00018376112,0.99981624
0.722351758032472,0.722351758032472,True,0.00040191412,0.9995981
0.722351758032472,0.722351758032472,True,0.00015246868,0.99984753
0.722351758032472,0.722351758032472,True,0.00019413233,0.99980587
-1.3843670883058157,-1.3843670883058157,True,0.9998349,0.00016509189
-1.3843670883058157,-1.3843670883058157,True,0.9999025,9.753164e-05
-1.3843670883058157,-1.3843670883058157,True,0.999912,8.79633e-05
0.722351758032472,0.722351758032472,True,0.0005813837,0.9994186
0.722351758032472,0.722351758032472,True,0.000101685524,0.9998983
0.722351758032472,0.722351758032472,True,0.0001667738,0.9998332
0.722351758032472,0.722351758032472,True,0.00012373924,0.99987626
0.722351758032472,0.722351758032472,True,6.7830086e-05,0.99993217
0.722351758032472,0.722351758032472,True,0.00013124943,0.99986875
-1.3843670883058157,-1.3843670883058157,True,0.99983716,0.00016286431
0.722351758032472,0.722351758032472,True,0.00011277199,0.9998872
0.722351758032472,0.722351758032472,True,0.00014579296,0.9998542
-1.3843670883058157,-1.3843670883058157,True,0.9999087,9.130626e-05
-1.3843670883058157,-1.3843670883058157,True,0.9996841,0.0003159296
-1.3843670883058157,-1.3843670883058157,True,0.99981713,0.00018285675
0.722351758032472,0.722351758032472,True,0.00010931492,0.9998907
0.722351758032472,0.722351758032472,True,0.00014269352,0.9998573
0.722351758032472,0.722351758032472,True,0.000116586685,0.9998834
0.722351758032472,0.722351758032472,True,0.0002322793,0.9997677
0.722351758032472,0.722351758032472,True,0.00013124943,0.99986875
-1.3843670883058157,-1.3843670883058157,True,0.99972844,0.00027155716
0.722351758032472,0.722351758032472,True,7.903576e-05,0.99992096
-1.3843670883058157,-1.3843670883058157,True,0.9998248,0.0001751906
-1.3843670883058157,-1.3843670883058157,True,0.99990815,9.18589e-05
0.722351758032472,0.722351758032472,True,0.00028067827,0.9997193
-1.3843670883058157,-1.3843670883058157,True,0.99991167,8.833433e-05
-1.3843670883058157,-1.3843670883058157,True,0.999696,0.00030400752
0.722351758032472,0.722351758032472,True,0.00023883581,0.99976116
0.722351758032472,0.722351758032472,True,7.3075294e-05,0.9999269
0.722351758032472,0.722351758032472,True,0.00056678057,0.9994332
-1.3843670883058157,-1.3843670883058157,True,0.99989325,0.00010675281
0.722351758032472,0.722351758032472,True,0.00026351213,0.9997365
0.722351758032472,0.722351758032472,True,0.0008241534,0.99917585
-1.3843670883058157,-1.3843670883058157,True,0.99987805,0.00012197449
-1.3843670883058157,-1.3843670883058157,True,0.9999103,8.970748e-05
0.722351758032472,0.722351758032472,True,0.000121474266,0.9998785
-1.3843670883058157,-1.3843670883058157,True,0.99990535,9.4623276e-05
0.722351758032472,0.722351758032472,True,8.034706e-05,0.99991965
0.722351758032472,0.722351758032472,True,0.08581501,0.914185
0.722351758032472,0.722351758032472,True,0.000487566,0.99951243
-1.3843670883058157,-1.3843670883058157,True,0.99973774,0.00026227333
0.722351758032472,0.722351758032472,True,0.0001270771,0.9998729
0.722351758032472,0.722351758032472,True,0.00013923645,0.99986076
-1.3843670883058157,-1.3843670883058157,True,0.9998223,0.00017769243
0.722351758032472,0.722351758032472,True,0.00025445223,0.99974555
0.722351758032472,0.722351758032472,True,8.034706e-05,0.99991965
0.722351758032472,0.722351758032472,True,5.376339e-05,0.99994624
0.722351758032472,0.722351758032472,True,0.00021320581,0.9997868
-1.3843670883058157,-1.3843670883058157,True,0.9999116,8.8391884e-05
0.722351758032472,0.722351758032472,True,0.0001886487,0.99981135
-1.3843670883058157,-1.3843670883058157,True,0.9998171,0.00018291814
0.722351758032472,0.722351758032472,True,0.00012266636,0.99987733
0.722351758032472,0.722351758032472,True,0.00010085106,0.99989915
-1.3843670883058157,-1.3843670883058157,True,0.99990803,9.196495e-05
-1.3843670883058157,-1.3843670883058157,True,0.9999163,8.369995e-05
0.722351758032472,0.722351758032472,True,0.00013136864,0.99986863
-1.3843670883058157,-1.3843670883058157,True,0.9995723,0.00042772072
0.722351758032472,0.722351758032472,True,0.00014853477,0.99985147
0.722351758032472,0.722351758032472,True,8.1539154e-05,0.99991846
0.722351758032472,0.722351758032472,True,0.00061678886,0.9993832
0.722351758032472,0.722351758032472,True,0.00022286177,0.99977714
0.722351758032472,0.722351758032472,True,8.714199e-05,0.99991286
0.722351758032472,0.722351758032472,True,6.3061714e-05,0.99993694
-1.3843670883058157,-1.3843670883058157,True,0.9999091,9.087256e-05
0.722351758032472,0.722351758032472,True,0.0019216537,0.99807835
0.722351758032472,0.722351758032472,True,0.00025349855,0.9997465
0.722351758032472,0.722351758032472,True,0.0016050935,0.9983949
0.722351758032472,0.722351758032472,True,8.21352e-05,0.99991786
-1.3843670883058157,-1.3843670883058157,True,0.999513,0.0004870514
0.722351758032472,0.722351758032472,True,7.236004e-05,0.99992764
0.722351758032472,0.722351758032472,True,7.236004e-05,0.99992764
0.722351758032472,0.722351758032472,True,0.000113248825,0.99988675
0.722351758032472,0.722351758032472,True,0.0005529523,0.99944705
-1.3843670883058157,-1.3843670883058157,True,0.9999125,8.751918e-05
-1.3843670883058157,-1.3843670883058157,True,0.9999134,8.6628505e-05
0.722351758032472,0.722351758032472,True,0.00035262108,0.9996474
0.722351758032472,0.722351758032472,True,0.00040262938,0.9995974
-1.3843670883058157,-1.3843670883058157,True,0.99987364,0.00012638429
-1.3843670883058157,-1.3843670883058157,True,0.9997912,0.00020878215
-1.3843670883058157,-1.3843670883058157,True,0.99990445,9.5569805e-05
-1.3843670883058157,-1.3843670883058157,True,0.99990463,9.536216e-05
-1.3843670883058157,-1.3843670883058157,True,0.9997418,0.00025821978
-1.3843670883058157,-1.3843670883058157,True,0.99983084,0.0001691446
0.722351758032472,0.722351758032472,True,7.092953e-05,0.9999291
-1.3843670883058157,-1.3843670883058157,True,0.9998991,0.000100938116
0.722351758032472,0.722351758032472,True,0.00020748377,0.9997925
0.722351758032472,0.722351758032472,True,0.00012242794,0.9998776
0.722351758032472,0.722351758032472,True,5.888939e-05,0.9999411
0.722351758032472,0.722351758032472,True,0.00015175343,0.99984825
0.722351758032472,0.722351758032472,True,7.18832e-05,0.9999281
-1.3843670883058157,-1.3843670883058157,True,0.99962366,0.00037631526
0.722351758032472,0.722351758032472,True,0.00023525953,0.99976474
0.722351758032472,0.722351758032472,True,0.00014400482,0.999856
-1.3843670883058157,-1.3843670883058157,True,0.9998621,0.00013791281
0.722351758032472,0.722351758032472,True,7.760525e-05,0.9999224
0.722351758032472,0.722351758032472,True,0.00010275841,0.99989724
0.722351758032472,0.722351758032472,True,8.4519386e-05,0.9999155
-1.3843670883058157,-1.3843670883058157,True,0.99981123,0.00018879495
0.722351758032472,0.722351758032472,True,0.00021487474,0.9997851
-1.3843670883058157,-1.3843670883058157,True,0.9998524,0.00014755876
0.722351758032472,0.722351758032472,True,5.90086e-05,0.999941
0.722351758032472,0.722351758032472,True,0.001134038,0.99886596
-1.3843670883058157,-1.3843670883058157,True,0.9995206,0.00047942426
0.722351758032472,0.722351758032472,True,0.00018233061,0.99981767
-1.3843670883058157,-1.3843670883058157,True,0.9997567,0.00024332054
0.722351758032472,0.722351758032472,True,8.3208084e-05,0.9999168
-1.3843670883058157,-1.3843670883058157,True,0.9998334,0.00016661115
0.722351758032472,0.722351758032472,True,4.9114227e-05,0.9999509
0.722351758032472,0.722351758032472,True,7.343292e-05,0.99992657
-1.3843670883058157,-1.3843670883058157,True,0.999861,0.00013902308
0.722351758032472,0.722351758032472,True,6.151199e-05,0.9999385
-1.3843670883058157,-1.3843670883058157,True,0.9999084,9.1589936e-05
0.722351758032472,0.722351758032472,True,0.000121474266,0.9998785
0.722351758032472,0.722351758032472,True,0.00028568506,0.9997143
0.722351758032472,0.722351758032472,True,0.00018876791,0.99981123
0.722351758032472,0.722351758032472,True,0.00044125319,0.99955875
-1.3843670883058157,-1.3843670883058157,True,0.9995993,0.00040074784
0.722351758032472,0.722351758032472,True,0.008633971,0.991366
0.722351758032472,0.722351758032472,True,7.4744225e-05,0.99992526
-1.3843670883058157,-1.3843670883058157,True,0.9993788,0.0006211732
0.722351758032472,0.722351758032472,True,0.00010704994,0.99989295
0.722351758032472,0.722351758032472,True,0.000108003616,0.999892
-1.3843670883058157,-1.3843670883058157,True,0.99992317,7.6850345e-05
0.722351758032472,0.722351758032472,True,0.00012421608,0.9998758
0.722351758032472,0.722351758032472,True,0.00016462803,0.9998354
-1.3843670883058157,-1.3843670883058157,True,0.9999209,7.906782e-05
0.722351758032472,0.722351758032472,True,0.00010681152,0.9998932
0.722351758032472,0.722351758032472,True,0.00012290478,0.9998771
0.722351758032472,0.722351758032472,True,6.6280365e-05,0.9999337
-1.3843670883058157,-1.3843670883058157,True,0.99963874,0.0003612565
-1.3843670883058157,-1.3843670883058157,True,0.9998144,0.00018558992
0.722351758032472,0.722351758032472,True,0.00036609173,0.9996339
0.722351758032472,0.722351758032472,True,0.000109910965,0.9998901
0.722351758032472,0.722351758032472,True,0.00016927719,0.9998307
-1.3843670883058157,-1.3843670883058157,True,0.9996774,0.00032259486
-1.3843670883058157,-1.3843670883058157,True,0.9999135,8.651309e-05
-1.3843670883058157,-1.3843670883058157,True,0.99990827,9.170695e-05
0.722351758032472,0.722351758032472,True,0.0049834847,0.9950165
-1.3843670883058157,-1.3843670883058157,True,0.99991304,8.69458e-05
0.722351758032472,0.722351758032472,True,0.00010848045,0.9998915
-1.3843670883058157,-1.3843670883058157,True,0.99989086,0.00010911145
0.722351758032472,0.722351758032472,True,0.002090156,0.99790984
0.722351758032472,0.722351758032472,True,0.00023800135,0.999762
-1.3843670883058157,-1.3843670883058157,True,0.99950063,0.0004993613
0.722351758032472,0.722351758032472,True,9.6440315e-05,0.99990356
-1.3843670883058157,-1.3843670883058157,True,0.9999214,7.8597004e-05
0.722351758032472,0.722351758032472,True,8.08239e-05,0.9999192
0.722351758032472,0.722351758032472,True,7.331371e-05,0.9999267
-1.3843670883058157,-1.3843670883058157,True,0.99990094,9.908865e-05
0.722351758032472,0.722351758032472,True,9.62019e-05,0.9999038
-1.3843670883058157,-1.3843670883058157,True,0.9999125,8.751918e-05
-1.3843670883058157,-1.3843670883058157,True,0.9999108,8.9200694e-05
0.722351758032472,0.722351758032472,True,0.00023216009,0.99976784
0.722351758032472,0.722351758032472,True,0.00024980307,0.9997502
-1.3843670883058157,-1.3843670883058157,True,0.999553,0.00044696507
0.722351758032472,0.722351758032472,True,5.5789948e-05,0.9999442
0.722351758032472,0.722351758032472,True,0.00015199184,0.999848
-1.3843670883058157,-1.3843670883058157,True,0.9999091,9.089301e-05
-1.3843670883058157,-1.3843670883058157,True,0.9998627,0.00013734613
0.722351758032472,0.722351758032472,True,8.690357e-05,0.9999131
-1.3843670883058157,-1.3843670883058157,True,0.9996501,0.0003498736
0.722351758032472,0.722351758032472,True,5.733967e-05,0.99994266
0.722351758032472,0.722351758032472,True,0.00031769276,0.9996823
-1.3843670883058157,-1.3843670883058157,True,0.99978846,0.0002115321
0.722351758032472,0.722351758032472,True,0.0011691451,0.99883085
0.722351758032472,0.722351758032472,True,0.00020617247,0.9997938
0.722351758032472,0.722351758032472,True,5.531311e-05,0.9999447
0.722351758032472,0.722351758032472,True,0.000121593475,0.9998784
0.722351758032472,0.722351758032472,True,0.00013637543,0.9998636
-1.3843670883058157,-1.3843670883058157,True,0.9997833,0.00021671134
0.722351758032472,0.722351758032472,True,0.0004620552,0.99953794
0.722351758032472,0.722351758032472,True,0.0010300875,0.9989699
-1.3843670883058157,-1.3843670883058157,True,0.99991065,8.931969e-05
0.722351758032472,0.722351758032472,True,0.000116825104,0.9998832
0.722351758032472,0.722351758032472,True,0.00040203333,0.99959797
0.722351758032472,0.722351758032472,True,8.785725e-05,0.99991214
-1.3843670883058157,-1.3843670883058157,True,0.9999138,8.6175016e-05
0.722351758032472,0.722351758032472,True,0.00051403046,0.99948597
0.722351758032472,0.722351758032472,True,7.891655e-05,0.9999211
0.722351758032472,0.722351758032472,True,0.00018852949,0.9998115
0.722351758032472,0.722351758032472,True,0.00016486645,0.99983513
0.722351758032472,0.722351758032472,True,0.00029945374,0.99970055
0.722351758032472,0.722351758032472,True,0.00042420626,0.9995758
0.722351758032472,0.722351758032472,True,0.00013768673,0.9998623
0.722351758032472,0.722351758032472,True,6.330013e-05,0.9999367
0.722351758032472,0.722351758032472,True,9.095669e-05,0.99990904
0.722351758032472,0.722351758032472,True,0.0012194514,0.99878055
-1.3843670883058157,-1.3843670883058157,True,0.9999168,8.322497e-05
-1.3843670883058157,-1.3843670883058157,True,0.99991304,8.69458e-05
-1.3843670883058157,-1.3843670883058157,True,0.99978286,0.00021711527
-1.3843670883058157,-1.3843670883058157,True,0.9997269,0.00027309242
0.722351758032472,0.722351758032472,True,9.3340874e-05,0.99990666
0.722351758032472,0.722351758032472,True,0.00013375282,0.99986625
-1.3843670883058157,-1.3843670883058157,True,0.99991184,8.8180066e-05
0.722351758032472,0.722351758032472,True,8.881092e-05,0.9999112
0.722351758032472,0.722351758032472,True,6.7830086e-05,0.99993217
-1.3843670883058157,-1.3843670883058157,True,0.99991363,8.6356406e-05
-1.3843670883058157,-1.3843670883058157,True,0.99969,0.0003100141
-1.3843670883058157,0.722351758032472,False,0.2578271,0.7421729
-1.3843670883058157,-1.3843670883058157,True,0.99991447,8.551767e-05
0.722351758032472,0.722351758032472,True,0.0001502037,0.9998498
0.722351758032472,0.722351758032472,True,4.720688e-05,0.9999528
-1.3843670883058157,-1.3843670883058157,True,0.99990165,9.837716e-05
0.722351758032472,0.722351758032472,True,0.00036144257,0.99963856
-1.3843670883058157,-1.3843670883058157,True,0.9998263,0.00017368734
0.722351758032472,0.722351758032472,True,5.0783157e-05,0.9999492
-1.3843670883058157,-1.3843670883058157,True,0.99982935,0.0001706668
-1.3843670883058157,-1.3843670883058157,True,0.9999135,8.651309e-05
0.722351758032472,0.722351758032472,True,0.00017106533,0.99982893
0.722351758032472,0.722351758032472,True,0.0001103878,0.9998896
0.722351758032472,0.722351758032472,True,0.00012671947,0.9998733
0.722351758032472,0.722351758032472,True,9.9658966e-05,0.99990034
0.722351758032472,0.722351758032472,True,0.00012886524,0.99987113
-1.3843670883058157,-1.3843670883058157,True,0.99991983,8.017106e-05
-1.3843670883058157,-1.3843670883058157,True,0.9999064,9.3564784e-05
-1.3843670883058157,-1.3843670883058157,True,0.9999209,7.906782e-05
-1.3843670883058157,-1.3843670883058157,True,0.9995884,0.00041160866
0.722351758032472,0.722351758032472,True,7.1406364e-05,0.9999286
0.722351758032472,0.722351758032472,True,0.00017601252,0.999824
0.722351758032472,0.722351758032472,True,0.00010752678,0.9998925
-1.3843670883058157,-1.3843670883058157,True,0.9999054,9.460703e-05
0.722351758032472,0.722351758032472,True,0.0003798008,0.9996202
0.722351758032472,0.722351758032472,True,0.00024932623,0.9997507
0.722351758032472,0.722351758032472,True,0.0016103983,0.9983896
0.722351758032472,0.722351758032472,True,0.003706038,0.99629396
-1.3843670883058157,-1.3843670883058157,True,0.999625,0.00037494305
0.722351758032472,0.722351758032472,True,0.00010097027,0.999899
0.722351758032472,0.722351758032472,True,0.00018721819,0.9998128
-1.3843670883058157,-1.3843670883058157,True,0.99991304,8.69458e-05
-1.3843670883058157,-1.3843670883058157,True,0.999924,7.596942e-05
0.722351758032472,0.722351758032472,True,0.00017637014,0.99982363
0.722351758032472,0.722351758032472,True,0.00044089556,0.9995591
-1.3843670883058157,-1.3843670883058157,True,0.9998999,0.00010007135
0.722351758032472,0.722351758032472,True,0.00013101101,0.999869
-1.3843670883058157,-1.3843670883058157,True,0.99950147,0.0004985485
0.722351758032472,0.722351758032472,True,0.00015199184,0.999848
0.722351758032472,0.722351758032472,True,0.00012409687,0.9998759
0.722351758032472,0.722351758032472,True,9.10759e-05,0.9999089
0.722351758032472,0.722351758032472,True,8.261204e-05,0.9999174
0.722351758032472,0.722351758032472,True,8.606911e-05,0.99991393
0.722351758032472,0.722351758032472,True,0.00034725666,0.99965274
-1.3843670883058157,-1.3843670883058157,True,0.9997541,0.0002459405
0.722351758032472,0.722351758032472,True,6.568432e-05,0.9999343
0.722351758032472,0.722351758032472,True,0.0002837777,0.9997162
0.722351758032472,0.722351758032472,True,0.0006761551,0.99932384
-1.3843670883058157,-1.3843670883058157,True,0.999908,9.2054965e-05
0.722351758032472,0.722351758032472,True,0.00018209219,0.9998179
0.722351758032472,0.722351758032472,True,7.534027e-05,0.99992466
0.722351758032472,0.722351758032472,True,0.00013363361,0.99986637
0.722351758032472,0.722351758032472,True,7.6293945e-05,0.9999237
0.722351758032472,0.722351758032472,True,0.0005477071,0.9994523
-1.3843670883058157,-1.3843670883058157,True,0.9999084,9.1589936e-05
-1.3843670883058157,-1.3843670883058157,True,0.99988186,0.00011815365
-1.3843670883058157,-1.3843670883058157,True,0.99976003,0.00023998095
0.722351758032472,0.722351758032472,True,7.1167946e-05,0.99992883
0.722351758032472,0.722351758032472,True,7.915497e-05,0.99992085
-1.3843670883058157,-1.3843670883058157,True,0.9997041,0.00029586852
-1.3843670883058157,-1.3843670883058157,True,0.9995953,0.00040469307
0.722351758032472,0.722351758032472,True,0.00022667646,0.9997733
0.722351758032472,0.722351758032472,True,0.0003004074,0.9996996
0.722351758032472,0.722351758032472,True,0.00088840723,0.9991116
0.722351758032472,0.722351758032472,True,5.2809715e-05,0.9999472
0.722351758032472,0.722351758032472,True,0.00029808283,0.9997019
0.722351758032472,0.722351758032472,True,0.00010609627,0.9998939
0.722351758032472,0.722351758032472,True,0.00037682056,0.9996232
0.722351758032472,0.722351758032472,True,0.00013530254,0.9998647
0.722351758032472,0.722351758032472,True,8.523464e-05,0.99991477
0.722351758032472,0.722351758032472,True,0.018740714,0.9812593
0.722351758032472,0.722351758032472,True,9.5009804e-05,0.999905
0.722351758032472,0.722351758032472,True,8.08239e-05,0.9999192
0.722351758032472,0.722351758032472,True,0.00011014938,0.99988985
-1.3843670883058157,-1.3843670883058157,True,0.9999197,8.027082e-05
0.722351758032472,0.722351758032472,True,0.00018268824,0.9998173
0.722351758032472,0.722351758032472,True,0.00019019842,0.9998098
0.722351758032472,0.722351758032472,True,0.00018435717,0.99981564
-1.3843670883058157,-1.3843670883058157,True,0.9997645,0.00023548045
0.722351758032472,0.722351758032472,True,0.00013077259,0.9998692
-1.3843670883058157,-1.3843670883058157,True,0.99990827,9.171762e-05
0.722351758032472,0.722351758032472,True,7.259846e-05,0.9999274
0.722351758032472,0.722351758032472,True,0.00018697977,0.999813
0.722351758032472,0.722351758032472,True,0.00017946959,0.99982053
0.722351758032472,0.722351758032472,True,0.000101327896,0.9998987
0.722351758032472,0.722351758032472,True,0.00010704994,0.99989295
0.722351758032472,0.722351758032472,True,6.4373016e-05,0.9999356
-1.3843670883058157,-1.3843670883058157,True,0.99991417,8.5836626e-05
0.722351758032472,0.722351758032472,True,7.009506e-05,0.9999299
0.722351758032472,0.722351758032472,True,0.00022798777,0.999772
-1.3843670883058157,-1.3843670883058157,True,0.9995446,0.0004553884
0.722351758032472,0.722351758032472,True,0.00018340349,0.9998166
0.722351758032472,0.722351758032472,True,0.000100016594,0.9999
0.722351758032472,0.722351758032472,True,0.0002180934,0.9997819
0.722351758032472,0.722351758032472,True,5.4001808e-05,0.999946
0.722351758032472,0.722351758032472,True,0.00013434887,0.99986565
-1.3843670883058157,-1.3843670883058157,True,0.99992204,7.795953e-05
0.722351758032472,0.722351758032472,True,5.7697296e-05,0.9999423
0.722351758032472,0.722351758032472,True,8.4877014e-05,0.9999151
0.722351758032472,0.722351758032472,True,0.00017386675,0.99982613
0.722351758032472,0.722351758032472,True,0.00045579672,0.9995442
0.722351758032472,0.722351758032472,True,0.0025866628,0.99741334
0.722351758032472,0.722351758032472,True,0.00016760826,0.9998324
0.722351758032472,0.722351758032472,True,0.0015628934,0.9984371
0.722351758032472,0.722351758032472,True,8.893013e-05,0.99991107
-1.3843670883058157,-1.3843670883058157,True,0.9999132,8.678569e-05
-1.3843670883058157,-1.3843670883058157,True,0.99991167,8.833433e-05
0.722351758032472,0.722351758032472,True,0.00018161535,0.9998184
-1.3843670883058157,-1.3843670883058157,True,0.9999031,9.6907635e-05
0.722351758032472,0.722351758032472,True,0.00014722347,0.9998528
-1.3843670883058157,-1.3843670883058157,True,0.9997513,0.00024868612
-1.3843670883058157,-1.3843670883058157,True,0.9999194,8.06011e-05
0.722351758032472,0.722351758032472,True,8.535385e-05,0.99991465
-1.3843670883058157,-1.3843670883058157,True,0.999909,9.1025984e-05
0.722351758032472,0.722351758032472,True,0.00044614077,0.99955386
0.722351758032472,0.722351758032472,True,6.020069e-05,0.9999398
0.722351758032472,0.722351758032472,True,0.0002848506,0.99971515
-1.3843670883058157,-1.3843670883058157,True,0.9998986,0.0001013892
0.722351758032472,0.722351758032472,True,6.246567e-05,0.99993753
0.722351758032472,0.722351758032472,True,5.2809715e-05,0.9999472
0.722351758032472,0.722351758032472,True,0.00012373924,0.99987626
-1.3843670883058157,-1.3843670883058157,True,0.99990404,9.597814e-05
0.722351758032472,0.722351758032472,True,0.00011372566,0.9998863
0.722351758032472,0.722351758032472,True,7.927418e-05,0.9999207
0.722351758032472,0.722351758032472,True,6.4373016e-05,0.9999356
-1.3843670883058157,-1.3843670883058157,True,0.9999101,8.990642e-05
0.722351758032472,0.722351758032472,True,8.785725e-05,0.99991214
0.722351758032472,0.722351758032472,True,0.00016057491,0.9998394
0.722351758032472,0.722351758032472,True,0.00010764599,0.99989235
0.722351758032472,0.722351758032472,True,0.0001180172,0.999882
-1.3843670883058157,-1.3843670883058157,True,0.9997444,0.0002555633
0.722351758032472,0.722351758032472,True,0.0004221797,0.9995778
0.722351758032472,0.722351758032472,True,0.0002886653,0.99971133
0.722351758032472,0.722351758032472,True,0.000108242035,0.99989176
0.722351758032472,0.722351758032472,True,0.00014257431,0.9998574
0.722351758032472,0.722351758032472,True,8.6307526e-05,0.9999137
-1.3843670883058157,-1.3843670883058157,True,0.99990284,9.718497e-05
0.722351758032472,0.722351758032472,True,0.0001090765,0.9998909
0.722351758032472,0.722351758032472,True,0.00028938055,0.9997106
0.722351758032472,0.722351758032472,True,9.453297e-05,0.99990547
-1.3843670883058157,-1.3843670883058157,True,0.99974436,0.00025562642
-1.3843670883058157,-1.3843670883058157,True,0.99991065,8.936553e-05
0.722351758032472,0.722351758032472,True,8.511543e-05,0.9999149
-1.3843670883058157,-1.3843670883058157,True,0.9998772,0.00012281527
0.722351758032472,0.722351758032472,True,0.00017637014,0.99982363
0.722351758032472,0.722351758032472,True,0.00018066168,0.99981934
0.722351758032472,0.722351758032472,True,8.952618e-05,0.9999105
-1.3843670883058157,-1.3843670883058157,True,0.9999156,8.441085e-05
0.722351758032472,0.722351758032472,True,0.0001090765,0.9998909
-1.3843670883058157,-1.3843670883058157,True,0.9999066,9.341055e-05
-1.3843670883058157,-1.3843670883058157,True,0.99991983,8.015876e-05
0.722351758032472,0.722351758032472,True,0.00018709898,0.9998129
-1.3843670883058157,-1.3843670883058157,True,0.9997448,0.00025525648
0.722351758032472,0.722351758032472,True,8.6188316e-05,0.9999138
0.722351758032472,0.722351758032472,True,0.009415209,0.9905848
-1.3843670883058157,-1.3843670883058157,True,0.9998757,0.00012425652
0.722351758032472,0.722351758032472,True,5.00679e-05,0.99994993
0.722351758032472,0.722351758032472,True,0.00011444092,0.99988556
-1.3843670883058157,-1.3843670883058157,True,0.99990165,9.8353994e-05
-1.3843670883058157,-1.3843670883058157,True,0.9998497,0.000150333
0.722351758032472,0.722351758032472,True,0.00019079447,0.9998092
0.722351758032472,0.722351758032472,True,8.225441e-05,0.99991775
0.722351758032472,0.722351758032472,True,0.000116467476,0.99988353
-1.3843670883058157,-1.3843670883058157,True,0.99980813,0.00019185121
0.722351758032472,0.722351758032472,True,0.0002027154,0.9997973
-1.3843670883058157,-1.3843670883058157,True,0.9999066,9.339256e-05
0.722351758032472,0.722351758032472,True,0.000116825104,0.9998832
-1.3843670883058157,-1.3843670883058157,True,0.9995701,0.0004299228
0.722351758032472,0.722351758032472,True,0.00020211935,0.9997979
0.722351758032472,0.722351758032472,True,0.00022822618,0.9997718
-1.3843670883058157,-1.3843670883058157,True,0.9998614,0.0001386011
0.722351758032472,0.722351758032472,True,0.000106334686,0.99989367
-1.3843670883058157,-1.3843670883058157,True,0.9999134,8.662206e-05
0.722351758032472,0.722351758032472,True,0.00070619583,0.9992938
0.722351758032472,0.722351758032472,True,0.0001436472,0.99985635
0.722351758032472,0.722351758032472,True,0.00018686056,0.99981314
0.722351758032472,0.722351758032472,True,0.00020414591,0.99979585
0.722351758032472,0.722351758032472,True,0.00021654367,0.99978346
0.722351758032472,0.722351758032472,True,0.00026339293,0.9997366
-1.3843670883058157,-1.3843670883058157,True,0.9999152,8.4808205e-05
-1.3843670883058157,-1.3843670883058157,True,0.9996332,0.0003668346
0.722351758032472,0.722351758032472,True,5.3286552e-05,0.9999467
0.722351758032472,0.722351758032472,True,0.00015437603,0.9998456
0.722351758032472,0.722351758032472,True,0.00036633015,0.99963367
0.722351758032472,0.722351758032472,True,0.00050354004,0.99949646
-1.3843670883058157,-1.3843670883058157,True,0.99989414,0.00010586487
-1.3843670883058157,-1.3843670883058157,True,0.9998176,0.00018238834
-1.3843670883058157,-1.3843670883058157,True,0.9999096,9.0412286e-05
0.722351758032472,0.722351758032472,True,0.00026839972,0.9997316
0.722351758032472,0.722351758032472,True,0.0013249516,0.99867505
-1.3843670883058157,-1.3843670883058157,True,0.9996435,0.00035651133
-1.3843670883058157,-1.3843670883058157,True,0.9997109,0.00028909527
-1.3843670883058157,-1.3843670883058157,True,0.99991333,8.66785e-05
-1.3843670883058157,-1.3843670883058157,True,0.9997546,0.00024537113
-1.3843670883058157,-1.3843670883058157,True,0.9995967,0.00040329545
0.722351758032472,0.722351758032472,True,5.4121017e-05,0.9999459
-1.3843670883058157,-1.3843670883058157,True,0.9998998,0.00010018784
0.722351758032472,0.722351758032472,True,9.775162e-05,0.99990225
-1.3843670883058157,-1.3843670883058157,True,0.99989754,0.000102482736
-1.3843670883058157,-1.3843670883058157,True,0.99979633,0.00020364899
0.722351758032472,0.722351758032472,True,0.00014221668,0.9998578
0.722351758032472,0.722351758032472,True,0.00015163422,0.99984837
-1.3843670883058157,-1.3843670883058157,True,0.9998724,0.00012758923
0.722351758032472,0.722351758032472,True,0.0002066493,0.99979335
-1.3843670883058157,-1.3843670883058157,True,0.9999174,8.2587125e-05
-1.3843670883058157,-1.3843670883058157,True,0.9994947,0.00050534966
0.722351758032472,0.722351758032472,True,0.00022345781,0.99977654
-1.3843670883058157,-1.3843670883058157,True,0.999907,9.3009156e-05
-1.3843670883058157,-1.3843670883058157,True,0.99991417,8.5827545e-05
0.722351758032472,0.722351758032472,True,0.00017565489,0.99982435
0.722351758032472,0.722351758032472,True,0.0002529025,0.9997471
0.722351758032472,0.722351758032472,True,0.00010216236,0.99989784
0.722351758032472,0.722351758032472,True,0.00014388561,0.9998561
-1.3843670883058157,-1.3843670883058157,True,0.9999135,8.647498e-05
-1.3843670883058157,-1.3843670883058157,True,0.99991,9.0030895e-05
0.722351758032472,0.722351758032472,True,0.00016462803,0.9998354
-1.3843670883058157,-1.3843670883058157,True,0.99930465,0.000695358
-1.3843670883058157,-1.3843670883058157,True,0.99960566,0.00039436016
0.722351758032472,0.722351758032472,True,5.3048134e-05,0.99994695
-1.3843670883058157,-1.3843670883058157,True,0.99972415,0.00027584162
0.722351758032472,0.722351758032472,True,0.00013613701,0.99986386
-1.3843670883058157,-1.3843670883058157,True,0.9999206,7.941443e-05
0.722351758032472,0.722351758032472,True,6.151199e-05,0.9999385
0.722351758032472,0.722351758032472,True,0.00018697977,0.999813
0.722351758032472,0.722351758032472,True,0.0021529198,0.9978471
0.722351758032472,0.722351758032472,True,6.9618225e-05,0.9999304
-1.3843670883058157,-1.3843670883058157,True,0.9999152,8.48366e-05
0.722351758032472,0.722351758032472,True,0.00028449297,0.9997155
0.722351758032472,0.722351758032472,True,0.00018340349,0.9998166
0.722351758032472,0.722351758032472,True,0.00037777424,0.9996222
0.722351758032472,0.722351758032472,True,6.151199e-05,0.9999385
0.722351758032472,0.722351758032472,True,0.0001527071,0.9998473
-1.3843670883058157,-1.3843670883058157,True,0.9999126,8.7364264e-05
0.722351758032472,0.722351758032472,True,8.106232e-05,0.99991894
0.722351758032472,0.722351758032472,True,0.00015580654,0.9998442
0.722351758032472,0.722351758032472,True,0.00024706125,0.99975294
0.722351758032472,0.722351758032472,True,7.1287155e-05,0.9999287
0.722351758032472,0.722351758032472,True,0.00011885166,0.99988115
-1.3843670883058157,-1.3843670883058157,True,0.9999016,9.8414785e-05
0.722351758032472,0.722351758032472,True,0.00012433529,0.99987566
0.722351758032472,0.722351758032472,True,0.00041610003,0.9995839
0.722351758032472,0.722351758032472,True,0.00020462275,0.9997954
0.722351758032472,0.722351758032472,True,7.7962875e-05,0.99992204
-1.3843670883058157,-1.3843670883058157,True,0.9999218,7.819995e-05
-1.3843670883058157,-1.3843670883058157,True,0.9993827,0.0006173115
-1.3843670883058157,-1.3843670883058157,True,0.9997058,0.00029418312
-1.3843670883058157,-1.3843670883058157,True,0.9997933,0.00020670154
-1.3843670883058157,-1.3843670883058157,True,0.9995203,0.00047966905
0.722351758032472,0.722351758032472,True,0.00033712387,0.9996629
0.722351758032472,0.722351758032472,True,6.043911e-05,0.99993956
0.722351758032472,0.722351758032472,True,8.749962e-05,0.9999125
-1.3843670883058157,-1.3843670883058157,True,0.99958366,0.00041636566
0.722351758032472,0.722351758032472,True,0.00011920929,0.9998808
0.722351758032472,0.722351758032472,True,0.000104784966,0.9998952
0.722351758032472,0.722351758032472,True,9.024143e-05,0.99990976
0.722351758032472,0.722351758032472,True,8.85725e-05,0.9999114
0.722351758032472,0.722351758032472,True,0.0002555251,0.9997445
0.722351758032472,0.722351758032472,True,0.002760172,0.9972398
0.722351758032472,0.722351758032472,True,0.00022727251,0.9997727
0.722351758032472,0.722351758032472,True,0.0002027154,0.9997973
0.722351758032472,0.722351758032472,True,0.014199734,0.98580027
0.722351758032472,0.722351758032472,True,0.00029921532,0.9997008
0.722351758032472,0.722351758032472,True,0.00019973516,0.99980026
0.722351758032472,0.722351758032472,True,0.00019544363,0.99980456
0.722351758032472,0.722351758032472,True,0.0002580285,0.999742
-1.3843670883058157,-1.3843670883058157,True,0.9994905,0.00050947524
-1.3843670883058157,-1.3843670883058157,True,0.99980545,0.00019457181
0.722351758032472,0.722351758032472,True,8.3088875e-05,0.9999169
0.722351758032472,0.722351758032472,True,0.00018364191,0.99981636
0.722351758032472,0.722351758032472,True,0.00012743473,0.99987257
-1.3843670883058157,-1.3843670883058157,True,0.9997441,0.00025590102
0.722351758032472,0.722351758032472,True,0.00025361776,0.9997464
-1.3843670883058157,-1.3843670883058157,True,0.9999208,7.918991e-05
0.722351758032472,0.722351758032472,True,0.00010061264,0.9998994
0.722351758032472,0.722351758032472,True,0.00021892786,0.9997811
0.722351758032472,0.722351758032472,True,0.00064724684,0.99935275
0.722351758032472,0.722351758032472,True,7.092953e-05,0.9999291
0.722351758032472,0.722351758032472,True,0.000101566315,0.99989843
-1.3843670883058157,-1.3843670883058157,True,0.9999116,8.8391884e-05
-1.3843670883058157,-1.3843670883058157,True,0.9998978,0.000102239974
0.722351758032472,0.722351758032472,True,7.677078e-05,0.9999232
-1.3843670883058157,-1.3843670883058157,True,0.9995688,0.00043120296
-1.3843670883058157,-1.3843670883058157,True,0.9997314,0.00026858883
0.722351758032472,0.722351758032472,True,0.00033795834,0.99966204
0.722351758032472,0.722351758032472,True,0.000572443,0.99942756
-1.3843670883058157,-1.3843670883058157,True,0.99979275,0.00020726005
0.722351758032472,0.722351758032472,True,0.000119924545,0.9998801
-1.3843670883058157,-1.3843670883058157,True,0.999787,0.0002130437
-1.3843670883058157,-1.3843670883058157,True,0.99985087,0.00014914919
-1.3843670883058157,-1.3843670883058157,True,0.9996655,0.00033448738
0.722351758032472,0.722351758032472,True,0.0005541444,0.99944586
0.722351758032472,0.722351758032472,True,0.0003515482,0.99964845
0.722351758032472,0.722351758032472,True,0.001464963,0.99853504
0.722351758032472,0.722351758032472,True,8.6188316e-05,0.9999138
0.722351758032472,0.722351758032472,True,0.00013363361,0.99986637
0.722351758032472,0.722351758032472,True,4.9233437e-05,0.99995077
0.722351758032472,0.722351758032472,True,0.00032103062,0.99967897
0.722351758032472,0.722351758032472,True,7.2956085e-05,0.99992704
0.722351758032472,0.722351758032472,True,0.0003476143,0.9996524
0.722351758032472,0.722351758032472,True,0.00013065338,0.99986935
0.722351758032472,0.722351758032472,True,0.00017261505,0.9998274
-1.3843670883058157,-1.3843670883058157,True,0.99983793,0.00016205647
0.722351758032472,0.722351758032472,True,5.9723854e-05,0.9999403
0.722351758032472,0.722351758032472,True,9.942055e-05,0.9999006
-1.3843670883058157,-1.3843670883058157,True,0.999924,7.601892e-05
0.722351758032472,0.722351758032472,True,0.00014281273,0.9998572
-1.3843670883058157,-1.3843670883058157,True,0.99991435,8.567789e-05
0.722351758032472,0.722351758032472,True,0.0024530292,0.997547
-1.3843670883058157,-1.3843670883058157,True,0.9999119,8.8080735e-05
0.722351758032472,0.722351758032472,True,0.0022079945,0.997792
0.722351758032472,0.722351758032472,True,0.00030970573,0.9996903
0.722351758032472,0.722351758032472,True,7.736683e-05,0.99992263
0.722351758032472,0.722351758032472,True,8.4877014e-05,0.9999151
0.722351758032472,0.722351758032472,True,0.00034570694,0.9996543
0.722351758032472,0.722351758032472,True,7.236004e-05,0.99992764
-1.3843670883058157,-1.3843670883058157,True,0.99978286,0.00021716766
0.722351758032472,0.722351758032472,True,0.00013291836,0.9998671
-1.3843670883058157,-1.3843670883058157,True,0.9999141,8.589255e-05
-1.3843670883058157,-1.3843670883058157,True,0.99982977,0.00017024811
0.722351758032472,0.722351758032472,True,0.00036263466,0.99963737
0.722351758032472,0.722351758032472,True,0.00019651651,0.9998035
0.722351758032472,0.722351758032472,True,0.0003825426,0.99961746
0.722351758032472,0.722351758032472,True,0.0006582141,0.9993418
-1.3843670883058157,-1.3843670883058157,True,0.99971557,0.00028440432
-1.3843670883058157,-1.3843670883058157,True,0.9996993,0.000300723
-1.3843670883058157,-1.3843670883058157,True,0.9998395,0.00016050969
-1.3843670883058157,-1.3843670883058157,True,0.9998053,0.00019470896
-1.3843670883058157,-1.3843670883058157,True,0.9999195,8.05047e-05
0.722351758032472,0.722351758032472,True,0.001139164,0.99886084
0.722351758032472,0.722351758032472,True,0.00024598837,0.999754
0.722351758032472,0.722351758032472,True,0.00066912174,0.9993309
-1.3843670883058157,-1.3843670883058157,True,0.9999118,8.823458e-05
0.722351758032472,0.722351758032472,True,0.00010740757,0.9998926
-1.3843670883058157,-1.3843670883058157,True,0.99966544,0.0003345834
0.722351758032472,0.722351758032472,True,0.00019842386,0.9998016
-1.3843670883058157,-1.3843670883058157,True,0.9999126,8.7399174e-05
0.722351758032472,0.722351758032472,True,0.00011754036,0.99988246
-1.3843670883058157,-1.3843670883058157,True,0.99991274,8.728923e-05
0.722351758032472,0.722351758032472,True,0.00015616417,0.99984384
-1.3843670883058157,-1.3843670883058157,True,0.9997526,0.00024742223
0.722351758032472,0.722351758032472,True,0.001815021,0.998185
0.722351758032472,0.722351758032472,True,0.00241673,0.99758327
-1.3843670883058157,-1.3843670883058157,True,0.99991983,8.015754e-05
-1.3843670883058157,-1.3843670883058157,True,0.99992734,7.268606e-05
0.722351758032472,0.722351758032472,True,0.00023585558,0.99976414
0.722351758032472,0.722351758032472,True,0.00015699863,0.999843
0.722351758032472,0.722351758032472,True,6.246567e-05,0.99993753
-1.3843670883058157,-1.3843670883058157,True,0.99989736,0.00010264841
0.722351758032472,0.722351758032472,True,0.0009339452,0.99906605
-1.3843670883058157,-1.3843670883058157,True,0.9997829,0.00021709291
0.722351758032472,0.722351758032472,True,0.0002180934,0.9997819
-1.3843670883058157,-1.3843670883058157,True,0.9997589,0.00024111597
0.722351758032472,0.722351758032472,True,0.0005196929,0.9994803
0.722351758032472,0.722351758032472,True,6.341934e-05,0.9999366
-1.3843670883058157,-1.3843670883058157,True,0.99972343,0.00027657475
0.722351758032472,0.722351758032472,True,4.5776367e-05,0.9999542
-1.3843670883058157,-1.3843670883058157,True,0.9999081,9.1918744e-05
-1.3843670883058157,-1.3843670883058157,True,0.9999108,8.9200694e-05
0.722351758032472,0.722351758032472,True,0.00013029575,0.9998697
-1.3843670883058157,-1.3843670883058157,True,0.9999158,8.420142e-05
0.722351758032472,0.722351758032472,True,0.000101566315,0.99989843
0.722351758032472,0.722351758032472,True,9.524822e-05,0.99990475
-1.3843670883058157,-1.3843670883058157,True,0.9998609,0.00013913779
0.722351758032472,0.722351758032472,True,8.6188316e-05,0.9999138
-1.3843670883058157,-1.3843670883058157,True,0.9998081,0.00019190008
0.722351758032472,0.722351758032472,True,6.711483e-05,0.9999329
0.722351758032472,0.722351758032472,True,7.939339e-05,0.9999206
-1.3843670883058157,-1.3843670883058157,True,0.99990904,9.0965244e-05
0.722351758032472,0.722351758032472,True,7.56979e-05,0.9999243
-1.3843670883058157,-1.3843670883058157,True,0.99987555,0.00012446464
0.722351758032472,0.722351758032472,True,0.00030994415,0.99969006
0.722351758032472,0.722351758032472,True,6.03199e-05,0.9999397
0.722351758032472,0.722351758032472,True,7.355213e-05,0.99992645
0.722351758032472,0.722351758032472,True,0.000101566315,0.99989843
-1.3843670883058157,-1.3843670883058157,True,0.99974406,0.00025593396
0.722351758032472,0.722351758032472,True,0.00064104795,0.99935895
-1.3843670883058157,-1.3843670883058157,True,0.99970436,0.00029561392
0.722351758032472,0.722351758032472,True,6.175041e-05,0.99993825
0.722351758032472,0.722351758032472,True,9.572506e-05,0.9999043
0.722351758032472,0.722351758032472,True,6.258488e-05,0.9999374
-1.3843670883058157,-1.3843670883058157,True,0.9999118,8.824408e-05
0.722351758032472,0.722351758032472,True,0.0001487732,0.9998512
-1.3843670883058157,-1.3843670883058157,True,0.9999106,8.938598e-05
0.722351758032472,0.722351758032472,True,0.00022596121,0.99977404
0.722351758032472,0.722351758032472,True,0.001142025,0.998858
-1.3843670883058157,-1.3843670883058157,True,0.9998164,0.00018359575
0.722351758032472,0.722351758032472,True,0.00020092726,0.9997991
0.722351758032472,0.722351758032472,True,0.00062179565,0.9993782
-1.3843670883058157,-1.3843670883058157,True,0.9999047,9.530507e-05
0.722351758032472,0.722351758032472,True,0.00021761656,0.9997824
0.722351758032472,0.722351758032472,True,7.247925e-05,0.9999275
-1.3843670883058157,-1.3843670883058157,True,0.9999135,8.647498e-05
-1.3843670883058157,-1.3843670883058157,True,0.99964046,0.00035954858
0.722351758032472,0.722351758032472,True,0.00043469667,0.9995653
0.722351758032472,0.722351758032472,True,6.41346e-05,0.99993587
-1.3843670883058157,-1.3843670883058157,True,0.999913,8.7002445e-05
0.722351758032472,0.722351758032472,True,0.00023561716,0.9997644
-1.3843670883058157,-1.3843670883058157,True,0.9997972,0.00020277532
0.722351758032472,0.722351758032472,True,7.593632e-05,0.99992406
0.722351758032472,0.722351758032472,True,8.2969666e-05,0.99991703
0.722351758032472,0.722351758032472,True,0.000118374825,0.9998816
-1.3843670883058157,-1.3843670883058157,True,0.9998917,0.00010831271
-1.3843670883058157,-1.3843670883058157,True,0.99962515,0.00037483455
-1.3843670883058157,-1.3843670883058157,True,0.99981594,0.00018405165
-1.3843670883058157,-1.3843670883058157,True,0.99991155,8.844441e-05
0.722351758032472,0.722351758032472,True,0.0001424551,0.99985754
-1.3843670883058157,-1.3843670883058157,True,0.999913,8.7002445e-05
-1.3843670883058157,-1.3843670883058157,True,0.999893,0.00010697331
0.722351758032472,0.722351758032472,True,8.332729e-05,0.9999167
-1.3843670883058157,-1.3843670883058157,True,0.9998268,0.00017324075
0.722351758032472,0.722351758032472,True,0.000110030174,0.99988997
-1.3843670883058157,-1.3843670883058157,True,0.9999152,8.484575e-05
-1.3843670883058157,-1.3843670883058157,True,0.9998896,0.000110398636
0.722351758032472,0.722351758032472,True,0.00021249056,0.9997875
-1.3843670883058157,-1.3843670883058157,True,0.9999117,8.8276734e-05
-1.3843670883058157,-1.3843670883058157,True,0.99991167,8.8304434e-05
0.722351758032472,0.722351758032472,True,7.259846e-05,0.9999274
-1.3843670883058157,-1.3843670883058157,True,0.9999104,8.959198e-05
0.722351758032472,0.722351758032472,True,7.939339e-05,0.9999206
0.722351758032472,0.722351758032472,True,8.547306e-05,0.9999145
0.722351758032472,0.722351758032472,True,0.00011897087,0.999881
0.722351758032472,0.722351758032472,True,5.6505203e-05,0.9999435
0.722351758032472,0.722351758032472,True,9.3340874e-05,0.99990666
-1.3843670883058157,-1.3843670883058157,True,0.9998367,0.00016331031
0.722351758032472,0.722351758032472,True,0.00010347366,0.9998965
0.722351758032472,0.722351758032472,True,0.00012862682,0.9998714
-1.3843670883058157,-1.3843670883058157,True,0.9999072,9.279769e-05
-1.3843670883058157,-1.3843670883058157,True,0.9999181,8.191058e-05
-1.3843670883058157,-1.3843670883058157,True,0.99991274,8.7281995e-05
0.722351758032472,0.722351758032472,True,0.00017756224,0.99982244
0.722351758032472,0.722351758032472,True,9.441376e-05,0.9999056
0.722351758032472,0.722351758032472,True,8.034706e-05,0.99991965
0.722351758032472,0.722351758032472,True,0.00017601252,0.999824
-1.3843670883058157,-1.3843670883058157,True,0.9999163,8.369995e-05
0.722351758032472,0.722351758032472,True,5.507469e-05,0.9999449
0.722351758032472,0.722351758032472,True,6.389618e-05,0.9999361
0.722351758032472,0.722351758032472,True,0.00014400482,0.999856
-1.3843670883058157,-1.3843670883058157,True,0.9999197,8.027801e-05
0.722351758032472,0.722351758032472,True,7.1525574e-05,0.9999285
0.722351758032472,0.722351758032472,True,0.00013768673,0.9998623
0.722351758032472,0.722351758032472,True,0.000106334686,0.99989367
0.722351758032472,0.722351758032472,True,0.00010597706,0.999894
0.722351758032472,0.722351758032472,True,0.024661124,0.9753389
0.722351758032472,0.722351758032472,True,0.00014781952,0.9998522
0.722351758032472,0.722351758032472,True,0.0009152889,0.9990847
-1.3843670883058157,-1.3843670883058157,True,0.9996479,0.00035206837
0.722351758032472,0.722351758032472,True,8.404255e-05,0.99991596
-1.3843670883058157,-1.3843670883058157,True,0.9997125,0.00028749777
0.722351758032472,0.722351758032472,True,0.000100016594,0.9999
0.722351758032472,0.722351758032472,True,0.00093358755,0.9990664
0.722351758032472,0.722351758032472,True,0.0007991195,0.9992009
-1.3843670883058157,-1.3843670883058157,True,0.99991465,8.537759e-05
0.722351758032472,0.722351758032472,True,8.08239e-05,0.9999192
0.722351758032472,0.722351758032472,True,0.00012266636,0.99987733
0.722351758032472,0.722351758032472,True,0.00062829256,0.9993717
0.722351758032472,0.722351758032472,True,0.0014284849,0.9985715
0.722351758032472,0.722351758032472,True,0.00049746037,0.99950254
-1.3843670883058157,-1.3843670883058157,True,0.9999131,8.689574e-05
0.722351758032472,0.722351758032472,True,0.0018096566,0.99819034
0.722351758032472,0.722351758032472,True,0.00016248226,0.9998375
-1.3843670883058157,-1.3843670883058157,True,0.999854,0.00014596025
0.722351758032472,0.722351758032472,True,0.00068867207,0.9993113
0.722351758032472,0.722351758032472,True,0.00016069412,0.9998393
-1.3843670883058157,-1.3843670883058157,True,0.99991226,8.7760796e-05
0.722351758032472,0.722351758032472,True,0.00017768145,0.9998223
-1.3843670883058157,-1.3843670883058157,True,0.9999212,7.8793535e-05
-1.3843670883058157,-1.3843670883058157,True,0.9999119,8.811585e-05
0.722351758032472,0.722351758032472,True,9.775162e-05,0.99990225
0.722351758032472,0.722351758032472,True,0.00011467934,0.9998853
0.722351758032472,0.722351758032472,True,0.0001373291,0.9998627
0.722351758032472,0.722351758032472,True,0.00037002563,0.99963
0.722351758032472,0.722351758032472,True,0.00064378977,0.9993562
-1.3843670883058157,-1.3843670883058157,True,0.99976903,0.00023096762
0.722351758032472,0.722351758032472,True,7.665157e-05,0.99992335
0.722351758032472,0.722351758032472,True,0.00015103817,0.99984896
0.722351758032472,0.722351758032472,True,0.00075012445,0.9992499
0.722351758032472,0.722351758032472,True,0.00022441149,0.9997756
-1.3843670883058157,-1.3843670883058157,True,0.9995874,0.00041257995
0.722351758032472,0.722351758032472,True,8.1181526e-05,0.9999188
0.722351758032472,0.722351758032472,True,8.1300735e-05,0.9999187
0.722351758032472,0.722351758032472,True,0.0001039505,0.99989605
-1.3843670883058157,-1.3843670883058157,True,0.9997839,0.0002161447
0.722351758032472,0.722351758032472,True,0.00025314093,0.99974686
0.722351758032472,0.722351758032472,True,0.00047957897,0.9995204
0.722351758032472,0.722351758032472,True,0.0005811453,0.99941885
0.722351758032472,0.722351758032472,True,9.548664e-05,0.9999045
-1.3843670883058157,-1.3843670883058157,True,0.9996984,0.00030157686
-1.3843670883058157,-1.3843670883058157,True,0.9995871,0.0004128963
-1.3843670883058157,-1.3843670883058157,True,0.9997495,0.00025053933
0.722351758032472,0.722351758032472,True,0.00023514032,0.99976486
0.722351758032472,0.722351758032472,True,5.197525e-05,0.999948
0.722351758032472,0.722351758032472,True,0.00014221668,0.9998578
0.722351758032472,0.722351758032472,True,0.0007636547,0.99923635
-1.3843670883058157,-1.3843670883058157,True,0.99976856,0.00023144379
0.722351758032472,0.722351758032472,True,7.271767e-05,0.9999273
0.722351758032472,0.722351758032472,True,0.00024408102,0.9997559
-1.3843670883058157,-1.3843670883058157,True,0.9999208,7.918681e-05
-1.3843670883058157,-1.3843670883058157,True,0.9997257,0.00027432464
-1.3843670883058157,-1.3843670883058157,True,0.9999133,8.674481e-05
0.722351758032472,0.722351758032472,True,0.00049364567,0.99950635
-1.3843670883058157,-1.3843670883058157,True,0.9999089,9.108884e-05
-1.3843670883058157,-1.3843670883058157,True,0.99984175,0.00015825489
-1.3843670883058157,-1.3843670883058157,True,0.99989754,0.00010247814
-1.3843670883058157,-1.3843670883058157,True,0.9999061,9.3885006e-05
-1.3843670883058157,-1.3843670883058157,True,0.9997711,0.00022889592
-1.3843670883058157,-1.3843670883058157,True,0.9994556,0.00054444495
-1.3843670883058157,-1.3843670883058157,True,0.99976337,0.00023665601
0.722351758032472,0.722351758032472,True,6.186962e-05,0.99993813
0.722351758032472,0.722351758032472,True,6.353855e-05,0.99993646
-1.3843670883058157,-1.3843670883058157,True,0.9999027,9.728827e-05
0.722351758032472,0.722351758032472,True,0.00026994944,0.99973005
0.722351758032472,0.722351758032472,True,0.00011539459,0.9998846
-1.3843670883058157,-1.3843670883058157,True,0.9999168,8.322974e-05
-1.3843670883058157,-1.3843670883058157,True,0.9999013,9.8680066e-05
-1.3843670883058157,-1.3843670883058157,True,0.9997492,0.0002508436
0.722351758032472,0.722351758032472,True,0.00035965443,0.99964035
0.722351758032472,0.722351758032472,True,0.00048685074,0.99951315
0.722351758032472,0.722351758032472,True,0.0006058216,0.9993942
0.722351758032472,0.722351758032472,True,7.724762e-05,0.99992275
0.722351758032472,0.722351758032472,True,0.00027912855,0.9997209
0.722351758032472,0.722351758032472,True,0.00012505054,0.99987495
-1.3843670883058157,-1.3843670883058157,True,0.9999081,9.1918744e-05
0.722351758032472,0.722351758032472,True,0.00011265278,0.99988735
-1.3843670883058157,-1.3843670883058157,True,0.99990875,9.126691e-05
0.722351758032472,0.722351758032472,True,0.0006299615,0.99937004
0.722351758032472,0.722351758032472,True,0.00018912554,0.9998109
0.722351758032472,0.722351758032472,True,0.00044053793,0.99955946
0.722351758032472,0.722351758032472,True,7.164478e-05,0.99992836
0.722351758032472,0.722351758032472,True,0.00022178888,0.9997782
0.722351758032472,0.722351758032472,True,0.00030994415,0.99969006
0.722351758032472,0.722351758032472,True,9.584427e-05,0.99990416
-1.3843670883058157,-1.3843670883058157,True,0.9999147,8.5322004e-05
0.722351758032472,0.722351758032472,True,0.00015723705,0.99984276
0.722351758032472,0.722351758032472,True,0.00011456013,0.99988544
0.722351758032472,0.722351758032472,True,0.00015759468,0.9998424
0.722351758032472,0.722351758032472,True,0.000111460686,0.99988854
0.722351758032472,0.722351758032472,True,6.568432e-05,0.9999343
0.722351758032472,0.722351758032472,True,0.00022763014,0.99977237
-1.3843670883058157,-1.3843670883058157,True,0.999922,7.801917e-05
0.722351758032472,0.722351758032472,True,0.0017792583,0.99822074
0.722351758032472,0.722351758032472,True,0.00015950203,0.9998405
0.722351758032472,0.722351758032472,True,0.00019854307,0.99980146
-1.3843670883058157,-1.3843670883058157,True,0.999916,8.401214e-05
0.722351758032472,0.722351758032472,True,0.00033533573,0.99966466
0.722351758032472,0.722351758032472,True,0.000121474266,0.9998785
-1.3843670883058157,-1.3843670883058157,True,0.9999176,8.2389844e-05
0.722351758032472,0.722351758032472,True,0.008920014,0.99108
-1.3843670883058157,-1.3843670883058157,True,0.9999179,8.206749e-05
0.722351758032472,0.722351758032472,True,0.00042766333,0.99957234
0.722351758032472,0.722351758032472,True,0.00010681152,0.9998932
0.722351758032472,0.722351758032472,True,0.00017720461,0.9998228
-1.3843670883058157,-1.3843670883058157,True,0.9995379,0.00046213245
-1.3843670883058157,-1.3843670883058157,True,0.9994588,0.0005411939
-1.3843670883058157,-1.3843670883058157,True,0.9999147,8.532152e-05
0.722351758032472,0.722351758032472,True,7.6174736e-05,0.9999238
-1.3843670883058157,-1.3843670883058157,True,0.99992245,7.7569755e-05
-1.3843670883058157,-1.3843670883058157,True,0.9998873,0.00011271029
-1.3843670883058157,-1.3843670883058157,True,0.99992216,7.7861376e-05
0.722351758032472,0.722351758032472,True,0.00042182207,0.9995782
-1.3843670883058157,-1.3843670883058157,True,0.99992126,7.873307e-05
0.722351758032472,0.722351758032472,True,0.00036144257,0.99963856
0.722351758032472,0.722351758032472,True,0.00023251772,0.9997675
-1.3843670883058157,-1.3843670883058157,True,0.9998726,0.00012735803
-1.3843670883058157,-1.3843670883058157,True,0.9997427,0.0002573264
-1.3843670883058157,-1.3843670883058157,True,0.99991,8.9973655e-05
-1.3843670883058157,-1.3843670883058157,True,0.9998472,0.00015283449
0.722351758032472,0.722351758032472,True,0.00025492907,0.9997451
-1.3843670883058157,-1.3843670883058157,True,0.9996166,0.00038340033
-1.3843670883058157,-1.3843670883058157,True,0.99978304,0.00021697248
-1.3843670883058157,-1.3843670883058157,True,0.9997848,0.0002151684
-1.3843670883058157,-1.3843670883058157,True,0.9992369,0.000763097
0.722351758032472,0.722351758032472,True,0.00047123432,0.99952877
0.722351758032472,0.722351758032472,True,5.877018e-05,0.99994123
0.722351758032472,0.722351758032472,True,0.00019210577,0.9998079
-1.3843670883058157,-1.3843670883058157,True,0.9999208,7.919209e-05
-1.3843670883058157,-1.3843670883058157,True,0.99991024,8.97857e-05
0.722351758032472,0.722351758032472,True,0.00017267466,0.9998273
0.722351758032472,0.722351758032472,True,0.00032150745,0.9996785
-1.3843670883058157,-1.3843670883058157,True,0.9999087,9.134309e-05
0.722351758032472,0.722351758032472,True,0.0037260056,0.996274
0.722351758032472,0.722351758032472,True,0.0004994869,0.9995005
-1.3843670883058157,-1.3843670883058157,True,0.9999154,8.459667e-05
0.722351758032472,0.722351758032472,True,8.4519386e-05,0.9999155
-1.3843670883058157,-1.3843670883058157,True,0.99974585,0.0002541387
0.722351758032472,0.722351758032472,True,6.246567e-05,0.99993753
-1.3843670883058157,-1.3843670883058157,True,0.9997361,0.00026390475
0.722351758032472,0.722351758032472,True,6.341934e-05,0.9999366
-1.3843670883058157,-1.3843670883058157,True,0.9997424,0.00025760208
0.722351758032472,0.722351758032472,True,5.6505203e-05,0.9999435
0.722351758032472,0.722351758032472,True,0.00022548437,0.9997745
0.722351758032472,0.722351758032472,True,0.00048041344,0.9995196
-1.3843670883058157,-1.3843670883058157,True,0.9997631,0.00023691927
0.722351758032472,0.722351758032472,True,0.00021451712,0.9997855
0.722351758032472,0.722351758032472,True,5.352497e-05,0.9999465
-1.3843670883058157,-1.3843670883058157,True,0.999538,0.00046200733
0.722351758032472,0.722351758032472,True,5.3167343e-05,0.99994683
0.722351758032472,0.722351758032472,True,6.1035156e-05,0.99993896
-1.3843670883058157,-1.3843670883058157,True,0.9996318,0.00036820702
0.722351758032472,0.722351758032472,True,0.00029933453,0.99970067
0.722351758032472,0.722351758032472,True,0.00042837858,0.9995716
0.722351758032472,0.722351758032472,True,0.00049078465,0.9995092
0.722351758032472,0.722351758032472,True,8.9645386e-05,0.99991035
0.722351758032472,0.722351758032472,True,0.00019365549,0.99980634
0.722351758032472,0.722351758032472,True,0.00020009279,0.9997999
0.722351758032472,0.722351758032472,True,0.00014078617,0.9998592
0.722351758032472,0.722351758032472,True,5.7578087e-05,0.9999424
0.722351758032472,0.722351758032472,True,0.04992968,0.9500703
0.722351758032472,0.722351758032472,True,0.0001373291,0.9998627
0.722351758032472,0.722351758032472,True,6.604195e-05,0.99993396
-1.3843670883058157,-1.3843670883058157,True,0.9999062,9.3836854e-05
-1.3843670883058157,-1.3843670883058157,True,0.99989724,0.00010274879
0.722351758032472,0.722351758032472,True,0.00023084879,0.99976915
-1.3843670883058157,-1.3843670883058157,True,0.99964255,0.0003574714
0.722351758032472,0.722351758032472,True,6.353855e-05,0.99993646
0.722351758032472,0.722351758032472,True,0.00017178059,0.9998282
-1.3843670883058157,-1.3843670883058157,True,0.99991715,8.285502e-05
-1.3843670883058157,-1.3843670883058157,True,0.9998332,0.00016678107
0.722351758032472,0.722351758032472,True,6.866455e-05,0.99993134
-1.3843670883058157,-1.3843670883058157,True,0.9999056,9.443902e-05
-1.3843670883058157,-1.3843670883058157,True,0.9997878,0.00021216636
0.722351758032472,0.722351758032472,True,0.00015377998,0.9998462
-1.3843670883058157,-1.3843670883058157,True,0.9997582,0.00024183754
0.722351758032472,0.722351758032472,True,6.747246e-05,0.9999325
0.722351758032472,0.722351758032472,True,0.00022989511,0.9997701
0.722351758032472,0.722351758032472,True,0.00013101101,0.999869
0.722351758032472,0.722351758032472,True,0.00015473366,0.99984527
0.722351758032472,0.722351758032472,True,0.00012588501,0.9998741
0.722351758032472,0.722351758032472,True,0.0003657341,0.99963427
0.722351758032472,0.722351758032472,True,7.1287155e-05,0.9999287
0.722351758032472,0.722351758032472,True,5.3048134e-05,0.99994695
0.722351758032472,0.722351758032472,True,0.00031387806,0.9996861
-1.3843670883058157,-1.3843670883058157,True,0.9998535,0.00014649468
0.722351758032472,0.722351758032472,True,0.00018948317,0.9998105
-1.3843670883058157,-1.3843670883058157,True,0.99960035,0.00039967254
-1.3843670883058157,-1.3843670883058157,True,0.99968046,0.00031952542
-1.3843670883058157,-1.3843670883058157,True,0.9998829,0.00011713997
0.722351758032472,0.722351758032472,True,0.004781306,0.9952187
0.722351758032472,0.722351758032472,True,7.1525574e-05,0.9999285
0.722351758032472,0.722351758032472,True,0.00010240078,0.9998976
0.722351758032472,0.722351758032472,True,0.00019699335,0.999803
0.722351758032472,0.722351758032472,True,0.00026768446,0.9997323
0.722351758032472,0.722351758032472,True,0.00018399954,0.999816
0.722351758032472,0.722351758032472,True,0.00021964312,0.99978036
-1.3843670883058157,-1.3843670883058157,True,0.99980134,0.00019864847
0.722351758032472,0.722351758032472,True,7.05719e-05,0.9999294
0.722351758032472,0.722351758032472,True,0.00025814772,0.99974185
-1.3843670883058157,-1.3843670883058157,True,0.99991393,8.607055e-05
-1.3843670883058157,-1.3843670883058157,True,0.99991465,8.533755e-05
0.722351758032472,0.722351758032472,True,9.095669e-05,0.99990904
0.722351758032472,0.722351758032472,True,0.0002028346,0.99979717
0.722351758032472,0.722351758032472,True,7.259846e-05,0.9999274
0.722351758032472,0.722351758032472,True,8.499622e-05,0.999915
-1.3843670883058157,-1.3843670883058157,True,0.9999228,7.719416e-05
0.722351758032472,0.722351758032472,True,0.0008082986,0.9991917
-1.3843670883058157,-1.3843670883058157,True,0.99991643,8.356024e-05
0.722351758032472,0.722351758032472,True,0.0007880926,0.9992119
0.722351758032472,0.722351758032472,True,6.651878e-05,0.9999335
-1.3843670883058157,-1.3843670883058157,True,0.9999139,8.615612e-05
0.722351758032472,0.722351758032472,True,0.00025087595,0.9997491
-1.3843670883058157,-1.3843670883058157,True,0.9999033,9.670068e-05
0.722351758032472,0.722351758032472,True,7.2836876e-05,0.99992716
-1.3843670883058157,-1.3843670883058157,True,0.99988174,0.000118277996
-1.3843670883058157,-1.3843670883058157,True,0.9999153,8.4670515e-05
0.722351758032472,0.722351758032472,True,0.00035226345,0.99964774
0.722351758032472,0.722351758032472,True,0.00026673079,0.99973327
0.722351758032472,0.722351758032472,True,0.00019139051,0.9998086
-1.3843670883058157,-1.3843670883058157,True,0.9999039,9.6054864e-05
0.722351758032472,0.722351758032472,True,0.0003553629,0.99964464
0.722351758032472,0.722351758032472,True,0.00012516975,0.99987483
0.722351758032472,0.722351758032472,True,7.1406364e-05,0.9999286
-1.3843670883058157,-1.3843670883058157,True,0.99991083,8.914262e-05
0.722351758032472,0.722351758032472,True,5.888939e-05,0.9999411
0.722351758032472,0.722351758032472,True,0.00022405386,0.99977595
-1.3843670883058157,-1.3843670883058157,True,0.9998885,0.00011153806
0.722351758032472,0.722351758032472,True,0.00029248,0.9997075
-1.3843670883058157,-1.3843670883058157,True,0.99951214,0.00048785456
0.722351758032472,0.722351758032472,True,0.00020498037,0.999795
-1.3843670883058157,-1.3843670883058157,True,0.9996665,0.0003335159
0.722351758032472,0.722351758032472,True,0.00026637316,0.9997336
0.722351758032472,0.722351758032472,True,9.560585e-05,0.9999044
0.722351758032472,0.722351758032472,True,9.191036e-05,0.9999081
0.722351758032472,0.722351758032472,True,0.00018900633,0.999811
0.722351758032472,0.722351758032472,True,5.197525e-05,0.999948
-1.3843670883058157,-1.3843670883058157,True,0.99978745,0.00021254012
0.722351758032472,0.722351758032472,True,0.00036025047,0.99963975
0.722351758032472,0.722351758032472,True,8.6426735e-05,0.9999136
-1.3843670883058157,-1.3843670883058157,True,0.9999097,9.030906e-05
0.722351758032472,0.722351758032472,True,0.00012290478,0.9998771
-1.3843670883058157,-1.3843670883058157,True,0.9995475,0.00045254463
-1.3843670883058157,-1.3843670883058157,True,0.9997369,0.00026310058
0.722351758032472,0.722351758032472,True,0.00013637543,0.9998636
0.722351758032472,0.722351758032472,True,0.00028425455,0.99971575
0.722351758032472,0.722351758032472,True,0.00012588501,0.9998741
-1.3843670883058157,-1.3843670883058157,True,0.9999093,9.069872e-05
0.722351758032472,0.722351758032472,True,0.00013029575,0.9998697
-1.3843670883058157,-1.3843670883058157,True,0.99981004,0.00018994857
0.722351758032472,0.722351758032472,True,7.402897e-05,0.999926
0.722351758032472,0.722351758032472,True,0.00019949675,0.9998005
-1.3843670883058157,-1.3843670883058157,True,0.9999086,9.136575e-05
0.722351758032472,0.722351758032472,True,0.053774595,0.9462254
0.722351758032472,0.722351758032472,True,6.043911e-05,0.99993956
-1.3843670883058157,-1.3843670883058157,True,0.9998965,0.00010344611
0.722351758032472,0.722351758032472,True,0.00016379356,0.9998362
-1.3843670883058157,-1.3843670883058157,True,0.9999155,8.452088e-05
0.722351758032472,0.722351758032472,True,0.0002502799,0.9997497
0.722351758032472,0.722351758032472,True,0.00018137693,0.9998186
0.722351758032472,0.722351758032472,True,0.0009095669,0.99909043
0.722351758032472,0.722351758032472,True,8.928776e-05,0.9999107
-1.3843670883058157,-1.3843670883058157,True,0.9999081,9.1912516e-05
-1.3843670883058157,-1.3843670883058157,True,0.9999127,8.733036e-05
-1.3843670883058157,-1.3843670883058157,True,0.99990904,9.097799e-05
0.722351758032472,0.722351758032472,True,8.916855e-05,0.99991083
0.722351758032472,0.722351758032472,True,7.4625015e-05,0.9999254
0.722351758032472,0.722351758032472,True,0.00047254562,0.99952745
0.722351758032472,0.722351758032472,True,0.0015501976,0.9984498
-1.3843670883058157,-1.3843670883058157,True,0.9999042,9.57685e-05
0.722351758032472,0.722351758032472,True,8.6426735e-05,0.9999136
0.722351758032472,0.722351758032472,True,0.000102996826,0.999897
-1.3843670883058157,-1.3843670883058157,True,0.9999142,8.577166e-05
0.722351758032472,0.722351758032472,True,5.2332878e-05,0.99994767
0.722351758032472,0.722351758032472,True,6.496906e-05,0.99993503
0.722351758032472,0.722351758032472,True,0.00031232834,0.9996877
0.722351758032472,0.722351758032472,True,0.0011251569,0.99887484
0.722351758032472,0.722351758032472,True,0.00013053417,0.99986947
0.722351758032472,0.722351758032472,True,0.0025921464,0.99740785
0.722351758032472,0.722351758032472,True,9.727478e-05,0.9999027
0.722351758032472,0.722351758032472,True,0.0009611845,0.9990388
0.722351758032472,0.722351758032472,True,8.165836e-05,0.99991834
0.722351758032472,0.722351758032472,True,0.00012755394,0.99987245
0.722351758032472,0.722351758032472,True,0.00011467934,0.9998853
0.722351758032472,0.722351758032472,True,0.0011832714,0.9988167
0.722351758032472,0.722351758032472,True,9.8228455e-05,0.9999018
0.722351758032472,0.722351758032472,True,0.0002014041,0.9997986
-1.3843670883058157,-1.3843670883058157,True,0.9999125,8.750166e-05
-1.3843670883058157,-1.3843670883058157,True,0.9999118,8.823458e-05
-1.3843670883058157,-1.3843670883058157,True,0.99990046,9.9528326e-05
0.722351758032472,0.722351758032472,True,0.0022692084,0.9977308
0.722351758032472,0.722351758032472,True,0.00029712915,0.9997029
0.722351758032472,0.722351758032472,True,0.00030720234,0.9996928
-1.3843670883058157,-1.3843670883058157,True,0.9999142,8.577166e-05
0.722351758032472,0.722351758032472,True,0.00046610832,0.9995339
0.722351758032472,0.722351758032472,True,0.00012743473,0.99987257
0.722351758032472,0.722351758032472,True,0.0002233386,0.99977666
-1.3843670883058157,-1.3843670883058157,True,0.9998021,0.00019791568
0.722351758032472,0.722351758032472,True,0.00021773577,0.99978226
0.722351758032472,0.722351758032472,True,0.00014913082,0.99985087
-1.3843670883058157,-1.3843670883058157,True,0.99989176,0.000108223416
0.722351758032472,0.722351758032472,True,4.1484833e-05,0.9999585
0.722351758032472,0.722351758032472,True,0.00023895502,0.99976104
-1.3843670883058157,-1.3843670883058157,True,0.99991155,8.845217e-05
0.722351758032472,0.722351758032472,True,0.00012528896,0.9998747
0.722351758032472,0.722351758032472,True,0.0019060969,0.9980939
0.722351758032472,0.722351758032472,True,0.00017303228,0.99982697
0.722351758032472,0.722351758032472,True,0.00022989511,0.9997701
0.722351758032472,0.722351758032472,True,0.0003350973,0.9996649
0.722351758032472,0.722351758032472,True,0.00014519691,0.9998548
0.722351758032472,0.722351758032472,True,0.00027638674,0.9997236
0.722351758032472,0.722351758032472,True,0.00031387806,0.9996861
-1.3843670883058157,-1.3843670883058157,True,0.9996678,0.0003321581
0.722351758032472,0.722351758032472,True,0.0005605817,0.9994394
0.722351758032472,0.722351758032472,True,7.092953e-05,0.9999291
-1.3843670883058157,-1.3843670883058157,True,0.99974597,0.000254051
-1.3843670883058157,-1.3843670883058157,True,0.9999155,8.449283e-05
0.722351758032472,0.722351758032472,True,7.009506e-05,0.9999299
0.722351758032472,0.722351758032472,True,7.581711e-05,0.9999242
-1.3843670883058157,-1.3843670883058157,True,0.99989754,0.000102466605
0.722351758032472,0.722351758032472,True,0.00011885166,0.99988115
0.722351758032472,0.722351758032472,True,0.0034568906,0.9965431
0.722351758032472,0.722351758032472,True,0.00012469292,0.9998753
0.722351758032472,0.722351758032472,True,0.00027650595,0.9997235
0.722351758032472,0.722351758032472,True,0.00017851591,0.9998215
0.722351758032472,0.722351758032472,True,0.00023716688,0.99976283
-1.3843670883058157,-1.3843670883058157,True,0.9999127,8.730472e-05
0.722351758032472,0.722351758032472,True,0.000101566315,0.99989843
-1.3843670883058157,-1.3843670883058157,True,0.99981695,0.00018304463
0.722351758032472,0.722351758032472,True,0.00018781424,0.9998122
0.722351758032472,0.722351758032472,True,6.365776e-05,0.99993634
-1.3843670883058157,-1.3843670883058157,True,0.99975806,0.00024193511
0.722351758032472,0.722351758032472,True,6.67572e-05,0.99993324
0.722351758032472,0.722351758032472,True,8.189678e-05,0.9999181
-1.3843670883058157,-1.3843670883058157,True,0.999904,9.602895e-05
0.722351758032472,0.722351758032472,True,0.0001809001,0.9998191
0.722351758032472,0.722351758032472,True,0.00013148785,0.9998685
0.722351758032472,0.722351758032472,True,6.318092e-05,0.9999368
0.722351758032472,0.722351758032472,True,0.0004723072,0.9995277
0.722351758032472,0.722351758032472,True,7.665157e-05,0.99992335
0.722351758032472,0.722351758032472,True,6.878376e-05,0.9999312
0.722351758032472,0.722351758032472,True,0.00038397312,0.999616
-1.3843670883058157,-1.3843670883058157,True,0.99971235,0.00028764145
0.722351758032472,0.722351758032472,True,7.033348e-05,0.99992967
0.722351758032472,0.722351758032472,True,0.00011265278,0.99988735
0.722351758032472,0.722351758032472,True,0.00015079975,0.9998492
-1.3843670883058157,-1.3843670883058157,True,0.9999208,7.918991e-05
-1.3843670883058157,-1.3843670883058157,True,0.99990445,9.554375e-05
-1.3843670883058157,-1.3843670883058157,True,0.9999118,8.824408e-05
0.722351758032472,0.722351758032472,True,0.0002952218,0.9997048
0.722351758032472,0.722351758032472,True,9.226799e-05,0.99990773
0.722351758032472,0.722351758032472,True,0.0003528595,0.99964714
-1.3843670883058157,-1.3843670883058157,True,0.9999032,9.680364e-05
-1.3843670883058157,-1.3843670883058157,True,0.9998836,0.00011640439
0.722351758032472,0.722351758032472,True,9.024143e-05,0.99990976
0.722351758032472,0.722351758032472,True,0.0010077357,0.99899226
-1.3843670883058157,-1.3843670883058157,True,0.99983454,0.00016548322
-1.3843670883058157,-1.3843670883058157,True,0.9999188,8.116167e-05
0.722351758032472,0.722351758032472,True,0.05882573,0.94117427
0.722351758032472,0.722351758032472,True,0.0003902316,0.99960977
0.722351758032472,0.722351758032472,True,0.0001553297,0.9998447
0.722351758032472,0.722351758032472,True,5.8412552e-05,0.9999416
0.722351758032472,0.722351758032472,True,0.00025480986,0.9997452
-1.3843670883058157,-1.3843670883058157,True,0.9997855,0.0002144992
0.722351758032472,0.722351758032472,True,0.00034177303,0.9996582
0.722351758032472,0.722351758032472,True,0.00026220083,0.9997378
0.722351758032472,0.722351758032472,True,6.341934e-05,0.9999366
0.722351758032472,0.722351758032472,True,0.0006107092,0.9993893
0.722351758032472,0.722351758032472,True,0.0002695918,0.9997304
0.722351758032472,0.722351758032472,True,7.56979e-05,0.9999243
0.722351758032472,0.722351758032472,True,0.0018401742,0.9981598
-1.3843670883058157,-1.3843670883058157,True,0.999903,9.694811e-05
0.722351758032472,0.722351758032472,True,0.00020855665,0.99979144
-1.3843670883058157,-1.3843670883058157,True,0.99991596,8.406688e-05
-1.3843670883058157,-1.3843670883058157,True,0.999643,0.0003569965
0.722351758032472,0.722351758032472,True,0.00018388033,0.9998161
0.722351758032472,0.722351758032472,True,5.2809715e-05,0.9999472
0.722351758032472,0.722351758032472,True,0.00015068054,0.9998493
0.722351758032472,0.722351758032472,True,7.522106e-05,0.9999248
-1.3843670883058157,-1.3843670883058157,True,0.99983704,0.00016293452
0.722351758032472,0.722351758032472,True,0.0002040267,0.999796
-1.3843670883058157,-1.3843670883058157,True,0.99979126,0.00020873078
0.722351758032472,0.722351758032472,True,9.6559525e-05,0.99990344
0.722351758032472,0.722351758032472,True,0.0003851652,0.99961483
0.722351758032472,0.722351758032472,True,0.00015628338,0.9998437
0.722351758032472,0.722351758032472,True,8.428097e-05,0.9999157
-1.3843670883058157,-1.3843670883058157,True,0.99970275,0.00029722333
0.722351758032472,0.722351758032472,True,9.429455e-05,0.9999057
-1.3843670883058157,-1.3843670883058157,True,0.9998982,0.00010182686
-1.3843670883058157,0.722351758032472,False,0.042016327,0.9579837
0.722351758032472,0.722351758032472,True,0.014079869,0.98592013
-1.3843670883058157,-1.3843670883058157,True,0.9999125,8.748155e-05
0.722351758032472,0.722351758032472,True,0.00027781725,0.9997222
-1.3843670883058157,-1.3843670883058157,True,0.99987006,0.00012991595
0.722351758032472,0.722351758032472,True,0.00011765957,0.99988234
0.722351758032472,0.722351758032472,True,0.0006456971,0.9993543
0.722351758032472,0.722351758032472,True,0.0001502037,0.9998498
-1.3843670883058157,-1.3843670883058157,True,0.9997173,0.00028270413
0.722351758032472,0.722351758032472,True,0.000102996826,0.999897
-1.3843670883058157,-1.3843670883058157,True,0.9997449,0.00025509493
0.722351758032472,0.722351758032472,True,8.094311e-05,0.99991906
0.722351758032472,0.722351758032472,True,0.00035643578,0.99964356
-1.3843670883058157,-1.3843670883058157,True,0.9998594,0.00014058704
-1.3843670883058157,-1.3843670883058157,True,0.9999089,9.108528e-05
0.722351758032472,0.722351758032472,True,8.034706e-05,0.99991965
0.722351758032472,0.722351758032472,True,0.00019603968,0.99980396
-1.3843670883058157,-1.3843670883058157,True,0.9999057,9.4297924e-05
-1.3843670883058157,-1.3843670883058157,True,0.99991256,8.74161e-05
0.722351758032472,0.722351758032472,True,0.0018768907,0.9981231
0.722351758032472,0.722351758032472,True,0.00037109852,0.9996289
0.722351758032472,0.722351758032472,True,0.00016820431,0.9998318
0.722351758032472,0.722351758032472,True,0.13167512,0.8683249
-1.3843670883058157,-1.3843670883058157,True,0.99984187,0.0001581033
-1.3843670883058157,-1.3843670883058157,True,0.9997557,0.00024432898
0.722351758032472,0.722351758032472,True,0.00015556812,0.99984443
0.722351758032472,0.722351758032472,True,0.00011789799,0.9998821
0.722351758032472,0.722351758032472,True,0.00037121773,0.9996288
0.722351758032472,0.722351758032472,True,0.00020891428,0.9997911
0.722351758032472,0.722351758032472,True,5.7458878e-05,0.99994254
0.722351758032472,0.722351758032472,True,0.0006006956,0.9993993
0.722351758032472,0.722351758032472,True,8.237362e-05,0.9999176
-1.3843670883058157,-1.3843670883058157,True,0.9999134,8.662206e-05
0.722351758032472,0.722351758032472,True,0.00019031763,0.9998097
0.722351758032472,0.722351758032472,True,0.00018721819,0.9998128
0.722351758032472,0.722351758032472,True,8.4638596e-05,0.99991536
-1.3843670883058157,-1.3843670883058157,True,0.9998009,0.0001990622
-1.3843670883058157,-1.3843670883058157,True,0.9999171,8.292425e-05
-1.3843670883058157,-1.3843670883058157,True,0.9999018,9.825791e-05
-1.3843670883058157,-1.3843670883058157,True,0.9997687,0.00023133302
0.722351758032472,0.722351758032472,True,0.00022155046,0.99977845
-1.3843670883058157,-1.3843670883058157,True,0.9995856,0.0004143631
0.722351758032472,0.722351758032472,True,0.019316137,0.98068386
0.722351758032472,0.722351758032472,True,0.028515339,0.97148466
-1.3843670883058157,-1.3843670883058157,True,0.9999203,7.966427e-05
-1.3843670883058157,-1.3843670883058157,True,0.9999101,8.991182e-05
0.722351758032472,0.722351758032472,True,0.00010049343,0.9998995
-1.3843670883058157,-1.3843670883058157,True,0.9999106,8.9391266e-05
0.722351758032472,0.722351758032472,True,9.691715e-05,0.9999031
0.722351758032472,0.722351758032472,True,0.025819063,0.97418094
-1.3843670883058157,-1.3843670883058157,True,0.99981445,0.00018554267
0.722351758032472,0.722351758032472,True,0.00012218952,0.9998778
-1.3843670883058157,-1.3843670883058157,True,0.9996555,0.00034454415
0.722351758032472,0.722351758032472,True,0.0002834201,0.9997166
0.722351758032472,0.722351758032472,True,0.00013756752,0.99986243
0.722351758032472,0.722351758032472,True,0.0001026392,0.99989736
-1.3843670883058157,-1.3843670883058157,True,0.99991244,8.754873e-05
-1.3843670883058157,-1.3843670883058157,True,0.9999208,7.918681e-05
0.722351758032472,0.722351758032472,True,6.830692e-05,0.9999317
-1.3843670883058157,-1.3843670883058157,True,0.9997109,0.00028911125
0.722351758032472,0.722351758032472,True,0.00012290478,0.9998771
0.722351758032472,0.722351758032472,True,7.4863434e-05,0.99992514
0.722351758032472,0.722351758032472,True,6.377697e-05,0.9999362
0.722351758032472,0.722351758032472,True,0.0002232194,0.9997768
-1.3843670883058157,-1.3843670883058157,True,0.9999016,9.839349e-05
0.722351758032472,0.722351758032472,True,0.00038713217,0.99961287
0.722351758032472,0.722351758032472,True,0.00023406744,0.99976593
-1.3843670883058157,-1.3843670883058157,True,0.999924,7.601892e-05
-1.3843670883058157,-1.3843670883058157,True,0.9999145,8.547609e-05
-1.3843670883058157,-1.3843670883058157,True,0.9996889,0.00031109594
-1.3843670883058157,-1.3843670883058157,True,0.9997352,0.0002648033
0.722351758032472,0.722351758032472,True,9.846687e-05,0.99990153
0.722351758032472,0.722351758032472,True,0.00015318394,0.9998468
0.722351758032472,0.722351758032472,True,0.00013697147,0.999863
-1.3843670883058157,-1.3843670883058157,True,0.99985045,0.00014952183
0.722351758032472,0.722351758032472,True,0.00020486116,0.99979514
-1.3843670883058157,-1.3843670883058157,True,0.9999218,7.822754e-05
-1.3843670883058157,-1.3843670883058157,True,0.99990064,9.933301e-05
0.722351758032472,0.722351758032472,True,8.571148e-05,0.9999143
0.722351758032472,0.722351758032472,True,0.00028854609,0.99971145
-1.3843670883058157,-1.3843670883058157,True,0.9999212,7.8793535e-05
0.722351758032472,0.722351758032472,True,7.331371e-05,0.9999267
0.722351758032472,0.722351758032472,True,6.592274e-05,0.9999341
-1.3843670883058157,-1.3843670883058157,True,0.99975264,0.000247359
0.722351758032472,0.722351758032472,True,8.1539154e-05,0.99991846
-1.3843670883058157,-1.3843670883058157,True,0.9999147,8.532152e-05
-1.3843670883058157,-1.3843670883058157,True,0.999737,0.00026295186
0.722351758032472,0.722351758032472,True,0.00027126074,0.99972874
0.722351758032472,0.722351758032472,True,0.00035715103,0.99964285
0.722351758032472,0.722351758032472,True,7.510185e-05,0.9999249
0.722351758032472,0.722351758032472,True,5.6743622e-05,0.99994326
0.722351758032472,0.722351758032472,True,0.00014317036,0.9998568
0.722351758032472,0.722351758032472,True,0.0002413392,0.99975866
0.722351758032472,0.722351758032472,True,0.000116467476,0.99988353
0.722351758032472,0.722351758032472,True,6.723404e-05,0.99993277
-1.3843670883058157,-1.3843670883058157,True,0.9999114,8.858351e-05
0.722351758032472,0.722351758032472,True,0.00042039156,0.9995796
-1.3843670883058157,-1.3843670883058157,True,0.99980986,0.00019011598
0.722351758032472,0.722351758032472,True,0.001783669,0.99821633
0.722351758032472,0.722351758032472,True,7.593632e-05,0.99992406
-1.3843670883058157,-1.3843670883058157,True,0.9993658,0.0006342131
0.722351758032472,0.722351758032472,True,0.00010359287,0.9998964
-1.3843670883058157,-1.3843670883058157,True,0.9995989,0.00040108492
0.722351758032472,0.722351758032472,True,6.175041e-05,0.99993825
-1.3843670883058157,-1.3843670883058157,True,0.9998133,0.0001866549
0.722351758032472,0.722351758032472,True,5.6266785e-05,0.99994373
0.722351758032472,0.722351758032472,True,0.0001989007,0.9998011
0.722351758032472,0.722351758032472,True,0.00010538101,0.9998946
0.722351758032472,0.722351758032472,True,0.00071948767,0.9992805
-1.3843670883058157,-1.3843670883058157,True,0.99984276,0.0001572114
-1.3843670883058157,-1.3843670883058157,True,0.99973476,0.00026526698
-1.3843670883058157,-1.3843670883058157,True,0.9997731,0.00022693061
0.722351758032472,0.722351758032472,True,4.9948692e-05,0.99995005
0.722351758032472,0.722351758032472,True,0.00020176172,0.99979824
-1.3843670883058157,-1.3843670883058157,True,0.99989957,0.000100441815
0.722351758032472,0.722351758032472,True,7.879734e-05,0.9999212
0.722351758032472,0.722351758032472,True,0.00015497208,0.999845
0.722351758032472,0.722351758032472,True,6.496906e-05,0.99993503
0.722351758032472,0.722351758032472,True,0.0005659461,0.99943405
0.722351758032472,0.722351758032472,True,6.3061714e-05,0.99993694
0.722351758032472,0.722351758032472,True,0.0016583204,0.9983417
-1.3843670883058157,-1.3843670883058157,True,0.99989945,0.00010056458
0.722351758032472,0.722351758032472,True,0.00042551756,0.9995745
0.722351758032472,0.722351758032472,True,0.000113487244,0.9998865
0.722351758032472,0.722351758032472,True,0.0011792779,0.9988207
-1.3843670883058157,-1.3843670883058157,True,0.9999172,8.277698e-05
0.722351758032472,0.722351758032472,True,0.00010180473,0.9998982
-1.3843670883058157,-1.3843670883058157,True,0.9998277,0.00017229385
0.722351758032472,0.722351758032472,True,7.176399e-05,0.99992824
-1.3843670883058157,-1.3843670883058157,True,0.99990946,9.0566406e-05
0.722351758032472,0.722351758032472,True,0.0006554723,0.9993445
0.722351758032472,0.722351758032472,True,0.00022763014,0.99977237
-1.3843670883058157,-1.3843670883058157,True,0.9996788,0.00032120405
0.722351758032472,0.722351758032472,True,8.08239e-05,0.9999192
0.722351758032472,0.722351758032472,True,4.6133995e-05,0.99995387
-1.3843670883058157,-1.3843670883058157,True,0.99989176,0.000108221655
0.722351758032472,0.722351758032472,True,0.0009874105,0.9990126
-1.3843670883058157,-1.3843670883058157,True,0.99991137,8.861291e-05
0.722351758032472,0.722351758032472,True,9.250641e-05,0.9999075
0.722351758032472,0.722351758032472,True,0.00043588877,0.9995641
0.722351758032472,0.722351758032472,True,9.560585e-05,0.9999044
0.722351758032472,0.722351758032472,True,0.0007712841,0.9992287
0.722351758032472,0.722351758032472,True,0.00029248,0.9997075
-1.3843670883058157,-1.3843670883058157,True,0.9999148,8.518323e-05
0.722351758032472,0.722351758032472,True,0.013989091,0.9860109
0.722351758032472,0.722351758032472,True,0.00012874603,0.99987125
-1.3843670883058157,-1.3843670883058157,True,0.99973416,0.00026581786
0.722351758032472,0.722351758032472,True,0.00019747019,0.99980253
0.722351758032472,0.722351758032472,True,7.510185e-05,0.9999249
0.722351758032472,0.722351758032472,True,0.24942505,0.75057495
0.722351758032472,0.722351758032472,True,8.1181526e-05,0.9999188
0.722351758032472,0.722351758032472,True,0.00012910366,0.9998709
-1.3843670883058157,-1.3843670883058157,True,0.99977505,0.00022491977
-1.3843670883058157,-1.3843670883058157,True,0.9996523,0.00034769715
0.722351758032472,0.722351758032472,True,0.0012903214,0.9987097
-1.3843670883058157,-1.3843670883058157,True,0.9998985,0.00010153229
0.722351758032472,0.722351758032472,True,5.4836273e-05,0.99994516
0.722351758032472,0.722351758032472,True,0.00032103062,0.99967897
-1.3843670883058157,-1.3843670883058157,True,0.99964935,0.00035064897
-1.3843670883058157,-1.3843670883058157,True,0.99962336,0.0003766499
-1.3843670883058157,-1.3843670883058157,True,0.9998988,0.00010123376
0.722351758032472,0.722351758032472,True,0.00048601627,0.999514
0.722351758032472,0.722351758032472,True,0.00041490793,0.9995851
0.722351758032472,0.722351758032472,True,0.00011217594,0.9998878
-1.3843670883058157,-1.3843670883058157,True,0.999721,0.00027901802
0.722351758032472,0.722351758032472,True,0.00021535158,0.99978465
0.722351758032472,0.722351758032472,True,0.0033214092,0.9966786
0.722351758032472,0.722351758032472,True,0.00830996,0.99169004
0.722351758032472,0.722351758032472,True,0.0002927184,0.9997073
-1.3843670883058157,-1.3843670883058157,True,0.9999105,8.95083e-05
0.722351758032472,0.722351758032472,True,0.00020104647,0.99979895
-1.3843670883058157,-1.3843670883058157,True,0.9998641,0.00013589399
-1.3843670883058157,-1.3843670883058157,True,0.9998265,0.00017353668
0.722351758032472,0.722351758032472,True,0.0002949834,0.999705
0.722351758032472,0.722351758032472,True,0.00016891956,0.9998311
-1.3843670883058157,-1.3843670883058157,True,0.99921155,0.00078846194
0.722351758032472,0.722351758032472,True,0.00010931492,0.9998907
0.722351758032472,0.722351758032472,True,0.0001283884,0.9998716
0.722351758032472,0.722351758032472,True,0.0001320839,0.9998679
0.722351758032472,0.722351758032472,True,0.00030076504,0.99969923
-1.3843670883058157,-1.3843670883058157,True,0.9998989,0.00010106236
0.722351758032472,0.722351758032472,True,0.0011821389,0.99881786
0.722351758032472,0.722351758032472,True,9.179115e-05,0.9999082
-1.3843670883058157,-1.3843670883058157,True,0.999913,8.7002445e-05
0.722351758032472,0.722351758032472,True,0.0008559227,0.9991441
-1.3843670883058157,-1.3843670883058157,True,0.9995793,0.00042071455
0.722351758032472,0.722351758032472,True,0.0008715987,0.9991284
0.722351758032472,0.722351758032472,True,0.0001693964,0.9998306
-1.3843670883058157,-1.3843670883058157,True,0.99991673,8.3240055e-05
-1.3843670883058157,-1.3843670883058157,True,0.99989337,0.00010660672
0.722351758032472,0.722351758032472,True,8.785725e-05,0.99991214
-1.3843670883058157,-1.3843670883058157,True,0.9996698,0.00033019617
-1.3843670883058157,-1.3843670883058157,True,0.9999107,8.931117e-05
0.722351758032472,0.722351758032472,True,7.772446e-05,0.9999223
-1.3843670883058157,-1.3843670883058157,True,0.9998373,0.00016274494
0.722351758032472,0.722351758032472,True,0.00039845705,0.99960154
-1.3843670883058157,-1.3843670883058157,True,0.99991274,8.725053e-05
-1.3843670883058157,-1.3843670883058157,True,0.999832,0.00016800594
0.722351758032472,0.722351758032472,True,0.00010371208,0.9998963
0.722351758032472,0.722351758032472,True,0.00044757128,0.9995524
-1.3843670883058157,-1.3843670883058157,True,0.99948543,0.00051457534
-1.3843670883058157,-1.3843670883058157,True,0.9998981,0.00010192672
0.722351758032472,0.722351758032472,True,0.00013768673,0.9998623
-1.3843670883058157,-1.3843670883058157,True,0.99991596,8.406688e-05
0.722351758032472,0.722351758032472,True,8.571148e-05,0.9999143
0.722351758032472,0.722351758032472,True,0.0002387166,0.9997613
0.722351758032472,0.722351758032472,True,6.2942505e-05,0.99993706
-1.3843670883058157,-1.3843670883058157,True,0.9996146,0.00038538314
0.722351758032472,0.722351758032472,True,0.00042003393,0.99957997
0.722351758032472,0.722351758032472,True,0.00015294552,0.99984705
0.722351758032472,0.722351758032472,True,0.00020807981,0.9997919
0.722351758032472,0.722351758032472,True,6.3061714e-05,0.99993694
0.722351758032472,0.722351758032472,True,8.72612e-05,0.99991274
0.722351758032472,0.722351758032472,True,0.00022119284,0.9997788
-1.3843670883058157,-1.3843670883058157,True,0.9997027,0.00029730526
0.722351758032472,0.722351758032472,True,0.0002400279,0.99976
0.722351758032472,0.722351758032472,True,0.00010228157,0.9998977
-1.3843670883058157,-1.3843670883058157,True,0.99991286,8.7158565e-05
0.722351758032472,0.722351758032472,True,0.0010122657,0.99898773
0.722351758032472,0.722351758032472,True,0.00020867586,0.9997913
-1.3843670883058157,-1.3843670883058157,True,0.9999147,8.5307525e-05
0.722351758032472,0.722351758032472,True,0.00023239851,0.9997676
-1.3843670883058157,-1.3843670883058157,True,0.9999107,8.931117e-05
0.722351758032472,0.722351758032472,True,0.00021523237,0.99978477
-1.3843670883058157,-1.3843670883058157,True,0.9999097,9.027884e-05
0.722351758032472,0.722351758032472,True,0.00014650822,0.9998535
0.722351758032472,0.722351758032472,True,0.00024670362,0.9997533
0.722351758032472,0.722351758032472,True,0.00029993057,0.99970007
0.722351758032472,0.722351758032472,True,0.00044101477,0.999559
0.722351758032472,0.722351758032472,True,5.686283e-05,0.99994314
-1.3843670883058157,-1.3843670883058157,True,0.99990064,9.9333956e-05
0.722351758032472,0.722351758032472,True,6.997585e-05,0.99993
0.722351758032472,0.722351758032472,True,0.00017106533,0.99982893
0.722351758032472,0.722351758032472,True,0.00036025047,0.99963975
0.722351758032472,0.722351758032472,True,0.00012934208,0.99987066
-1.3843670883058157,-1.3843670883058157,True,0.9997201,0.00027988176
0.722351758032472,0.722351758032472,True,0.09966391,0.9003361
0.722351758032472,0.722351758032472,True,0.007075906,0.9929241
-1.3843670883058157,-1.3843670883058157,True,0.9999156,8.438067e-05
0.722351758032472,0.722351758032472,True,6.1154366e-05,0.99993885
-1.3843670883058157,-1.3843670883058157,True,0.9999094,9.062446e-05
0.722351758032472,0.722351758032472,True,0.00015068054,0.9998493
0.722351758032472,0.722351758032472,True,0.000106573105,0.9998934
0.722351758032472,0.722351758032472,True,5.531311e-05,0.9999447
-1.3843670883058157,-1.3843670883058157,True,0.99990994,9.006972e-05
0.722351758032472,0.722351758032472,True,0.0008106828,0.9991893
0.722351758032472,0.722351758032472,True,0.00022000074,0.99978
-1.3843670883058157,-1.3843670883058157,True,0.9995386,0.0004614211
0.722351758032472,0.722351758032472,True,8.106232e-05,0.99991894
0.722351758032472,0.722351758032472,True,7.879734e-05,0.9999212
0.722351758032472,0.722351758032472,True,5.8054924e-05,0.99994195
0.722351758032472,0.722351758032472,True,5.9604645e-05,0.9999404
-1.3843670883058157,-1.3843670883058157,True,0.99990726,9.275239e-05
-1.3843670883058157,-1.3843670883058157,True,0.9999121,8.791274e-05
0.722351758032472,0.722351758032472,True,0.0035720468,0.99642795
0.722351758032472,0.722351758032472,True,0.00015056133,0.99984944
0.722351758032472,0.722351758032472,True,9.36985e-05,0.9999063
0.722351758032472,0.722351758032472,True,0.00044566393,0.99955434
0.722351758032472,0.722351758032472,True,6.41346e-05,0.99993587
-1.3843670883058157,-1.3843670883058157,True,0.9999135,8.651309e-05
0.722351758032472,0.722351758032472,True,0.00027054548,0.99972945
0.722351758032472,0.722351758032472,True,0.00014984608,0.99985015
-1.3843670883058157,-1.3843670883058157,True,0.9998157,0.00018432685
0.722351758032472,0.722351758032472,True,0.0010410547,0.99895895
0.722351758032472,0.722351758032472,True,6.878376e-05,0.9999312
0.722351758032472,0.722351758032472,True,0.00018042326,0.9998196
-1.3843670883058157,-1.3843670883058157,True,0.999692,0.00030796614
0.722351758032472,0.722351758032472,True,7.6413155e-05,0.9999236
0.722351758032472,0.722351758032472,True,0.00011265278,0.99988735
0.722351758032472,0.722351758032472,True,7.581711e-05,0.9999242
0.722351758032472,0.722351758032472,True,0.00071305037,0.99928695
-1.3843670883058157,-1.3843670883058157,True,0.9998719,0.00012809098
0.722351758032472,0.722351758032472,True,0.000102996826,0.999897
-1.3843670883058157,-1.3843670883058157,True,0.9999016,9.839461e-05
0.722351758032472,0.722351758032472,True,0.00010919571,0.9998908
0.722351758032472,0.722351758032472,True,0.0001680851,0.9998319
-1.3843670883058157,-1.3843670883058157,True,0.9997124,0.00028760303
0.722351758032472,0.722351758032472,True,0.0015462637,0.99845374
0.722351758032472,0.722351758032472,True,0.00014865398,0.99985135
0.722351758032472,0.722351758032472,True,6.151199e-05,0.9999385
0.722351758032472,0.722351758032472,True,7.1406364e-05,0.9999286
-1.3843670883058157,-1.3843670883058157,True,0.9999206,7.939974e-05
0.722351758032472,0.722351758032472,True,0.00084733963,0.99915266
-1.3843670883058157,-1.3843670883058157,True,0.99990183,9.8156015e-05
0.722351758032472,0.722351758032472,True,0.00019735098,0.99980265
0.722351758032472,0.722351758032472,True,0.0001989007,0.9998011
0.722351758032472,0.722351758032472,True,7.236004e-05,0.99992764
0.722351758032472,0.722351758032472,True,0.00033986568,0.99966013
-1.3843670883058157,-1.3843670883058157,True,0.99979,0.00020996215
0.722351758032472,0.722351758032472,True,9.286404e-05,0.99990714
0.722351758032472,0.722351758032472,True,8.440018e-05,0.9999156
-1.3843670883058157,-1.3843670883058157,True,0.9999135,8.651309e-05
-1.3843670883058157,-1.3843670883058157,True,0.99958235,0.00041763732
-1.3843670883058157,-1.3843670883058157,True,0.9997534,0.00024658948
0.722351758032472,0.722351758032472,True,0.001036644,0.99896336
-1.3843670883058157,-1.3843670883058157,True,0.9996964,0.00030363386
0.722351758032472,0.722351758032472,True,0.00017470121,0.9998253
0.722351758032472,0.722351758032472,True,0.00043267012,0.99956733
0.722351758032472,0.722351758032472,True,9.763241e-05,0.99990237
-1.3843670883058157,-1.3843670883058157,True,0.9998799,0.00012010154
0.722351758032472,0.722351758032472,True,0.00033915043,0.99966085
0.722351758032472,0.722351758032472,True,0.00020581484,0.9997942
0.722351758032472,0.722351758032472,True,8.85725e-05,0.9999114
0.722351758032472,0.722351758032472,True,0.00015175343,0.99984825
0.722351758032472,0.722351758032472,True,0.00011181831,0.9998882
0.722351758032472,0.722351758032472,True,6.2704086e-05,0.9999373
-1.3843670883058157,-1.3843670883058157,True,0.9999004,9.9623765e-05
0.722351758032472,0.722351758032472,True,0.00016248226,0.9998375
0.722351758032472,0.722351758032472,True,0.00055378675,0.9994462
0.722351758032472,0.722351758032472,True,0.00014162064,0.9998584
0.722351758032472,0.722351758032472,True,0.00023585558,0.99976414
0.722351758032472,0.722351758032472,True,5.90086e-05,0.999941
0.722351758032472,0.722351758032472,True,0.00010931492,0.9998907
0.722351758032472,0.722351758032472,True,5.8174133e-05,0.9999418
-1.3843670883058157,-1.3843670883058157,True,0.99982023,0.00017974996
0.722351758032472,0.722351758032472,True,0.0002989173,0.9997011
-1.3843670883058157,-1.3843670883058157,True,0.99991214,8.7853485e-05
0.722351758032472,0.722351758032472,True,6.6161156e-05,0.99993384
-1.3843670883058157,-1.3843670883058157,True,0.99989355,0.000106470485
-1.3843670883058157,-1.3843670883058157,True,0.9999116,8.840908e-05
0.722351758032472,0.722351758032472,True,0.00033807755,0.9996619
0.722351758032472,0.722351758032472,True,0.00015711784,0.9998429
0.722351758032472,0.722351758032472,True,0.00011563301,0.99988437
-1.3843670883058157,-1.3843670883058157,True,0.99972624,0.00027374306
-1.3843670883058157,-1.3843670883058157,True,0.9998457,0.00015432188
0.722351758032472,0.722351758032472,True,0.0001578331,0.99984217
0.722351758032472,0.722351758032472,True,0.00039035082,0.99960965
-1.3843670883058157,-1.3843670883058157,True,0.9999153,8.4670755e-05
-1.3843670883058157,-1.3843670883058157,True,0.99991375,8.624514e-05
-1.3843670883058157,-1.3843670883058157,True,0.99988633,0.00011366408
-1.3843670883058157,-1.3843670883058157,True,0.99989885,0.000101133315
-1.3843670883058157,-1.3843670883058157,True,0.9999247,7.528058e-05
-1.3843670883058157,-1.3843670883058157,True,0.99990624,9.373759e-05
0.722351758032472,0.722351758032472,True,5.7816505e-05,0.9999422
-1.3843670883058157,-1.3843670883058157,True,0.9999081,9.1918744e-05
0.722351758032472,0.722351758032472,True,0.00010681152,0.9998932
-1.3843670883058157,-1.3843670883058157,True,0.9999138,8.6188986e-05
0.722351758032472,0.722351758032472,True,0.00014162064,0.9998584
-1.3843670883058157,-1.3843670883058157,True,0.9997001,0.00029986553
0.722351758032472,0.722351758032472,True,0.00015866756,0.99984133
0.722351758032472,0.722351758032472,True,0.00011694431,0.99988306
0.722351758032472,0.722351758032472,True,0.000118374825,0.9998816
0.722351758032472,0.722351758032472,True,0.00010514259,0.99989486
-1.3843670883058157,-1.3843670883058157,True,0.9999114,8.8573885e-05
0.722351758032472,0.722351758032472,True,7.4505806e-05,0.9999255
-1.3843670883058157,-1.3843670883058157,True,0.9996581,0.0003418866
0.722351758032472,0.722351758032472,True,0.0001128912,0.9998871
0.722351758032472,0.722351758032472,True,0.0001475811,0.9998524
0.722351758032472,0.722351758032472,True,0.00024718046,0.9997528
0.722351758032472,0.722351758032472,True,0.00028640032,0.9997136
0.722351758032472,0.722351758032472,True,7.033348e-05,0.99992967
-1.3843670883058157,-1.3843670883058157,True,0.99991554,8.446584e-05
0.722351758032472,0.722351758032472,True,0.00012290478,0.9998771
0.722351758032472,0.722351758032472,True,0.0004956722,0.9995043
0.722351758032472,0.722351758032472,True,4.4107437e-05,0.9999559
-1.3843670883058157,-1.3843670883058157,True,0.9998345,0.00016552236
0.722351758032472,0.722351758032472,True,7.200241e-05,0.999928
0.722351758032472,0.722351758032472,True,8.249283e-05,0.9999175
0.722351758032472,0.722351758032472,True,0.0009995103,0.9990005
0.722351758032472,0.722351758032472,True,0.00019282103,0.9998072
-1.3843670883058157,-1.3843670883058157,True,0.99983346,0.00016651506
0.722351758032472,0.722351758032472,True,0.00031399727,0.999686
0.722351758032472,0.722351758032472,True,0.0001360178,0.999864
-1.3843670883058157,-1.3843670883058157,True,0.9999155,8.452088e-05
0.722351758032472,0.722351758032472,True,0.00013256073,0.99986744
0.722351758032472,0.722351758032472,True,0.0003350973,0.9996649
0.722351758032472,0.722351758032472,True,5.6147575e-05,0.99994385
0.722351758032472,0.722351758032472,True,0.00031507015,0.99968493
0.722351758032472,0.722351758032472,True,0.0002577901,0.9997422
0.722351758032472,0.722351758032472,True,0.00029534101,0.99970466
0.722351758032472,0.722351758032472,True,5.8293343e-05,0.9999417
0.722351758032472,0.722351758032472,True,0.0011469126,0.9988531
0.722351758032472,0.722351758032472,True,0.0001348257,0.9998652
-1.3843670883058157,-1.3843670883058157,True,0.99973893,0.00026109396
0.722351758032472,0.722351758032472,True,0.00010740757,0.9998926
-1.3843670883058157,-1.3843670883058157,True,0.9999151,8.486273e-05
-1.3843670883058157,-1.3843670883058157,True,0.9999208,7.92384e-05
0.722351758032472,0.722351758032472,True,0.0002040267,0.999796
0.722351758032472,0.722351758032472,True,0.00010955334,0.99989045
0.722351758032472,0.722351758032472,True,0.00012028217,0.9998797
0.722351758032472,0.722351758032472,True,0.00010848045,0.9998915
0.722351758032472,0.722351758032472,True,0.0003774166,0.9996226
0.722351758032472,0.722351758032472,True,6.210804e-05,0.9999379
-1.3843670883058157,-1.3843670883058157,True,0.9999119,8.8106266e-05
-1.3843670883058157,-1.3843670883058157,True,0.9997282,0.0002717794
0.722351758032472,0.722351758032472,True,0.0004988909,0.9995011
0.722351758032472,0.722351758032472,True,0.00030469894,0.9996953
0.722351758032472,0.722351758032472,True,7.18832e-05,0.9999281
0.722351758032472,0.722351758032472,True,6.4730644e-05,0.99993527
0.722351758032472,0.722351758032472,True,0.00028198957,0.999718
0.722351758032472,0.722351758032472,True,0.00019711256,0.9998029
0.722351758032472,0.722351758032472,True,0.00014638901,0.9998536
0.722351758032472,0.722351758032472,True,8.666515e-05,0.99991333
-1.3843670883058157,-1.3843670883058157,True,0.9998945,0.00010552511
0.722351758032472,0.722351758032472,True,0.00033259392,0.9996674
0.722351758032472,0.722351758032472,True,0.0015442371,0.99845576
0.722351758032472,0.722351758032472,True,0.0005648732,0.9994351
-1.3843670883058157,-1.3843670883058157,True,0.9999031,9.6908654e-05
0.722351758032472,0.722351758032472,True,0.00052314997,0.99947685
0.722351758032472,0.722351758032472,True,0.00010728836,0.9998927
-1.3843670883058157,-1.3843670883058157,True,0.9999121,8.7910725e-05
0.722351758032472,0.722351758032472,True,0.00010216236,0.99989784
0.722351758032472,0.722351758032472,True,9.10759e-05,0.9999089
-1.3843670883058157,-1.3843670883058157,True,0.99988943,0.000110542635
0.722351758032472,0.722351758032472,True,0.000108361244,0.99989164
-1.3843670883058157,-1.3843670883058157,True,0.9994065,0.00059349515
0.722351758032472,0.722351758032472,True,0.00033438206,0.9996656
-1.3843670883058157,-1.3843670883058157,True,0.9999084,9.162575e-05
-1.3843670883058157,-1.3843670883058157,True,0.99991417,8.5839085e-05
0.722351758032472,0.722351758032472,True,6.401539e-05,0.999936
-1.3843670883058157,-1.3843670883058157,True,0.999866,0.00013396704
0.722351758032472,0.722351758032472,True,7.402897e-05,0.999926
0.722351758032472,0.722351758032472,True,0.00018197298,0.999818
0.722351758032472,0.722351758032472,True,8.404255e-05,0.99991596
0.722351758032472,0.722351758032472,True,0.0001565218,0.9998435
-1.3843670883058157,-1.3843670883058157,True,0.99991363,8.6352775e-05
0.722351758032472,0.722351758032472,True,0.00010287762,0.9998971
-1.3843670883058157,-1.3843670883058157,True,0.99991333,8.664998e-05
0.722351758032472,0.722351758032472,True,0.00016927719,0.9998307
-1.3843670883058157,-1.3843670883058157,True,0.99988174,0.000118268064
0.722351758032472,0.722351758032472,True,0.00014853477,0.99985147
0.722351758032472,0.722351758032472,True,0.00032424927,0.99967575
0.722351758032472,0.722351758032472,True,0.00036358833,0.9996364
0.722351758032472,0.722351758032472,True,0.0004887581,0.99951124
-1.3843670883058157,-1.3843670883058157,True,0.99986714,0.00013287737
0.722351758032472,0.722351758032472,True,0.00019317865,0.9998068
-1.3843670883058157,-1.3843670883058157,True,0.9997754,0.00022461652
-1.3843670883058157,-1.3843670883058157,True,0.99991417,8.5827545e-05
0.722351758032472,0.722351758032472,True,0.00031590462,0.9996841
-1.3843670883058157,-1.3843670883058157,True,0.99987406,0.0001259645
0.722351758032472,0.722351758032472,True,5.4121017e-05,0.9999459
0.722351758032472,0.722351758032472,True,0.020930946,0.97906905
0.722351758032472,0.722351758032472,True,0.00026088953,0.9997391
-1.3843670883058157,-1.3843670883058157,True,0.99987924,0.000120745746
0.722351758032472,0.722351758032472,True,0.0003965497,0.99960345
-1.3843670883058157,-1.3843670883058157,True,0.99985427,0.00014570759
0.722351758032472,0.722351758032472,True,0.00014483929,0.99985516
0.722351758032472,0.722351758032472,True,0.0002849698,0.99971503
0.722351758032472,0.722351758032472,True,7.1406364e-05,0.9999286
-1.3843670883058157,-1.3843670883058157,True,0.9998608,0.00013920189
0.722351758032472,0.722351758032472,True,0.00014781952,0.9998522
-1.3843670883058157,-1.3843670883058157,True,0.9996263,0.00037373416
0.722351758032472,0.722351758032472,True,9.942055e-05,0.9999006
0.722351758032472,0.722351758032472,True,8.046627e-05,0.99991953
-1.3843670883058157,-1.3843670883058157,True,0.99971956,0.00028045554
0.722351758032472,0.722351758032472,True,6.055832e-05,0.99993944
-1.3843670883058157,-1.3843670883058157,True,0.9999152,8.48366e-05
0.722351758032472,0.722351758032472,True,0.00025051832,0.9997495
0.722351758032472,0.722351758032472,True,0.00019520521,0.9998048
0.722351758032472,0.722351758032472,True,0.000344038,0.99965596
0.722351758032472,0.722351758032472,True,0.0001295805,0.9998704
-1.3843670883058157,-1.3843670883058157,True,0.99991447,8.554148e-05
-1.3843670883058157,-1.3843670883058157,True,0.99987626,0.00012374831
0.722351758032472,0.722351758032472,True,7.379055e-05,0.9999262
-1.3843670883058157,-1.3843670883058157,True,0.9995566,0.00044339764
-1.3843670883058157,-1.3843670883058157,True,0.99990845,9.152585e-05
0.722351758032472,0.722351758032472,True,8.094311e-05,0.99991906
-1.3843670883058157,-1.3843670883058157,True,0.99972475,0.0002752689
0.722351758032472,0.722351758032472,True,0.00014221668,0.9998578
-1.3843670883058157,0.722351758032472,False,0.006187558,0.99381244
0.722351758032472,0.722351758032472,True,6.759167e-05,0.9999324
0.722351758032472,0.722351758032472,True,8.058548e-05,0.9999194
0.722351758032472,0.722351758032472,True,0.00033771992,0.9996623
0.722351758032472,0.722351758032472,True,0.0005056858,0.9994943
0.722351758032472,0.722351758032472,True,0.00016832352,0.9998317
0.722351758032472,0.722351758032472,True,0.00023752451,0.9997625
0.722351758032472,0.722351758032472,True,9.083748e-05,0.99990916
0.722351758032472,0.722351758032472,True,0.00010418892,0.9998958
0.722351758032472,0.722351758032472,True,0.00011241436,0.9998876
-1.3843670883058157,-1.3843670883058157,True,0.9996969,0.0003030728
-1.3843670883058157,-1.3843670883058157,True,0.9999228,7.719416e-05
-1.3843670883058157,-1.3843670883058157,True,0.9998667,0.00013330023
0.722351758032472,0.722351758032472,True,9.1433525e-05,0.99990857
0.722351758032472,0.722351758032472,True,0.00049328804,0.9995067
-1.3843670883058157,-1.3843670883058157,True,0.9998176,0.00018236488
0.722351758032472,0.722351758032472,True,0.00022989511,0.9997701
0.722351758032472,0.722351758032472,True,0.00018507242,0.9998149
0.722351758032472,0.722351758032472,True,0.00020247698,0.9997975
0.722351758032472,0.722351758032472,True,0.00040072203,0.9995993
-1.3843670883058157,-1.3843670883058157,True,0.99966884,0.00033118136
0.722351758032472,0.722351758032472,True,0.00051885843,0.99948114
-1.3843670883058157,-1.3843670883058157,True,0.99973667,0.00026330433
-1.3843670883058157,-1.3843670883058157,True,0.9999026,9.739725e-05
-1.3843670883058157,-1.3843670883058157,True,0.99975955,0.0002404289
0.722351758032472,0.722351758032472,True,7.009506e-05,0.9999299
-1.3843670883058157,-1.3843670883058157,True,0.99971384,0.00028618018
0.722351758032472,0.722351758032472,True,0.00042313337,0.99957687
-1.3843670883058157,-1.3843670883058157,True,0.99983764,0.00016233933
0.722351758032472,0.722351758032472,True,6.4492226e-05,0.9999355
0.722351758032472,0.722351758032472,True,0.00037491322,0.9996251
0.722351758032472,0.722351758032472,True,6.496906e-05,0.99993503
0.722351758032472,0.722351758032472,True,7.6293945e-05,0.9999237
-1.3843670883058157,-1.3843670883058157,True,0.9999141,8.587658e-05
-1.3843670883058157,-1.3843670883058157,True,0.99990356,9.6456344e-05
-1.3843670883058157,-1.3843670883058157,True,0.99979204,0.00020794217
0.722351758032472,0.722351758032472,True,8.773804e-05,0.99991226
0.722351758032472,0.722351758032472,True,5.4597855e-05,0.9999454
0.722351758032472,0.722351758032472,True,0.00021129847,0.9997887
0.722351758032472,0.722351758032472,True,5.51939e-05,0.9999448
0.722351758032472,0.722351758032472,True,9.763241e-05,0.99990237
0.722351758032472,0.722351758032472,True,0.00026148558,0.9997385
0.722351758032472,0.722351758032472,True,9.3221664e-05,0.9999068
0.722351758032472,0.722351758032472,True,7.915497e-05,0.99992085
0.722351758032472,0.722351758032472,True,0.00043338537,0.9995666
0.722351758032472,0.722351758032472,True,7.009506e-05,0.9999299
0.722351758032472,0.722351758032472,True,0.00033175945,0.99966824
0.722351758032472,0.722351758032472,True,0.000230968,0.99976903
-1.3843670883058157,-1.3843670883058157,True,0.9998766,0.00012341034
-1.3843670883058157,-1.3843670883058157,True,0.9999096,9.0425565e-05
-1.3843670883058157,-1.3843670883058157,True,0.99981844,0.00018158286
0.722351758032472,0.722351758032472,True,0.00012373924,0.99987626
0.722351758032472,0.722351758032472,True,0.00013113022,0.99986887
0.722351758032472,0.722351758032472,True,7.9751015e-05,0.99992025
-1.3843670883058157,-1.3843670883058157,True,0.99991137,8.861291e-05
-1.3843670883058157,-1.3843670883058157,True,0.99980456,0.00019545859
0.722351758032472,0.722351758032472,True,0.00018233061,0.99981767
0.722351758032472,0.722351758032472,True,0.0002734065,0.9997266
0.722351758032472,0.722351758032472,True,8.106232e-05,0.99991894
0.722351758032472,0.722351758032472,True,6.151199e-05,0.9999385
-1.3843670883058157,-1.3843670883058157,True,0.9999081,9.1936185e-05
0.722351758032472,0.722351758032472,True,0.00070273876,0.99929726
-1.3843670883058157,-1.3843670883058157,True,0.9999139,8.6145934e-05
-1.3843670883058157,-1.3843670883058157,True,0.9999146,8.538826e-05
-1.3843670883058157,-1.3843670883058157,True,0.9997177,0.0002822872
-1.3843670883058157,-1.3843670883058157,True,0.9994675,0.0005325193
0.722351758032472,0.722351758032472,True,0.00028806925,0.99971193
0.722351758032472,0.722351758032472,True,0.0003528595,0.99964714
-1.3843670883058157,-1.3843670883058157,True,0.99976367,0.00023635702
-1.3843670883058157,-1.3843670883058157,True,0.9997305,0.0002694681
-1.3843670883058157,-1.3843670883058157,True,0.99991345,8.6528686e-05
-1.3843670883058157,-1.3843670883058157,True,0.9999081,9.1919e-05
0.722351758032472,0.722351758032472,True,0.000305295,0.9996947
0.722351758032472,0.722351758032472,True,0.0017915964,0.9982084
0.722351758032472,0.722351758032472,True,0.00023072958,0.9997693
0.722351758032472,0.722351758032472,True,0.000166893,0.9998331
0.722351758032472,0.722351758032472,True,0.00013804436,0.99986196
0.722351758032472,0.722351758032472,True,6.651878e-05,0.9999335
0.722351758032472,0.722351758032472,True,6.890297e-05,0.9999311
0.722351758032472,0.722351758032472,True,0.00013828278,0.9998617
-1.3843670883058157,-1.3843670883058157,True,0.99977976,0.00022022826
0.722351758032472,0.722351758032472,True,0.0017080903,0.9982919
-1.3843670883058157,-1.3843670883058157,True,0.9998569,0.0001431404
0.722351758032472,0.722351758032472,True,6.03199e-05,0.9999397
0.722351758032472,0.722351758032472,True,0.00012481213,0.9998752
-1.3843670883058157,-1.3843670883058157,True,0.99984896,0.00015101847
0.722351758032472,0.722351758032472,True,0.004112065,0.99588794
0.722351758032472,0.722351758032472,True,0.0002526641,0.99974734
0.722351758032472,0.722351758032472,True,0.0036036372,0.99639636
0.722351758032472,0.722351758032472,True,0.0033277273,0.9966723
-1.3843670883058157,-1.3843670883058157,True,0.9997213,0.00027868303
-1.3843670883058157,-1.3843670883058157,True,0.99928933,0.00071063853
0.722351758032472,0.722351758032472,True,0.00021463633,0.99978536
0.722351758032472,0.722351758032472,True,6.1035156e-05,0.99993896
0.722351758032472,0.722351758032472,True,0.00022786856,0.99977213
-1.3843670883058157,-1.3843670883058157,True,0.9998235,0.00017650548
0.722351758032472,0.722351758032472,True,6.92606e-05,0.99993074
-1.3843670883058157,-1.3843670883058157,True,0.9998117,0.00018829192
0.722351758032472,0.722351758032472,True,0.0001705885,0.9998294
0.722351758032472,0.722351758032472,True,0.00146842,0.9985316
-1.3843670883058157,-1.3843670883058157,True,0.9997763,0.0002236794
-1.3843670883058157,-1.3843670883058157,True,0.9999182,8.175661e-05
0.722351758032472,0.722351758032472,True,0.00020724535,0.99979275
0.722351758032472,0.722351758032472,True,0.00015091896,0.9998491
0.722351758032472,0.722351758032472,True,0.0014307499,0.99856925
-1.3843670883058157,-1.3843670883058157,True,0.9999145,8.547609e-05
0.722351758032472,0.722351758032472,True,0.0002745986,0.9997254
0.722351758032472,0.722351758032472,True,9.536743e-05,0.99990463
-1.3843670883058157,-1.3843670883058157,True,0.9999033,9.668988e-05
0.722351758032472,0.722351758032472,True,0.00028008223,0.9997199
0.722351758032472,0.722351758032472,True,8.845329e-05,0.99991155
0.722351758032472,0.722351758032472,True,0.00018793344,0.99981207
-1.3843670883058157,-1.3843670883058157,True,0.9996459,0.00035409085
-1.3843670883058157,-1.3843670883058157,True,0.9998017,0.00019833128
0.722351758032472,0.722351758032472,True,0.0002555251,0.9997445
0.722351758032472,0.722351758032472,True,0.00021225214,0.99978775
-1.3843670883058157,-1.3843670883058157,True,0.9998128,0.00018721832
0.722351758032472,0.722351758032472,True,0.00031399727,0.999686
0.722351758032472,0.722351758032472,True,0.00019317865,0.9998068
0.722351758032472,0.722351758032472,True,0.00010037422,0.9998996
0.722351758032472,0.722351758032472,True,0.0002747178,0.9997253
0.722351758032472,0.722351758032472,True,0.00032413006,0.99967587
0.722351758032472,0.722351758032472,True,0.00022882223,0.9997712
0.722351758032472,0.722351758032472,True,0.00020521879,0.9997948
0.722351758032472,0.722351758032472,True,0.00010716915,0.99989283
0.722351758032472,0.722351758032472,True,0.0016518831,0.9983481
0.722351758032472,0.722351758032472,True,0.00018662214,0.9998134
0.722351758032472,0.722351758032472,True,0.000520885,0.9994791
-1.3843670883058157,-1.3843670883058157,True,0.9995427,0.00045728934
0.722351758032472,0.722351758032472,True,0.0002527833,0.9997472
0.722351758032472,0.722351758032472,True,0.00011301041,0.999887
0.722351758032472,0.722351758032472,True,0.0010002255,0.9989998
-1.3843670883058157,-1.3843670883058157,True,0.9999048,9.5160314e-05
0.722351758032472,0.722351758032472,True,6.484985e-05,0.99993515
-1.3843670883058157,-1.3843670883058157,True,0.9998495,0.0001505239
0.722351758032472,0.722351758032472,True,0.00020998716,0.99979
-1.3843670883058157,-1.3843670883058157,True,0.9998378,0.0001622089
-1.3843670883058157,-1.3843670883058157,True,0.9999005,9.948629e-05
0.722351758032472,0.722351758032472,True,0.0012426376,0.99875736
-1.3843670883058157,-1.3843670883058157,True,0.9997091,0.00029088932
-1.3843670883058157,-1.3843670883058157,True,0.99963754,0.00036244438
0.722351758032472,0.722351758032472,True,7.3075294e-05,0.9999269
-1.3843670883058157,-1.3843670883058157,True,0.9998885,0.000111499765
-1.3843670883058157,-1.3843670883058157,True,0.999828,0.00017201612
-1.3843670883058157,-1.3843670883058157,True,0.9999127,8.730472e-05
0.722351758032472,0.722351758032472,True,7.6532364e-05,0.99992347
0.722351758032472,0.722351758032472,True,6.914139e-05,0.99993086
-1.3843670883058157,-1.3843670883058157,True,0.9997447,0.00025528666
-1.3843670883058157,-1.3843670883058157,True,0.9999197,8.027082e-05
0.722351758032472,0.722351758032472,True,0.0024997592,0.99750024
-1.3843670883058157,-1.3843670883058157,True,0.999923,7.70094e-05
0.722351758032472,0.722351758032472,True,0.00021761656,0.9997824
0.722351758032472,0.722351758032472,True,0.00010347366,0.9998965
0.722351758032472,0.722351758032472,True,0.000101447105,0.99989855
0.722351758032472,0.722351758032472,True,8.070469e-05,0.9999193
0.722351758032472,0.722351758032472,True,0.0001604557,0.99983954
0.722351758032472,0.722351758032472,True,8.380413e-05,0.9999162
0.722351758032472,0.722351758032472,True,0.00020831823,0.9997917
0.722351758032472,0.722351758032472,True,0.00013136864,0.99986863
0.722351758032472,0.722351758032472,True,0.0001565218,0.9998435
-1.3843670883058157,-1.3843670883058157,True,0.9997907,0.00020926323
-1.3843670883058157,-1.3843670883058157,True,0.9999127,8.730472e-05
0.722351758032472,0.722351758032472,True,5.5909157e-05,0.9999441
0.722351758032472,0.722351758032472,True,0.00022262335,0.9997774
-1.3843670883058157,-1.3843670883058157,True,0.999913,8.7002445e-05
0.722351758032472,0.722351758032472,True,9.608269e-05,0.9999039
0.722351758032472,0.722351758032472,True,0.0002693534,0.99973065
-1.3843670883058157,-1.3843670883058157,True,0.9998842,0.00011581128
0.722351758032472,0.722351758032472,True,7.6293945e-05,0.9999237
-1.3843670883058157,-1.3843670883058157,True,0.99991024,8.9767804e-05
-1.3843670883058157,-1.3843670883058157,True,0.9999156,8.438067e-05
0.722351758032472,0.722351758032472,True,0.0002952218,0.9997048
0.722351758032472,0.722351758032472,True,0.00015830994,0.9998417
0.722351758032472,0.722351758032472,True,7.915497e-05,0.99992085
0.722351758032472,0.722351758032472,True,0.000111579895,0.9998884
-1.3843670883058157,-1.3843670883058157,True,0.99963456,0.00036541317
-1.3843670883058157,-1.3843670883058157,True,0.9998466,0.00015340887
-1.3843670883058157,-1.3843670883058157,True,0.99984705,0.00015294849
0.722351758032472,0.722351758032472,True,0.00029736757,0.99970263
-1.3843670883058157,-1.3843670883058157,True,0.9998953,0.00010473117
-1.3843670883058157,-1.3843670883058157,True,0.99991274,8.7271335e-05
0.722351758032472,0.722351758032472,True,0.00027567148,0.9997243
0.722351758032472,0.722351758032472,True,0.0001513958,0.9998486
-1.3843670883058157,-1.3843670883058157,True,0.9999142,8.577166e-05
0.722351758032472,0.722351758032472,True,6.54459e-05,0.99993455
0.722351758032472,0.722351758032472,True,6.043911e-05,0.99993956
-1.3843670883058157,-1.3843670883058157,True,0.99991417,8.5827545e-05
-1.3843670883058157,-1.3843670883058157,True,0.9998998,0.00010019529
0.722351758032472,0.722351758032472,True,0.0017060637,0.99829394
0.722351758032472,0.722351758032472,True,0.00015747547,0.9998425
-1.3843670883058157,-1.3843670883058157,True,0.9999091,9.090419e-05
-1.3843670883058157,-1.3843670883058157,True,0.9997763,0.0002237005
0.722351758032472,0.722351758032472,True,5.567074e-05,0.9999443
0.722351758032472,0.722351758032472,True,0.00015187263,0.9998481
0.722351758032472,0.722351758032472,True,8.4519386e-05,0.9999155
0.722351758032472,0.722351758032472,True,0.00011134148,0.99988866
0.722351758032472,0.722351758032472,True,4.5776367e-05,0.9999542
0.722351758032472,0.722351758032472,True,0.00015926361,0.99984074
0.722351758032472,0.722351758032472,True,0.0002362132,0.9997638
-1.3843670883058157,-1.3843670883058157,True,0.99991655,8.3440165e-05
0.722351758032472,0.722351758032472,True,0.0002580285,0.999742
0.722351758032472,0.722351758032472,True,0.00019663572,0.99980336
-1.3843670883058157,-1.3843670883058157,True,0.99974406,0.00025594662
0.722351758032472,0.722351758032472,True,0.00016605854,0.99983394
0.722351758032472,0.722351758032472,True,0.00011050701,0.9998895
0.722351758032472,0.722351758032472,True,0.00031137466,0.9996886
0.722351758032472,0.722351758032472,True,0.00076019764,0.9992398
0.722351758032472,0.722351758032472,True,0.00029921532,0.9997008
0.722351758032472,0.722351758032472,True,0.00010704994,0.99989295
0.722351758032472,0.722351758032472,True,0.0004943609,0.99950564
0.722351758032472,0.722351758032472,True,8.4757805e-05,0.99991524
0.722351758032472,0.722351758032472,True,6.41346e-05,0.99993587
0.722351758032472,0.722351758032472,True,6.4492226e-05,0.9999355
0.722351758032472,0.722351758032472,True,0.0042253137,0.9957747
0.722351758032472,0.722351758032472,True,0.0001398325,0.99986017
0.722351758032472,0.722351758032472,True,0.0001385212,0.9998615
0.722351758032472,0.722351758032472,True,0.0002989173,0.9997011
0.722351758032472,0.722351758032472,True,0.00012779236,0.9998722
-1.3843670883058157,-1.3843670883058157,True,0.9997513,0.00024868612
-1.3843670883058157,-1.3843670883058157,True,0.9996996,0.00030042094
0.722351758032472,0.722351758032472,True,7.426739e-05,0.99992573
0.722351758032472,0.722351758032472,True,0.00010442734,0.9998956
0.722351758032472,0.722351758032472,True,0.0005749464,0.99942505
-1.3843670883058157,-1.3843670883058157,True,0.99974096,0.00025906658
-1.3843670883058157,-1.3843670883058157,True,0.9999116,8.8391884e-05
-1.3843670883058157,-1.3843670883058157,True,0.9999132,8.678212e-05
0.722351758032472,0.722351758032472,True,7.236004e-05,0.99992764
0.722351758032472,0.722351758032472,True,0.00011014938,0.99988985
0.722351758032472,0.722351758032472,True,0.00016641617,0.9998336
0.722351758032472,0.722351758032472,True,0.028984904,0.9710151
-1.3843670883058157,-1.3843670883058157,True,0.9999089,9.108528e-05
0.722351758032472,0.722351758032472,True,0.0015690923,0.9984309
0.722351758032472,0.722351758032472,True,0.002766788,0.9972332
0.722351758032472,0.722351758032472,True,0.00014817715,0.9998518
0.722351758032472,0.722351758032472,True,0.0001295805,0.9998704
0.722351758032472,0.722351758032472,True,0.00018185377,0.99981815
0.722351758032472,0.722351758032472,True,0.0002501607,0.99974984
0.722351758032472,0.722351758032472,True,0.00054711103,0.9994529
0.722351758032472,0.722351758032472,True,6.914139e-05,0.99993086
-1.3843670883058157,-1.3843670883058157,True,0.99991304,8.6976484e-05
0.722351758032472,0.722351758032472,True,0.0004774332,0.99952257
0.722351758032472,0.722351758032472,True,8.869171e-05,0.9999113
0.722351758032472,0.722351758032472,True,0.00027006865,0.99972993
-1.3843670883058157,-1.3843670883058157,True,0.9999135,8.650385e-05
-1.3843670883058157,-1.3843670883058157,True,0.99977773,0.00022229232
-1.3843670883058157,-1.3843670883058157,True,0.99975467,0.00024532224
0.722351758032472,0.722351758032472,True,0.00017362833,0.9998264
-1.3843670883058157,-1.3843670883058157,True,0.99991727,8.2744635e-05
0.722351758032472,0.722351758032472,True,0.00022095442,0.99977905
-1.3843670883058157,-1.3843670883058157,True,0.99965197,0.00034803027
0.722351758032472,0.722351758032472,True,8.1300735e-05,0.9999187
0.722351758032472,0.722351758032472,True,7.56979e-05,0.9999243
0.722351758032472,0.722351758032472,True,4.9352646e-05,0.99995065
0.722351758032472,0.722351758032472,True,7.1167946e-05,0.99992883
0.722351758032472,0.722351758032472,True,0.0113223195,0.9886777
0.722351758032472,0.722351758032472,True,0.00012373924,0.99987626
0.722351758032472,0.722351758032472,True,0.00018697977,0.999813
-1.3843670883058157,-1.3843670883058157,True,0.99972713,0.00027284256
0.722351758032472,0.722351758032472,True,0.00015676022,0.99984324
-1.3843670883058157,-1.3843670883058157,True,0.9997837,0.00021632963
0.722351758032472,0.722351758032472,True,8.1181526e-05,0.9999188
-1.3843670883058157,-1.3843670883058157,True,0.99988323,0.00011677572
0.722351758032472,0.722351758032472,True,8.6426735e-05,0.9999136
-1.3843670883058157,-1.3843670883058157,True,0.9995866,0.0004134422
0.722351758032472,0.722351758032472,True,0.00014817715,0.9998518
-1.3843670883058157,-1.3843670883058157,True,0.9998903,0.000109650486
0.722351758032472,0.722351758032472,True,0.0019058585,0.99809414
-1.3843670883058157,-1.3843670883058157,True,0.999899,0.000100983176
-1.3843670883058157,-1.3843670883058157,True,0.99991214,8.786237e-05
0.722351758032472,0.722351758032472,True,9.596348e-05,0.99990404
0.722351758032472,0.722351758032472,True,6.568432e-05,0.9999343
0.722351758032472,0.722351758032472,True,0.000172019,0.999828
0.722351758032472,0.722351758032472,True,9.024143e-05,0.99990976
0.722351758032472,0.722351758032472,True,0.0016584396,0.99834156
0.722351758032472,0.722351758032472,True,0.000101566315,0.99989843
-1.3843670883058157,-1.3843670883058157,True,0.999919,8.101846e-05
0.722351758032472,0.722351758032472,True,0.00012588501,0.9998741
-1.3843670883058157,-1.3843670883058157,True,0.9996329,0.00036712922
0.722351758032472,0.722351758032472,True,8.440018e-05,0.9999156
0.722351758032472,0.722351758032472,True,0.00019425154,0.99980575
-1.3843670883058157,-1.3843670883058157,True,0.999919,8.101884e-05
-1.3843670883058157,-1.3843670883058157,True,0.9996058,0.0003942074
-1.3843670883058157,-1.3843670883058157,True,0.9997917,0.00020829975
0.722351758032472,0.722351758032472,True,0.00030517578,0.9996948
-1.3843670883058157,-1.3843670883058157,True,0.9999237,7.6302895e-05
0.722351758032472,0.722351758032472,True,0.00015115738,0.99984884
0.722351758032472,0.722351758032472,True,0.0002616048,0.9997384
0.722351758032472,0.722351758032472,True,8.010864e-05,0.9999199
0.722351758032472,0.722351758032472,True,0.00046896935,0.99953103
-1.3843670883058157,-1.3843670883058157,True,0.99971485,0.00028516998
0.722351758032472,0.722351758032472,True,0.0048063397,0.99519366
-1.3843670883058157,-1.3843670883058157,True,0.99976844,0.00023158394
0.722351758032472,0.722351758032472,True,0.0002014041,0.9997986
-1.3843670883058157,-1.3843670883058157,True,0.9998836,0.00011639974
0.722351758032472,0.722351758032472,True,0.00014996529,0.99985003
0.722351758032472,0.722351758032472,True,0.00018650293,0.9998135
-1.3843670883058157,-1.3843670883058157,True,0.99991333,8.668833e-05
0.722351758032472,0.722351758032472,True,0.00024062395,0.9997594
0.722351758032472,0.722351758032472,True,0.00020366907,0.99979633
-1.3843670883058157,-1.3843670883058157,True,0.9999142,8.5754975e-05
0.722351758032472,0.722351758032472,True,0.00019985437,0.99980015
0.722351758032472,0.722351758032472,True,0.00013697147,0.999863
0.722351758032472,0.722351758032472,True,7.164478e-05,0.99992836
0.722351758032472,0.722351758032472,True,0.0036688447,0.99633116
0.722351758032472,0.722351758032472,True,0.00018650293,0.9998135
0.722351758032472,0.722351758032472,True,9.9778175e-05,0.9999002
-1.3843670883058157,-1.3843670883058157,True,0.99915713,0.0008428964
0.722351758032472,0.722351758032472,True,0.00026649237,0.9997335
0.722351758032472,0.722351758032472,True,0.0005308986,0.9994691
0.722351758032472,0.722351758032472,True,6.377697e-05,0.9999362
0.722351758032472,0.722351758032472,True,0.0014000535,0.99859995
0.722351758032472,0.722351758032472,True,0.00010049343,0.9998995
-1.3843670883058157,-1.3843670883058157,True,0.99960077,0.00039921232
0.722351758032472,0.722351758032472,True,0.00014352798,0.9998565
0.722351758032472,0.722351758032472,True,0.00012648106,0.9998735
0.722351758032472,0.722351758032472,True,0.000385046,0.99961495
0.722351758032472,0.722351758032472,True,0.0004720688,0.99952793
-1.3843670883058157,-1.3843670883058157,True,0.999659,0.0003409994
-1.3843670883058157,-1.3843670883058157,True,0.999669,0.00033096108
0.722351758032472,0.722351758032472,True,0.00013589859,0.9998641
-1.3843670883058157,-1.3843670883058157,True,0.9999077,9.234229e-05
0.722351758032472,0.722351758032472,True,0.00013291836,0.9998671
0.722351758032472,0.722351758032472,True,0.0018556118,0.9981444
-1.3843670883058157,-1.3843670883058157,True,0.99979943,0.00020059713
0.722351758032472,0.722351758032472,True,9.62019e-05,0.9999038
0.722351758032472,0.722351758032472,True,0.00080925226,0.99919075
0.722351758032472,0.722351758032472,True,0.00031721592,0.9996828
0.722351758032472,0.722351758032472,True,0.000119924545,0.9998801
0.722351758032472,0.722351758032472,True,0.00010764599,0.99989235
-1.3843670883058157,-1.3843670883058157,True,0.9999001,9.990745e-05
-1.3843670883058157,-1.3843670883058157,True,0.9999138,8.6188986e-05
-1.3843670883058157,-1.3843670883058157,True,0.9999127,8.730472e-05
0.722351758032472,0.722351758032472,True,0.0002669692,0.99973303
0.722351758032472,0.722351758032472,True,0.00020307302,0.9997969
0.722351758032472,0.722351758032472,True,0.0002464652,0.99975353
0.722351758032472,0.722351758032472,True,8.416176e-05,0.99991584
0.722351758032472,0.722351758032472,True,0.00015962124,0.9998404
0.722351758032472,0.722351758032472,True,0.00042825937,0.99957174
-1.3843670883058157,-1.3843670883058157,True,0.9999094,9.060027e-05
0.722351758032472,0.722351758032472,True,9.858608e-05,0.9999014
0.722351758032472,0.722351758032472,True,0.016162694,0.9838373
-1.3843670883058157,-1.3843670883058157,True,0.9998687,0.00013133064
0.722351758032472,0.722351758032472,True,6.687641e-05,0.9999331
0.722351758032472,0.722351758032472,True,0.00011372566,0.9998863
-1.3843670883058157,-1.3843670883058157,True,0.9996876,0.00031237092
0.722351758032472,0.722351758032472,True,4.8041344e-05,0.99995196
0.722351758032472,0.722351758032472,True,0.00022274256,0.99977726
-1.3843670883058157,-1.3843670883058157,True,0.99932516,0.000674843
-1.3843670883058157,-1.3843670883058157,True,0.9996736,0.00032639844
-1.3843670883058157,-1.3843670883058157,True,0.9998577,0.0001422881
0.722351758032472,0.722351758032472,True,0.00021606684,0.99978393
0.722351758032472,0.722351758032472,True,7.3194504e-05,0.9999268
-1.3843670883058157,-1.3843670883058157,True,0.9997799,0.00022009875
-1.3843670883058157,-1.3843670883058157,True,0.99980456,0.00019541965
0.722351758032472,0.722351758032472,True,0.0002835393,0.99971646
0.722351758032472,0.722351758032472,True,9.36985e-05,0.9999063
0.722351758032472,0.722351758032472,True,6.747246e-05,0.9999325
-1.3843670883058157,-1.3843670883058157,True,0.9997791,0.00022090209
0.722351758032472,0.722351758032472,True,0.003299296,0.9967007
-1.3843670883058157,-1.3843670883058157,True,0.9998997,0.00010033785
0.722351758032472,0.722351758032472,True,0.00066429377,0.9993357
0.722351758032472,0.722351758032472,True,8.6188316e-05,0.9999138
0.722351758032472,0.722351758032472,True,7.9870224e-05,0.9999201
0.722351758032472,0.722351758032472,True,0.00017249584,0.9998275
0.722351758032472,0.722351758032472,True,0.00027257204,0.9997274
-1.3843670883058157,-1.3843670883058157,True,0.9997929,0.0002071439
0.722351758032472,0.722351758032472,True,9.202957e-05,0.999908
-1.3843670883058157,-1.3843670883058157,True,0.99985164,0.00014833962
-1.3843670883058157,-1.3843670883058157,True,0.99990994,9.003554e-05
0.722351758032472,0.722351758032472,True,0.00043147802,0.9995685
-1.3843670883058157,-1.3843670883058157,True,0.9997169,0.0002830944
0.722351758032472,0.722351758032472,True,0.0008530617,0.99914694
0.722351758032472,0.722351758032472,True,0.056526244,0.94347376
0.722351758032472,0.722351758032472,True,0.0009174347,0.99908257
0.722351758032472,0.722351758032472,True,0.00071173906,0.99928826
-1.3843670883058157,-1.3843670883058157,True,0.99990994,9.0085174e-05
0.722351758032472,0.722351758032472,True,0.0001001358,0.99989986
0.722351758032472,0.722351758032472,True,0.00021451712,0.9997855
-1.3843670883058157,-1.3843670883058157,True,0.99991274,8.725079e-05
0.722351758032472,0.722351758032472,True,8.535385e-05,0.99991465
-1.3843670883058157,-1.3843670883058157,True,0.99953645,0.0004635268
0.722351758032472,0.722351758032472,True,0.00045776367,0.99954224
-1.3843670883058157,-1.3843670883058157,True,0.99981767,0.00018233896
0.722351758032472,0.722351758032472,True,7.6174736e-05,0.9999238
-1.3843670883058157,-1.3843670883058157,True,0.99991053,8.947808e-05
0.722351758032472,0.722351758032472,True,0.0047891736,0.9952108
0.722351758032472,0.722351758032472,True,4.7564507e-05,0.99995244
0.722351758032472,0.722351758032472,True,7.259846e-05,0.9999274
0.722351758032472,0.722351758032472,True,0.00033903122,0.99966097
-1.3843670883058157,-1.3843670883058157,True,0.9994191,0.00058091775
-1.3843670883058157,-1.3843670883058157,True,0.9999156,8.441085e-05
0.722351758032472,0.722351758032472,True,0.00012087822,0.9998791
0.722351758032472,0.722351758032472,True,0.0001500845,0.9998499
-1.3843670883058157,-1.3843670883058157,True,0.9999015,9.8552744e-05
-1.3843670883058157,-1.3843670883058157,True,0.99991083,8.9149245e-05
0.722351758032472,0.722351758032472,True,0.00034046173,0.99965954
0.722351758032472,0.722351758032472,True,0.0020914078,0.9979086
-1.3843670883058157,-1.3843670883058157,True,0.9999108,8.9200694e-05
-1.3843670883058157,-1.3843670883058157,True,0.9995576,0.000442408
0.722351758032472,0.722351758032472,True,6.0796738e-05,0.9999392
0.722351758032472,0.722351758032472,True,0.00016021729,0.9998398
0.722351758032472,0.722351758032472,True,0.00014173985,0.99985826
0.722351758032472,0.722351758032472,True,0.00013887882,0.9998611
-1.3843670883058157,-1.3843670883058157,True,0.9999031,9.692206e-05
0.722351758032472,0.722351758032472,True,0.00023394823,0.99976605
0.722351758032472,0.722351758032472,True,0.00013411045,0.9998659
-1.3843670883058157,-1.3843670883058157,True,0.9997746,0.00022544214
0.722351758032472,0.722351758032472,True,0.00015425682,0.99984574
-1.3843670883058157,-1.3843670883058157,True,0.9999047,9.5288895e-05
0.722351758032472,0.722351758032472,True,0.00065630674,0.9993437
-1.3843670883058157,-1.3843670883058157,True,0.99990994,9.007495e-05
0.722351758032472,0.722351758032472,True,0.00030970573,0.9996903
0.722351758032472,0.722351758032472,True,0.00014483929,0.99985516
-1.3843670883058157,-1.3843670883058157,True,0.99992025,7.972781e-05
0.722351758032472,0.722351758032472,True,7.6413155e-05,0.9999236
0.722351758032472,0.722351758032472,True,8.106232e-05,0.99991894
0.722351758032472,0.722351758032472,True,0.00014841557,0.9998516
0.722351758032472,0.722351758032472,True,0.0001155138,0.9998845
-1.3843670883058157,-1.3843670883058157,True,0.9993885,0.0006115
-1.3843670883058157,-1.3843670883058157,True,0.9999097,9.030527e-05
0.722351758032472,0.722351758032472,True,9.918213e-05,0.9999008
0.722351758032472,0.722351758032472,True,5.2332878e-05,0.99994767
0.722351758032472,0.722351758032472,True,6.055832e-05,0.99993944
-1.3843670883058157,-1.3843670883058157,True,0.9999062,9.380831e-05
0.722351758032472,0.722351758032472,True,9.727478e-05,0.9999027
0.722351758032472,0.722351758032472,True,0.00016915798,0.99983084
0.722351758032472,0.722351758032472,True,0.0001373291,0.9998627
0.722351758032472,0.722351758032472,True,0.0001269579,0.99987304
0.722351758032472,0.722351758032472,True,9.775162e-05,0.99990225
0.722351758032472,0.722351758032472,True,0.00010955334,0.99989045
0.722351758032472,0.722351758032472,True,0.00044316053,0.99955684
-1.3843670883058157,-1.3843670883058157,True,0.99989134,0.00010867357
-1.3843670883058157,-1.3843670883058157,True,0.99989027,0.0001097237
0.722351758032472,0.722351758032472,True,0.00026494265,0.99973506
0.722351758032472,0.722351758032472,True,0.00034594536,0.99965405
-1.3843670883058157,-1.3843670883058157,True,0.99958026,0.0004197135
0.722351758032472,0.722351758032472,True,0.00011205673,0.99988794
-1.3843670883058157,-1.3843670883058157,True,0.9999145,8.544528e-05
0.722351758032472,0.722351758032472,True,0.00021523237,0.99978477
0.722351758032472,0.722351758032472,True,0.0003131628,0.99968684
0.722351758032472,0.722351758032472,True,0.00016868114,0.9998313
0.722351758032472,0.722351758032472,True,5.209446e-05,0.9999479
0.722351758032472,0.722351758032472,True,8.4519386e-05,0.9999155
0.722351758032472,0.722351758032472,True,7.367134e-05,0.9999263
0.722351758032472,0.722351758032472,True,7.998943e-05,0.99992
-1.3843670883058157,-1.3843670883058157,True,0.99990916,9.086164e-05
0.722351758032472,0.722351758032472,True,0.00012779236,0.9998722
-1.3843670883058157,-1.3843670883058157,True,0.9998563,0.0001437285
0.722351758032472,0.722351758032472,True,0.00013709068,0.9998629
-1.3843670883058157,-1.3843670883058157,True,0.99954987,0.0004501364
-1.3843670883058157,-1.3843670883058157,True,0.99897647,0.0010235299
0.722351758032472,0.722351758032472,True,0.00019091368,0.9998091
-1.3843670883058157,-1.3843670883058157,True,0.99949056,0.0005094546
0.722351758032472,0.722351758032472,True,0.00018042326,0.9998196
0.722351758032472,0.722351758032472,True,0.00011050701,0.9998895
0.722351758032472,0.722351758032472,True,0.0007240176,0.999276
0.722351758032472,0.722351758032472,True,7.081032e-05,0.9999292
0.722351758032472,0.722351758032472,True,8.4638596e-05,0.99991536
0.722351758032472,0.722351758032472,True,0.00040966272,0.99959034
0.722351758032472,0.722351758032472,True,0.00017780066,0.9998222
-1.3843670883058157,-1.3843670883058157,True,0.99991554,8.446584e-05
-1.3843670883058157,-1.3843670883058157,True,0.99991167,8.830469e-05
0.722351758032472,0.722351758032472,True,0.00019592047,0.9998041
-1.3843670883058157,-1.3843670883058157,True,0.9998854,0.00011459052
0.722351758032472,0.722351758032472,True,6.854534e-05,0.99993145
-1.3843670883058157,-1.3843670883058157,True,0.9998291,0.00017085698
0.722351758032472,0.722351758032472,True,0.00017768145,0.9998223
-1.3843670883058157,-1.3843670883058157,True,0.99990296,9.7061806e-05
0.722351758032472,0.722351758032472,True,0.00012552738,0.9998745
0.722351758032472,0.722351758032472,True,8.547306e-05,0.9999145
-1.3843670883058157,-1.3843670883058157,True,0.9998493,0.00015069524
0.722351758032472,0.722351758032472,True,0.0006636977,0.9993363
-1.3843670883058157,-1.3843670883058157,True,0.9999121,8.7910725e-05
0.722351758032472,0.722351758032472,True,8.356571e-05,0.99991643
0.722351758032472,0.722351758032472,True,0.00018042326,0.9998196
-1.3843670883058157,-1.3843670883058157,True,0.9999234,7.656478e-05
0.722351758032472,0.722351758032472,True,0.00013899803,0.999861
0.722351758032472,0.722351758032472,True,7.2836876e-05,0.99992716
0.722351758032472,0.722351758032472,True,5.5789948e-05,0.9999442
0.722351758032472,0.722351758032472,True,0.00014340878,0.9998566
0.722351758032472,0.722351758032472,True,0.00031590462,0.9996841
-1.3843670883058157,-1.3843670883058157,True,0.9996962,0.00030379774
-1.3843670883058157,-1.3843670883058157,True,0.9997203,0.00027971424
-1.3843670883058157,-1.3843670883058157,True,0.99989855,0.00010143474
0.722351758032472,0.722351758032472,True,0.0005956888,0.9994043
0.722351758032472,0.722351758032472,True,0.0005106926,0.9994893
0.722351758032472,0.722351758032472,True,5.340576e-05,0.9999466
0.722351758032472,0.722351758032472,True,4.9352646e-05,0.99995065
-1.3843670883058157,-1.3843670883058157,True,0.9997603,0.00023965098
0.722351758032472,0.722351758032472,True,8.094311e-05,0.99991906
-1.3843670883058157,-1.3843670883058157,True,0.9997749,0.00022510707
0.722351758032472,0.722351758032472,True,6.186962e-05,0.99993813
0.722351758032472,0.722351758032472,True,0.00011575222,0.99988425
0.722351758032472,0.722351758032472,True,0.0006005764,0.9993994
0.722351758032472,0.722351758032472,True,0.00011754036,0.99988246
0.722351758032472,0.722351758032472,True,8.547306e-05,0.9999145
0.722351758032472,0.722351758032472,True,0.00016796589,0.99983203
-1.3843670883058157,-1.3843670883058157,True,0.9996518,0.00034821
-1.3843670883058157,-1.3843670883058157,True,0.9999112,8.8817644e-05
-1.3843670883058157,-1.3843670883058157,True,0.9998397,0.00016026913
0.722351758032472,0.722351758032472,True,0.00022274256,0.99977726
0.722351758032472,0.722351758032472,True,0.00011253357,0.99988747
-1.3843670883058157,-1.3843670883058157,True,0.99990916,9.082682e-05
0.722351758032472,0.722351758032472,True,0.000120162964,0.99987984
0.722351758032472,0.722351758032472,True,0.00045919418,0.9995408
-1.3843670883058157,-1.3843670883058157,True,0.9995338,0.0004662481
-1.3843670883058157,-1.3843670883058157,True,0.9999172,8.279854e-05
0.722351758032472,0.722351758032472,True,7.1167946e-05,0.99992883
0.722351758032472,0.722351758032472,True,0.00024741888,0.9997526
0.722351758032472,0.722351758032472,True,8.368492e-05,0.9999163
-1.3843670883058157,-1.3843670883058157,True,0.9997613,0.00023873465
-1.3843670883058157,-1.3843670883058157,True,0.9999034,9.664084e-05
0.722351758032472,0.722351758032472,True,0.0006750822,0.9993249
-1.3843670883058157,-1.3843670883058157,True,0.9998067,0.00019327509
0.722351758032472,0.722351758032472,True,0.00067305565,0.99932694
-1.3843670883058157,-1.3843670883058157,True,0.9999188,8.116167e-05
0.722351758032472,0.722351758032472,True,0.0031946898,0.9968053
0.722351758032472,0.722351758032472,True,0.00092720985,0.9990728
-1.3843670883058157,-1.3843670883058157,True,0.99975973,0.00024025154
0.722351758032472,0.722351758032472,True,0.00018185377,0.99981815
0.722351758032472,0.722351758032472,True,0.0003272295,0.9996728
0.722351758032472,0.722351758032472,True,0.000104665756,0.99989533
-1.3843670883058157,-1.3843670883058157,True,0.999893,0.00010697035
0.722351758032472,0.722351758032472,True,5.018711e-05,0.9999498
0.722351758032472,0.722351758032472,True,0.00026983023,0.99973017
-1.3843670883058157,-1.3843670883058157,True,0.9999134,8.662206e-05
0.722351758032472,0.722351758032472,True,0.00012087822,0.9998791
0.722351758032472,0.722351758032472,True,0.0003426075,0.9996574
0.722351758032472,0.722351758032472,True,0.00012040138,0.9998796
0.722351758032472,0.722351758032472,True,0.0003424883,0.9996575
0.722351758032472,0.722351758032472,True,0.00012516975,0.99987483
0.722351758032472,0.722351758032472,True,0.00021559,0.9997844
0.722351758032472,0.722351758032472,True,0.00018662214,0.9998134
-1.3843670883058157,-1.3843670883058157,True,0.9995497,0.00045033015
0.722351758032472,0.722351758032472,True,0.00013780594,0.9998622
0.722351758032472,0.722351758032472,True,0.00011372566,0.9998863
-1.3843670883058157,-1.3843670883058157,True,0.9999134,8.659299e-05
0.722351758032472,0.722351758032472,True,6.341934e-05,0.9999366
0.722351758032472,0.722351758032472,True,0.00012242794,0.9998776
0.722351758032472,0.722351758032472,True,0.00044590235,0.9995541
0.722351758032472,0.722351758032472,True,9.548664e-05,0.9999045
0.722351758032472,0.722351758032472,True,9.095669e-05,0.99990904
-1.3843670883058157,-1.3843670883058157,True,0.99961364,0.00038633108
0.722351758032472,0.722351758032472,True,0.001139164,0.99886084
0.722351758032472,0.722351758032472,True,0.00036418438,0.9996358
0.722351758032472,0.722351758032472,True,0.00023001432,0.99977
0.722351758032472,0.722351758032472,True,5.3286552e-05,0.9999467
0.722351758032472,0.722351758032472,True,0.00011742115,0.9998826
0.722351758032472,0.722351758032472,True,0.0017799735,0.99822
-1.3843670883058157,-1.3843670883058157,True,0.9999005,9.9463345e-05
0.722351758032472,0.722351758032472,True,0.00040870905,0.9995913
0.722351758032472,0.722351758032472,True,0.00013911724,0.9998609
0.722351758032472,0.722351758032472,True,0.004193306,0.9958067
0.722351758032472,0.722351758032472,True,0.00014436245,0.99985564
-1.3843670883058157,-1.3843670883058157,True,0.99984515,0.00015487084
0.722351758032472,0.722351758032472,True,0.00024074316,0.99975926
0.722351758032472,0.722351758032472,True,0.00014996529,0.99985003
0.722351758032472,0.722351758032472,True,0.0018677115,0.9981323
0.722351758032472,0.722351758032472,True,0.0005055666,0.99949443
-1.3843670883058157,-1.3843670883058157,True,0.99991333,8.66785e-05
0.722351758032472,0.722351758032472,True,0.00010788441,0.9998921
0.722351758032472,0.722351758032472,True,0.00014412403,0.9998559
0.722351758032472,0.722351758032472,True,5.6624413e-05,0.9999434
-1.3843670883058157,-1.3843670883058157,True,0.9998666,0.00013336672
0.722351758032472,0.722351758032472,True,0.000887692,0.9991123
-1.3843670883058157,-1.3843670883058157,True,0.9997088,0.00029123703
-1.3843670883058157,-1.3843670883058157,True,0.9999255,7.4534335e-05
0.722351758032472,0.722351758032472,True,0.0001975894,0.9998024
-1.3843670883058157,-1.3843670883058157,True,0.9997505,0.00024947978
0.722351758032472,0.722351758032472,True,8.046627e-05,0.99991953
0.722351758032472,0.722351758032472,True,0.00032758713,0.9996724
-1.3843670883058157,-1.3843670883058157,True,0.9999024,9.760197e-05
0.722351758032472,0.722351758032472,True,0.00010561943,0.9998944
0.722351758032472,0.722351758032472,True,0.00010931492,0.9998907
0.722351758032472,0.722351758032472,True,9.4652176e-05,0.99990535
-1.3843670883058157,-1.3843670883058157,True,0.9999153,8.470104e-05
0.722351758032472,0.722351758032472,True,0.00031137466,0.9996886
-1.3843670883058157,-1.3843670883058157,True,0.99939597,0.00060405675
0.722351758032472,0.722351758032472,True,0.00015091896,0.9998491
0.722351758032472,0.722351758032472,True,0.0003322363,0.99966776
0.722351758032472,0.722351758032472,True,0.0014081597,0.99859184
0.722351758032472,0.722351758032472,True,0.00038003922,0.99961996
0.722351758032472,0.722351758032472,True,0.0001757741,0.9998242
0.722351758032472,0.722351758032472,True,0.00012636185,0.99987364
-1.3843670883058157,-1.3843670883058157,True,0.9999069,9.312764e-05
0.722351758032472,0.722351758032472,True,5.3048134e-05,0.99994695
0.722351758032472,0.722351758032472,True,9.691715e-05,0.9999031
0.722351758032472,0.722351758032472,True,0.00020211935,0.9997979
0.722351758032472,0.722351758032472,True,0.00023192167,0.9997681
0.722351758032472,0.722351758032472,True,0.0003041029,0.9996959
0.722351758032472,0.722351758032472,True,0.00015234947,0.99984765
0.722351758032472,0.722351758032472,True,0.00040107965,0.9995989
0.722351758032472,0.722351758032472,True,0.00029879808,0.9997012
-1.3843670883058157,-1.3843670883058157,True,0.9998993,0.000100658894
-1.3843670883058157,-1.3843670883058157,True,0.99990225,9.776163e-05
0.722351758032472,0.722351758032472,True,0.00020188093,0.9997981
0.722351758032472,0.722351758032472,True,0.00030136108,0.99969864
0.722351758032472,0.722351758032472,True,0.00029176474,0.99970824
-1.3843670883058157,-1.3843670883058157,True,0.99981564,0.00018436517
0.722351758032472,0.722351758032472,True,0.0001835227,0.9998165
0.722351758032472,0.722351758032472,True,0.00026148558,0.9997385
0.722351758032472,0.722351758032472,True,6.878376e-05,0.9999312
0.722351758032472,0.722351758032472,True,5.5789948e-05,0.9999442
0.722351758032472,0.722351758032472,True,0.0001963973,0.9998036
0.722351758032472,0.722351758032472,True,7.200241e-05,0.999928
-1.3843670883058157,-1.3843670883058157,True,0.999912,8.799266e-05
0.722351758032472,0.722351758032472,True,7.009506e-05,0.9999299
0.722351758032472,0.722351758032472,True,8.511543e-05,0.9999149
0.722351758032472,0.722351758032472,True,8.08239e-05,0.9999192
-1.3843670883058157,-1.3843670883058157,True,0.9999127,8.733036e-05
-1.3843670883058157,-1.3843670883058157,True,0.9999126,8.737809e-05
0.722351758032472,0.722351758032472,True,9.536743e-05,0.99990463
0.722351758032472,0.722351758032472,True,7.760525e-05,0.9999224
-1.3843670883058157,-1.3843670883058157,True,0.99979067,0.00020933946
-1.3843670883058157,-1.3843670883058157,True,0.99975526,0.00024473516
0.722351758032472,0.722351758032472,True,0.0003759861,0.999624
0.722351758032472,0.722351758032472,True,7.56979e-05,0.9999243
0.722351758032472,0.722351758032472,True,0.00015437603,0.9998456
0.722351758032472,0.722351758032472,True,0.00077295303,0.99922705
0.722351758032472,0.722351758032472,True,6.0796738e-05,0.9999392
-1.3843670883058157,-1.3843670883058157,True,0.99981457,0.00018545247
0.722351758032472,0.722351758032472,True,5.3048134e-05,0.99994695
0.722351758032472,0.722351758032472,True,0.0002927184,0.9997073
-1.3843670883058157,-1.3843670883058157,True,0.99988574,0.0001142913
0.722351758032472,0.722351758032472,True,0.00040227175,0.9995977
-1.3843670883058157,-1.3843670883058157,True,0.9996857,0.0003142761
0.722351758032472,0.722351758032472,True,0.00018423796,0.99981576
0.722351758032472,0.722351758032472,True,0.000106334686,0.99989367
0.722351758032472,0.722351758032472,True,8.785725e-05,0.99991214
0.722351758032472,0.722351758032472,True,0.00010573864,0.99989426
0.722351758032472,0.722351758032472,True,7.3075294e-05,0.9999269
0.722351758032472,0.722351758032472,True,0.00011253357,0.99988747
0.722351758032472,0.722351758032472,True,8.833408e-05,0.99991167
0.722351758032472,0.722351758032472,True,0.00044041872,0.9995596
0.722351758032472,0.722351758032472,True,0.0066986084,0.9933014
0.722351758032472,0.722351758032472,True,0.00032889843,0.9996711
-1.3843670883058157,-1.3843670883058157,True,0.9997427,0.00025732274
0.722351758032472,0.722351758032472,True,0.000108242035,0.99989176
0.722351758032472,0.722351758032472,True,9.453297e-05,0.99990547
-1.3843670883058157,-1.3843670883058157,True,0.99992305,7.692638e-05
0.722351758032472,0.722351758032472,True,7.414818e-05,0.99992585
0.722351758032472,0.722351758032472,True,0.00015687943,0.9998431
-1.3843670883058157,-1.3843670883058157,True,0.99988675,0.00011325716
0.722351758032472,0.722351758032472,True,0.00045752525,0.9995425
-1.3843670883058157,-1.3843670883058157,True,0.99989176,0.000108218774
0.722351758032472,0.722351758032472,True,0.00040239096,0.9995976
-1.3843670883058157,-1.3843670883058157,True,0.9999125,8.747888e-05
0.722351758032472,0.722351758032472,True,0.00017249584,0.9998275
0.722351758032472,0.722351758032472,True,0.00012087822,0.9998791
-1.3843670883058157,-1.3843670883058157,True,0.9997907,0.00020930017
0.722351758032472,0.722351758032472,True,0.00016844273,0.99983156
0.722351758032472,0.722351758032472,True,0.00032770634,0.9996723
0.722351758032472,0.722351758032472,True,8.833408e-05,0.99991167
0.722351758032472,0.722351758032472,True,8.4877014e-05,0.9999151
0.722351758032472,0.722351758032472,True,0.0002951026,0.9997049
-1.3843670883058157,-1.3843670883058157,True,0.99991614,8.383456e-05
0.722351758032472,0.722351758032472,True,0.00037384033,0.99962616
0.722351758032472,0.722351758032472,True,0.0006414056,0.9993586
-1.3843670883058157,-1.3843670883058157,True,0.99983174,0.00016824462
0.722351758032472,0.722351758032472,True,8.261204e-05,0.9999174
0.722351758032472,0.722351758032472,True,0.00013053417,0.99986947
0.722351758032472,0.722351758032472,True,0.00024026632,0.99975973
-1.3843670883058157,-1.3843670883058157,True,0.9996919,0.00030810034
0.722351758032472,0.722351758032472,True,0.00024455786,0.99975544
0.722351758032472,0.722351758032472,True,0.0366382,0.9633618
-1.3843670883058157,-1.3843670883058157,True,0.9993102,0.0006898298
0.722351758032472,0.722351758032472,True,0.031682074,0.9683179
-1.3843670883058157,-1.3843670883058157,True,0.9997574,0.00024257675
-1.3843670883058157,-1.3843670883058157,True,0.9996932,0.00030675944
0.722351758032472,0.722351758032472,True,8.356571e-05,0.99991643
-1.3843670883058157,-1.3843670883058157,True,0.9999101,8.990642e-05
0.722351758032472,0.722351758032472,True,0.02514726,0.97485274
-1.3843670883058157,-1.3843670883058157,True,0.9999007,9.931568e-05
-1.3843670883058157,-1.3843670883058157,True,0.9998146,0.00018534923
0.722351758032472,0.722351758032472,True,4.7683716e-05,0.9999523
0.722351758032472,0.722351758032472,True,8.678436e-05,0.9999132
0.722351758032472,0.722351758032472,True,7.6532364e-05,0.99992347
-1.3843670883058157,-1.3843670883058157,True,0.9993756,0.00062439445
-1.3843670883058157,-1.3843670883058157,True,0.9997415,0.00025853165
0.722351758032472,0.722351758032472,True,0.00011861324,0.9998814
0.722351758032472,0.722351758032472,True,0.0007032156,0.9992968
-1.3843670883058157,-1.3843670883058157,True,0.9996254,0.00037459075
0.722351758032472,0.722351758032472,True,0.0005990267,0.999401
-1.3843670883058157,-1.3843670883058157,True,0.9999222,7.781076e-05
0.722351758032472,0.722351758032472,True,8.928776e-05,0.9999107
0.722351758032472,0.722351758032472,True,0.00021070242,0.9997893
0.722351758032472,0.722351758032472,True,5.8412552e-05,0.9999416
0.722351758032472,0.722351758032472,True,0.00029307604,0.9997069
0.722351758032472,0.722351758032472,True,0.00014615059,0.99985385
0.722351758032472,0.722351758032472,True,5.018711e-05,0.9999498
0.722351758032472,0.722351758032472,True,0.00022870302,0.9997713
0.722351758032472,0.722351758032472,True,0.00010561943,0.9998944
0.722351758032472,0.722351758032472,True,0.00026482344,0.9997352
-1.3843670883058157,-1.3843670883058157,True,0.9998157,0.00018428275
-1.3843670883058157,-1.3843670883058157,True,0.9994319,0.00056807155
0.722351758032472,0.722351758032472,True,5.6505203e-05,0.9999435
0.722351758032472,0.722351758032472,True,0.00013971329,0.9998603
0.722351758032472,0.722351758032472,True,0.026889026,0.973111
0.722351758032472,0.722351758032472,True,7.033348e-05,0.99992967
0.722351758032472,0.722351758032472,True,8.571148e-05,0.9999143
0.722351758032472,0.722351758032472,True,7.4505806e-05,0.9999255
0.722351758032472,0.722351758032472,True,5.3286552e-05,0.9999467
0.722351758032472,0.722351758032472,True,6.937981e-05,0.9999306
0.722351758032472,0.722351758032472,True,0.00018280745,0.9998172
-1.3843670883058157,-1.3843670883058157,True,0.9999074,9.260621e-05
0.722351758032472,0.722351758032472,True,0.00023216009,0.99976784
0.722351758032472,0.722351758032472,True,5.722046e-05,0.9999428
0.722351758032472,0.722351758032472,True,9.226799e-05,0.99990773
-1.3843670883058157,-1.3843670883058157,True,0.9994026,0.0005974142
-1.3843670883058157,-1.3843670883058157,True,0.9999033,9.666158e-05
-1.3843670883058157,-1.3843670883058157,True,0.99992424,7.57316e-05
0.722351758032472,0.722351758032472,True,7.998943e-05,0.99992
0.722351758032472,0.722351758032472,True,5.6028366e-05,0.999944
0.722351758032472,0.722351758032472,True,0.00019818544,0.9998018
-1.3843670883058157,-1.3843670883058157,True,0.99984825,0.00015175581
0.722351758032472,0.722351758032472,True,0.0011592507,0.99884075
0.722351758032472,0.722351758032472,True,0.000103235245,0.99989676
0.722351758032472,0.722351758032472,True,0.00027531385,0.9997247
0.722351758032472,0.722351758032472,True,0.00011265278,0.99988735
0.722351758032472,0.722351758032472,True,8.368492e-05,0.9999163
0.722351758032472,0.722351758032472,True,0.00016331673,0.9998367
0.722351758032472,0.722351758032472,True,0.00015199184,0.999848
0.722351758032472,0.722351758032472,True,7.343292e-05,0.99992657
0.722351758032472,0.722351758032472,True,7.6413155e-05,0.9999236
0.722351758032472,0.722351758032472,True,9.6321106e-05,0.9999037
0.722351758032472,0.722351758032472,True,9.453297e-05,0.99990547
0.722351758032472,0.722351758032472,True,0.00010955334,0.99989045
-1.3843670883058157,-1.3843670883058157,True,0.9997886,0.00021138934
0.722351758032472,0.722351758032472,True,0.00028020144,0.9997198
-1.3843670883058157,-1.3843670883058157,True,0.9999214,7.8627505e-05
-1.3843670883058157,-1.3843670883058157,True,0.9998255,0.00017454551
0.722351758032472,0.722351758032472,True,9.5009804e-05,0.999905
-1.3843670883058157,-1.3843670883058157,True,0.9998665,0.00013354259
-1.3843670883058157,-1.3843670883058157,True,0.99992174,7.8250894e-05
0.722351758032472,0.722351758032472,True,6.41346e-05,0.99993587
-1.3843670883058157,-1.3843670883058157,True,0.9998948,0.000105189465
0.722351758032472,0.722351758032472,True,0.00023394823,0.99976605
-1.3843670883058157,-1.3843670883058157,True,0.99952114,0.00047888875
0.722351758032472,0.722351758032472,True,0.00050616264,0.99949384
-1.3843670883058157,-1.3843670883058157,True,0.99968225,0.0003177665
0.722351758032472,0.722351758032472,True,0.0002194047,0.9997806
0.722351758032472,0.722351758032472,True,0.0003142357,0.99968576
0.722351758032472,0.722351758032472,True,0.00019520521,0.9998048
0.722351758032472,0.722351758032472,True,0.00017374754,0.99982625
0.722351758032472,0.722351758032472,True,6.1035156e-05,0.99993896
-1.3843670883058157,-1.3843670883058157,True,0.99991083,8.914262e-05
0.722351758032472,0.722351758032472,True,0.00055509806,0.9994449
-1.3843670883058157,-1.3843670883058157,True,0.999803,0.00019701252
0.722351758032472,0.722351758032472,True,0.00025373697,0.99974626
0.722351758032472,0.722351758032472,True,0.00013685226,0.99986315
0.722351758032472,0.722351758032472,True,0.0003452301,0.99965477
0.722351758032472,0.722351758032472,True,9.191036e-05,0.9999081
-1.3843670883058157,-1.3843670883058157,True,0.9999137,8.630693e-05
0.722351758032472,0.722351758032472,True,0.00024944544,0.99975055
0.722351758032472,0.722351758032472,True,0.30098474,0.69901526
0.722351758032472,0.722351758032472,True,0.00010967255,0.9998903
0.722351758032472,0.722351758032472,True,0.0003209114,0.9996791
0.722351758032472,0.722351758032472,True,7.1287155e-05,0.9999287
-1.3843670883058157,-1.3843670883058157,True,0.9999121,8.792188e-05
0.722351758032472,0.722351758032472,True,0.00013959408,0.9998604
0.722351758032472,0.722351758032472,True,0.00034725666,0.99965274
-1.3843670883058157,-1.3843670883058157,True,0.99988985,0.00011017873
0.722351758032472,0.722351758032472,True,0.00011742115,0.9998826
-1.3843670883058157,-1.3843670883058157,True,0.99966323,0.0003367847
-1.3843670883058157,-1.3843670883058157,True,0.99988794,0.00011204739
0.722351758032472,0.722351758032472,True,6.043911e-05,0.99993956
0.722351758032472,0.722351758032472,True,7.557869e-05,0.9999244
0.722351758032472,0.722351758032472,True,0.00010681152,0.9998932
0.722351758032472,0.722351758032472,True,6.067753e-05,0.9999393
0.722351758032472,0.722351758032472,True,0.033972263,0.96602774
-1.3843670883058157,-1.3843670883058157,True,0.99989593,0.00010407142
0.722351758032472,0.722351758032472,True,6.425381e-05,0.99993575
-1.3843670883058157,-1.3843670883058157,True,0.99982405,0.00017597464
0.722351758032472,0.722351758032472,True,0.00014698505,0.999853
-1.3843670883058157,-1.3843670883058157,True,0.99978185,0.0002181376
0.722351758032472,0.722351758032472,True,0.00064080954,0.9993592
0.722351758032472,0.722351758032472,True,8.4877014e-05,0.9999151
0.722351758032472,0.722351758032472,True,0.00043183565,0.99956816
-1.3843670883058157,-1.3843670883058157,True,0.9999051,9.486432e-05
0.722351758032472,0.722351758032472,True,0.00021892786,0.9997811
0.722351758032472,0.722351758032472,True,0.00011956692,0.99988043
0.722351758032472,0.722351758032472,True,0.00010693073,0.99989307
0.722351758032472,0.722351758032472,True,0.00031590462,0.9996841
0.722351758032472,0.722351758032472,True,5.7458878e-05,0.99994254
0.722351758032472,0.722351758032472,True,0.0007302165,0.9992698
0.722351758032472,0.722351758032472,True,9.572506e-05,0.9999043
0.722351758032472,0.722351758032472,True,0.00028425455,0.99971575
0.722351758032472,0.722351758032472,True,0.00020498037,0.999795
0.722351758032472,0.722351758032472,True,0.0001296997,0.9998703
0.722351758032472,0.722351758032472,True,0.0002747178,0.9997253
0.722351758032472,0.722351758032472,True,0.00048434734,0.99951565
-1.3843670883058157,-1.3843670883058157,True,0.999916,8.401214e-05
0.722351758032472,0.722351758032472,True,0.00016522408,0.9998348
0.722351758032472,0.722351758032472,True,6.41346e-05,0.99993587
0.722351758032472,0.722351758032472,True,7.891655e-05,0.9999211
0.722351758032472,0.722351758032472,True,0.00012779236,0.9998722
0.722351758032472,0.722351758032472,True,5.6147575e-05,0.99994385
0.722351758032472,0.722351758032472,True,0.00013434887,0.99986565
0.722351758032472,0.722351758032472,True,7.843971e-05,0.99992156
0.722351758032472,0.722351758032472,True,0.0001502037,0.9998498
-1.3843670883058157,-1.3843670883058157,True,0.999728,0.0002719549
0.722351758032472,0.722351758032472,True,7.6174736e-05,0.9999238
0.722351758032472,0.722351758032472,True,6.592274e-05,0.9999341
-1.3843670883058157,-1.3843670883058157,True,0.9996478,0.0003522092
0.722351758032472,0.722351758032472,True,5.8174133e-05,0.9999418
-1.3843670883058157,-1.3843670883058157,True,0.99953747,0.00046253193
0.722351758032472,0.722351758032472,True,0.0003851652,0.99961483
-1.3843670883058157,-1.3843670883058157,True,0.99992543,7.4582895e-05
0.722351758032472,0.722351758032472,True,8.356571e-05,0.99991643
-1.3843670883058157,-1.3843670883058157,True,0.9998936,0.00010641751
-1.3843670883058157,-1.3843670883058157,True,0.9998461,0.00015390322
-1.3843670883058157,-1.3843670883058157,True,0.9996737,0.0003262886
-1.3843670883058157,-1.3843670883058157,True,0.99980974,0.00019024384
0.722351758032472,0.722351758032472,True,0.0004221797,0.9995778
-1.3843670883058157,-1.3843670883058157,True,0.9999069,9.312382e-05
-1.3843670883058157,-1.3843670883058157,True,0.9998713,0.00012869504
0.722351758032472,0.722351758032472,True,8.559227e-05,0.9999144
-1.3843670883058157,-1.3843670883058157,True,0.99966204,0.0003379353
0.722351758032472,0.722351758032472,True,0.00019150972,0.9998085
-1.3843670883058157,-1.3843670883058157,True,0.99976623,0.00023376488
0.722351758032472,0.722351758032472,True,7.1167946e-05,0.99992883
-1.3843670883058157,-1.3843670883058157,True,0.99965286,0.00034711955
0.722351758032472,0.722351758032472,True,0.00029921532,0.9997008
-1.3843670883058157,-1.3843670883058157,True,0.99972093,0.0002790587
-1.3843670883058157,-1.3843670883058157,True,0.9997281,0.00027193106
-1.3843670883058157,-1.3843670883058157,True,0.999868,0.00013203733
-1.3843670883058157,-1.3843670883058157,True,0.9997761,0.00022388401
-1.3843670883058157,-1.3843670883058157,True,0.99990267,9.734061e-05
0.722351758032472,0.722351758032472,True,0.000103235245,0.99989676
-1.3843670883058157,-1.3843670883058157,True,0.9999004,9.958624e-05
0.722351758032472,0.722351758032472,True,0.0003080368,0.99969196
-1.3843670883058157,-1.3843670883058157,True,0.99969876,0.00030122025
-1.3843670883058157,-1.3843670883058157,True,0.9999114,8.857676e-05
-1.3843670883058157,-1.3843670883058157,True,0.9999105,8.9498564e-05
0.722351758032472,0.722351758032472,True,0.00016522408,0.9998348
0.722351758032472,0.722351758032472,True,6.723404e-05,0.99993277
0.722351758032472,0.722351758032472,True,0.00017851591,0.9998215
-1.3843670883058157,-1.3843670883058157,True,0.9999064,9.359128e-05
0.722351758032472,0.722351758032472,True,0.00013887882,0.9998611
0.722351758032472,0.722351758032472,True,7.7843666e-05,0.99992216
0.722351758032472,0.722351758032472,True,0.004896879,0.9951031
-1.3843670883058157,-1.3843670883058157,True,0.99990195,9.80533e-05
0.722351758032472,0.722351758032472,True,0.00011956692,0.99988043
0.722351758032472,0.722351758032472,True,0.043729544,0.95627046
-1.3843670883058157,-1.3843670883058157,True,0.9997942,0.00020580832
-1.3843670883058157,-1.3843670883058157,True,0.99991375,8.624514e-05
0.722351758032472,0.722351758032472,True,0.00011467934,0.9998853
0.722351758032472,0.722351758032472,True,0.0019691586,0.99803084
0.722351758032472,0.722351758032472,True,0.00018996,0.99981004
-1.3843670883058157,-1.3843670883058157,True,0.999912,8.79633e-05
-1.3843670883058157,-1.3843670883058157,True,0.9997846,0.00021540918
-1.3843670883058157,-1.3843670883058157,True,0.99991226,8.776473e-05
0.722351758032472,0.722351758032472,True,0.00012814999,0.99987185
-1.3843670883058157,-1.3843670883058157,True,0.9999126,8.7402426e-05
0.722351758032472,0.722351758032472,True,5.1617622e-05,0.9999484
0.722351758032472,0.722351758032472,True,0.000104904175,0.9998951
-1.3843670883058157,-1.3843670883058157,True,0.9999085,9.146678e-05
-1.3843670883058157,-1.3843670883058157,True,0.99988574,0.0001142634
0.722351758032472,0.722351758032472,True,6.6161156e-05,0.99993384
0.722351758032472,0.722351758032472,True,0.00021213293,0.99978787
-1.3843670883058157,-1.3843670883058157,True,0.99982905,0.00017094107
0.722351758032472,0.722351758032472,True,0.0045891404,0.99541086
0.722351758032472,0.722351758032472,True,6.771088e-05,0.9999323
-1.3843670883058157,-1.3843670883058157,True,0.99930423,0.00069575803
0.722351758032472,0.722351758032472,True,0.0007440448,0.99925596
0.722351758032472,0.722351758032472,True,0.00017625093,0.99982375
0.722351758032472,0.722351758032472,True,0.014855862,0.98514414
0.722351758032472,0.722351758032472,True,7.593632e-05,0.99992406
0.722351758032472,0.722351758032472,True,0.0002552867,0.9997447
-1.3843670883058157,-1.3843670883058157,True,0.99975073,0.0002492722
-1.3843670883058157,-1.3843670883058157,True,0.99991447,8.552981e-05
0.722351758032472,0.722351758032472,True,8.85725e-05,0.9999114
0.722351758032472,0.722351758032472,True,0.0003260374,0.99967396
-1.3843670883058157,-1.3843670883058157,True,0.9997782,0.0002217893
0.722351758032472,0.722351758032472,True,0.0313226,0.9686774
-1.3843670883058157,-1.3843670883058157,True,0.9999039,9.607823e-05
0.722351758032472,0.722351758032472,True,0.0022851229,0.9977149
0.722351758032472,0.722351758032472,True,0.00012791157,0.9998721
-1.3843670883058157,-1.3843670883058157,True,0.9995896,0.00041039506
0.722351758032472,0.722351758032472,True,0.0005329251,0.9994671
0.722351758032472,0.722351758032472,True,0.0006136894,0.9993863
0.722351758032472,0.722351758032472,True,0.00014519691,0.9998548
0.722351758032472,0.722351758032472,True,0.00018507242,0.9998149
0.722351758032472,0.722351758032472,True,0.00014078617,0.9998592
0.722351758032472,0.722351758032472,True,5.1617622e-05,0.9999484
0.722351758032472,0.722351758032472,True,0.10618639,0.8938136
-1.3843670883058157,-1.3843670883058157,True,0.99974376,0.00025626554
-1.3843670883058157,-1.3843670883058157,True,0.9999212,7.8809615e-05
0.722351758032472,0.722351758032472,True,0.0008134246,0.9991866
0.722351758032472,0.722351758032472,True,0.0003709793,0.999629
0.722351758032472,0.722351758032472,True,9.274483e-05,0.99990726
-1.3843670883058157,-1.3843670883058157,True,0.9997844,0.0002155754
0.722351758032472,0.722351758032472,True,0.0001462698,0.99985373
0.722351758032472,0.722351758032472,True,0.00013184547,0.99986815
0.722351758032472,0.722351758032472,True,9.715557e-05,0.99990284
0.722351758032472,0.722351758032472,True,0.0006068945,0.9993931
0.722351758032472,0.722351758032472,True,0.00011014938,0.99988985
0.722351758032472,0.722351758032472,True,8.7976456e-05,0.999912
-1.3843670883058157,-1.3843670883058157,True,0.9999057,9.4278046e-05
0.722351758032472,0.722351758032472,True,0.00028055906,0.99971944
-1.3843670883058157,-1.3843670883058157,True,0.99990255,9.746675e-05
0.722351758032472,0.722351758032472,True,0.00013899803,0.999861
0.722351758032472,0.722351758032472,True,0.0017609596,0.99823904
-1.3843670883058157,-1.3843670883058157,True,0.99991065,8.936553e-05
-1.3843670883058157,-1.3843670883058157,True,0.9998703,0.00012969872
-1.3843670883058157,-1.3843670883058157,True,0.999916,8.401214e-05
0.722351758032472,0.722351758032472,True,7.2956085e-05,0.99992704
-1.3843670883058157,-1.3843670883058157,True,0.9995314,0.00046860694
-1.3843670883058157,-1.3843670883058157,True,0.99985325,0.0001467248
0.722351758032472,0.722351758032472,True,0.00017684698,0.99982315
-1.3843670883058157,-1.3843670883058157,True,0.9998957,0.000104285595
-1.3843670883058157,-1.3843670883058157,True,0.99991274,8.724787e-05
-1.3843670883058157,-1.3843670883058157,True,0.99986863,0.00013136107
0.722351758032472,0.722351758032472,True,0.00019711256,0.9998029
0.722351758032472,0.722351758032472,True,0.00084233284,0.99915767
0.722351758032472,0.722351758032472,True,0.000108361244,0.99989164
0.722351758032472,0.722351758032472,True,7.843971e-05,0.99992156
0.722351758032472,0.722351758032472,True,0.0015381575,0.99846184
0.722351758032472,0.722351758032472,True,0.00012850761,0.9998715
0.722351758032472,0.722351758032472,True,0.00020188093,0.9997981
0.722351758032472,0.722351758032472,True,0.00016355515,0.99983644
0.722351758032472,0.722351758032472,True,0.00014555454,0.99985445
-1.3843670883058157,-1.3843670883058157,True,0.99991417,8.585799e-05
0.722351758032472,0.722351758032472,True,0.00017875433,0.99982125
0.722351758032472,0.722351758032472,True,0.00066679716,0.9993332
0.722351758032472,0.722351758032472,True,0.00010049343,0.9998995
-1.3843670883058157,-1.3843670883058157,True,0.9999095,9.048518e-05
0.722351758032472,0.722351758032472,True,0.00011408329,0.9998859
0.722351758032472,0.722351758032472,True,7.1167946e-05,0.99992883
0.722351758032472,0.722351758032472,True,6.067753e-05,0.9999393
0.722351758032472,0.722351758032472,True,0.00029820204,0.9997018
0.722351758032472,0.722351758032472,True,8.678436e-05,0.9999132
-1.3843670883058157,-1.3843670883058157,True,0.99970984,0.00029018245
0.722351758032472,0.722351758032472,True,0.00014936924,0.99985063
0.722351758032472,0.722351758032472,True,0.0022864342,0.99771357
0.722351758032472,0.722351758032472,True,0.00027555227,0.99972445
-1.3843670883058157,-1.3843670883058157,True,0.9999004,9.9598015e-05
0.722351758032472,0.722351758032472,True,0.00015163422,0.99984837
-1.3843670883058157,-1.3843670883058157,True,0.9998456,0.00015435558
0.722351758032472,0.722351758032472,True,0.00036549568,0.9996345
-1.3843670883058157,-1.3843670883058157,True,0.99948865,0.00051137514
0.722351758032472,0.722351758032472,True,7.927418e-05,0.9999207
-1.3843670883058157,-1.3843670883058157,True,0.99991286,8.716571e-05
0.722351758032472,0.722351758032472,True,0.00015544891,0.99984455
-1.3843670883058157,-1.3843670883058157,True,0.99991107,8.895419e-05
0.722351758032472,0.722351758032472,True,0.00042301416,0.999577
0.722351758032472,0.722351758032472,True,0.00026518106,0.9997348
0.722351758032472,0.722351758032472,True,0.0001629591,0.99983704
-1.3843670883058157,-1.3843670883058157,True,0.9996124,0.00038759102
0.722351758032472,0.722351758032472,True,0.00014770031,0.9998523
0.722351758032472,0.722351758032472,True,0.00013887882,0.9998611
0.722351758032472,0.722351758032472,True,0.00022310019,0.9997769
-1.3843670883058157,-1.3843670883058157,True,0.9999179,8.204777e-05
0.722351758032472,0.722351758032472,True,0.0005816221,0.9994184
-1.3843670883058157,-1.3843670883058157,True,0.99991435,8.562211e-05
0.722351758032472,0.722351758032472,True,0.00010049343,0.9998995
0.722351758032472,0.722351758032472,True,0.00012075901,0.99987924
0.722351758032472,0.722351758032472,True,8.1539154e-05,0.99991846
0.722351758032472,0.722351758032472,True,0.00017660856,0.9998234
0.722351758032472,0.722351758032472,True,0.00011074543,0.99988925
-1.3843670883058157,-1.3843670883058157,True,0.99990135,9.866699e-05
-1.3843670883058157,-1.3843670883058157,True,0.9998244,0.00017558293
0.722351758032472,0.722351758032472,True,0.00027245283,0.99972755
-1.3843670883058157,-1.3843670883058157,True,0.99990505,9.492612e-05
0.722351758032472,0.722351758032472,True,5.90086e-05,0.999941
0.722351758032472,0.722351758032472,True,0.0003335476,0.99966645
-1.3843670883058157,-1.3843670883058157,True,0.9999101,8.990642e-05
0.722351758032472,0.722351758032472,True,0.00076699257,0.999233
0.722351758032472,0.722351758032472,True,0.00036644936,0.99963355
0.722351758032472,0.722351758032472,True,0.00023776293,0.99976224
-1.3843670883058157,-1.3843670883058157,True,0.9999117,8.8266635e-05
0.722351758032472,0.722351758032472,True,0.0001642704,0.9998357
0.722351758032472,0.722351758032472,True,0.0001052618,0.99989474
-1.3843670883058157,-1.3843670883058157,True,0.9995222,0.00047781743
0.722351758032472,0.722351758032472,True,9.88245e-05,0.9999012
-1.3843670883058157,-1.3843670883058157,True,0.99991953,8.0473685e-05
-1.3843670883058157,-1.3843670883058157,True,0.9999173,8.26727e-05
-1.3843670883058157,-1.3843670883058157,True,0.9997009,0.0002990781
-1.3843670883058157,-1.3843670883058157,True,0.99990934,9.06593e-05
0.722351758032472,0.722351758032472,True,0.00024813414,0.99975187
0.722351758032472,0.722351758032472,True,0.00011873245,0.99988127
0.722351758032472,0.722351758032472,True,0.00040584803,0.99959415
-1.3843670883058157,-1.3843670883058157,True,0.99976504,0.00023499082
0.722351758032472,0.722351758032472,True,0.00034487247,0.9996551
0.722351758032472,0.722351758032472,True,0.00014233589,0.99985766
-1.3843670883058157,-1.3843670883058157,True,0.99983835,0.00016167201
-1.3843670883058157,-1.3843670883058157,True,0.9999021,9.7880475e-05
0.722351758032472,0.722351758032472,True,0.023834169,0.97616583
-1.3843670883058157,-1.3843670883058157,True,0.9999133,8.672546e-05
-1.3843670883058157,-1.3843670883058157,True,0.9996597,0.00034025934
-1.3843670883058157,-1.3843670883058157,True,0.99989986,0.000100145335
-1.3843670883058157,-1.3843670883058157,True,0.9999089,9.108528e-05
-1.3843670883058157,-1.3843670883058157,True,0.99981457,0.00018545035
0.722351758032472,0.722351758032472,True,0.0003091097,0.9996909
0.722351758032472,0.722351758032472,True,0.00042706728,0.99957293
0.722351758032472,0.722351758032472,True,5.6385994e-05,0.9999436
0.722351758032472,0.722351758032472,True,0.00097453594,0.99902546
0.722351758032472,0.722351758032472,True,5.376339e-05,0.99994624
-1.3843670883058157,-1.3843670883058157,True,0.9999163,8.369995e-05
-1.3843670883058157,-1.3843670883058157,True,0.9998272,0.00017280718
-1.3843670883058157,-1.3843670883058157,True,0.9998,0.00019995893
0.722351758032472,0.722351758032472,True,0.0001502037,0.9998498
0.722351758032472,0.722351758032472,True,0.000121593475,0.9998784
0.722351758032472,0.722351758032472,True,0.00023883581,0.99976116
-1.3843670883058157,-1.3843670883058157,True,0.9998386,0.00016140753
-1.3843670883058157,-1.3843670883058157,True,0.9998931,0.000106849446
0.722351758032472,0.722351758032472,True,0.00011968613,0.9998803
-1.3843670883058157,-1.3843670883058157,True,0.9999228,7.719261e-05
0.722351758032472,0.722351758032472,True,0.0002965331,0.99970347
0.722351758032472,0.722351758032472,True,0.0003517866,0.9996482
-1.3843670883058157,-1.3843670883058157,True,0.99956065,0.00043934592
-1.3843670883058157,-1.3843670883058157,True,0.9999134,8.662206e-05
0.722351758032472,0.722351758032472,True,0.00010037422,0.9998996
0.722351758032472,0.722351758032472,True,7.43866e-05,0.9999256
0.722351758032472,0.722351758032472,True,0.000121474266,0.9998785
0.722351758032472,0.722351758032472,True,0.00020593405,0.99979407
0.722351758032472,0.722351758032472,True,0.00024670362,0.9997533
-1.3843670883058157,-1.3843670883058157,True,0.99990773,9.227301e-05
0.722351758032472,0.722351758032472,True,0.00017267466,0.9998273
-1.3843670883058157,-1.3843670883058157,True,0.99986154,0.00013848473
0.722351758032472,0.722351758032472,True,5.3167343e-05,0.99994683
0.722351758032472,0.722351758032472,True,6.687641e-05,0.9999331
0.722351758032472,0.722351758032472,True,6.03199e-05,0.9999397
-1.3843670883058157,-1.3843670883058157,True,0.999626,0.00037404496
0.722351758032472,0.722351758032472,True,0.000101327896,0.9998987
0.722351758032472,0.722351758032472,True,0.00022786856,0.99977213
-1.3843670883058157,-1.3843670883058157,True,0.9996261,0.00037388402
-1.3843670883058157,-1.3843670883058157,True,0.9999142,8.577166e-05
-1.3843670883058157,-1.3843670883058157,True,0.9999185,8.147697e-05
0.722351758032472,0.722351758032472,True,6.842613e-05,0.9999316
-1.3843670883058157,-1.3843670883058157,True,0.99991584,8.41466e-05
0.722351758032472,0.722351758032472,True,0.00046396255,0.99953604
0.722351758032472,0.722351758032472,True,8.9883804e-05,0.9999101
-1.3843670883058157,-1.3843670883058157,True,0.9999112,8.883568e-05
-1.3843670883058157,-1.3843670883058157,True,0.9999155,8.4541585e-05
0.722351758032472,0.722351758032472,True,0.00010585785,0.99989414
0.722351758032472,0.722351758032472,True,0.00011384487,0.99988616
0.722351758032472,0.722351758032472,True,8.6426735e-05,0.9999136
0.722351758032472,0.722351758032472,True,0.000669837,0.99933016
0.722351758032472,0.722351758032472,True,0.030700803,0.9692992
0.722351758032472,0.722351758032472,True,0.000109791756,0.9998902
0.722351758032472,0.722351758032472,True,0.00025302172,0.999747
-1.3843670883058157,-1.3843670883058157,True,0.9999102,8.983803e-05
0.722351758032472,0.722351758032472,True,7.927418e-05,0.9999207
0.722351758032472,0.722351758032472,True,0.00014388561,0.9998561
0.722351758032472,0.722351758032472,True,9.858608e-05,0.9999014
-1.3843670883058157,-1.3843670883058157,True,0.9998754,0.00012457577
-1.3843670883058157,-1.3843670883058157,True,0.9998958,0.00010421472
-1.3843670883058157,-1.3843670883058157,True,0.9996117,0.00038834443
-1.3843670883058157,-1.3843670883058157,True,0.99970526,0.00029477355
-1.3843670883058157,-1.3843670883058157,True,0.99991554,8.446584e-05
-1.3843670883058157,-1.3843670883058157,True,0.9999095,9.047835e-05
0.722351758032472,0.722351758032472,True,0.00024467707,0.9997553
0.722351758032472,0.722351758032472,True,0.00044196844,0.99955803
0.722351758032472,0.722351758032472,True,0.001930058,0.99806994
0.722351758032472,0.722351758032472,True,0.00012433529,0.99987566
0.722351758032472,0.722351758032472,True,0.00018364191,0.99981636
0.722351758032472,0.722351758032472,True,0.0002772212,0.9997228
0.722351758032472,0.722351758032472,True,7.1406364e-05,0.9999286
0.722351758032472,0.722351758032472,True,0.00011277199,0.9998872
-1.3843670883058157,-1.3843670883058157,True,0.99979234,0.00020764972
-1.3843670883058157,-1.3843670883058157,True,0.9997318,0.0002682329
-1.3843670883058157,-1.3843670883058157,True,0.9999061,9.389244e-05
0.722351758032472,0.722351758032472,True,9.012222e-05,0.9999099
0.722351758032472,0.722351758032472,True,0.0003041029,0.9996959
0.722351758032472,0.722351758032472,True,0.00016593933,0.99983406
-1.3843670883058157,-1.3843670883058157,True,0.99990237,9.764368e-05
0.722351758032472,0.722351758032472,True,6.222725e-05,0.9999378
-1.3843670883058157,-1.3843670883058157,True,0.9999185,8.148925e-05
0.722351758032472,0.722351758032472,True,5.1259995e-05,0.99994874
-1.3843670883058157,-1.3843670883058157,True,0.9996129,0.00038708738
0.722351758032472,0.722351758032472,True,0.0001886487,0.99981135
0.722351758032472,0.722351758032472,True,7.021427e-05,0.9999298
0.722351758032472,0.722351758032472,True,0.00016963482,0.99983037
-1.3843670883058157,-1.3843670883058157,True,0.99991274,8.725079e-05
0.722351758032472,0.722351758032472,True,0.00015234947,0.99984765
-1.3843670883058157,-1.3843670883058157,True,0.99973345,0.000266547
-1.3843670883058157,-1.3843670883058157,True,0.99973303,0.00026694298
-1.3843670883058157,-1.3843670883058157,True,0.9998217,0.000178264
0.722351758032472,0.722351758032472,True,0.00026386976,0.99973613
-1.3843670883058157,-1.3843670883058157,True,0.9997016,0.00029840705
0.722351758032472,0.722351758032472,True,9.930134e-05,0.9999007
0.722351758032472,0.722351758032472,True,0.00017166138,0.99982834
-1.3843670883058157,-1.3843670883058157,True,0.9996949,0.00030511266
0.722351758032472,0.722351758032472,True,0.0006067753,0.9993932
-1.3843670883058157,-1.3843670883058157,True,0.9999156,8.437705e-05
-1.3843670883058157,-1.3843670883058157,True,0.99990135,9.866784e-05
0.722351758032472,0.722351758032472,True,0.00011718273,0.9998828
-1.3843670883058157,-1.3843670883058157,True,0.9999092,9.075798e-05
-1.3843670883058157,-1.3843670883058157,True,0.9999153,8.467318e-05
0.722351758032472,0.722351758032472,True,0.00026839972,0.9997316
-1.3843670883058157,-1.3843670883058157,True,0.99989635,0.00010364171
0.722351758032472,0.722351758032472,True,0.00011754036,0.99988246
0.722351758032472,0.722351758032472,True,0.00019651651,0.9998035
0.722351758032472,0.722351758032472,True,0.00021797419,0.999782
-1.3843670883058157,-1.3843670883058157,True,0.9998996,0.00010036101
0.722351758032472,0.722351758032472,True,0.0004082322,0.99959177
0.722351758032472,0.722351758032472,True,0.00024086237,0.99975914
-1.3843670883058157,-1.3843670883058157,True,0.99990106,9.8963246e-05
0.722351758032472,0.722351758032472,True,0.00028961897,0.9997104
0.722351758032472,0.722351758032472,True,0.000108003616,0.999892
-1.3843670883058157,-1.3843670883058157,True,0.99991435,8.567789e-05
0.722351758032472,0.722351758032472,True,0.00011050701,0.9998895
0.722351758032472,0.722351758032472,True,0.0004476905,0.9995523
-1.3843670883058157,-1.3843670883058157,True,0.99985266,0.00014735531
0.722351758032472,0.722351758032472,True,0.0007673502,0.99923265
0.722351758032472,0.722351758032472,True,8.034706e-05,0.99991965
0.722351758032472,0.722351758032472,True,0.00014638901,0.9998536
-1.3843670883058157,-1.3843670883058157,True,0.9998846,0.00011539581
-1.3843670883058157,-1.3843670883058157,True,0.9999132,8.679007e-05
-1.3843670883058157,-1.3843670883058157,True,0.9998885,0.000111495625
0.722351758032472,0.722351758032472,True,0.000100016594,0.9999
-1.3843670883058157,-1.3843670883058157,True,0.9996371,0.0003628994
-1.3843670883058157,-1.3843670883058157,True,0.9999158,8.420142e-05
0.722351758032472,0.722351758032472,True,0.00010097027,0.999899
0.722351758032472,0.722351758032472,True,0.00029981136,0.9997002
-1.3843670883058157,-1.3843670883058157,True,0.999772,0.00022799546
0.722351758032472,0.722351758032472,True,8.511543e-05,0.9999149
0.722351758032472,0.722351758032472,True,0.00011277199,0.9998872
0.722351758032472,0.722351758032472,True,7.6293945e-05,0.9999237
-1.3843670883058157,-1.3843670883058157,True,0.99991196,8.804647e-05
-1.3843670883058157,-1.3843670883058157,True,0.99982244,0.00017756812
-1.3843670883058157,-1.3843670883058157,True,0.9999189,8.1108825e-05
-1.3843670883058157,-1.3843670883058157,True,0.9998597,0.00014032588
-1.3843670883058157,-1.3843670883058157,True,0.9999107,8.9261535e-05
0.722351758032472,0.722351758032472,True,0.00010788441,0.9998921
-1.3843670883058157,-1.3843670883058157,True,0.9999114,8.855522e-05
0.722351758032472,0.722351758032472,True,6.2942505e-05,0.99993706
0.722351758032472,0.722351758032472,True,0.0001873374,0.99981266
0.722351758032472,0.722351758032472,True,0.00029957294,0.9997004
-1.3843670883058157,-1.3843670883058157,True,0.9998732,0.0001267571
0.722351758032472,0.722351758032472,True,0.00016713142,0.99983287
-1.3843670883058157,-1.3843670883058157,True,0.999911,8.898889e-05
0.722351758032472,0.722351758032472,True,7.3075294e-05,0.9999269
0.722351758032472,0.722351758032472,True,0.0004951954,0.9995048
0.722351758032472,0.722351758032472,True,0.0016192198,0.9983808
0.722351758032472,0.722351758032472,True,0.0063675046,0.9936325
0.722351758032472,0.722351758032472,True,0.0001052618,0.99989474
-1.3843670883058157,-1.3843670883058157,True,0.99991274,8.725079e-05
0.722351758032472,0.722351758032472,True,8.940697e-05,0.9999106
-1.3843670883058157,-1.3843670883058157,True,0.9997889,0.00021112346
0.722351758032472,0.722351758032472,True,0.00022178888,0.9997782
0.722351758032472,0.722351758032472,True,9.608269e-05,0.9999039
0.722351758032472,0.722351758032472,True,0.00022119284,0.9997788
-1.3843670883058157,-1.3843670883058157,True,0.99991274,8.724787e-05
0.722351758032472,0.722351758032472,True,6.759167e-05,0.9999324
-1.3843670883058157,-1.3843670883058157,True,0.99992204,7.795953e-05
0.722351758032472,0.722351758032472,True,6.2704086e-05,0.9999373
0.722351758032472,0.722351758032472,True,0.00015771389,0.9998423
-1.3843670883058157,-1.3843670883058157,True,0.9999034,9.664269e-05
0.722351758032472,0.722351758032472,True,0.00034463406,0.99965537
0.722351758032472,0.722351758032472,True,0.00031137466,0.9996886
0.722351758032472,0.722351758032472,True,9.274483e-05,0.99990726
-1.3843670883058157,-1.3843670883058157,True,0.9999099,9.0102876e-05
-1.3843670883058157,-1.3843670883058157,True,0.9997456,0.00025442068
0.722351758032472,0.722351758032472,True,0.00019568205,0.9998043
0.722351758032472,0.722351758032472,True,4.7802925e-05,0.9999522
0.722351758032472,0.722351758032472,True,0.00015342236,0.9998466
0.722351758032472,0.722351758032472,True,5.173683e-05,0.99994826
0.722351758032472,0.722351758032472,True,0.00028914213,0.99971086
0.722351758032472,0.722351758032472,True,7.331371e-05,0.9999267
0.722351758032472,0.722351758032472,True,0.0001385212,0.9998615
0.722351758032472,0.722351758032472,True,0.00031411648,0.9996859
-1.3843670883058157,-1.3843670883058157,True,0.99974525,0.00025472092
0.722351758032472,0.722351758032472,True,0.000121712685,0.9998783
-1.3843670883058157,-1.3843670883058157,True,0.99987584,0.00012417561
0.722351758032472,0.722351758032472,True,7.021427e-05,0.9999298
-1.3843670883058157,-1.3843670883058157,True,0.99992085,7.914816e-05
-1.3843670883058157,-1.3843670883058157,True,0.9999088,9.1220274e-05
0.722351758032472,0.722351758032472,True,9.6321106e-05,0.9999037
0.722351758032472,0.722351758032472,True,5.9843063e-05,0.99994016
0.722351758032472,0.722351758032472,True,0.00022190809,0.9997781
-1.3843670883058157,-1.3843670883058157,True,0.9998087,0.00019124906
-1.3843670883058157,-1.3843670883058157,True,0.9997337,0.00026631838
-1.3843670883058157,-1.3843670883058157,True,0.99991053,8.9439694e-05
0.722351758032472,0.722351758032472,True,0.00010716915,0.99989283
0.722351758032472,0.722351758032472,True,8.21352e-05,0.99991786
0.722351758032472,0.722351758032472,True,5.1379204e-05,0.9999486
0.722351758032472,0.722351758032472,True,0.00010704994,0.99989295
-1.3843670883058157,-1.3843670883058157,True,0.9999111,8.8891786e-05
0.722351758032472,0.722351758032472,True,0.00016248226,0.9998375
-1.3843670883058157,-1.3843670883058157,True,0.99972063,0.00027937576
0.722351758032472,0.722351758032472,True,8.4638596e-05,0.99991536
0.722351758032472,0.722351758032472,True,9.047985e-05,0.9999095
-1.3843670883058157,-1.3843670883058157,True,0.9998934,0.00010659666
0.722351758032472,0.722351758032472,True,7.033348e-05,0.99992967
-1.3843670883058157,-1.3843670883058157,True,0.9999076,9.240836e-05
0.722351758032472,0.722351758032472,True,5.9485435e-05,0.9999405
-1.3843670883058157,-1.3843670883058157,True,0.9999079,9.210598e-05
-1.3843670883058157,-1.3843670883058157,True,0.99984217,0.00015785656
-1.3843670883058157,-1.3843670883058157,True,0.99990565,9.437114e-05
0.722351758032472,0.722351758032472,True,0.00014197826,0.999858
-1.3843670883058157,-1.3843670883058157,True,0.9996685,0.00033149883
-1.3843670883058157,-1.3843670883058157,True,0.99990994,9.0079935e-05
0.722351758032472,0.722351758032472,True,0.00013566017,0.99986434
-1.3843670883058157,-1.3843670883058157,True,0.9998295,0.00017051601
0.722351758032472,0.722351758032472,True,0.00014793873,0.99985206
0.722351758032472,0.722351758032472,True,0.0001155138,0.9998845
0.722351758032472,0.722351758032472,True,0.00020390749,0.9997961
-1.3843670883058157,-1.3843670883058157,True,0.9999128,8.720794e-05
0.722351758032472,0.722351758032472,True,7.224083e-05,0.99992776
0.722351758032472,0.722351758032472,True,8.3088875e-05,0.9999169
0.722351758032472,0.722351758032472,True,0.00021845102,0.99978155
0.722351758032472,0.722351758032472,True,0.00010430813,0.9998957
0.722351758032472,0.722351758032472,True,7.2836876e-05,0.99992716
-1.3843670883058157,-1.3843670883058157,True,0.9999022,9.778653e-05
0.722351758032472,0.722351758032472,True,7.760525e-05,0.9999224
0.722351758032472,0.722351758032472,True,4.4703484e-05,0.9999553
0.722351758032472,0.722351758032472,True,0.00015687943,0.9998431
0.722351758032472,0.722351758032472,True,9.1314316e-05,0.9999087
0.722351758032472,0.722351758032472,True,6.54459e-05,0.99993455
-1.3843670883058157,-1.3843670883058157,True,0.99976146,0.00023856538
0.722351758032472,0.722351758032472,True,0.00011920929,0.9998808
0.722351758032472,0.722351758032472,True,5.9485435e-05,0.9999405
0.722351758032472,0.722351758032472,True,0.0005887747,0.9994112
0.722351758032472,0.722351758032472,True,0.00015413761,0.99984586
0.722351758032472,0.722351758032472,True,0.023736775,0.9762632
0.722351758032472,0.722351758032472,True,0.0002847314,0.99971527
0.722351758032472,0.722351758032472,True,0.00016212463,0.9998379
0.722351758032472,0.722351758032472,True,0.00039726496,0.99960274
0.722351758032472,0.722351758032472,True,0.00012552738,0.9998745
0.722351758032472,0.722351758032472,True,0.00011467934,0.9998853
0.722351758032472,0.722351758032472,True,8.2850456e-05,0.99991715
0.722351758032472,0.722351758032472,True,0.00028008223,0.9997199
-1.3843670883058157,-1.3843670883058157,True,0.99968475,0.00031523008
0.722351758032472,0.722351758032472,True,6.222725e-05,0.9999378
0.722351758032472,0.722351758032472,True,8.72612e-05,0.99991274
0.722351758032472,0.722351758032472,True,5.7697296e-05,0.9999423
0.722351758032472,0.722351758032472,True,0.0012655854,0.9987344
-1.3843670883058157,-1.3843670883058157,True,0.99989575,0.00010427128
0.722351758032472,0.722351758032472,True,7.021427e-05,0.9999298
-1.3843670883058157,-1.3843670883058157,True,0.9997951,0.00020490118
0.722351758032472,0.722351758032472,True,0.00078189373,0.9992181
0.722351758032472,0.722351758032472,True,0.00011181831,0.9998882
0.722351758032472,0.722351758032472,True,0.00020462275,0.9997954
0.722351758032472,0.722351758032472,True,0.00038796663,0.99961203
0.722351758032472,0.722351758032472,True,8.7976456e-05,0.999912
0.722351758032472,0.722351758032472,True,0.0027858615,0.99721414
0.722351758032472,0.722351758032472,True,0.00048947334,0.9995105
-1.3843670883058157,-1.3843670883058157,True,0.9999056,9.4442534e-05
0.722351758032472,0.722351758032472,True,7.021427e-05,0.9999298
0.722351758032472,0.722351758032472,True,0.0003296137,0.9996704
0.722351758032472,0.722351758032472,True,0.00017529726,0.9998247
0.722351758032472,0.722351758032472,True,7.1167946e-05,0.99992883
0.722351758032472,0.722351758032472,True,0.00041872263,0.9995813
0.722351758032472,0.722351758032472,True,6.604195e-05,0.99993396
0.722351758032472,0.722351758032472,True,0.00019425154,0.99980575
0.722351758032472,0.722351758032472,True,0.00018626451,0.99981374
-1.3843670883058157,-1.3843670883058157,True,0.9999076,9.23857e-05
-1.3843670883058157,-1.3843670883058157,True,0.99968714,0.00031286807
-1.3843670883058157,-1.3843670883058157,True,0.99979925,0.00020075803
-1.3843670883058157,-1.3843670883058157,True,0.9998453,0.0001546989
-1.3843670883058157,-1.3843670883058157,True,0.99925333,0.0007466755
-1.3843670883058157,-1.3843670883058157,True,0.999916,8.401214e-05
-1.3843670883058157,-1.3843670883058157,True,0.9999156,8.43863e-05
-1.3843670883058157,-1.3843670883058157,True,0.9997705,0.0002294599
0.722351758032472,0.722351758032472,True,0.00018578768,0.9998142
-1.3843670883058157,-1.3843670883058157,True,0.9999038,9.619227e-05
0.722351758032472,0.722351758032472,True,8.904934e-05,0.99991095
0.722351758032472,0.722351758032472,True,0.000200212,0.9997998
0.722351758032472,0.722351758032472,True,0.0001360178,0.999864
0.722351758032472,0.722351758032472,True,0.00025492907,0.9997451
0.722351758032472,0.722351758032472,True,7.939339e-05,0.9999206
0.722351758032472,0.722351758032472,True,0.00023561716,0.9997644
0.722351758032472,0.722351758032472,True,0.0019991994,0.9980008
0.722351758032472,0.722351758032472,True,0.0003466606,0.99965334
0.722351758032472,0.722351758032472,True,0.00060260296,0.9993974
0.722351758032472,0.722351758032472,True,5.8412552e-05,0.9999416
0.722351758032472,0.722351758032472,True,0.002069831,0.99793017
0.722351758032472,0.722351758032472,True,6.8068504e-05,0.99993193
0.722351758032472,0.722351758032472,True,5.352497e-05,0.9999465
0.722351758032472,0.722351758032472,True,0.00023537874,0.9997646
-1.3843670883058157,-1.3843670883058157,True,0.9999134,8.662206e-05
0.722351758032472,0.722351758032472,True,5.722046e-05,0.9999428
-1.3843670883058157,-1.3843670883058157,True,0.9998231,0.00017691324
0.722351758032472,0.722351758032472,True,5.4955482e-05,0.99994504
-1.3843670883058157,-1.3843670883058157,True,0.99961895,0.00038103468
0.722351758032472,0.722351758032472,True,0.00013887882,0.9998611
0.722351758032472,0.722351758032472,True,0.00019913912,0.99980086
-1.3843670883058157,-1.3843670883058157,True,0.9996833,0.00031670462
-1.3843670883058157,-1.3843670883058157,True,0.99990076,9.9235025e-05
0.722351758032472,0.722351758032472,True,0.00015258789,0.9998474
-1.3843670883058157,-1.3843670883058157,True,0.9999048,9.520942e-05
-1.3843670883058157,-1.3843670883058157,True,0.99984074,0.00015927326
-1.3843670883058157,-1.3843670883058157,True,0.9998997,0.000100299105
-1.3843670883058157,-1.3843670883058157,True,0.9999056,9.443758e-05
0.722351758032472,0.722351758032472,True,6.9499016e-05,0.9999305
0.722351758032472,0.722351758032472,True,0.00010740757,0.9998926
-1.3843670883058157,-1.3843670883058157,True,0.99982125,0.00017873
-1.3843670883058157,-1.3843670883058157,True,0.99940217,0.0005978289
-1.3843670883058157,-1.3843670883058157,True,0.9997272,0.00027280487
-1.3843670883058157,-1.3843670883058157,True,0.9996977,0.0003023069
0.722351758032472,0.722351758032472,True,5.4121017e-05,0.9999459
0.722351758032472,0.722351758032472,True,0.0001386404,0.99986136
0.722351758032472,0.722351758032472,True,0.013592899,0.9864071
0.722351758032472,0.722351758032472,True,0.0001090765,0.9998909
0.722351758032472,0.722351758032472,True,6.6161156e-05,0.99993384
-1.3843670883058157,-1.3843670883058157,True,0.9993772,0.0006228384
0.722351758032472,0.722351758032472,True,0.0070212483,0.99297875
0.722351758032472,0.722351758032472,True,0.00011968613,0.9998803
-1.3843670883058157,-1.3843670883058157,True,0.999913,8.7002445e-05
0.722351758032472,0.722351758032472,True,0.000644505,0.9993555
0.722351758032472,0.722351758032472,True,0.00032281876,0.9996772
-1.3843670883058157,-1.3843670883058157,True,0.9998988,0.00010118145
0.722351758032472,0.722351758032472,True,0.00020617247,0.9997938
-1.3843670883058157,-1.3843670883058157,True,0.9999097,9.0323534e-05
0.722351758032472,0.722351758032472,True,6.854534e-05,0.99993145
-1.3843670883058157,-1.3843670883058157,True,0.9999029,9.707763e-05
-1.3843670883058157,-1.3843670883058157,True,0.9997792,0.00022079615
0.722351758032472,0.722351758032472,True,6.592274e-05,0.9999341
0.722351758032472,0.722351758032472,True,6.2823296e-05,0.9999372
0.722351758032472,0.722351758032472,True,0.00022441149,0.9997756
0.722351758032472,0.722351758032472,True,0.00012528896,0.9998747
0.722351758032472,0.722351758032472,True,0.00011396408,0.99988604
0.722351758032472,0.722351758032472,True,0.00018054247,0.99981946
0.722351758032472,0.722351758032472,True,0.00024431944,0.9997557
-1.3843670883058157,-1.3843670883058157,True,0.99949634,0.00050368306
0.722351758032472,0.722351758032472,True,0.00019723177,0.99980277
-1.3843670883058157,-1.3843670883058157,True,0.9999142,8.577166e-05
-1.3843670883058157,-1.3843670883058157,True,0.99991596,8.406688e-05
-1.3843670883058157,-1.3843670883058157,True,0.9997269,0.0002731351
0.722351758032472,0.722351758032472,True,0.0001244545,0.99987555
0.722351758032472,0.722351758032472,True,0.00024682283,0.9997532
0.722351758032472,0.722351758032472,True,5.8412552e-05,0.9999416
-1.3843670883058157,-1.3843670883058157,True,0.99921286,0.000787119
-1.3843670883058157,-1.3843670883058157,True,0.9998697,0.00013026837
-1.3843670883058157,0.722351758032472,False,0.04649514,0.95350486
0.722351758032472,0.722351758032472,True,0.00014400482,0.999856
0.722351758032472,0.722351758032472,True,0.00013875961,0.99986124
-1.3843670883058157,-1.3843670883058157,True,0.9998897,0.000110335066
-1.3843670883058157,-1.3843670883058157,True,0.99905366,0.000946355
0.722351758032472,0.722351758032472,True,0.00010454655,0.99989545
0.722351758032472,0.722351758032472,True,0.00012874603,0.99987125
0.722351758032472,0.722351758032472,True,0.0001655817,0.9998344
-1.3843670883058157,-1.3843670883058157,True,0.9998553,0.00014473494
-1.3843670883058157,-1.3843670883058157,True,0.999832,0.00016800672
0.722351758032472,0.722351758032472,True,0.00034701824,0.999653
0.722351758032472,0.722351758032472,True,0.0023112297,0.9976888
0.722351758032472,0.722351758032472,True,4.7683716e-05,0.9999523
-1.3843670883058157,-1.3843670883058157,True,0.99983275,0.00016723348
0.722351758032472,0.722351758032472,True,8.511543e-05,0.9999149
-1.3843670883058157,-1.3843670883058157,True,0.99974245,0.00025752548
0.722351758032472,0.722351758032472,True,0.0004541278,0.9995459
-1.3843670883058157,-1.3843670883058157,True,0.9999099,9.014447e-05
0.722351758032472,0.722351758032472,True,0.00035488605,0.9996451
0.722351758032472,0.722351758032472,True,0.000105023384,0.999895
0.722351758032472,0.722351758032472,True,5.9962273e-05,0.99994004
-1.3843670883058157,-1.3843670883058157,True,0.99991137,8.861291e-05
0.722351758032472,0.722351758032472,True,5.686283e-05,0.99994314
-1.3843670883058157,-1.3843670883058157,True,0.9999064,9.3578965e-05
-1.3843670883058157,-1.3843670883058157,True,0.99991226,8.773779e-05
0.722351758032472,0.722351758032472,True,0.00010347366,0.9998965
0.722351758032472,0.722351758032472,True,0.0001705885,0.9998294
0.722351758032472,0.722351758032472,True,6.556511e-05,0.99993443
0.722351758032472,0.722351758032472,True,0.00020211935,0.9997979
0.722351758032472,0.722351758032472,True,8.666515e-05,0.99991333
0.722351758032472,0.722351758032472,True,6.771088e-05,0.9999323
-1.3843670883058157,-1.3843670883058157,True,0.9996268,0.0003731661
0.722351758032472,0.722351758032472,True,0.00026518106,0.9997348
-1.3843670883058157,-1.3843670883058157,True,0.9997643,0.00023565518
-1.3843670883058157,-1.3843670883058157,True,0.99991304,8.69458e-05
0.722351758032472,0.722351758032472,True,0.0002450347,0.99975497
0.722351758032472,0.722351758032472,True,0.00021022558,0.9997898
-1.3843670883058157,-1.3843670883058157,True,0.99991584,8.41466e-05
-1.3843670883058157,-1.3843670883058157,True,0.9999155,8.454788e-05
0.722351758032472,0.722351758032472,True,7.1167946e-05,0.99992883
0.722351758032472,0.722351758032472,True,0.00015795231,0.99984205
-1.3843670883058157,-1.3843670883058157,True,0.9998839,0.00011611504
0.722351758032472,0.722351758032472,True,5.0663948e-05,0.99994934
0.722351758032472,0.722351758032472,True,0.00031077862,0.9996892
0.722351758032472,0.722351758032472,True,8.273125e-05,0.99991727
0.722351758032472,0.722351758032472,True,0.0021640658,0.99783593
-1.3843670883058157,-1.3843670883058157,True,0.99991304,8.698022e-05
-1.3843670883058157,-1.3843670883058157,True,0.99976504,0.00023496349
0.722351758032472,0.722351758032472,True,0.0002245307,0.99977547
0.722351758032472,0.722351758032472,True,0.00032317638,0.9996768
0.722351758032472,0.722351758032472,True,0.00020772219,0.9997923
0.722351758032472,0.722351758032472,True,0.00028699636,0.999713
0.722351758032472,0.722351758032472,True,0.00021237135,0.9997876
-1.3843670883058157,-1.3843670883058157,True,0.9999138,8.6187836e-05
0.722351758032472,0.722351758032472,True,0.0005283952,0.9994716
0.722351758032472,0.722351758032472,True,0.00011253357,0.99988747
0.722351758032472,0.722351758032472,True,0.00010931492,0.9998907
-1.3843670883058157,-1.3843670883058157,True,0.99990696,9.3067e-05
-1.3843670883058157,-1.3843670883058157,True,0.9999126,8.7367676e-05
-1.3843670883058157,-1.3843670883058157,True,0.9997973,0.00020273746
-1.3843670883058157,-1.3843670883058157,True,0.9998783,0.00012168372
0.722351758032472,0.722351758032472,True,0.0010888577,0.99891114
-1.3843670883058157,-1.3843670883058157,True,0.9998996,0.00010039988
0.722351758032472,0.722351758032472,True,0.0040430427,0.99595696
0.722351758032472,0.722351758032472,True,0.0001718998,0.9998281
-1.3843670883058157,-1.3843670883058157,True,0.99967086,0.00032915268
0.722351758032472,0.722351758032472,True,0.00029236078,0.99970764
0.722351758032472,0.722351758032472,True,4.8160553e-05,0.99995184
0.722351758032472,0.722351758032472,True,0.0001360178,0.999864
0.722351758032472,0.722351758032472,True,0.0005232692,0.99947673
0.722351758032472,0.722351758032472,True,8.666515e-05,0.99991333
-1.3843670883058157,-1.3843670883058157,True,0.999913,8.703315e-05
0.722351758032472,0.722351758032472,True,0.00016641617,0.9998336
-1.3843670883058157,-1.3843670883058157,True,0.9999098,9.016579e-05
0.722351758032472,0.722351758032472,True,7.021427e-05,0.9999298
0.722351758032472,0.722351758032472,True,0.0020064116,0.9979936
0.722351758032472,0.722351758032472,True,0.00019985437,0.99980015
0.722351758032472,0.722351758032472,True,0.00011372566,0.9998863
0.722351758032472,0.722351758032472,True,0.0012560487,0.99874395
0.722351758032472,0.722351758032472,True,7.164478e-05,0.99992836
0.722351758032472,0.722351758032472,True,0.00011134148,0.99988866
-1.3843670883058157,-1.3843670883058157,True,0.9998879,0.000112104564
0.722351758032472,0.722351758032472,True,0.00023025274,0.99976975
-1.3843670883058157,-1.3843670883058157,True,0.9999003,9.972499e-05
-1.3843670883058157,-1.3843670883058157,True,0.99985,0.00015003112
-1.3843670883058157,-1.3843670883058157,True,0.9993409,0.00065909716
0.722351758032472,0.722351758032472,True,0.0006853342,0.99931467
0.722351758032472,0.722351758032472,True,7.1525574e-05,0.9999285
0.722351758032472,0.722351758032472,True,8.201599e-05,0.999918
0.722351758032472,0.722351758032472,True,0.00013101101,0.999869
0.722351758032472,0.722351758032472,True,0.00012135506,0.99987864
0.722351758032472,0.722351758032472,True,0.00020617247,0.9997938
0.722351758032472,0.722351758032472,True,0.00014615059,0.99985385
0.722351758032472,0.722351758032472,True,8.3208084e-05,0.9999168
0.722351758032472,0.722351758032472,True,0.00014173985,0.99985826
0.722351758032472,0.722351758032472,True,8.034706e-05,0.99991965
0.722351758032472,0.722351758032472,True,8.010864e-05,0.9999199
0.722351758032472,0.722351758032472,True,4.87566e-05,0.99995124
0.722351758032472,0.722351758032472,True,0.00362885,0.99637115
0.722351758032472,0.722351758032472,True,0.00017935038,0.99982065
0.722351758032472,0.722351758032472,True,0.00010931492,0.9998907
0.722351758032472,0.722351758032472,True,0.00093251467,0.9990675
0.722351758032472,0.722351758032472,True,0.079055786,0.9209442
0.722351758032472,0.722351758032472,True,0.00020998716,0.99979
-1.3843670883058157,-1.3843670883058157,True,0.99976367,0.00023633719
0.722351758032472,0.722351758032472,True,0.00010180473,0.9998982
0.722351758032472,0.722351758032472,True,0.00015461445,0.9998454
0.722351758032472,0.722351758032472,True,0.00027436018,0.99972564
-1.3843670883058157,-1.3843670883058157,True,0.9998868,0.00011317079
0.722351758032472,0.722351758032472,True,7.677078e-05,0.9999232
0.722351758032472,0.722351758032472,True,7.534027e-05,0.99992466
0.722351758032472,0.722351758032472,True,0.00012850761,0.9998715
0.722351758032472,0.722351758032472,True,8.785725e-05,0.99991214
0.722351758032472,0.722351758032472,True,6.1154366e-05,0.99993885
-1.3843670883058157,-1.3843670883058157,True,0.99992055,7.943844e-05
-1.3843670883058157,-1.3843670883058157,True,0.9998302,0.00016978901
-1.3843670883058157,-1.3843670883058157,True,0.99991435,8.567789e-05
-1.3843670883058157,-1.3843670883058157,True,0.9998084,0.00019160149
0.722351758032472,0.722351758032472,True,0.00021928549,0.9997807
0.722351758032472,0.722351758032472,True,0.00012731552,0.9998727
-1.3843670883058157,-1.3843670883058157,True,0.99982834,0.00017165433
-1.3843670883058157,-1.3843670883058157,True,0.9998456,0.00015435499
0.722351758032472,0.722351758032472,True,0.00016415119,0.99983585
0.722351758032472,0.722351758032472,True,0.00012075901,0.99987924
-1.3843670883058157,-1.3843670883058157,True,0.99991846,8.152585e-05
0.722351758032472,0.722351758032472,True,9.930134e-05,0.9999007
0.722351758032472,0.722351758032472,True,0.00020390749,0.9997961
0.722351758032472,0.722351758032472,True,0.00032413006,0.99967587
-1.3843670883058157,-1.3843670883058157,True,0.99985856,0.0001414398
0.722351758032472,0.722351758032472,True,0.0001591444,0.99984086
0.722351758032472,0.722351758032472,True,0.0001142025,0.9998858
-1.3843670883058157,-1.3843670883058157,True,0.99991375,8.624514e-05
0.722351758032472,0.722351758032472,True,0.00018185377,0.99981815
-1.3843670883058157,-1.3843670883058157,True,0.99991184,8.816611e-05
-1.3843670883058157,-1.3843670883058157,True,0.9996473,0.0003526939
0.722351758032472,0.722351758032472,True,0.00048470497,0.9995153
0.722351758032472,0.722351758032472,True,0.000461936,0.99953806
0.722351758032472,0.722351758032472,True,7.033348e-05,0.99992967
0.722351758032472,0.722351758032472,True,0.00029093027,0.99970907
0.722351758032472,0.722351758032472,True,6.592274e-05,0.9999341
-1.3843670883058157,-1.3843670883058157,True,0.9998396,0.000160374
0.722351758032472,0.722351758032472,True,8.8095665e-05,0.9999119
0.722351758032472,0.722351758032472,True,0.00027114153,0.99972886
0.722351758032472,0.722351758032472,True,0.00088340044,0.9991166
0.722351758032472,0.722351758032472,True,8.404255e-05,0.99991596
-1.3843670883058157,-1.3843670883058157,True,0.9998346,0.00016540907
0.722351758032472,0.722351758032472,True,7.164478e-05,0.99992836
0.722351758032472,0.722351758032472,True,5.4121017e-05,0.9999459
0.722351758032472,0.722351758032472,True,0.0001052618,0.99989474
0.722351758032472,0.722351758032472,True,0.00010561943,0.9998944
-1.3843670883058157,-1.3843670883058157,True,0.9999139,8.613813e-05
0.722351758032472,0.722351758032472,True,0.00013196468,0.99986804
-1.3843670883058157,-1.3843670883058157,True,0.99987286,0.0001271492
-1.3843670883058157,-1.3843670883058157,True,0.9997592,0.00024079664
-1.3843670883058157,-1.3843670883058157,True,0.9999067,9.327233e-05
-1.3843670883058157,-1.3843670883058157,True,0.9998309,0.00016909944
0.722351758032472,0.722351758032472,True,0.0002925992,0.9997074
-1.3843670883058157,-1.3843670883058157,True,0.9998271,0.00017289784
-1.3843670883058157,-1.3843670883058157,True,0.99989223,0.00010776946
-1.3843670883058157,-1.3843670883058157,True,0.9998189,0.00018105244
0.722351758032472,0.722351758032472,True,9.036064e-05,0.99990964
-1.3843670883058157,-1.3843670883058157,True,0.99988943,0.00011057205
-1.3843670883058157,-1.3843670883058157,True,0.9999133,8.672562e-05
-1.3843670883058157,-1.3843670883058157,True,0.99967563,0.00032438667
0.722351758032472,0.722351758032472,True,9.9658966e-05,0.99990034
-1.3843670883058157,-1.3843670883058157,True,0.9997337,0.00026633538
-1.3843670883058157,-1.3843670883058157,True,0.9998063,0.00019371345
0.722351758032472,0.722351758032472,True,8.499622e-05,0.999915
0.722351758032472,0.722351758032472,True,0.0002475381,0.99975246
-1.3843670883058157,-1.3843670883058157,True,0.99989486,0.00010515777
0.722351758032472,0.722351758032472,True,0.00038039684,0.9996196
0.722351758032472,0.722351758032472,True,0.000114917755,0.9998851
0.722351758032472,0.722351758032472,True,0.0018330812,0.9981669
0.722351758032472,0.722351758032472,True,0.00016057491,0.9998394
0.722351758032472,0.722351758032472,True,7.522106e-05,0.9999248
0.722351758032472,0.722351758032472,True,0.00012278557,0.9998772
0.722351758032472,0.722351758032472,True,8.2969666e-05,0.99991703
-1.3843670883058157,-1.3843670883058157,True,0.9999137,8.630018e-05
-1.3843670883058157,-1.3843670883058157,True,0.9998036,0.00019638159
0.722351758032472,0.722351758032472,True,0.04113835,0.95886165
-1.3843670883058157,-1.3843670883058157,True,0.9995972,0.00040279247
0.722351758032472,0.722351758032472,True,0.0004632473,0.99953675
-1.3843670883058157,-1.3843670883058157,True,0.9994587,0.00054131437
0.722351758032472,0.722351758032472,True,9.5009804e-05,0.999905
0.722351758032472,0.722351758032472,True,0.00011193752,0.99988806
0.722351758032472,0.722351758032472,True,0.00015056133,0.99984944
-1.3843670883058157,-1.3843670883058157,True,0.9997279,0.00027212244
0.722351758032472,0.722351758032472,True,0.00014078617,0.9998592
-1.3843670883058157,-1.3843670883058157,True,0.99991214,8.7853485e-05
-1.3843670883058157,-1.3843670883058157,True,0.9999179,8.208111e-05
-1.3843670883058157,-1.3843670883058157,True,0.9998826,0.00011741485
0.722351758032472,0.722351758032472,True,0.0013688207,0.9986312
0.722351758032472,0.722351758032472,True,0.00048220158,0.9995178
0.722351758032472,0.722351758032472,True,9.524822e-05,0.99990475
-1.3843670883058157,-1.3843670883058157,True,0.99975103,0.00024895894
0.722351758032472,0.722351758032472,True,0.00026339293,0.9997366
0.722351758032472,0.722351758032472,True,8.225441e-05,0.99991775
-1.3843670883058157,-1.3843670883058157,True,0.9999127,8.733036e-05
0.722351758032472,0.722351758032472,True,0.00011909008,0.9998809
0.722351758032472,0.722351758032472,True,7.2956085e-05,0.99992704
-1.3843670883058157,-1.3843670883058157,True,0.99959326,0.00040672257
0.722351758032472,0.722351758032472,True,5.6624413e-05,0.9999434
0.722351758032472,0.722351758032472,True,0.000111699104,0.9998883
0.722351758032472,0.722351758032472,True,0.00024491549,0.9997551
0.722351758032472,0.722351758032472,True,4.9352646e-05,0.99995065
-1.3843670883058157,-1.3843670883058157,True,0.9999061,9.386021e-05
-1.3843670883058157,-1.3843670883058157,True,0.9996913,0.00030868014
0.722351758032472,0.722351758032472,True,0.0005774498,0.99942255
0.722351758032472,0.722351758032472,True,8.535385e-05,0.99991465
0.722351758032472,0.722351758032472,True,6.03199e-05,0.9999397
0.722351758032472,0.722351758032472,True,6.401539e-05,0.999936
-1.3843670883058157,-1.3843670883058157,True,0.99989694,0.000103074104
0.722351758032472,0.722351758032472,True,7.760525e-05,0.9999224
0.722351758032472,0.722351758032472,True,8.904934e-05,0.99991095
0.722351758032472,0.722351758032472,True,5.1498413e-05,0.9999485
0.722351758032472,0.722351758032472,True,0.000113487244,0.9998865
-1.3843670883058157,-1.3843670883058157,True,0.9999149,8.514141e-05
0.722351758032472,0.722351758032472,True,0.0004620552,0.99953794
0.722351758032472,0.722351758032472,True,0.00016868114,0.9998313
0.722351758032472,0.722351758032472,True,0.00018936396,0.99981064
-1.3843670883058157,-1.3843670883058157,True,0.99990255,9.746675e-05
0.722351758032472,0.722351758032472,True,7.1167946e-05,0.99992883
0.722351758032472,0.722351758032472,True,0.00024873018,0.99975127
0.722351758032472,0.722351758032472,True,9.4771385e-05,0.9999052
0.722351758032472,0.722351758032472,True,4.196167e-05,0.99995804
0.722351758032472,0.722351758032472,True,0.00021010637,0.9997899
-1.3843670883058157,-1.3843670883058157,True,0.9997521,0.00024790489
0.722351758032472,0.722351758032472,True,0.00011277199,0.9998872
0.722351758032472,0.722351758032472,True,0.000116467476,0.99988353
0.722351758032472,0.722351758032472,True,0.00018709898,0.9998129
-1.3843670883058157,-1.3843670883058157,True,0.9996435,0.0003565122
0.722351758032472,0.722351758032472,True,0.028810024,0.97119
0.722351758032472,0.722351758032472,True,8.893013e-05,0.99991107
0.722351758032472,0.722351758032472,True,0.00010430813,0.9998957
0.722351758032472,0.722351758032472,True,7.331371e-05,0.9999267
0.722351758032472,0.722351758032472,True,5.38826e-05,0.9999461
-1.3843670883058157,-1.3843670883058157,True,0.9999119,8.8106266e-05
0.722351758032472,0.722351758032472,True,0.00021094084,0.99978906
-1.3843670883058157,-1.3843670883058157,True,0.9994437,0.0005563012
-1.3843670883058157,-1.3843670883058157,True,0.999631,0.00036902176
0.722351758032472,0.722351758032472,True,0.00016283989,0.99983716
0.722351758032472,0.722351758032472,True,0.00032138824,0.9996786
0.722351758032472,0.722351758032472,True,0.00013267994,0.9998673
0.722351758032472,0.722351758032472,True,0.00014424324,0.99985576
0.722351758032472,0.722351758032472,True,4.9829483e-05,0.9999502
0.722351758032472,0.722351758032472,True,7.212162e-05,0.9999279
0.722351758032472,0.722351758032472,True,0.0002066493,0.99979335
0.722351758032472,0.722351758032472,True,5.8293343e-05,0.9999417
0.722351758032472,0.722351758032472,True,6.234646e-05,0.99993765
-1.3843670883058157,-1.3843670883058157,True,0.99966973,0.0003302862
-1.3843670883058157,-1.3843670883058157,True,0.9999106,8.9423746e-05
-1.3843670883058157,-1.3843670883058157,True,0.9998922,0.00010782929
0.722351758032472,0.722351758032472,True,0.0006504655,0.99934953
0.722351758032472,0.722351758032472,True,0.00012040138,0.9998796
0.722351758032472,0.722351758032472,True,0.0002604127,0.9997396
-1.3843670883058157,-1.3843670883058157,True,0.9999108,8.9200694e-05
0.722351758032472,0.722351758032472,True,0.00011026859,0.99988973
-1.3843670883058157,-1.3843670883058157,True,0.99986035,0.00013966617
0.722351758032472,0.722351758032472,True,0.00037109852,0.9996289
0.722351758032472,0.722351758032472,True,0.0005083084,0.9994917
0.722351758032472,0.722351758032472,True,0.00047934055,0.99952066
0.722351758032472,0.722351758032472,True,6.902218e-05,0.999931
-1.3843670883058157,-1.3843670883058157,True,0.9998996,0.000100349615
-1.3843670883058157,-1.3843670883058157,True,0.9999044,9.563207e-05
-1.3843670883058157,-1.3843670883058157,True,0.9999137,8.632421e-05
0.722351758032472,0.722351758032472,True,0.00021570921,0.9997843
-1.3843670883058157,-1.3843670883058157,True,0.9999109,8.9111345e-05
0.722351758032472,0.722351758032472,True,6.353855e-05,0.99993646
0.722351758032472,0.722351758032472,True,0.0004119277,0.9995881
0.722351758032472,0.722351758032472,True,0.0018448234,0.9981552
0.722351758032472,0.722351758032472,True,0.00024360418,0.9997564
-1.3843670883058157,-1.3843670883058157,True,0.9999072,9.2782466e-05
0.722351758032472,0.722351758032472,True,7.736683e-05,0.99992263
-1.3843670883058157,-1.3843670883058157,True,0.9998428,0.00015718352
0.722351758032472,0.722351758032472,True,0.00022441149,0.9997756
-1.3843670883058157,-1.3843670883058157,True,0.9999124,8.7636276e-05
-1.3843670883058157,-1.3843670883058157,True,0.9999174,8.2587125e-05
0.722351758032472,0.722351758032472,True,0.0001398325,0.99986017
0.722351758032472,0.722351758032472,True,6.9499016e-05,0.9999305
0.722351758032472,0.722351758032472,True,6.604195e-05,0.99993396
0.722351758032472,0.722351758032472,True,0.00013506413,0.99986494
0.722351758032472,0.722351758032472,True,0.00022178888,0.9997782
0.722351758032472,0.722351758032472,True,0.00013113022,0.99986887
-1.3843670883058157,-1.3843670883058157,True,0.9999163,8.369995e-05
0.722351758032472,0.722351758032472,True,0.00012671947,0.9998733
0.722351758032472,0.722351758032472,True,9.4652176e-05,0.99990535
-1.3843670883058157,-1.3843670883058157,True,0.9999089,9.105793e-05
0.722351758032472,0.722351758032472,True,0.00017935038,0.99982065
0.722351758032472,0.722351758032472,True,0.00069987774,0.9993001
-1.3843670883058157,-1.3843670883058157,True,0.9999137,8.630018e-05
0.722351758032472,0.722351758032472,True,0.00031137466,0.9996886
0.722351758032472,0.722351758032472,True,0.00013661385,0.9998634
-1.3843670883058157,-1.3843670883058157,True,0.9999125,8.747888e-05
0.722351758032472,0.722351758032472,True,0.00010037422,0.9998996
0.722351758032472,0.722351758032472,True,0.00016343594,0.99983656
0.722351758032472,0.722351758032472,True,0.00013184547,0.99986815
-1.3843670883058157,-1.3843670883058157,True,0.99991405,8.593548e-05
0.722351758032472,0.722351758032472,True,0.00015830994,0.9998417
0.722351758032472,0.722351758032472,True,0.00010704994,0.99989295
0.722351758032472,0.722351758032472,True,0.00037682056,0.9996232
0.722351758032472,0.722351758032472,True,0.00012409687,0.9998759
0.722351758032472,0.722351758032472,True,0.0002400279,0.99976
-1.3843670883058157,-1.3843670883058157,True,0.9995663,0.0004336916
-1.3843670883058157,-1.3843670883058157,True,0.9999089,9.108355e-05
0.722351758032472,0.722351758032472,True,0.00013518333,0.9998648
0.722351758032472,0.722351758032472,True,4.8279762e-05,0.9999517
0.722351758032472,0.722351758032472,True,0.00026744604,0.99973255
0.722351758032472,0.722351758032472,True,7.2956085e-05,0.99992704
0.722351758032472,0.722351758032472,True,0.0069328547,0.99306715
-1.3843670883058157,-1.3843670883058157,True,0.9998447,0.00015532071
0.722351758032472,0.722351758032472,True,0.00018495321,0.99981505
0.722351758032472,0.722351758032472,True,0.00011885166,0.99988115
0.722351758032472,0.722351758032472,True,8.440018e-05,0.9999156
0.722351758032472,0.722351758032472,True,5.8054924e-05,0.99994195
0.722351758032472,0.722351758032472,True,0.00027030706,0.9997297
-1.3843670883058157,-1.3843670883058157,True,0.99985385,0.00014616289
-1.3843670883058157,-1.3843670883058157,True,0.9997995,0.00020053938
0.722351758032472,0.722351758032472,True,0.00014722347,0.9998528
0.722351758032472,0.722351758032472,True,0.00020080805,0.9997992
0.722351758032472,0.722351758032472,True,5.3048134e-05,0.99994695
0.722351758032472,0.722351758032472,True,0.00019019842,0.9998098
-1.3843670883058157,-1.3843670883058157,True,0.9998268,0.00017323547
0.722351758032472,0.722351758032472,True,6.604195e-05,0.99993396
0.722351758032472,0.722351758032472,True,0.05063778,0.9493622
0.722351758032472,0.722351758032472,True,5.6743622e-05,0.99994326
-1.3843670883058157,-1.3843670883058157,True,0.9998674,0.00013261156
-1.3843670883058157,-1.3843670883058157,True,0.99990124,9.8746714e-05
0.722351758032472,0.722351758032472,True,6.341934e-05,0.9999366
-1.3843670883058157,-1.3843670883058157,True,0.9998841,0.00011586375
-1.3843670883058157,-1.3843670883058157,True,0.9999158,8.420142e-05
0.722351758032472,0.722351758032472,True,7.83205e-05,0.9999217
0.722351758032472,0.722351758032472,True,9.75132e-05,0.9999025
0.722351758032472,0.722351758032472,True,8.547306e-05,0.9999145
0.722351758032472,0.722351758032472,True,0.00010216236,0.99989784
0.722351758032472,0.722351758032472,True,0.00017875433,0.99982125
0.722351758032472,0.722351758032472,True,0.00013661385,0.9998634
0.722351758032472,0.722351758032472,True,9.000301e-05,0.99991
-1.3843670883058157,-1.3843670883058157,True,0.9995084,0.00049162976
-1.3843670883058157,-1.3843670883058157,True,0.99991906,8.0929196e-05
0.722351758032472,0.722351758032472,True,0.0006753206,0.9993247
0.722351758032472,0.722351758032472,True,0.00080674887,0.99919325
0.722351758032472,0.722351758032472,True,0.00020712614,0.9997929
0.722351758032472,0.722351758032472,True,0.00011789799,0.9998821
-1.3843670883058157,-1.3843670883058157,True,0.999899,0.00010096353
0.722351758032472,0.722351758032472,True,0.00025063753,0.99974936
0.722351758032472,0.722351758032472,True,0.0010511279,0.9989489
-1.3843670883058157,-1.3843670883058157,True,0.99979544,0.00020457323
-1.3843670883058157,-1.3843670883058157,True,0.9997791,0.00022087575
0.722351758032472,0.722351758032472,True,0.00016093254,0.99983907
0.722351758032472,0.722351758032472,True,5.2809715e-05,0.9999472
-1.3843670883058157,-1.3843670883058157,True,0.9998063,0.00019372471
0.722351758032472,0.722351758032472,True,8.332729e-05,0.9999167
-1.3843670883058157,-1.3843670883058157,True,0.9999171,8.292425e-05
0.722351758032472,0.722351758032472,True,0.0001090765,0.9998909
-1.3843670883058157,-1.3843670883058157,True,0.999888,0.0001120068
-1.3843670883058157,-1.3843670883058157,True,0.9999031,9.6903284e-05
-1.3843670883058157,-1.3843670883058157,True,0.9998757,0.0001242583
0.722351758032472,0.722351758032472,True,0.00042277575,0.9995772
0.722351758032472,0.722351758032472,True,0.00021392107,0.9997861
-1.3843670883058157,-1.3843670883058157,True,0.99983793,0.00016207888
0.722351758032472,0.722351758032472,True,7.1406364e-05,0.9999286
-1.3843670883058157,-1.3843670883058157,True,0.9999106,8.9423746e-05
0.722351758032472,0.722351758032472,True,0.00050365925,0.99949634
0.722351758032472,0.722351758032472,True,0.013871193,0.9861288
0.722351758032472,0.722351758032472,True,9.894371e-05,0.99990106
0.722351758032472,0.722351758032472,True,0.00025349855,0.9997465
0.722351758032472,0.722351758032472,True,0.00031721592,0.9996828
-1.3843670883058157,-1.3843670883058157,True,0.99971795,0.00028207334
0.722351758032472,0.722351758032472,True,5.4955482e-05,0.99994504
0.722351758032472,0.722351758032472,True,0.00016832352,0.9998317
0.722351758032472,0.722351758032472,True,0.00030982494,0.9996902
0.722351758032472,0.722351758032472,True,0.0001231432,0.99987686
-1.3843670883058157,-1.3843670883058157,True,0.9998281,0.00017187512
0.722351758032472,0.722351758032472,True,0.00017911196,0.9998209
0.722351758032472,0.722351758032472,True,6.330013e-05,0.9999367
-1.3843670883058157,-1.3843670883058157,True,0.9998304,0.00016960132
0.722351758032472,0.722351758032472,True,0.0007210374,0.99927896
0.722351758032472,0.722351758032472,True,0.00090539455,0.9990946
-1.3843670883058157,-1.3843670883058157,True,0.9999078,9.220115e-05
-1.3843670883058157,-1.3843670883058157,True,0.9999038,9.619906e-05
0.722351758032472,0.722351758032472,True,8.916855e-05,0.99991083
0.722351758032472,0.722351758032472,True,0.00013756752,0.99986243
0.722351758032472,0.722351758032472,True,0.0004454255,0.9995546
-1.3843670883058157,-1.3843670883058157,True,0.9997888,0.00021120884
0.722351758032472,0.722351758032472,True,0.0003105402,0.99968946
0.722351758032472,0.722351758032472,True,0.0002900958,0.9997099
0.722351758032472,0.722351758032472,True,5.5789948e-05,0.9999442
0.722351758032472,0.722351758032472,True,0.0001552105,0.9998448
0.722351758032472,0.722351758032472,True,0.00016999245,0.99983
0.722351758032472,0.722351758032472,True,0.000308156,0.99969184
0.722351758032472,0.722351758032472,True,7.534027e-05,0.99992466
0.722351758032472,0.722351758032472,True,0.00014781952,0.9998522
0.722351758032472,0.722351758032472,True,0.00018924475,0.99981076
-1.3843670883058157,-1.3843670883058157,True,0.99990314,9.688204e-05
0.722351758032472,0.722351758032472,True,0.0003259182,0.9996741
-1.3843670883058157,-1.3843670883058157,True,0.99974746,0.00025254115
0.722351758032472,0.722351758032472,True,0.0001295805,0.9998704
-1.3843670883058157,-1.3843670883058157,True,0.9997725,0.00022750927
0.722351758032472,0.722351758032472,True,0.00017303228,0.99982697
0.722351758032472,0.722351758032472,True,0.000282228,0.9997178
0.722351758032472,0.722351758032472,True,0.00037753582,0.99962246
0.722351758032472,0.722351758032472,True,5.209446e-05,0.9999479
-1.3843670883058157,-1.3843670883058157,True,0.99990124,9.8782504e-05
0.722351758032472,0.722351758032472,True,0.00013279915,0.9998672
0.722351758032472,0.722351758032472,True,0.0002513528,0.99974865
0.722351758032472,0.722351758032472,True,0.00019425154,0.99980575
0.722351758032472,0.722351758032472,True,8.511543e-05,0.9999149
-1.3843670883058157,-1.3843670883058157,True,0.9999127,8.730472e-05
0.722351758032472,0.722351758032472,True,7.2836876e-05,0.99992716
0.722351758032472,0.722351758032472,True,0.00030624866,0.99969375
0.722351758032472,0.722351758032472,True,0.00012731552,0.9998727
0.722351758032472,0.722351758032472,True,0.00041753054,0.99958247
0.722351758032472,0.722351758032472,True,0.00029546022,0.99970454
0.722351758032472,0.722351758032472,True,5.340576e-05,0.9999466
0.722351758032472,0.722351758032472,True,0.000116825104,0.9998832
-1.3843670883058157,-1.3843670883058157,True,0.99989516,0.00010483098
-1.3843670883058157,-1.3843670883058157,True,0.9998943,0.000105651074
-1.3843670883058157,-1.3843670883058157,True,0.9998887,0.000111285524
0.722351758032472,0.722351758032472,True,5.9247017e-05,0.99994075
0.722351758032472,0.722351758032472,True,0.00020426512,0.99979573
-1.3843670883058157,-1.3843670883058157,True,0.99990726,9.272347e-05
0.722351758032472,0.722351758032472,True,6.2942505e-05,0.99993706
0.722351758032472,0.722351758032472,True,5.9843063e-05,0.99994016
0.722351758032472,0.722351758032472,True,9.1314316e-05,0.9999087
-1.3843670883058157,-1.3843670883058157,True,0.9997092,0.0002908028
-1.3843670883058157,-1.3843670883058157,True,0.9997149,0.00028509388
-1.3843670883058157,-1.3843670883058157,True,0.99988997,0.00011003814
0.722351758032472,0.722351758032472,True,7.927418e-05,0.9999207
-1.3843670883058157,-1.3843670883058157,True,0.9999175,8.2520375e-05
-1.3843670883058157,-1.3843670883058157,True,0.99959415,0.00040584974
-1.3843670883058157,-1.3843670883058157,True,0.99990946,9.05373e-05
-1.3843670883058157,-1.3843670883058157,True,0.9999039,9.605432e-05
0.722351758032472,0.722351758032472,True,0.0005540252,0.999446
0.722351758032472,0.722351758032472,True,0.00025063753,0.99974936
-1.3843670883058157,-1.3843670883058157,True,0.9996746,0.00032538432
0.722351758032472,0.722351758032472,True,0.00011026859,0.99988973
0.722351758032472,0.722351758032472,True,0.0008496046,0.9991504
-1.3843670883058157,-1.3843670883058157,True,0.99990505,9.492476e-05
0.722351758032472,0.722351758032472,True,9.286404e-05,0.99990714
0.722351758032472,0.722351758032472,True,0.0001039505,0.99989605
-1.3843670883058157,-1.3843670883058157,True,0.99991095,8.9058674e-05
-1.3843670883058157,-1.3843670883058157,True,0.9999021,9.786946e-05
0.722351758032472,0.722351758032472,True,6.175041e-05,0.99993825
-1.3843670883058157,-1.3843670883058157,True,0.9999127,8.730088e-05
0.722351758032472,0.722351758032472,True,8.010864e-05,0.9999199
-1.3843670883058157,-1.3843670883058157,True,0.99992245,7.751926e-05
0.722351758032472,0.722351758032472,True,7.009506e-05,0.9999299
0.722351758032472,0.722351758032472,True,9.524822e-05,0.99990475
0.722351758032472,0.722351758032472,True,0.00024825335,0.99975175
0.722351758032472,0.722351758032472,True,5.9485435e-05,0.9999405
0.722351758032472,0.722351758032472,True,9.918213e-05,0.9999008
-1.3843670883058157,-1.3843670883058157,True,0.99991244,8.753855e-05
0.722351758032472,0.722351758032472,True,0.00034999847,0.99965
-1.3843670883058157,-1.3843670883058157,True,0.99984497,0.00015502583
-1.3843670883058157,-1.3843670883058157,True,0.9998027,0.00019727003
-1.3843670883058157,-1.3843670883058157,True,0.99979925,0.00020071997
0.722351758032472,0.722351758032472,True,0.00019305944,0.99980694
0.722351758032472,0.722351758032472,True,7.8082085e-05,0.9999219
0.722351758032472,0.722351758032472,True,0.00049352646,0.9995065
0.722351758032472,0.722351758032472,True,0.000118136406,0.99988186
0.722351758032472,0.722351758032472,True,0.0013124347,0.99868757
0.722351758032472,0.722351758032472,True,0.00046861172,0.9995314
0.722351758032472,0.722351758032472,True,0.00012421608,0.9998758
-1.3843670883058157,-1.3843670883058157,True,0.9998967,0.00010328673
-1.3843670883058157,-1.3843670883058157,True,0.99951327,0.00048671005
-1.3843670883058157,-1.3843670883058157,True,0.9997861,0.00021390691
-1.3843670883058157,-1.3843670883058157,True,0.9999038,9.6206204e-05
0.722351758032472,0.722351758032472,True,9.36985e-05,0.9999063
0.722351758032472,0.722351758032472,True,0.00035464764,0.99964535
0.722351758032472,0.722351758032472,True,0.00019973516,0.99980026
0.722351758032472,0.722351758032472,True,0.00015676022,0.99984324
0.722351758032472,0.722351758032472,True,9.9778175e-05,0.9999002
0.722351758032472,0.722351758032472,True,9.8228455e-05,0.9999018
-1.3843670883058157,-1.3843670883058157,True,0.99962175,0.00037825946
-1.3843670883058157,-1.3843670883058157,True,0.99983084,0.00016913185
-1.3843670883058157,-1.3843670883058157,True,0.999904,9.604891e-05
-1.3843670883058157,-1.3843670883058157,True,0.99980944,0.000190545
0.722351758032472,0.722351758032472,True,0.00027805567,0.99972194
-1.3843670883058157,-1.3843670883058157,True,0.9996905,0.00030950762
0.722351758032472,0.722351758032472,True,8.2850456e-05,0.99991715
0.722351758032472,0.722351758032472,True,6.6280365e-05,0.9999337
0.722351758032472,0.722351758032472,True,7.402897e-05,0.999926
0.722351758032472,0.722351758032472,True,0.0027262568,0.99727374
0.722351758032472,0.722351758032472,True,9.763241e-05,0.99990237
0.722351758032472,0.722351758032472,True,0.00015604496,0.99984396
0.722351758032472,0.722351758032472,True,0.00010108948,0.9998989
0.722351758032472,0.722351758032472,True,4.6491623e-05,0.9999535
0.722351758032472,0.722351758032472,True,0.00018578768,0.9998142
0.722351758032472,0.722351758032472,True,0.000105023384,0.999895
0.722351758032472,0.722351758032472,True,0.00023263693,0.99976736
0.722351758032472,0.722351758032472,True,6.1154366e-05,0.99993885
0.722351758032472,0.722351758032472,True,0.00029832125,0.9997017
0.722351758032472,0.722351758032472,True,0.00011610985,0.9998839
-1.3843670883058157,-1.3843670883058157,True,0.9998192,0.00018075919
-1.3843670883058157,-1.3843670883058157,True,0.99991167,8.833433e-05
-1.3843670883058157,-1.3843670883058157,True,0.99991286,8.716571e-05
0.722351758032472,0.722351758032472,True,9.3221664e-05,0.9999068
0.722351758032472,0.722351758032472,True,8.547306e-05,0.9999145
-1.3843670883058157,-1.3843670883058157,True,0.9998221,0.00017792232
0.722351758032472,0.722351758032472,True,0.00016522408,0.9998348
0.722351758032472,0.722351758032472,True,0.00021117926,0.9997888
0.722351758032472,0.722351758032472,True,7.402897e-05,0.999926
0.722351758032472,0.722351758032472,True,0.0015936494,0.99840635
-1.3843670883058157,-1.3843670883058157,True,0.9997996,0.00020036583
-1.3843670883058157,-1.3843670883058157,True,0.9998522,0.00014783748
0.722351758032472,0.722351758032472,True,0.00016331673,0.9998367
0.722351758032472,0.722351758032472,True,8.404255e-05,0.99991596
0.722351758032472,0.722351758032472,True,0.002137959,0.99786204
0.722351758032472,0.722351758032472,True,7.009506e-05,0.9999299
0.722351758032472,0.722351758032472,True,0.00038218498,0.9996178
0.722351758032472,0.722351758032472,True,0.000497818,0.9995022
-1.3843670883058157,-1.3843670883058157,True,0.99987394,0.0001260515
0.722351758032472,0.722351758032472,True,0.00022798777,0.999772
0.722351758032472,0.722351758032472,True,0.000101327896,0.9998987
-1.3843670883058157,-1.3843670883058157,True,0.9999105,8.95083e-05
-1.3843670883058157,-1.3843670883058157,True,0.99991554,8.446584e-05
0.722351758032472,0.722351758032472,True,6.568432e-05,0.9999343
0.722351758032472,0.722351758032472,True,0.00014019012,0.9998598
0.722351758032472,0.722351758032472,True,5.710125e-05,0.9999429
-1.3843670883058157,-1.3843670883058157,True,0.9992688,0.00073122524
0.722351758032472,0.722351758032472,True,0.00019437075,0.9998056
0.722351758032472,0.722351758032472,True,7.343292e-05,0.99992657
-1.3843670883058157,-1.3843670883058157,True,0.99991447,8.5510655e-05
0.722351758032472,0.722351758032472,True,0.000344038,0.99965596
-1.3843670883058157,-1.3843670883058157,True,0.99990094,9.908543e-05
0.722351758032472,0.722351758032472,True,0.0003886819,0.9996113
-1.3843670883058157,-1.3843670883058157,True,0.9999023,9.7686716e-05
0.722351758032472,0.722351758032472,True,0.0002860427,0.99971396
-1.3843670883058157,-1.3843670883058157,True,0.9998312,0.0001687768
0.722351758032472,0.722351758032472,True,0.00415498,0.995845
0.722351758032472,0.722351758032472,True,0.0003979802,0.999602
0.722351758032472,0.722351758032472,True,0.000121831894,0.99987817
-1.3843670883058157,-1.3843670883058157,True,0.9996163,0.00038367932
0.722351758032472,0.722351758032472,True,0.00010573864,0.99989426
0.722351758032472,0.722351758032472,True,0.00011098385,0.999889
0.722351758032472,0.722351758032472,True,0.00013816357,0.99986184
-1.3843670883058157,-1.3843670883058157,True,0.99990016,9.982203e-05
0.722351758032472,0.722351758032472,True,7.879734e-05,0.9999212
-1.3843670883058157,-1.3843670883058157,True,0.999796,0.00020401145
-1.3843670883058157,-1.3843670883058157,True,0.9999086,9.136575e-05
0.722351758032472,0.722351758032472,True,0.00018233061,0.99981767
0.722351758032472,0.722351758032472,True,0.0004748106,0.9995252
-1.3843670883058157,-1.3843670883058157,True,0.99990606,9.392808e-05
-1.3843670883058157,-1.3843670883058157,True,0.9997058,0.0002941949
0.722351758032472,0.722351758032472,True,0.0002014041,0.9997986
0.722351758032472,0.722351758032472,True,8.1181526e-05,0.9999188
0.722351758032472,0.722351758032472,True,6.4730644e-05,0.99993527
-1.3843670883058157,-1.3843670883058157,True,0.9997995,0.00020051566
0.722351758032472,0.722351758032472,True,5.4359436e-05,0.99994564
-1.3843670883058157,-1.3843670883058157,True,0.9999121,8.7910725e-05
0.722351758032472,0.722351758032472,True,5.3286552e-05,0.9999467
-1.3843670883058157,-1.3843670883058157,True,0.99987006,0.00012992202
-1.3843670883058157,-1.3843670883058157,True,0.9997704,0.000229596
0.722351758032472,0.722351758032472,True,0.0001026392,0.99989736
-1.3843670883058157,-1.3843670883058157,True,0.99957234,0.00042768935
0.722351758032472,0.722351758032472,True,0.0012194514,0.99878055
-1.3843670883058157,-1.3843670883058157,True,0.9999209,7.912446e-05
0.722351758032472,0.722351758032472,True,8.571148e-05,0.9999143
0.722351758032472,0.722351758032472,True,0.0010429621,0.99895704
-1.3843670883058157,-1.3843670883058157,True,0.9999233,7.671833e-05
0.722351758032472,0.722351758032472,True,8.010864e-05,0.9999199
0.722351758032472,0.722351758032472,True,0.00020724535,0.99979275
-1.3843670883058157,-1.3843670883058157,True,0.99989533,0.00010465409
0.722351758032472,0.722351758032472,True,0.000116705894,0.9998833
0.722351758032472,0.722351758032472,True,0.00033342838,0.9996666
0.722351758032472,0.722351758032472,True,0.00018030405,0.9998197
0.722351758032472,0.722351758032472,True,0.00010418892,0.9998958
-1.3843670883058157,-1.3843670883058157,True,0.9997799,0.00022011723
0.722351758032472,0.722351758032472,True,0.00017166138,0.99982834
0.722351758032472,0.722351758032472,True,0.0002040267,0.999796
0.722351758032472,0.722351758032472,True,9.202957e-05,0.999908
0.722351758032472,0.722351758032472,True,5.6266785e-05,0.99994373
0.722351758032472,0.722351758032472,True,0.00010693073,0.99989307
0.722351758032472,0.722351758032472,True,0.0007069111,0.9992931
0.722351758032472,0.722351758032472,True,6.67572e-05,0.99993324
0.722351758032472,0.722351758032472,True,0.1346317,0.8653683
0.722351758032472,0.722351758032472,True,0.00042170286,0.9995783
-1.3843670883058157,-1.3843670883058157,True,0.99950427,0.00049570604
0.722351758032472,0.722351758032472,True,7.8201294e-05,0.9999218
0.722351758032472,0.722351758032472,True,7.522106e-05,0.9999248
-1.3843670883058157,-1.3843670883058157,True,0.9999125,8.748155e-05
0.722351758032472,0.722351758032472,True,0.0001308918,0.9998691
0.722351758032472,0.722351758032472,True,0.00025993586,0.99974006
-1.3843670883058157,-1.3843670883058157,True,0.99989724,0.000102762504
0.722351758032472,0.722351758032472,True,6.747246e-05,0.9999325
-1.3843670883058157,-1.3843670883058157,True,0.9999135,8.651309e-05
0.722351758032472,0.722351758032472,True,0.00060737133,0.9993926
0.722351758032472,0.722351758032472,True,0.00019162893,0.9998084
-1.3843670883058157,-1.3843670883058157,True,0.9999148,8.515846e-05
0.722351758032472,0.722351758032472,True,0.00027555227,0.99972445
0.722351758032472,0.722351758032472,True,9.405613e-05,0.99990594
-1.3843670883058157,-1.3843670883058157,True,0.99983543,0.00016455282
0.722351758032472,0.722351758032472,True,0.0003838539,0.99961615
0.722351758032472,0.722351758032472,True,0.001383543,0.99861646
0.722351758032472,0.722351758032472,True,0.00010871887,0.9998913
-1.3843670883058157,-1.3843670883058157,True,0.9997365,0.00026348818
0.722351758032472,0.722351758032472,True,0.000103235245,0.99989676
0.722351758032472,0.722351758032472,True,7.4863434e-05,0.99992514
0.722351758032472,0.722351758032472,True,6.520748e-05,0.9999348
0.722351758032472,0.722351758032472,True,9.417534e-05,0.9999058
0.722351758032472,0.722351758032472,True,0.00018769503,0.9998123
-1.3843670883058157,-1.3843670883058157,True,0.9997483,0.00025169717
0.722351758032472,0.722351758032472,True,0.00014960766,0.9998504
0.722351758032472,0.722351758032472,True,0.00065404177,0.99934596
0.722351758032472,0.722351758032472,True,5.00679e-05,0.99994993
-1.3843670883058157,-1.3843670883058157,True,0.99980026,0.0001997158
-1.3843670883058157,-1.3843670883058157,True,0.9995217,0.0004783561
0.722351758032472,0.722351758032472,True,0.00019305944,0.99980694
0.722351758032472,0.722351758032472,True,0.00058841705,0.9994116
0.722351758032472,0.722351758032472,True,5.4121017e-05,0.9999459
-1.3843670883058157,-1.3843670883058157,True,0.99988794,0.00011203896
-1.3843670883058157,-1.3843670883058157,True,0.9997788,0.00022122034
0.722351758032472,0.722351758032472,True,0.00064677,0.99935323
0.722351758032472,0.722351758032472,True,4.7326088e-05,0.9999527
0.722351758032472,0.722351758032472,True,0.00015187263,0.9998481
-1.3843670883058157,-1.3843670883058157,True,0.9995809,0.00041906603
0.722351758032472,0.722351758032472,True,0.00036394596,0.99963605
-1.3843670883058157,-1.3843670883058157,True,0.99990034,9.966927e-05
0.722351758032472,0.722351758032472,True,0.00012469292,0.9998753
-1.3843670883058157,-1.3843670883058157,True,0.99981153,0.00018845574
0.722351758032472,0.722351758032472,True,0.00024849176,0.9997515
0.722351758032472,0.722351758032472,True,0.00023883581,0.99976116
0.722351758032472,0.722351758032472,True,0.000116467476,0.99988353
0.722351758032472,0.722351758032472,True,0.00013065338,0.99986935
0.722351758032472,0.722351758032472,True,0.00020116568,0.99979883
-1.3843670883058157,-1.3843670883058157,True,0.9997206,0.00027944078
-1.3843670883058157,-1.3843670883058157,True,0.99991584,8.41466e-05
0.722351758032472,0.722351758032472,True,5.6385994e-05,0.9999436
0.722351758032472,0.722351758032472,True,0.0002399087,0.9997601
-1.3843670883058157,-1.3843670883058157,True,0.9997237,0.0002763246
0.722351758032472,0.722351758032472,True,0.00033569336,0.9996643
-1.3843670883058157,-1.3843670883058157,True,0.99957895,0.00042106904
0.722351758032472,0.722351758032472,True,6.735325e-05,0.99993265
-1.3843670883058157,-1.3843670883058157,True,0.9996391,0.00036088665
0.722351758032472,0.722351758032472,True,9.1314316e-05,0.9999087
0.722351758032472,0.722351758032472,True,5.7578087e-05,0.9999424
0.722351758032472,0.722351758032472,True,0.000119924545,0.9998801
0.722351758032472,0.722351758032472,True,6.484985e-05,0.99993515
0.722351758032472,0.722351758032472,True,0.00016319752,0.9998368
-1.3843670883058157,-1.3843670883058157,True,0.99991065,8.936553e-05
0.722351758032472,0.722351758032472,True,0.00010204315,0.99989796
-1.3843670883058157,-1.3843670883058157,True,0.9997873,0.00021273881
0.722351758032472,0.722351758032472,True,8.08239e-05,0.9999192
0.722351758032472,0.722351758032472,True,0.00013649464,0.9998635
-1.3843670883058157,-1.3843670883058157,True,0.9999208,7.92384e-05
0.722351758032472,0.722351758032472,True,0.00016105175,0.99983895
0.722351758032472,0.722351758032472,True,0.00038218498,0.9996178
-1.3843670883058157,-1.3843670883058157,True,0.9997574,0.0002425897
0.722351758032472,0.722351758032472,True,0.000115036964,0.99988496
-1.3843670883058157,-1.3843670883058157,True,0.99991417,8.583319e-05
-1.3843670883058157,-1.3843670883058157,True,0.9999086,9.136575e-05
-1.3843670883058157,-1.3843670883058157,True,0.9998435,0.00015652768
0.722351758032472,0.722351758032472,True,7.593632e-05,0.99992406
-1.3843670883058157,-1.3843670883058157,True,0.999904,9.602336e-05
-1.3843670883058157,-1.3843670883058157,True,0.999785,0.00021500044
-1.3843670883058157,-1.3843670883058157,True,0.99936754,0.000632462
0.722351758032472,0.722351758032472,True,5.9485435e-05,0.9999405
-1.3843670883058157,-1.3843670883058157,True,0.99991137,8.861291e-05
-1.3843670883058157,-1.3843670883058157,True,0.9993557,0.0006443531
0.722351758032472,0.722351758032472,True,6.699562e-05,0.999933
-1.3843670883058157,-1.3843670883058157,True,0.9998754,0.00012456781
-1.3843670883058157,-1.3843670883058157,True,0.99970686,0.00029313882
0.722351758032472,0.722351758032472,True,0.00012338161,0.9998766
0.722351758032472,0.722351758032472,True,0.00013673306,0.99986327
0.722351758032472,0.722351758032472,True,0.00019663572,0.99980336
-1.3843670883058157,-1.3843670883058157,True,0.9999054,9.4587995e-05
-1.3843670883058157,-1.3843670883058157,True,0.9999101,8.9859874e-05
-1.3843670883058157,-1.3843670883058157,True,0.99988806,0.00011191723
0.722351758032472,0.722351758032472,True,0.0052212477,0.99477875
-1.3843670883058157,-1.3843670883058157,True,0.9998929,0.000107081294
-1.3843670883058157,-1.3843670883058157,True,0.99991083,8.918811e-05
0.722351758032472,0.722351758032472,True,0.0001142025,0.9998858
0.722351758032472,0.722351758032472,True,6.1154366e-05,0.99993885
0.722351758032472,0.722351758032472,True,0.00031411648,0.9996859
0.722351758032472,0.722351758032472,True,0.0002810359,0.99971896
0.722351758032472,0.722351758032472,True,8.8214874e-05,0.9999118
-1.3843670883058157,-1.3843670883058157,True,0.99984825,0.00015174627
0.722351758032472,0.722351758032472,True,0.00014185905,0.99985814
-1.3843670883058157,-1.3843670883058157,True,0.9999104,8.960215e-05
-1.3843670883058157,-1.3843670883058157,True,0.9999148,8.518323e-05
0.722351758032472,0.722351758032472,True,0.00042456388,0.99957544
0.722351758032472,0.722351758032472,True,0.00012588501,0.9998741
0.722351758032472,0.722351758032472,True,0.002535224,0.9974648
0.722351758032472,0.722351758032472,True,0.0018531084,0.9981469
-1.3843670883058157,-1.3843670883058157,True,0.9998977,0.00010231088
0.722351758032472,0.722351758032472,True,0.00024789572,0.9997521
0.722351758032472,0.722351758032472,True,0.0003350973,0.9996649
0.722351758032472,0.722351758032472,True,0.00015878677,0.9998412
0.722351758032472,0.722351758032472,True,0.0003681183,0.9996319
0.722351758032472,0.722351758032472,True,0.00014340878,0.9998566
-1.3843670883058157,-1.3843670883058157,True,0.9999172,8.279854e-05
-1.3843670883058157,-1.3843670883058157,True,0.99989474,0.00010524224
-1.3843670883058157,-1.3843670883058157,True,0.9999094,9.057184e-05
-1.3843670883058157,-1.3843670883058157,True,0.99989957,0.00010042448
-1.3843670883058157,-1.3843670883058157,True,0.99990934,9.064399e-05
0.722351758032472,0.722351758032472,True,0.00016129017,0.9998387
0.722351758032472,0.722351758032472,True,8.356571e-05,0.99991643
0.722351758032472,0.722351758032472,True,0.00021058321,0.9997894
-1.3843670883058157,-1.3843670883058157,True,0.9997917,0.00020831404
0.722351758032472,0.722351758032472,True,0.000220716,0.9997793
0.722351758032472,0.722351758032472,True,0.00044566393,0.99955434
0.722351758032472,0.722351758032472,True,0.0008264184,0.9991736
0.722351758032472,0.722351758032472,True,6.6280365e-05,0.9999337
0.722351758032472,0.722351758032472,True,0.00033915043,0.99966085
0.722351758032472,0.722351758032472,True,4.9591064e-05,0.9999504
0.722351758032472,0.722351758032472,True,0.00016343594,0.99983656
0.722351758032472,0.722351758032472,True,0.00011599064,0.999884
-1.3843670883058157,-1.3843670883058157,True,0.9999223,7.771206e-05
0.722351758032472,0.722351758032472,True,0.00019937754,0.9998006
-1.3843670883058157,-1.3843670883058157,True,0.9998784,0.000121566576
0.722351758032472,0.722351758032472,True,0.00013065338,0.99986935
-1.3843670883058157,-1.3843670883058157,True,0.9999139,8.6145934e-05
0.722351758032472,0.722351758032472,True,0.00043815374,0.99956185
0.722351758032472,0.722351758032472,True,9.894371e-05,0.99990106
0.722351758032472,0.722351758032472,True,8.7976456e-05,0.999912
0.722351758032472,0.722351758032472,True,0.00016891956,0.9998311
0.722351758032472,0.722351758032472,True,6.8068504e-05,0.99993193
0.722351758032472,0.722351758032472,True,5.507469e-05,0.9999449
-1.3843670883058157,-1.3843670883058157,True,0.99991286,8.7117674e-05
-1.3843670883058157,-1.3843670883058157,True,0.999882,0.000118035976
0.722351758032472,0.722351758032472,True,7.212162e-05,0.9999279
0.722351758032472,0.722351758032472,True,5.531311e-05,0.9999447
0.722351758032472,0.722351758032472,True,5.865097e-05,0.99994135
-1.3843670883058157,-1.3843670883058157,True,0.99991965,8.032924e-05
0.722351758032472,0.722351758032472,True,0.0008405447,0.99915946
0.722351758032472,0.722351758032472,True,0.000109791756,0.9998902
0.722351758032472,0.722351758032472,True,0.00051009655,0.9994899
0.722351758032472,0.722351758032472,True,0.0001924634,0.99980754
-1.3843670883058157,-1.3843670883058157,True,0.9998968,0.00010315453
-1.3843670883058157,-1.3843670883058157,True,0.99988884,0.000111155714
0.722351758032472,0.722351758032472,True,0.00016272068,0.9998373
-1.3843670883058157,-1.3843670883058157,True,0.9998168,0.00018325
0.722351758032472,0.722351758032472,True,7.271767e-05,0.9999273
0.722351758032472,0.722351758032472,True,6.9737434e-05,0.99993026
0.722351758032472,0.722351758032472,True,0.00010204315,0.99989796
0.722351758032472,0.722351758032472,True,5.888939e-05,0.9999411
0.722351758032472,0.722351758032472,True,0.0024698377,0.99753016
0.722351758032472,0.722351758032472,True,8.702278e-05,0.999913
-1.3843670883058157,-1.3843670883058157,True,0.9998561,0.00014387604
0.722351758032472,0.722351758032472,True,9.059906e-05,0.9999094
0.722351758032472,0.722351758032472,True,9.2983246e-05,0.999907
0.722351758032472,0.722351758032472,True,4.9471855e-05,0.9999505
0.722351758032472,0.722351758032472,True,9.739399e-05,0.9999026
-1.3843670883058157,-1.3843670883058157,True,0.9998298,0.00017019211
0.722351758032472,0.722351758032472,True,7.426739e-05,0.99992573
0.722351758032472,0.722351758032472,True,0.000101327896,0.9998987
0.722351758032472,0.722351758032472,True,6.4492226e-05,0.9999355
0.722351758032472,0.722351758032472,True,6.604195e-05,0.99993396
0.722351758032472,0.722351758032472,True,0.00030958652,0.9996904
0.722351758032472,0.722351758032472,True,8.2969666e-05,0.99991703
0.722351758032472,0.722351758032472,True,0.00012373924,0.99987626
-1.3843670883058157,-1.3843670883058157,True,0.999913,8.7031156e-05
-1.3843670883058157,-1.3843670883058157,True,0.99989223,0.00010778242
0.722351758032472,0.722351758032472,True,0.00017648935,0.9998235
0.722351758032472,0.722351758032472,True,9.1433525e-05,0.99990857
-1.3843670883058157,-1.3843670883058157,True,0.999906,9.400738e-05
0.722351758032472,0.722351758032472,True,6.6280365e-05,0.9999337
-1.3843670883058157,-1.3843670883058157,True,0.9995754,0.00042464407
0.722351758032472,0.722351758032472,True,0.00019580126,0.9998042
0.722351758032472,0.722351758032472,True,0.010110915,0.9898891
-1.3843670883058157,-1.3843670883058157,True,0.99991626,8.3754494e-05
-1.3843670883058157,-1.3843670883058157,True,0.9998957,0.000104289975
0.722351758032472,0.722351758032472,True,0.00029855967,0.99970144
0.722351758032472,0.722351758032472,True,8.368492e-05,0.9999163
-1.3843670883058157,-1.3843670883058157,True,0.99991286,8.716571e-05
0.722351758032472,0.722351758032472,True,9.7990036e-05,0.999902
0.722351758032472,0.722351758032472,True,8.440018e-05,0.9999156
-1.3843670883058157,-1.3843670883058157,True,0.99979657,0.0002034066
0.722351758032472,0.722351758032472,True,0.0001731515,0.99982685
-1.3843670883058157,-1.3843670883058157,True,0.99989223,0.00010776946
-1.3843670883058157,-1.3843670883058157,True,0.9999087,9.130626e-05
0.722351758032472,0.722351758032472,True,6.878376e-05,0.9999312
0.722351758032472,0.722351758032472,True,0.0002116561,0.99978834
-1.3843670883058157,-1.3843670883058157,True,0.99965703,0.0003429655
0.722351758032472,0.722351758032472,True,0.00046527386,0.9995347
-1.3843670883058157,-1.3843670883058157,True,0.99991465,8.5363106e-05
-1.3843670883058157,-1.3843670883058157,True,0.99971414,0.00028586632
-1.3843670883058157,-1.3843670883058157,True,0.9997918,0.00020817823
-1.3843670883058157,-1.3843670883058157,True,0.99989843,0.00010156211
-1.3843670883058157,-1.3843670883058157,True,0.99991083,8.917663e-05
-1.3843670883058157,-1.3843670883058157,True,0.9998971,0.00010286574
0.722351758032472,0.722351758032472,True,0.00018423796,0.99981576
0.722351758032472,0.722351758032472,True,0.03903979,0.9609602
0.722351758032472,0.722351758032472,True,5.4478645e-05,0.9999455
0.722351758032472,0.722351758032472,True,0.00014662743,0.9998534
0.722351758032472,0.722351758032472,True,0.00022298098,0.999777
0.722351758032472,0.722351758032472,True,6.866455e-05,0.99993134
0.722351758032472,0.722351758032472,True,0.00024038553,0.9997596
0.722351758032472,0.722351758032472,True,0.00074487925,0.9992551
0.722351758032472,0.722351758032472,True,0.00019687414,0.9998031
0.722351758032472,0.722351758032472,True,0.00014901161,0.999851
0.722351758032472,0.722351758032472,True,7.4744225e-05,0.99992526
0.722351758032472,0.722351758032472,True,8.165836e-05,0.99991834
0.722351758032472,0.722351758032472,True,0.00019937754,0.9998006
-1.3843670883058157,-1.3843670883058157,True,0.9999109,8.908628e-05
