Actual,Predicted,Correct,Probability_-1.3843670883058157,Probability_0.722351758032472
-1.3843670883058157,-1.3843670883058157,True,0.9995924404093002,0.00040755959069983154
-1.3843670883058157,-1.3843670883058157,True,0.9996011864838498,0.0003988135161502044
0.722351758032472,0.722351758032472,True,0.00029456589010679046,0.9997054341098932
0.722351758032472,0.722351758032472,True,0.00420185664794559,0.9957981433520544
0.722351758032472,0.722351758032472,True,0.0019175920547219727,0.998082407945278
0.722351758032472,0.722351758032472,True,0.003131917046965693,0.9968680829530343
0.722351758032472,0.722351758032472,True,0.00010164262458334239,0.9998983573754167
0.722351758032472,0.722351758032472,True,0.02088669809465904,0.979113301905341
0.722351758032472,0.722351758032472,True,0.0002317857325943029,0.9997682142674057
0.722351758032472,0.722351758032472,True,0.0003931242507138055,0.9996068757492862
-1.3843670883058157,-1.3843670883058157,True,0.9996204282816854,0.00037957171831455924
-1.3843670883058157,-1.3843670883058157,True,0.9995554424215086,0.00044455757849139974
0.722351758032472,0.722351758032472,True,0.00023401519493126965,0.9997659848050687
0.722351758032472,0.722351758032472,True,0.0004317264800177689,0.9995682735199822
0.722351758032472,0.722351758032472,True,0.0002617350372988714,0.9997382649627011
0.722351758032472,0.722351758032472,True,0.00022318587256631162,0.9997768141274337
-1.3843670883058157,-1.3843670883058157,True,0.9997264430240677,0.0002735569759323777
0.722351758032472,0.722351758032472,True,0.00029244845901132965,0.9997075515409887
0.722351758032472,0.722351758032472,True,0.00026216352676899923,0.999737836473231
-1.3843670883058157,-1.3843670883058157,True,0.9997325436726232,0.00026745632737674416
-1.3843670883058157,-1.3843670883058157,True,0.9995458159118601,0.0004541840881399284
-1.3843670883058157,-1.3843670883058157,True,0.9997264430240677,0.0002735569759323777
0.722351758032472,0.722351758032472,True,0.0004740103601093004,0.9995259896398907
0.722351758032472,0.722351758032472,True,0.0003982146169647649,0.9996017853830352
0.722351758032472,0.722351758032472,True,0.00031931454557387884,0.9996806854544261
0.722351758032472,0.722351758032472,True,0.00031256723106776185,0.9996874327689322
0.722351758032472,0.722351758032472,True,0.00033572004344850637,0.9996642799565515
0.722351758032472,0.722351758032472,True,0.04166654794695657,0.9583334520530434
-1.3843670883058157,-1.3843670883058157,True,0.9997119425027599,0.0002880574972402001
0.722351758032472,0.722351758032472,True,0.00023684171023397038,0.999763158289766
0.722351758032472,0.722351758032472,True,0.0009231027125741198,0.9990768972874259
0.722351758032472,0.722351758032472,True,0.00019867094106329475,0.9998013290589367
-1.3843670883058157,-1.3843670883058157,True,0.9997513935231349,0.0002486064768650395
-1.3843670883058157,-1.3843670883058157,True,0.9996204282816854,0.00037957171831455924
0.722351758032472,0.722351758032472,True,0.00021294464229737464,0.9997870553577026
0.722351758032472,0.722351758032472,True,0.0001624597574176878,0.9998375402425823
0.722351758032472,0.722351758032472,True,0.00034329364378649085,0.9996567063562135
0.722351758032472,0.722351758032472,True,0.00022617951586745288,0.9997738204841325
0.722351758032472,0.722351758032472,True,0.000467894005056535,0.9995321059949435
-1.3843670883058157,-1.3843670883058157,True,0.9997621194524706,0.000237880547529432
0.722351758032472,0.722351758032472,True,0.0008565127647980342,0.999143487235202
-1.3843670883058157,-1.3843670883058157,True,0.9997621194524706,0.000237880547529432
-1.3843670883058157,-1.3843670883058157,True,0.9997288231303684,0.00027117686963163995
0.722351758032472,0.722351758032472,True,0.0002964143001651376,0.9997035856998349
0.722351758032472,0.722351758032472,True,0.0005313994439474223,0.9994686005560526
0.722351758032472,0.722351758032472,True,0.0009284000756758504,0.9990715999243241
0.722351758032472,0.722351758032472,True,0.00019939597323115343,0.9998006040267688
0.722351758032472,0.722351758032472,True,0.0011785741620776724,0.9988214258379223
-1.3843670883058157,-1.3843670883058157,True,0.9996274725071678,0.0003725274928322303
-1.3843670883058157,-1.3843670883058157,True,0.9997325436726232,0.00026745632737674416
0.722351758032472,0.722351758032472,True,0.00044479236341010697,0.9995552076365899
-1.3843670883058157,-1.3843670883058157,True,0.9996222908889291,0.00037770911107095983
0.722351758032472,0.722351758032472,True,0.00041174800261145617,0.9995882519973885
0.722351758032472,0.722351758032472,True,0.00039469969775629554,0.9996053003022437
0.722351758032472,0.722351758032472,True,0.00021696629569711856,0.9997830337043029
-1.3843670883058157,-1.3843670883058157,True,0.999693261836257,0.000306738163743034
-1.3843670883058157,-1.3843670883058157,True,0.9995494661469995,0.00045053385300056675
0.722351758032472,0.722351758032472,True,0.0003577174194252519,0.9996422825805747
-1.3843670883058157,-1.3843670883058157,True,0.9994631081772744,0.0005368918227256192
-1.3843670883058157,-1.3843670883058157,True,0.9996974701312461,0.000302529868753942
0.722351758032472,0.722351758032472,True,0.00016600376804865036,0.9998339962319513
-1.3843670883058157,-1.3843670883058157,True,0.999779132882049,0.000220867117950968
0.722351758032472,0.722351758032472,True,0.00014309735488782227,0.9998569026451122
0.722351758032472,0.722351758032472,True,0.00028179073972300905,0.999718209260277
-1.3843670883058157,-1.3843670883058157,True,0.9996044549565687,0.00039554504343132773
-1.3843670883058157,-1.3843670883058157,True,0.9999202904566843,7.970954331571137e-05
0.722351758032472,0.722351758032472,True,0.0002879562261666191,0.9997120437738334
-1.3843670883058157,-1.3843670883058157,True,0.999750167404118,0.00024983259588192433
0.722351758032472,0.722351758032472,True,0.00015857878132330416,0.9998414212186767
0.722351758032472,0.722351758032472,True,0.00014872658631093216,0.9998512734136891
0.722351758032472,0.722351758032472,True,0.0007475735391668792,0.9992524264608331
0.722351758032472,0.722351758032472,True,0.00027860034735749384,0.9997213996526425
0.722351758032472,0.722351758032472,True,0.0002282364551428051,0.9997717635448572
-1.3843670883058157,-1.3843670883058157,True,0.999639848430204,0.0003601515697959289
0.722351758032472,0.722351758032472,True,0.00014881050843718047,0.9998511894915628
-1.3843670883058157,-1.3843670883058157,True,0.9997288231303684,0.00027117686963163995
0.722351758032472,0.722351758032472,True,0.000412958559708243,0.9995870414402918
-1.3843670883058157,-1.3843670883058157,True,0.999543418483829,0.00045658151617106077
0.722351758032472,0.722351758032472,True,0.000951331925103549,0.9990486680748965
0.722351758032472,0.722351758032472,True,0.00045656010934336244,0.9995434398906566
0.722351758032472,0.722351758032472,True,0.0001420765047358552,0.9998579234952641
0.722351758032472,0.722351758032472,True,0.00026886210071941363,0.9997311378992806
-1.3843670883058157,-1.3843670883058157,True,0.9996644306058066,0.00033556939419346636
0.722351758032472,0.722351758032472,True,0.0002497617371598482,0.9997502382628402
-1.3843670883058157,0.722351758032472,False,0.015959123215920856,0.9840408767840791
-1.3843670883058157,-1.3843670883058157,True,0.9996644306058066,0.00033556939419346636
0.722351758032472,0.722351758032472,True,0.000270708241664086,0.9997292917583359
-1.3843670883058157,-1.3843670883058157,True,0.9994319701074521,0.000568029892547937
-1.3843670883058157,-1.3843670883058157,True,0.999144267524152,0.000855732475848042
-1.3843670883058157,-1.3843670883058157,True,0.9996769813257766,0.000323018674223336
0.722351758032472,0.722351758032472,True,0.0001876798514905964,0.9998123201485094
0.722351758032472,0.722351758032472,True,0.002244307426785941,0.9977556925732141
0.722351758032472,0.722351758032472,True,0.000207914551347943,0.9997920854486521
-1.3843670883058157,-1.3843670883058157,True,0.9995313190520174,0.00046868094798253635
0.722351758032472,0.722351758032472,True,0.0004288059298611646,0.9995711940701388
0.722351758032472,0.722351758032472,True,0.00016600376804865036,0.9998339962319513
0.722351758032472,0.722351758032472,True,0.0023737500058998995,0.9976262499941001
0.722351758032472,0.722351758032472,True,0.00020642316435759422,0.9997935768356424
0.722351758032472,0.722351758032472,True,0.0001408770585953345,0.9998591229414047
0.722351758032472,0.722351758032472,True,0.00020039771649527083,0.9997996022835047
-1.3843670883058157,-1.3843670883058157,True,0.9997119425027599,0.0002880574972402001
0.722351758032472,0.722351758032472,True,0.0002781144664310009,0.999721885533569
-1.3843670883058157,-1.3843670883058157,True,0.9996039154803912,0.0003960845196087693
0.722351758032472,0.722351758032472,True,0.00046740166199732425,0.9995325983380027
0.722351758032472,0.722351758032472,True,0.0004317264800177689,0.9995682735199822
0.722351758032472,0.722351758032472,True,0.0001488591463675304,0.9998511408536325
-1.3843670883058157,-1.3843670883058157,True,0.9996222908889291,0.0003777091110709595
0.722351758032472,0.722351758032472,True,0.00038513207083434864,0.9996148679291657
0.722351758032472,0.722351758032472,True,0.000253334589685017,0.999746665410315
0.722351758032472,0.722351758032472,True,0.0002698322381707863,0.9997301677618292
0.722351758032472,0.722351758032472,True,0.00016600376804865036,0.9998339962319513
0.722351758032472,0.722351758032472,True,0.00021054187678071212,0.9997894581232193
0.722351758032472,0.722351758032472,True,0.00010550099970974003,0.9998944990002903
-1.3843670883058157,-1.3843670883058157,True,0.9996655668014385,0.0003344331985615757
0.722351758032472,0.722351758032472,True,9.645515506628843e-05,0.9999035448449337
0.722351758032472,0.722351758032472,True,0.0001821941315365283,0.9998178058684635
-1.3843670883058157,-1.3843670883058157,True,0.9995683550773657,0.00043164492263430063
0.722351758032472,0.722351758032472,True,0.0006527481135932822,0.9993472518864067
0.722351758032472,0.722351758032472,True,0.000472158768217823,0.9995278412317822
0.722351758032472,0.722351758032472,True,0.0003406068249208749,0.9996593931750791
0.722351758032472,0.722351758032472,True,0.0002205723687970229,0.999779427631203
0.722351758032472,0.722351758032472,True,0.00023947816835889757,0.9997605218316411
-1.3843670883058157,-1.3843670883058157,True,0.9996644306058066,0.00033556939419346636
-1.3843670883058157,-1.3843670883058157,True,0.9993105479357702,0.000689452064229733
0.722351758032472,0.722351758032472,True,0.0002815451330315799,0.9997184548669684
0.722351758032472,0.722351758032472,True,0.00011850549273006994,0.9998814945072699
-1.3843670883058157,-1.3843670883058157,True,0.9993075678699095,0.0006924321300905688
0.722351758032472,0.722351758032472,True,0.0005562698301192492,0.9994437301698808
0.722351758032472,0.722351758032472,True,0.00036815981888926874,0.9996318401811107
-1.3843670883058157,-1.3843670883058157,True,0.999703085011662,0.00029691498833792193
0.722351758032472,0.722351758032472,True,0.0001430597881199036,0.9998569402118801
0.722351758032472,0.722351758032472,True,0.00011769095689617703,0.9998823090431038
-1.3843670883058157,-1.3843670883058157,True,0.9997548044759161,0.00024519552408380806
0.722351758032472,0.722351758032472,True,0.0003019213439778845,0.9996980786560221
0.722351758032472,0.722351758032472,True,0.00044291421180908674,0.9995570857881909
0.722351758032472,0.722351758032472,True,0.0006098466345582088,0.9993901533654418
-1.3843670883058157,-1.3843670883058157,True,0.9994321823358526,0.0005678176641473606
-1.3843670883058157,-1.3843670883058157,True,0.9996151487205152,0.0003848512794848706
0.722351758032472,0.722351758032472,True,0.0004380311485658872,0.9995619688514341
-1.3843670883058157,-1.3843670883058157,True,0.9994866823373229,0.0005133176626771972
-1.3843670883058157,-1.3843670883058157,True,0.999703085011662,0.00029691498833792193
0.722351758032472,0.722351758032472,True,0.0006146940631911457,0.9993853059368089
0.722351758032472,0.722351758032472,True,0.0008011888167853698,0.9991988111832146
0.722351758032472,0.722351758032472,True,0.00015034710414629782,0.9998496528958537
-1.3843670883058157,-1.3843670883058157,True,0.9995661281380236,0.00043387186197639484
0.722351758032472,0.722351758032472,True,0.00035923435601903364,0.999640765643981
0.722351758032472,0.722351758032472,True,0.00045071898927684373,0.9995492810107232
-1.3843670883058157,-1.3843670883058157,True,0.999497171956675,0.0005028280433250442
-1.3843670883058157,-1.3843670883058157,True,0.9993485307719813,0.0006514692280187083
0.722351758032472,0.722351758032472,True,0.00020642316435759422,0.9997935768356424
-1.3843670883058157,-1.3843670883058157,True,0.9996023669338368,0.0003976330661632283
0.722351758032472,0.722351758032472,True,0.00021054187678071212,0.9997894581232193
-1.3843670883058157,-1.3843670883058157,True,0.9996281149463498,0.0003718850536501127
-1.3843670883058157,-1.3843670883058157,True,0.9994501578410151,0.0005498421589848749
-1.3843670883058157,-1.3843670883058157,True,0.9997325436726232,0.00026745632737674416
-1.3843670883058157,-1.3843670883058157,True,0.9997238197373709,0.00027618026262908564
0.722351758032472,0.722351758032472,True,0.003738394268812617,0.9962616057311874
-1.3843670883058157,-1.3843670883058157,True,0.9996974701312461,0.00030252986875394254
0.722351758032472,0.722351758032472,True,0.001689485506580768,0.9983105144934192
0.722351758032472,0.722351758032472,True,0.00017005434060346492,0.9998299456593965
-1.3843670883058157,-1.3843670883058157,True,0.9996989547980791,0.0003010452019208882
-1.3843670883058157,-1.3843670883058157,True,0.9997288231303684,0.00027117686963163995
0.722351758032472,0.722351758032472,True,0.00011517825654283609,0.9998848217434572
0.722351758032472,0.722351758032472,True,0.00022435757485983476,0.9997756424251402
0.722351758032472,0.722351758032472,True,0.00029370127053285344,0.9997062987294671
-1.3843670883058157,-1.3843670883058157,True,0.9996690277983966,0.000330972201603354
-1.3843670883058157,-1.3843670883058157,True,0.9996600719588598,0.0003399280411402789
0.722351758032472,0.722351758032472,True,0.00022156461838185315,0.9997784353816181
-1.3843670883058157,-1.3843670883058157,True,0.9996290443810726,0.00037095561892741216
-1.3843670883058157,-1.3843670883058157,True,0.9996989547980791,0.0003010452019208882
0.722351758032472,0.722351758032472,True,0.0001624597574176878,0.9998375402425823
0.722351758032472,0.722351758032472,True,0.00013112921365987518,0.9998688707863401
0.722351758032472,0.722351758032472,True,0.0003513435276335519,0.9996486564723664
-1.3843670883058157,-1.3843670883058157,True,0.9995235118586554,0.0004764881413445598
-1.3843670883058157,-1.3843670883058157,True,0.9992804956309228,0.0007195043690772023
0.722351758032472,0.722351758032472,True,0.0004618182598739029,0.9995381817401261
0.722351758032472,0.722351758032472,True,0.00010324256275751065,0.9998967574372425
-1.3843670883058157,-1.3843670883058157,True,0.9997051149299839,0.0002948850700160624
0.722351758032472,0.722351758032472,True,0.0004506801126952231,0.9995493198873048
0.722351758032472,0.722351758032472,True,0.00011584662264252366,0.9998841533773575
0.722351758032472,0.722351758032472,True,0.0015541773423427552,0.9984458226576572
0.722351758032472,0.722351758032472,True,0.0004034784634605604,0.9995965215365394
-1.3843670883058157,-1.3843670883058157,True,0.999427417026588,0.000572582973412006
0.722351758032472,0.722351758032472,True,0.00024851674767767395,0.9997514832523223
0.722351758032472,0.722351758032472,True,0.00018488559254481451,0.9998151144074552
0.722351758032472,0.722351758032472,True,0.0030287887592754803,0.9969712112407245
0.722351758032472,0.722351758032472,True,0.001541998483202911,0.9984580015167971
0.722351758032472,0.722351758032472,True,0.00032756736635630723,0.9996724326336437
0.722351758032472,0.722351758032472,True,0.00450536706179927,0.9954946329382007
0.722351758032472,0.722351758032472,True,0.0003964164957253047,0.9996035835042747
-1.3843670883058157,-1.3843670883058157,True,0.9996274725071678,0.0003725274928322303
0.722351758032472,0.722351758032472,True,0.0014081114118732474,0.9985918885881268
0.722351758032472,0.722351758032472,True,0.00017221249552623608,0.9998277875044738
0.722351758032472,0.722351758032472,True,0.00021673656044085554,0.9997832634395591
-1.3843670883058157,-1.3843670883058157,True,0.999716718190361,0.0002832818096389808
0.722351758032472,0.722351758032472,True,0.0002594088374129333,0.9997405911625871
-1.3843670883058157,-1.3843670883058157,True,0.999693261836257,0.000306738163743034
0.722351758032472,0.722351758032472,True,0.00032660363522019065,0.9996733963647798
0.722351758032472,0.722351758032472,True,0.00010652740297900642,0.999893472597021
-1.3843670883058157,-1.3843670883058157,True,0.9996123517430079,0.0003876482569921154
0.722351758032472,0.722351758032472,True,0.0007771687622869505,0.999222831237713
0.722351758032472,0.722351758032472,True,0.0003954163730137683,0.9996045836269862
-1.3843670883058157,-1.3843670883058157,True,0.9996274725071678,0.0003725274928322303
0.722351758032472,0.722351758032472,True,0.002652491965922099,0.9973475080340779
-1.3843670883058157,-1.3843670883058157,True,0.9996644306058066,0.00033556939419346636
0.722351758032472,0.722351758032472,True,0.0001796428640157277,0.9998203571359843
-1.3843670883058157,-1.3843670883058157,True,0.9996274725071678,0.0003725274928322303
0.722351758032472,0.722351758032472,True,0.00013567284205329155,0.9998643271579467
-1.3843670883058157,-1.3843670883058157,True,0.9997325436726232,0.00026745632737674416
0.722351758032472,0.722351758032472,True,0.00022156461838185315,0.9997784353816181
-1.3843670883058157,-1.3843670883058157,True,0.9996696743199737,0.00033032568002627804
-1.3843670883058157,-1.3843670883058157,True,0.9996229422606571,0.0003770577393429183
0.722351758032472,0.722351758032472,True,0.00019514746808424466,0.9998048525319158
-1.3843670883058157,-1.3843670883058157,True,0.9996185697084419,0.00038143029155817115
0.722351758032472,0.722351758032472,True,0.00025090796902871304,0.9997490920309713
0.722351758032472,0.722351758032472,True,0.0004616387337627037,0.9995383612662373
0.722351758032472,0.722351758032472,True,0.00037915542700117655,0.9996208445729988
0.722351758032472,0.722351758032472,True,0.00035850964923545003,0.9996414903507645
-1.3843670883058157,0.722351758032472,False,0.13123099089280366,0.8687690091071963
0.722351758032472,0.722351758032472,True,0.0017775635739974982,0.9982224364260025
0.722351758032472,0.722351758032472,True,0.00014563350284568788,0.9998543664971543
0.722351758032472,0.722351758032472,True,0.00013498832030323094,0.9998650116796968
0.722351758032472,0.722351758032472,True,0.06083538933039312,0.9391646106696069
0.722351758032472,0.722351758032472,True,0.0004736685790754924,0.9995263314209245
-1.3843670883058157,-1.3843670883058157,True,0.9997288231303684,0.00027117686963163995
0.722351758032472,0.722351758032472,True,0.0004016601789661456,0.9995983398210339
0.722351758032472,0.722351758032472,True,0.00040500120207920265,0.9995949987979208
0.722351758032472,0.722351758032472,True,0.00019793794103761808,0.9998020620589624
-1.3843670883058157,-1.3843670883058157,True,0.9996644306058066,0.00033556939419346636
0.722351758032472,0.722351758032472,True,0.0002452198654604443,0.9997547801345396
0.722351758032472,0.722351758032472,True,0.0012098352002452017,0.9987901647997548
0.722351758032472,0.722351758032472,True,0.00021054187678071212,0.9997894581232193
0.722351758032472,0.722351758032472,True,0.0003309740232390057,0.999669025976761
0.722351758032472,0.722351758032472,True,0.00040245851419606904,0.9995975414858039
-1.3843670883058157,-1.3843670883058157,True,0.9993669317855673,0.0006330682144326515
0.722351758032472,0.722351758032472,True,0.0002875655298731905,0.9997124344701268
0.722351758032472,0.722351758032472,True,0.00035911292668033834,0.9996408870733197
-1.3843670883058157,-1.3843670883058157,True,0.9994434372680108,0.0005565627319891771
0.722351758032472,0.722351758032472,True,0.00020642316435759422,0.9997935768356424
-1.3843670883058157,-1.3843670883058157,True,0.9996974701312461,0.000302529868753942
-1.3843670883058157,-1.3843670883058157,True,0.9997325436726232,0.00026745632737674416
-1.3843670883058157,-1.3843670883058157,True,0.9997653832769339,0.0002346167230661058
0.722351758032472,0.722351758032472,True,0.0023737500058998995,0.9976262499941001
0.722351758032472,0.722351758032472,True,0.00026668359627812777,0.9997333164037219
0.722351758032472,0.722351758032472,True,0.0002524814981005319,0.9997475185018995
-1.3843670883058157,-1.3843670883058157,True,0.9996974701312461,0.000302529868753942
-1.3843670883058157,-1.3843670883058157,True,0.9996974701312461,0.000302529868753942
-1.3843670883058157,-1.3843670883058157,True,0.9996274725071678,0.0003725274928322303
0.722351758032472,0.722351758032472,True,0.0002957177445764847,0.9997042822554235
-1.3843670883058157,-1.3843670883058157,True,0.9997325436726232,0.00026745632737674416
0.722351758032472,0.722351758032472,True,0.0004274182523889003,0.9995725817476111
0.722351758032472,0.722351758032472,True,0.0008563887297377004,0.9991436112702623
0.722351758032472,0.722351758032472,True,0.0002772722465146371,0.9997227277534854
0.722351758032472,0.722351758032472,True,0.0002540464805089737,0.999745953519491
0.722351758032472,0.722351758032472,True,0.0352760108582042,0.9647239891417958
-1.3843670883058157,-1.3843670883058157,True,0.9996551861633165,0.0003448138366834462
0.722351758032472,0.722351758032472,True,0.001427957940321023,0.998572042059679
-1.3843670883058157,-1.3843670883058157,True,0.999478999636807,0.0005210003631930664
-1.3843670883058157,-1.3843670883058157,True,0.9997158945811346,0.00028410541886540524
-1.3843670883058157,-1.3843670883058157,True,0.9996553436217247,0.0003446563782752609
0.722351758032472,0.722351758032472,True,0.004858063695667547,0.9951419363043325
0.722351758032472,0.722351758032472,True,0.00011517825654283609,0.9998848217434572
0.722351758032472,0.722351758032472,True,0.0009143745029016603,0.9990856254970983
0.722351758032472,0.722351758032472,True,0.0010677493532724736,0.9989322506467275
0.722351758032472,0.722351758032472,True,0.00018730538963718235,0.9998126946103628
-1.3843670883058157,-1.3843670883058157,True,0.9997548044759161,0.00024519552408380806
0.722351758032472,0.722351758032472,True,0.0002844444723928419,0.9997155555276072
0.722351758032472,0.722351758032472,True,0.0002635097808251219,0.9997364902191749
0.722351758032472,0.722351758032472,True,0.0036446068524192965,0.9963553931475807
-1.3843670883058157,-1.3843670883058157,True,0.9996989547980791,0.0003010452019208882
0.722351758032472,0.722351758032472,True,0.0002529190648115076,0.9997470809351885
0.722351758032472,0.722351758032472,True,8.931290505787004e-05,0.9999106870949421
0.722351758032472,0.722351758032472,True,0.00043661230437441745,0.9995633876956256
0.722351758032472,0.722351758032472,True,0.00017277083582356578,0.9998272291641764
0.722351758032472,0.722351758032472,True,0.08862059814133594,0.9113794018586641
0.722351758032472,0.722351758032472,True,0.0018428427947499992,0.99815715720525
0.722351758032472,0.722351758032472,True,0.00026668359627812777,0.9997333164037219
0.722351758032472,0.722351758032472,True,0.00019615355559443604,0.9998038464444056
0.722351758032472,0.722351758032472,True,0.0015855600731896624,0.9984144399268103
-1.3843670883058157,-1.3843670883058157,True,0.9995269167328821,0.00047308326711791336
0.722351758032472,0.722351758032472,True,0.0003970698870003897,0.9996029301129996
0.722351758032472,0.722351758032472,True,0.00012736111205047251,0.9998726388879495
0.722351758032472,0.722351758032472,True,0.00018551959375034954,0.9998144804062497
-1.3843670883058157,-1.3843670883058157,True,0.9996274725071678,0.0003725274928322303
0.722351758032472,0.722351758032472,True,0.000349634596160886,0.9996503654038391
0.722351758032472,0.722351758032472,True,0.0002985934315594685,0.9997014065684405
0.722351758032472,0.722351758032472,True,0.00010366597548761014,0.9998963340245124
0.722351758032472,0.722351758032472,True,0.0002855589810876191,0.9997144410189124
-1.3843670883058157,-1.3843670883058157,True,0.9997119425027599,0.0002880574972402001
0.722351758032472,0.722351758032472,True,0.00019310108832026884,0.9998068989116797
0.722351758032472,0.722351758032472,True,0.00035441987094320115,0.9996455801290568
-1.3843670883058157,-1.3843670883058157,True,0.9996769813257766,0.0003230186742233366
0.722351758032472,0.722351758032472,True,0.00021054187678071212,0.9997894581232193
-1.3843670883058157,-1.3843670883058157,True,0.9993667605033478,0.0006332394966521705
0.722351758032472,0.722351758032472,True,0.0005042304961123678,0.9994957695038876
-1.3843670883058157,-1.3843670883058157,True,0.9997325436726232,0.00026745632737674416
-1.3843670883058157,-1.3843670883058157,True,0.999703085011662,0.00029691498833792193
-1.3843670883058157,-1.3843670883058157,True,0.9996597628760218,0.0003402371239782435
0.722351758032472,0.722351758032472,True,0.0003910288007226148,0.9996089711992774
0.722351758032472,0.722351758032472,True,0.0001339377649035578,0.9998660622350964
-1.3843670883058157,-1.3843670883058157,True,0.9997288231303684,0.00027117686963163995
-1.3843670883058157,-1.3843670883058157,True,0.9996336634022793,0.000366336597720647
0.722351758032472,0.722351758032472,True,0.0002847648077026754,0.9997152351922973
-1.3843670883058157,-1.3843670883058157,True,0.9995030467996393,0.0004969532003606888
-1.3843670883058157,-1.3843670883058157,True,0.999261915228568,0.0007380847714320091
0.722351758032472,0.722351758032472,True,0.00014563350284568788,0.9998543664971543
-1.3843670883058157,-1.3843670883058157,True,0.9996530998976108,0.0003469001023892615
0.722351758032472,0.722351758032472,True,0.00026668359627812777,0.9997333164037219
0.722351758032472,0.722351758032472,True,0.0002464658246781326,0.9997535341753219
-1.3843670883058157,-1.3843670883058157,True,0.999427152192507,0.0005728478074930106
0.722351758032472,0.722351758032472,True,0.00031164735761657347,0.9996883526423834
0.722351758032472,0.722351758032472,True,0.0006546271729219733,0.999345372827078
0.722351758032472,0.722351758032472,True,0.0004110204934956174,0.9995889795065044
0.722351758032472,0.722351758032472,True,0.003528484697691736,0.9964715153023083
-1.3843670883058157,-1.3843670883058157,True,0.9995735104040263,0.00042648959597366593
0.722351758032472,0.722351758032472,True,0.0002316964980102476,0.9997683035019898
-1.3843670883058157,-1.3843670883058157,True,0.9993052733872795,0.000694726612720469
-1.3843670883058157,-1.3843670883058157,True,0.9996644306058066,0.00033556939419346636
-1.3843670883058157,-1.3843670883058157,True,0.999543418483829,0.00045658151617106077
0.722351758032472,0.722351758032472,True,0.0010821229778799069,0.9989178770221201
0.722351758032472,0.722351758032472,True,0.00024420250924572784,0.9997557974907543
0.722351758032472,0.722351758032472,True,0.004902822753469427,0.9950971772465306
0.722351758032472,0.722351758032472,True,0.0008453150376204199,0.9991546849623796
0.722351758032472,0.722351758032472,True,0.0001051266452604116,0.9998948733547396
-1.3843670883058157,-1.3843670883058157,True,0.9995781513390551,0.0004218486609448951
-1.3843670883058157,-1.3843670883058157,True,0.9995098634708094,0.0004901365291906593
-1.3843670883058157,-1.3843670883058157,True,0.999693261836257,0.000306738163743034
-1.3843670883058157,-1.3843670883058157,True,0.9996769813257766,0.000323018674223336
-1.3843670883058157,-1.3843670883058157,True,0.9995096289813064,0.0004903710186936365
-1.3843670883058157,-1.3843670883058157,True,0.9997119425027599,0.0002880574972402001
-1.3843670883058157,-1.3843670883058157,True,0.9997621194524706,0.000237880547529432
0.722351758032472,0.722351758032472,True,0.0019298967611562912,0.9980701032388437
-1.3843670883058157,-1.3843670883058157,True,0.9996751703900343,0.0003248296099657093
0.722351758032472,0.722351758032472,True,0.00033713660215628494,0.9996628633978437
0.722351758032472,0.722351758032472,True,0.00029484088184195123,0.999705159118158
0.722351758032472,0.722351758032472,True,0.00029793999270633087,0.9997020600072937
-1.3843670883058157,-1.3843670883058157,True,0.9996974701312461,0.000302529868753942
0.722351758032472,0.722351758032472,True,0.0015518534073380996,0.9984481465926619
0.722351758032472,0.722351758032472,True,0.0004388295873190007,0.999561170412681
-1.3843670883058157,-1.3843670883058157,True,0.999549681629021,0.00045031837097902154
0.722351758032472,0.722351758032472,True,0.00010141123668083729,0.9998985887633192
0.722351758032472,0.722351758032472,True,8.006199728693986e-05,0.9999199380027131
0.722351758032472,0.722351758032472,True,0.003551660134149648,0.9964483398658504
0.722351758032472,0.722351758032472,True,0.003852181990988024,0.996147818009012
-1.3843670883058157,-1.3843670883058157,True,0.999483558043494,0.00051644195650604
-1.3843670883058157,-1.3843670883058157,True,0.9997288231303684,0.00027117686963163995
0.722351758032472,0.722351758032472,True,0.0002187869972497536,0.9997812130027502
0.722351758032472,0.722351758032472,True,0.0007548989496892755,0.9992451010503107
-1.3843670883058157,-1.3843670883058157,True,0.999643543004224,0.0003564569957760019
0.722351758032472,0.722351758032472,True,0.00010324852790499772,0.999896751472095
-1.3843670883058157,-1.3843670883058157,True,0.9995310680587285,0.0004689319412714874
0.722351758032472,0.722351758032472,True,0.00021602738625126072,0.9997839726137487
0.722351758032472,0.722351758032472,True,0.0001873163463457228,0.9998126836536543
-1.3843670883058157,-1.3843670883058157,True,0.9991019102525412,0.0008980897474587611
0.722351758032472,0.722351758032472,True,0.0011359006344663358,0.9988640993655337
-1.3843670883058157,-1.3843670883058157,True,0.9995675785322671,0.0004324214677328732
0.722351758032472,0.722351758032472,True,0.00016688715248069919,0.9998331128475193
-1.3843670883058157,-1.3843670883058157,True,0.999643543004224,0.0003564569957760019
-1.3843670883058157,-1.3843670883058157,True,0.9996597628760218,0.0003402371239782435
0.722351758032472,0.722351758032472,True,0.0004738992026064315,0.9995261007973936
0.722351758032472,0.722351758032472,True,0.00011769095689617703,0.9998823090431038
-1.3843670883058157,-1.3843670883058157,True,0.9996385848354636,0.0003614151645363154
-1.3843670883058157,-1.3843670883058157,True,0.999703085011662,0.00029691498833792193
0.722351758032472,0.722351758032472,True,0.00017191207075195614,0.999828087929248
0.722351758032472,0.722351758032472,True,9.980074837112607e-05,0.9999001992516289
-1.3843670883058157,-1.3843670883058157,True,0.999693261836257,0.000306738163743034
-1.3843670883058157,-1.3843670883058157,True,0.9996936569913685,0.0003063430086314955
0.722351758032472,0.722351758032472,True,0.00035243673381790686,0.9996475632661821
0.722351758032472,0.722351758032472,True,0.0001532781217196133,0.9998467218782804
0.722351758032472,0.722351758032472,True,0.0005888050787453691,0.9994111949212546
-1.3843670883058157,-1.3843670883058157,True,0.9997192817400716,0.00028071825992836074
0.722351758032472,0.722351758032472,True,0.00020642316435759422,0.9997935768356424
0.722351758032472,0.722351758032472,True,9.198268415278044e-05,0.9999080173158472
-1.3843670883058157,-1.3843670883058157,True,0.9996222908889291,0.00037770911107095983
0.722351758032472,0.722351758032472,True,0.00093799465960831,0.9990620053403917
0.722351758032472,0.722351758032472,True,0.00022844726834292395,0.9997715527316571
0.722351758032472,0.722351758032472,True,0.0001961195742787858,0.9998038804257212
0.722351758032472,0.722351758032472,True,0.00015665304686496295,0.999843346953135
-1.3843670883058157,-1.3843670883058157,True,0.9995269167328821,0.00047308326711791336
0.722351758032472,0.722351758032472,True,0.00013900912381870079,0.9998609908761813
0.722351758032472,0.722351758032472,True,0.00040608626403881853,0.9995939137359612
0.722351758032472,0.722351758032472,True,0.00102037274604172,0.9989796272539583
-1.3843670883058157,-1.3843670883058157,True,0.9996974701312461,0.000302529868753942
0.722351758032472,0.722351758032472,True,0.0001796428640157277,0.9998203571359843
0.722351758032472,0.722351758032472,True,0.0003714686567606318,0.9996285313432394
-1.3843670883058157,-1.3843670883058157,True,0.9997513935231349,0.0002486064768650395
-1.3843670883058157,-1.3843670883058157,True,0.9995096289813064,0.0004903710186936365
0.722351758032472,0.722351758032472,True,0.00011476956774281177,0.9998852304322572
0.722351758032472,0.722351758032472,True,0.00010324852790499772,0.999896751472095
-1.3843670883058157,-1.3843670883058157,True,0.9996655668014385,0.0003344331985615757
-1.3843670883058157,-1.3843670883058157,True,0.9996274725071678,0.0003725274928322303
0.722351758032472,0.722351758032472,True,0.00017670466711838806,0.9998232953328816
0.722351758032472,0.722351758032472,True,0.0003124059144016256,0.9996875940855984
0.722351758032472,0.722351758032472,True,0.00033713660215628494,0.9996628633978437
0.722351758032472,0.722351758032472,True,0.00030488301206932356,0.9996951169879307
0.722351758032472,0.722351758032472,True,0.0005888050787453691,0.9994111949212546
-1.3843670883058157,-1.3843670883058157,True,0.9994201310906743,0.000579868909325706
-1.3843670883058157,-1.3843670883058157,True,0.9996974701312461,0.000302529868753942
0.722351758032472,0.722351758032472,True,0.00017841299466392346,0.9998215870053361
0.722351758032472,0.722351758032472,True,0.00014128467522267485,0.9998587153247773
-1.3843670883058157,-1.3843670883058157,True,0.9995708166256148,0.0004291833743852486
0.722351758032472,0.722351758032472,True,0.0001624597574176878,0.9998375402425823
0.722351758032472,0.722351758032472,True,0.0005627455100642997,0.9994372544899357
-1.3843670883058157,-1.3843670883058157,True,0.999643543004224,0.0003564569957760022
-1.3843670883058157,-1.3843670883058157,True,0.9996989547980791,0.0003010452019208882
0.722351758032472,0.722351758032472,True,0.0008964909777730012,0.999103509022227
0.722351758032472,0.722351758032472,True,0.00032503659210303404,0.999674963407897
-1.3843670883058157,-1.3843670883058157,True,0.9993598374841008,0.0006401625158991036
0.722351758032472,0.722351758032472,True,0.0006276293057846383,0.9993723706942154
0.722351758032472,0.722351758032472,True,0.0005629682736394415,0.9994370317263606
0.722351758032472,0.722351758032472,True,0.00011769095689617703,0.9998823090431038
0.722351758032472,0.722351758032472,True,0.002655711081900436,0.9973442889180996
-1.3843670883058157,-1.3843670883058157,True,0.9997653832769339,0.0002346167230661058
-1.3843670883058157,-1.3843670883058157,True,0.9996892853111315,0.0003107146888684083
0.722351758032472,0.722351758032472,True,8.006199728693986e-05,0.9999199380027131
-1.3843670883058157,-1.3843670883058157,True,0.9993433293980293,0.0006566706019706958
0.722351758032472,0.722351758032472,True,0.00032969290681872376,0.9996703070931813
0.722351758032472,0.722351758032472,True,0.00010324852790499772,0.999896751472095
0.722351758032472,0.722351758032472,True,0.00023473479943170172,0.9997652652005683
-1.3843670883058157,-1.3843670883058157,True,0.999558622867445,0.00044137713255496425
0.722351758032472,0.722351758032472,True,0.0010773900062538422,0.9989226099937462
0.722351758032472,0.722351758032472,True,0.00014967431814549848,0.9998503256818545
0.722351758032472,0.722351758032472,True,0.00014984038954402035,0.999850159610456
0.722351758032472,0.722351758032472,True,0.000159778866643423,0.9998402211333566
-1.3843670883058157,-1.3843670883058157,True,0.9996248729650581,0.00037512703494193195
-1.3843670883058157,-1.3843670883058157,True,0.999705631005175,0.0002943689948250208
0.722351758032472,0.722351758032472,True,0.00018088608970567854,0.9998191139102943
-1.3843670883058157,-1.3843670883058157,True,0.9993921900155954,0.0006078099844045988
-1.3843670883058157,-1.3843670883058157,True,0.999582462832814,0.0004175371671859167
0.722351758032472,0.722351758032472,True,0.001147651606606681,0.9988523483933933
-1.3843670883058157,-1.3843670883058157,True,0.9996724881177964,0.0003275118822035389
0.722351758032472,0.722351758032472,True,0.00028000146079754096,0.9997199985392025
0.722351758032472,0.722351758032472,True,0.00034818826140547987,0.9996518117385945
-1.3843670883058157,-1.3843670883058157,True,0.9995923762046122,0.0004076237953878775
0.722351758032472,0.722351758032472,True,0.0008574202924974683,0.9991425797075025
0.722351758032472,0.722351758032472,True,0.00013864750866943165,0.9998613524913306
0.722351758032472,0.722351758032472,True,0.0004616095340226334,0.9995383904659774
0.722351758032472,0.722351758032472,True,0.0001106649603476173,0.9998893350396524
-1.3843670883058157,-1.3843670883058157,True,0.999703085011662,0.00029691498833792193
-1.3843670883058157,-1.3843670883058157,True,0.9996974701312461,0.000302529868753942
0.722351758032472,0.722351758032472,True,0.00017323939284230594,0.9998267606071577
0.722351758032472,0.722351758032472,True,0.00018063353871433652,0.9998193664612857
0.722351758032472,0.722351758032472,True,0.00011517825654283609,0.9998848217434572
-1.3843670883058157,-1.3843670883058157,True,0.9995839382355218,0.00041606176447817175
0.722351758032472,0.722351758032472,True,0.0001356874469331526,0.9998643125530668
0.722351758032472,0.722351758032472,True,0.0001961195742787858,0.9998038804257212
0.722351758032472,0.722351758032472,True,0.001667084245297712,0.9983329157547023
-1.3843670883058157,-1.3843670883058157,True,0.9996600719588598,0.0003399280411402789
0.722351758032472,0.722351758032472,True,0.0005860401373183333,0.9994139598626817
0.722351758032472,0.722351758032472,True,0.00038889395743624267,0.9996111060425638
-1.3843670883058157,-1.3843670883058157,True,0.9997302454521664,0.00026975454783364334
0.722351758032472,0.722351758032472,True,0.000492466823633908,0.9995075331763661
0.722351758032472,0.722351758032472,True,0.0005171886594528274,0.9994828113405472
0.722351758032472,0.722351758032472,True,0.0003059814477347489,0.9996940185522653
0.722351758032472,0.722351758032472,True,0.0001818555735244587,0.9998181444264755
0.722351758032472,0.722351758032472,True,0.00011769095689617703,0.9998823090431038
0.722351758032472,0.722351758032472,True,0.00039613996485388103,0.9996038600351461
0.722351758032472,0.722351758032472,True,0.0004867303959504854,0.9995132696040495
0.722351758032472,0.722351758032472,True,0.00011769095689617703,0.9998823090431038
0.722351758032472,0.722351758032472,True,0.00036338551530956664,0.9996366144846904
0.722351758032472,0.722351758032472,True,0.00015722508973525784,0.9998427749102647
0.722351758032472,0.722351758032472,True,0.000287635985795176,0.9997123640142048
-1.3843670883058157,-1.3843670883058157,True,0.9997288231303684,0.00027117686963163995
0.722351758032472,0.722351758032472,True,0.00039978043880029013,0.9996002195611997
0.722351758032472,0.722351758032472,True,0.00035108137521100424,0.999648918624789
0.722351758032472,0.722351758032472,True,0.0009647582911520569,0.9990352417088479
0.722351758032472,0.722351758032472,True,0.00034026964903643986,0.9996597303509636
-1.3843670883058157,-1.3843670883058157,True,0.9991582884413643,0.0008417115586356423
0.722351758032472,0.722351758032472,True,0.00026369223809064035,0.9997363077619094
0.722351758032472,0.722351758032472,True,0.00021054187678071212,0.9997894581232193
0.722351758032472,0.722351758032472,True,0.0002964143001651376,0.9997035856998349
0.722351758032472,0.722351758032472,True,0.0002617294806588344,0.9997382705193412
-1.3843670883058157,-1.3843670883058157,True,0.999703085011662,0.00029691498833792193
0.722351758032472,0.722351758032472,True,0.0012876217108458432,0.9987123782891542
-1.3843670883058157,-1.3843670883058157,True,0.999639848430204,0.00036015156979592926
0.722351758032472,0.722351758032472,True,0.003196935054812111,0.9968030649451879
0.722351758032472,0.722351758032472,True,0.00029109512501368506,0.9997089048749863
0.722351758032472,0.722351758032472,True,0.00013600605270713828,0.9998639939472929
0.722351758032472,0.722351758032472,True,0.00027369444514946384,0.9997263055548505
-1.3843670883058157,-1.3843670883058157,True,0.9996989547980791,0.0003010452019208882
-1.3843670883058157,-1.3843670883058157,True,0.9997325436726232,0.00026745632737674416
-1.3843670883058157,-1.3843670883058157,True,0.9996644306058066,0.00033556939419346636
-1.3843670883058157,-1.3843670883058157,True,0.9991896264940038,0.0008103735059962567
0.722351758032472,0.722351758032472,True,0.002626740489236945,0.997373259510763
0.722351758032472,0.722351758032472,True,0.00026146690216655166,0.9997385330978334
0.722351758032472,0.722351758032472,True,9.439579599501702e-05,0.999905604204005
0.722351758032472,0.722351758032472,True,0.0002557390328232767,0.9997442609671767
0.722351758032472,0.722351758032472,True,0.0004885965858097974,0.9995114034141902
-1.3843670883058157,-1.3843670883058157,True,0.9997513935231349,0.0002486064768650395
-1.3843670883058157,-1.3843670883058157,True,0.9996974701312461,0.000302529868753942
0.722351758032472,0.722351758032472,True,0.00018123061946218044,0.9998187693805378
-1.3843670883058157,-1.3843670883058157,True,0.9997466919606595,0.0002533080393405124
-1.3843670883058157,-1.3843670883058157,True,0.9995492593627882,0.000450740637211867
0.722351758032472,0.722351758032472,True,0.0002057164058559824,0.999794283594144
-1.3843670883058157,-1.3843670883058157,True,0.9997325436726232,0.00026745632737674416
0.722351758032472,0.722351758032472,True,0.0008616823388665207,0.9991383176611335
0.722351758032472,0.722351758032472,True,0.0003782844535363816,0.9996217155464636
0.722351758032472,0.722351758032472,True,0.0025466201201772565,0.9974533798798227
0.722351758032472,0.722351758032472,True,0.0010505671938044747,0.9989494328061955
0.722351758032472,0.722351758032472,True,0.00022188327608474445,0.9997781167239153
-1.3843670883058157,-1.3843670883058157,True,0.998841570215041,0.001158429784958896
0.722351758032472,0.722351758032472,True,0.00030482771641715534,0.9996951722835828
0.722351758032472,0.722351758032472,True,0.000243442958986817,0.9997565570410132
-1.3843670883058157,-1.3843670883058157,True,0.9996600719588598,0.00033992804114027833
-1.3843670883058157,-1.3843670883058157,True,0.9997325436726232,0.00026745632737674416
0.722351758032472,0.722351758032472,True,0.00043855183332852654,0.9995614481666715
0.722351758032472,0.722351758032472,True,0.00029322893392003113,0.99970677106608
-1.3843670883058157,-1.3843670883058157,True,0.9997158945811346,0.00028410541886540524
0.722351758032472,0.722351758032472,True,0.0007072463193301681,0.9992927536806698
-1.3843670883058157,-1.3843670883058157,True,0.999703085011662,0.00029691498833792193
0.722351758032472,0.722351758032472,True,9.947252182340716e-05,0.9999005274781766
-1.3843670883058157,-1.3843670883058157,True,0.9996274725071678,0.0003725274928322303
0.722351758032472,0.722351758032472,True,0.00022311857361156928,0.9997768814263884
-1.3843670883058157,-1.3843670883058157,True,0.9996151487205152,0.0003848512794848706
-1.3843670883058157,-1.3843670883058157,True,0.9996974701312461,0.000302529868753942
0.722351758032472,0.722351758032472,True,0.0002699188114767548,0.9997300811885232
0.722351758032472,0.722351758032472,True,0.00045847023689560285,0.9995415297631044
0.722351758032472,0.722351758032472,True,0.0002309016339825387,0.9997690983660175
-1.3843670883058157,-1.3843670883058157,True,0.9995733642988943,0.0004266357011057025
-1.3843670883058157,-1.3843670883058157,True,0.9997429426468059,0.0002570573531941688
0.722351758032472,0.722351758032472,True,0.0002837533651116608,0.9997162466348883
0.722351758032472,0.722351758032472,True,0.0005384127121218496,0.9994615872878782
0.722351758032472,0.722351758032472,True,0.00020714645594976933,0.9997928535440502
0.722351758032472,0.722351758032472,True,0.0011720757538060678,0.9988279242461939
-1.3843670883058157,-1.3843670883058157,True,0.999693261836257,0.000306738163743034
0.722351758032472,0.722351758032472,True,0.0012637468787856099,0.9987362531212144
0.722351758032472,0.722351758032472,True,0.00013772003009870915,0.9998622799699013
0.722351758032472,0.722351758032472,True,0.00015963063389234922,0.9998403693661077
0.722351758032472,0.722351758032472,True,0.00025630637024998126,0.99974369362975
0.722351758032472,0.722351758032472,True,0.00030546637195216775,0.9996945336280478
-1.3843670883058157,-1.3843670883058157,True,0.9996600719588598,0.0003399280411402789
0.722351758032472,0.722351758032472,True,0.00029370127053285344,0.9997062987294671
-1.3843670883058157,-1.3843670883058157,True,0.9996700898477676,0.0003299101522323701
0.722351758032472,0.722351758032472,True,0.0003333847062586548,0.9996666152937413
-1.3843670883058157,-1.3843670883058157,True,0.9997760602896727,0.00022393971032731377
0.722351758032472,0.722351758032472,True,0.0011585565828756694,0.9988414434171243
0.722351758032472,0.722351758032472,True,0.00040812408137813616,0.9995918759186219
0.722351758032472,0.722351758032472,True,9.439579599501702e-05,0.999905604204005
0.722351758032472,0.722351758032472,True,0.00039807687604132,0.9996019231239587
-1.3843670883058157,-1.3843670883058157,True,0.9997015361968695,0.0002984638031304677
-1.3843670883058157,-1.3843670883058157,True,0.9997325436726232,0.00026745632737674416
0.722351758032472,0.722351758032472,True,0.00019238612770189345,0.9998076138722981
0.722351758032472,0.722351758032472,True,0.00021433108744606244,0.9997856689125539
0.722351758032472,0.722351758032472,True,0.00013960706396332068,0.9998603929360367
0.722351758032472,0.722351758032472,True,0.00035243673381790686,0.9996475632661821
0.722351758032472,0.722351758032472,True,0.0002924783940476683,0.9997075216059523
0.722351758032472,0.722351758032472,True,8.604739907369652e-05,0.9999139526009263
0.722351758032472,0.722351758032472,True,0.00037468976676546806,0.9996253102332345
0.722351758032472,0.722351758032472,True,0.00029618863418601205,0.999703811365814
0.722351758032472,0.722351758032472,True,7.83526117631439e-05,0.9999216473882369
-1.3843670883058157,-1.3843670883058157,True,0.9996974701312461,0.000302529868753942
0.722351758032472,0.722351758032472,True,0.00020382224416926054,0.9997961777558307
0.722351758032472,0.722351758032472,True,0.00011517825654283609,0.9998848217434572
-1.3843670883058157,-1.3843670883058157,True,0.9994373818863884,0.0005626181136115767
0.722351758032472,0.722351758032472,True,0.00015554543973150814,0.9998444545602685
0.722351758032472,0.722351758032472,True,0.0002577240916529222,0.9997422759083471
-1.3843670883058157,-1.3843670883058157,True,0.9996989547980791,0.0003010452019208882
0.722351758032472,0.722351758032472,True,0.00010324256275751065,0.9998967574372425
0.722351758032472,0.722351758032472,True,0.0003221497988665778,0.9996778502011334
0.722351758032472,0.722351758032472,True,0.00027588813035028803,0.9997241118696497
-1.3843670883058157,-1.3843670883058157,True,0.9996553436217247,0.0003446563782752609
0.722351758032472,0.722351758032472,True,0.00017776149401715902,0.9998222385059828
-1.3843670883058157,-1.3843670883058157,True,0.9996600719588598,0.0003399280411402789
-1.3843670883058157,-1.3843670883058157,True,0.9996409162825695,0.0003590837174305724
-1.3843670883058157,-1.3843670883058157,True,0.9996385848354636,0.00036141516453631575
-1.3843670883058157,-1.3843670883058157,True,0.9996600719588598,0.0003399280411402789
-1.3843670883058157,-1.3843670883058157,True,0.9997269404696036,0.0002730595303963442
0.722351758032472,0.722351758032472,True,0.00031066838978321965,0.9996893316102168
-1.3843670883058157,-1.3843670883058157,True,0.9996644306058066,0.00033556939419346636
0.722351758032472,0.722351758032472,True,0.001125187025393437,0.9988748129746066
0.722351758032472,0.722351758032472,True,0.00038219406815620527,0.9996178059318438
0.722351758032472,0.722351758032472,True,0.00011284758535834438,0.9998871524146417
-1.3843670883058157,-1.3843670883058157,True,0.9996204282816854,0.00037957171831455924
-1.3843670883058157,-1.3843670883058157,True,0.9995324387913297,0.0004675612086702672
0.722351758032472,0.722351758032472,True,0.00011769095689617703,0.9998823090431038
0.722351758032472,0.722351758032472,True,9.947252182340716e-05,0.9999005274781766
-1.3843670883058157,-1.3843670883058157,True,0.9996769813257766,0.000323018674223336
0.722351758032472,0.722351758032472,True,0.00019615355559443604,0.9998038464444056
-1.3843670883058157,-1.3843670883058157,True,0.9996151487205152,0.0003848512794848706
0.722351758032472,0.722351758032472,True,0.0002806447649843502,0.9997193552350156
-1.3843670883058157,-1.3843670883058157,True,0.9996974701312461,0.000302529868753942
0.722351758032472,0.722351758032472,True,0.0003558548174097398,0.9996441451825903
0.722351758032472,0.722351758032472,True,0.0002887832164788495,0.9997112167835212
0.722351758032472,0.722351758032472,True,0.0001702067536170082,0.999829793246383
0.722351758032472,0.722351758032472,True,0.00015665304686496295,0.999843346953135
0.722351758032472,0.722351758032472,True,0.0002706441321320696,0.9997293558678679
-1.3843670883058157,-1.3843670883058157,True,0.9993121968520403,0.0006878031479596754
-1.3843670883058157,-1.3843670883058157,True,0.999477037079209,0.000522962920791016
-1.3843670883058157,-1.3843670883058157,True,0.9995304668892881,0.0004695331107118078
0.722351758032472,0.722351758032472,True,0.0003625927679306029,0.9996374072320694
0.722351758032472,0.722351758032472,True,0.0001224539996900198,0.99987754600031
0.722351758032472,0.722351758032472,True,0.0005198861750524975,0.9994801138249475
0.722351758032472,0.722351758032472,True,0.0002841587846770244,0.999715841215323
0.722351758032472,0.722351758032472,True,0.00014563350284568788,0.9998543664971543
0.722351758032472,0.722351758032472,True,0.0003199719563481418,0.9996800280436519
-1.3843670883058157,-1.3843670883058157,True,0.999693261836257,0.0003067381637430345
0.722351758032472,0.722351758032472,True,0.025651458228917567,0.9743485417710824
-1.3843670883058157,-1.3843670883058157,True,0.9993113250149137,0.0006886749850862615
0.722351758032472,0.722351758032472,True,0.00026007894241009133,0.9997399210575899
0.722351758032472,0.722351758032472,True,0.00020806174135756805,0.9997919382586424
0.722351758032472,0.722351758032472,True,0.0003970633427621273,0.9996029366572379
-1.3843670883058157,-1.3843670883058157,True,0.9996088549831634,0.00039114501683658445
0.722351758032472,0.722351758032472,True,0.0009059961819616325,0.9990940038180384
0.722351758032472,0.722351758032472,True,0.0014030007761161034,0.9985969992238839
0.722351758032472,0.722351758032472,True,0.0003039009720193775,0.9996960990279806
0.722351758032472,0.722351758032472,True,0.0004870465764363896,0.9995129534235636
-1.3843670883058157,-1.3843670883058157,True,0.9996724881177964,0.0003275118822035389
-1.3843670883058157,-1.3843670883058157,True,0.9996236256088412,0.0003763743911587681
-1.3843670883058157,-1.3843670883058157,True,0.9994544542669559,0.0005455457330440902
0.722351758032472,0.722351758032472,True,0.00029006314653767795,0.9997099368534623
0.722351758032472,0.722351758032472,True,0.00024845953295715706,0.9997515404670428
0.722351758032472,0.722351758032472,True,0.000175807723838739,0.9998241922761613
0.722351758032472,0.722351758032472,True,0.00025700782371074204,0.9997429921762893
0.722351758032472,0.722351758032472,True,0.00023039639415367574,0.9997696036058463
-1.3843670883058157,-1.3843670883058157,True,0.9996385848354636,0.0003614151645363154
0.722351758032472,0.722351758032472,True,0.000119100715558762,0.9998808992844412
0.722351758032472,0.722351758032472,True,0.00010550099970974003,0.9998944990002903
0.722351758032472,0.722351758032472,True,0.0023865476917133144,0.9976134523082867
0.722351758032472,0.722351758032472,True,0.0002614477024913686,0.9997385522975086
0.722351758032472,0.722351758032472,True,0.00011317493068607742,0.9998868250693139
-1.3843670883058157,-1.3843670883058157,True,0.999693261836257,0.000306738163743034
0.722351758032472,0.722351758032472,True,0.0005626371010852838,0.9994373628989147
0.722351758032472,0.722351758032472,True,0.0012996741082882401,0.9987003258917118
-1.3843670883058157,-1.3843670883058157,True,0.9997429426468059,0.0002570573531941688
-1.3843670883058157,-1.3843670883058157,True,0.9996989547980791,0.0003010452019208882
0.722351758032472,0.722351758032472,True,0.00042359264062896695,0.999576407359371
0.722351758032472,0.722351758032472,True,0.0006978503211725329,0.9993021496788275
0.722351758032472,0.722351758032472,True,0.00010324852790499772,0.999896751472095
-1.3843670883058157,-1.3843670883058157,True,0.9997760602896727,0.00022393971032731377
0.722351758032472,0.722351758032472,True,0.0003332597756419142,0.9996667402243581
0.722351758032472,0.722351758032472,True,0.0007038347200577499,0.9992961652799423
0.722351758032472,0.722351758032472,True,0.0006970303435651637,0.9993029696564348
0.722351758032472,0.722351758032472,True,0.0011375081676120447,0.998862491832388
0.722351758032472,0.722351758032472,True,0.00019615355559443604,0.9998038464444056
0.722351758032472,0.722351758032472,True,0.000467894005056535,0.9995321059949435
0.722351758032472,0.722351758032472,True,0.0006576587772457732,0.9993423412227542
-1.3843670883058157,-1.3843670883058157,True,0.9991716574700116,0.0008283425299884353
0.722351758032472,0.722351758032472,True,0.00030773776726367164,0.9996922622327363
0.722351758032472,0.722351758032472,True,0.00026668359627812777,0.9997333164037219
-1.3843670883058157,-1.3843670883058157,True,0.9996880794474338,0.00031192055256627554
0.722351758032472,0.722351758032472,True,0.00014563350284568788,0.9998543664971543
0.722351758032472,0.722351758032472,True,0.0002313594547437292,0.9997686405452563
0.722351758032472,0.722351758032472,True,0.00012737413996455338,0.9998726258600354
0.722351758032472,0.722351758032472,True,0.0006621696811971445,0.9993378303188029
-1.3843670883058157,-1.3843670883058157,True,0.9996052369092054,0.00039476309079455884
0.722351758032472,0.722351758032472,True,0.00017002947433197857,0.999829970525668
0.722351758032472,0.722351758032472,True,0.00010834474038723396,0.9998916552596128
0.722351758032472,0.722351758032472,True,0.0003114349835459107,0.9996885650164541
-1.3843670883058157,-1.3843670883058157,True,0.9995735104040263,0.00042648959597366593
0.722351758032472,0.722351758032472,True,0.00018865721946781377,0.9998113427805322
-1.3843670883058157,-1.3843670883058157,True,0.9997429426468059,0.0002570573531941688
0.722351758032472,0.722351758032472,True,0.00022966787765932306,0.9997703321223407
0.722351758032472,0.722351758032472,True,0.0005318585748512739,0.9994681414251487
-1.3843670883058157,-1.3843670883058157,True,0.9994563553582377,0.0005436446417622354
0.722351758032472,0.722351758032472,True,0.00017359293515628593,0.9998264070648437
0.722351758032472,0.722351758032472,True,0.0003194537329950231,0.999680546267005
0.722351758032472,0.722351758032472,True,0.00041795509578101964,0.999582044904219
0.722351758032472,0.722351758032472,True,0.0036918510005405913,0.9963081489994594
0.722351758032472,0.722351758032472,True,0.00030732381029308087,0.9996926761897069
0.722351758032472,0.722351758032472,True,0.0014804481590747764,0.9985195518409252
-1.3843670883058157,-1.3843670883058157,True,0.99966442399354,0.000335576006459961
-1.3843670883058157,-1.3843670883058157,True,0.9993533674212027,0.0006466325787972205
0.722351758032472,0.722351758032472,True,0.0016468882694389286,0.9983531117305611
0.722351758032472,0.722351758032472,True,0.00011899302280471424,0.9998810069771953
0.722351758032472,0.722351758032472,True,0.0005440027622459764,0.999455997237754
0.722351758032472,0.722351758032472,True,0.0002806447649843502,0.9997193552350156
0.722351758032472,0.722351758032472,True,0.0002806447649843502,0.9997193552350156
0.722351758032472,0.722351758032472,True,0.00027363143548475577,0.9997263685645152
0.722351758032472,0.722351758032472,True,0.0002993434428422148,0.9997006565571578
0.722351758032472,0.722351758032472,True,0.00010324852790499772,0.999896751472095
-1.3843670883058157,-1.3843670883058157,True,0.9992684743504686,0.000731525649531384
0.722351758032472,0.722351758032472,True,0.00031675936142372407,0.9996832406385763
0.722351758032472,0.722351758032472,True,0.00041681625670964007,0.9995831837432904
-1.3843670883058157,-1.3843670883058157,True,0.9996093490839266,0.0003906509160734037
-1.3843670883058157,-1.3843670883058157,True,0.999672241270197,0.00032775872980298805
0.722351758032472,0.722351758032472,True,0.00011517825654283609,0.9998848217434572
0.722351758032472,0.722351758032472,True,0.003956054606042869,0.9960439453939571
-1.3843670883058157,-1.3843670883058157,True,0.9994901626414124,0.0005098373585875353
-1.3843670883058157,-1.3843670883058157,True,0.9996974701312461,0.000302529868753942
0.722351758032472,0.722351758032472,True,0.000278243245693921,0.9997217567543061
0.722351758032472,0.722351758032472,True,0.0019632935476260327,0.998036706452374
0.722351758032472,0.722351758032472,True,0.0003898824052600558,0.9996101175947399
0.722351758032472,0.722351758032472,True,0.0008553127134592886,0.9991446872865407
0.722351758032472,0.722351758032472,True,0.0002426465909854958,0.9997573534090145
0.722351758032472,0.722351758032472,True,0.0003052478857551444,0.9996947521142449
-1.3843670883058157,-1.3843670883058157,True,0.9996600719588598,0.00033992804114027833
0.722351758032472,0.722351758032472,True,0.00013896319258244194,0.9998610368074176
0.722351758032472,0.722351758032472,True,0.0002639561730894968,0.9997360438269105
0.722351758032472,0.722351758032472,True,0.0006109971106440515,0.999389002889356
-1.3843670883058157,-1.3843670883058157,True,0.999483558043494,0.00051644195650604
0.722351758032472,0.722351758032472,True,0.00030394097233155115,0.9996960590276684
0.722351758032472,0.722351758032472,True,0.0048788273883833,0.9951211726116167
0.722351758032472,0.722351758032472,True,0.0003782844535363816,0.9996217155464636
0.722351758032472,0.722351758032472,True,0.00021881986689498145,0.999781180133105
0.722351758032472,0.722351758032472,True,0.0005830248264364624,0.9994169751735635
-1.3843670883058157,-1.3843670883058157,True,0.9995735104040263,0.00042648959597366593
0.722351758032472,0.722351758032472,True,0.00027862922195598383,0.999721370778044
0.722351758032472,0.722351758032472,True,0.0001883063406074026,0.9998116936593926
0.722351758032472,0.722351758032472,True,0.00026887076862058823,0.9997311292313794
-1.3843670883058157,-1.3843670883058157,True,0.9995890869972572,0.00041091300274279015
0.722351758032472,0.722351758032472,True,0.0002964143001651376,0.9997035856998349
0.722351758032472,0.722351758032472,True,0.0005128537853427151,0.9994871462146573
0.722351758032472,0.722351758032472,True,0.0005985744565243367,0.9994014255434757
0.722351758032472,0.722351758032472,True,0.00035243673381790686,0.9996475632661821
0.722351758032472,0.722351758032472,True,0.00012648912827406544,0.9998735108717259
-1.3843670883058157,-1.3843670883058157,True,0.999703085011662,0.00029691498833792193
0.722351758032472,0.722351758032472,True,0.0004923835638174223,0.9995076164361826
-1.3843670883058157,-1.3843670883058157,True,0.9996644306058066,0.00033556939419346636
0.722351758032472,0.722351758032472,True,0.008332535884064907,0.9916674641159351
0.722351758032472,0.722351758032472,True,0.005286135749365761,0.9947138642506342
-1.3843670883058157,-1.3843670883058157,True,0.9994537643601101,0.0005462356398898557
0.722351758032472,0.722351758032472,True,0.001981534782232841,0.9980184652177672
0.722351758032472,0.722351758032472,True,0.0009937857193368371,0.9990062142806632
-1.3843670883058157,-1.3843670883058157,True,0.9996769813257766,0.000323018674223336
0.722351758032472,0.722351758032472,True,0.000328759907752163,0.9996712400922478
0.722351758032472,0.722351758032472,True,0.0002029970148914595,0.9997970029851085
0.722351758032472,0.722351758032472,True,0.000506928895771197,0.9994930711042288
-1.3843670883058157,-1.3843670883058157,True,0.9992089931452698,0.0007910068547302343
0.722351758032472,0.722351758032472,True,0.00026668359627812777,0.9997333164037219
-1.3843670883058157,-1.3843670883058157,True,0.9994732315034961,0.0005267684965038824
0.722351758032472,0.722351758032472,True,0.0003261459572888592,0.9996738540427111
-1.3843670883058157,-1.3843670883058157,True,0.9996222908889291,0.00037770911107095983
0.722351758032472,0.722351758032472,True,0.00016600376804865036,0.9998339962319513
0.722351758032472,0.722351758032472,True,0.00022319075058163662,0.9997768092494184
0.722351758032472,0.722351758032472,True,0.00048550766392618794,0.9995144923360738
0.722351758032472,0.722351758032472,True,0.0002337172343096494,0.9997662827656904
0.722351758032472,0.722351758032472,True,0.0005034236966409145,0.9994965763033591
-1.3843670883058157,-1.3843670883058157,True,0.9995212063316926,0.0004787936683073825
-1.3843670883058157,-1.3843670883058157,True,0.9996469789000516,0.0003530210999484266
0.722351758032472,0.722351758032472,True,0.0003661006105720732,0.9996338993894279
0.722351758032472,0.722351758032472,True,0.00022156461838185315,0.9997784353816181
0.722351758032472,0.722351758032472,True,0.0005713456133257244,0.9994286543866743
0.722351758032472,0.722351758032472,True,0.00039037019834320397,0.9996096298016568
-1.3843670883058157,-1.3843670883058157,True,0.9997288231303684,0.00027117686963163995
0.722351758032472,0.722351758032472,True,0.0005023324079641567,0.9994976675920358
-1.3843670883058157,-1.3843670883058157,True,0.999703085011662,0.00029691498833792193
0.722351758032472,0.722351758032472,True,0.0015810055385386823,0.9984189944614613
-1.3843670883058157,-1.3843670883058157,True,0.9996974701312461,0.000302529868753942
0.722351758032472,0.722351758032472,True,0.0001638825677049427,0.9998361174322951
0.722351758032472,0.722351758032472,True,0.00038125222887919197,0.9996187477711208
-1.3843670883058157,-1.3843670883058157,True,0.999703085011662,0.00029691498833792193
0.722351758032472,0.722351758032472,True,0.00019085666756235575,0.9998091433324376
0.722351758032472,0.722351758032472,True,0.0005874893631141465,0.9994125106368859
0.722351758032472,0.722351758032472,True,0.0007395961420342267,0.9992604038579658
0.722351758032472,0.722351758032472,True,0.00012109077045441285,0.9998789092295456
0.722351758032472,0.722351758032472,True,0.0007283207265323943,0.9992716792734676
-1.3843670883058157,-1.3843670883058157,True,0.9995451848087542,0.0004548151912457936
0.722351758032472,0.722351758032472,True,0.00022156461838185315,0.9997784353816181
0.722351758032472,0.722351758032472,True,0.00011850549273006994,0.9998814945072699
0.722351758032472,0.722351758032472,True,0.0004471728210148074,0.9995528271789852
-1.3843670883058157,-1.3843670883058157,True,0.9996224904220494,0.0003775095779505255
-1.3843670883058157,-1.3843670883058157,True,0.9998024625252038,0.00019753747479621118
-1.3843670883058157,-1.3843670883058157,True,0.9996724881177964,0.0003275118822035389
0.722351758032472,0.722351758032472,True,0.0004965774376067822,0.9995034225623932
0.722351758032472,0.722351758032472,True,0.00036204008666118614,0.9996379599133388
-1.3843670883058157,-1.3843670883058157,True,0.9995789581947057,0.0004210418052942956
-1.3843670883058157,-1.3843670883058157,True,0.9997119425027599,0.0002880574972402001
0.722351758032472,0.722351758032472,True,0.00028141255321545433,0.9997185874467845
0.722351758032472,0.722351758032472,True,0.0007347193473971059,0.9992652806526029
0.722351758032472,0.722351758032472,True,0.0005423349557744928,0.9994576650442255
-1.3843670883058157,-1.3843670883058157,True,0.9994085235300532,0.0005914764699468219
0.722351758032472,0.722351758032472,True,0.00022900776517642552,0.9997709922348236
0.722351758032472,0.722351758032472,True,0.0002062636979941468,0.9997937363020059
-1.3843670883058157,-1.3843670883058157,True,0.9997119425027599,0.0002880574972402001
-1.3843670883058157,-1.3843670883058157,True,0.9996974701312461,0.000302529868753942
0.722351758032472,0.722351758032472,True,0.00022156461838185315,0.9997784353816181
0.722351758032472,0.722351758032472,True,0.00034970907236020476,0.9996502909276398
-1.3843670883058157,-1.3843670883058157,True,0.9995269167328821,0.00047308326711791336
0.722351758032472,0.722351758032472,True,0.0004139068268628199,0.9995860931731372
0.722351758032472,0.722351758032472,True,0.0005842744711169745,0.999415725528883
-1.3843670883058157,-1.3843670883058157,True,0.9997331853838123,0.00026681461618768506
-1.3843670883058157,-1.3843670883058157,True,0.9996428933666799,0.0003571066333200803
0.722351758032472,0.722351758032472,True,0.0001489325640832151,0.9998510674359168
0.722351758032472,0.722351758032472,True,0.00170808599721739,0.9982919140027826
-1.3843670883058157,-1.3843670883058157,True,0.9997119425027599,0.0002880574972402001
-1.3843670883058157,-1.3843670883058157,True,0.9996989547980791,0.0003010452019208882
-1.3843670883058157,-1.3843670883058157,True,0.999693261836257,0.000306738163743034
0.722351758032472,0.722351758032472,True,0.000946011651886125,0.9990539883481139
0.722351758032472,0.722351758032472,True,0.00012750610170697563,0.999872493898293
0.722351758032472,0.722351758032472,True,0.0008970748405993101,0.9991029251594007
-1.3843670883058157,-1.3843670883058157,True,0.9996600719588598,0.0003399280411402789
0.722351758032472,0.722351758032472,True,0.0005108037700758405,0.9994891962299242
0.722351758032472,0.722351758032472,True,0.00030996403302185893,0.9996900359669781
0.722351758032472,0.722351758032472,True,0.00020642316435759422,0.9997935768356424
0.722351758032472,0.722351758032472,True,0.00037685128673936585,0.9996231487132606
0.722351758032472,0.722351758032472,True,0.0003416329284011699,0.9996583670715988
-1.3843670883058157,-1.3843670883058157,True,0.999703085011662,0.00029691498833792193
0.722351758032472,0.722351758032472,True,0.00022502884993058636,0.9997749711500694
-1.3843670883058157,-1.3843670883058157,True,0.999398251560826,0.0006017484391740726
-1.3843670883058157,-1.3843670883058157,True,0.9996600719588598,0.0003399280411402789
0.722351758032472,0.722351758032472,True,0.00014563350284568788,0.9998543664971543
0.722351758032472,0.722351758032472,True,0.00026759912135643216,0.9997324008786436
-1.3843670883058157,-1.3843670883058157,True,0.9997158945811346,0.00028410541886540524
0.722351758032472,0.722351758032472,True,0.0020445266007732554,0.9979554733992267
0.722351758032472,0.722351758032472,True,0.00019939597323115343,0.9998006040267688
0.722351758032472,0.722351758032472,True,0.00013305939340380046,0.9998669406065962
-1.3843670883058157,-1.3843670883058157,True,0.9996974701312461,0.000302529868753942
0.722351758032472,0.722351758032472,True,0.0015022454243966976,0.9984977545756033
-1.3843670883058157,-1.3843670883058157,True,0.999750167404118,0.00024983259588192433
0.722351758032472,0.722351758032472,True,0.0008423998114098774,0.9991576001885901
0.722351758032472,0.722351758032472,True,0.0006738817748939141,0.9993261182251061
0.722351758032472,0.722351758032472,True,0.0006196191965396336,0.9993803808034604
-1.3843670883058157,-1.3843670883058157,True,0.9997062598210332,0.0002937401789667939
-1.3843670883058157,-1.3843670883058157,True,0.99962520641815,0.0003747935818500089
0.722351758032472,0.722351758032472,True,0.00025511494975627436,0.9997448850502437
0.722351758032472,0.722351758032472,True,0.0007457680019966606,0.9992542319980033
0.722351758032472,0.722351758032472,True,0.00011769095689617703,0.9998823090431038
0.722351758032472,0.722351758032472,True,0.00010652740297900642,0.999893472597021
0.722351758032472,0.722351758032472,True,0.00026901889943020674,0.9997309811005698
0.722351758032472,0.722351758032472,True,0.0003039197873124788,0.9996960802126875
0.722351758032472,0.722351758032472,True,0.00025431053463897957,0.999745689465361
0.722351758032472,0.722351758032472,True,0.0006391481571822455,0.9993608518428178
0.722351758032472,0.722351758032472,True,0.00023572753220535425,0.9997642724677946
0.722351758032472,0.722351758032472,True,0.00026668359627812777,0.9997333164037219
-1.3843670883058157,-1.3843670883058157,True,0.999693261836257,0.000306738163743034
0.722351758032472,0.722351758032472,True,0.0003311264246224077,0.9996688735753776
0.722351758032472,0.722351758032472,True,0.0004977247612991675,0.9995022752387008
0.722351758032472,0.722351758032472,True,0.0003127624519027039,0.9996872375480973
-1.3843670883058157,-1.3843670883058157,True,0.9992229464430036,0.0007770535569964641
0.722351758032472,0.722351758032472,True,0.00018709401034211481,0.9998129059896579
0.722351758032472,0.722351758032472,True,0.0001488591463675304,0.9998511408536325
-1.3843670883058157,-1.3843670883058157,True,0.9996989547980791,0.0003010452019208882
0.722351758032472,0.722351758032472,True,0.00010324852790499772,0.999896751472095
0.722351758032472,0.722351758032472,True,0.0011729340282351508,0.9988270659717648
-1.3843670883058157,-1.3843670883058157,True,0.9996974701312461,0.000302529868753942
0.722351758032472,0.722351758032472,True,0.00017460410600378395,0.9998253958939962
0.722351758032472,0.722351758032472,True,0.00027500059903662333,0.9997249994009634
0.722351758032472,0.722351758032472,True,0.00012705762927200936,0.999872942370728
-1.3843670883058157,-1.3843670883058157,True,0.9997158945811346,0.00028410541886540524
0.722351758032472,0.722351758032472,True,0.00034380811863565786,0.9996561918813643
0.722351758032472,0.722351758032472,True,0.0008618799696682444,0.9991381200303318
0.722351758032472,0.722351758032472,True,0.00014984038954402035,0.999850159610456
0.722351758032472,0.722351758032472,True,0.0042081910115080445,0.995791808988492
0.722351758032472,0.722351758032472,True,0.00022318587256631162,0.9997768141274337
-1.3843670883058157,-1.3843670883058157,True,0.9995030467996393,0.0004969532003606888
0.722351758032472,0.722351758032472,True,0.00032531195606899654,0.999674688043931
0.722351758032472,0.722351758032472,True,0.001013642106996504,0.9989863578930035
0.722351758032472,0.722351758032472,True,0.00029359752640589765,0.9997064024735941
0.722351758032472,0.722351758032472,True,0.00018878693469903673,0.999811213065301
0.722351758032472,0.722351758032472,True,0.00016600376804865036,0.9998339962319513
-1.3843670883058157,-1.3843670883058157,True,0.9996597628760218,0.0003402371239782435
0.722351758032472,0.722351758032472,True,0.0006281462695499895,0.99937185373045
0.722351758032472,0.722351758032472,True,0.0016378575323779954,0.998362142467622
-1.3843670883058157,-1.3843670883058157,True,0.9993105479357702,0.000689452064229733
-1.3843670883058157,-1.3843670883058157,True,0.9996274725071678,0.0003725274928322303
0.722351758032472,0.722351758032472,True,0.0007756313416469318,0.9992243686583531
0.722351758032472,0.722351758032472,True,0.0007684213078102964,0.9992315786921897
0.722351758032472,0.722351758032472,True,0.0017905482469512402,0.9982094517530488
-1.3843670883058157,-1.3843670883058157,True,0.999643543004224,0.0003564569957760019
-1.3843670883058157,-1.3843670883058157,True,0.9995504467893439,0.00044955321065608236
0.722351758032472,0.722351758032472,True,0.0003288314320620822,0.9996711685679379
0.722351758032472,0.722351758032472,True,0.00026950568896044746,0.9997304943110396
0.722351758032472,0.722351758032472,True,0.002237100817352733,0.9977628991826473
-1.3843670883058157,-1.3843670883058157,True,0.9996821808909946,0.0003178191090053954
0.722351758032472,0.722351758032472,True,0.0005542568834020489,0.999445743116598
0.722351758032472,0.722351758032472,True,0.00028854181503346066,0.9997114581849665
-1.3843670883058157,-1.3843670883058157,True,0.9995334061347503,0.0004665938652496737
0.722351758032472,0.722351758032472,True,0.0008772093840540007,0.999122790615946
-1.3843670883058157,-1.3843670883058157,True,0.9995890869972572,0.00041091300274279015
-1.3843670883058157,-1.3843670883058157,True,0.9996974701312461,0.000302529868753942
0.722351758032472,0.722351758032472,True,0.0002778472237652263,0.9997221527762348
0.722351758032472,0.722351758032472,True,0.0001796428640157277,0.9998203571359843
-1.3843670883058157,-1.3843670883058157,True,0.9997158945811346,0.00028410541886540524
-1.3843670883058157,-1.3843670883058157,True,0.999703085011662,0.00029691498833792193
0.722351758032472,0.722351758032472,True,0.00034842702988979735,0.9996515729701102
0.722351758032472,0.722351758032472,True,0.0002453240987561056,0.9997546759012439
-1.3843670883058157,-1.3843670883058157,True,0.999381542603572,0.0006184573964279206
0.722351758032472,0.722351758032472,True,0.00037915542700117655,0.9996208445729988
-1.3843670883058157,-1.3843670883058157,True,0.9994463770063057,0.0005536229936943264
0.722351758032472,0.722351758032472,True,0.00012736454825024168,0.9998726354517498
0.722351758032472,0.722351758032472,True,0.000299748597056948,0.999700251402943
0.722351758032472,0.722351758032472,True,0.0017070673736709896,0.998292932626329
-1.3843670883058157,-1.3843670883058157,True,0.9996385848354636,0.00036141516453631575
0.722351758032472,0.722351758032472,True,0.0008195790666980507,0.999180420933302
0.722351758032472,0.722351758032472,True,0.000196020589097623,0.9998039794109024
0.722351758032472,0.722351758032472,True,0.00021490642642807423,0.9997850935735719
0.722351758032472,0.722351758032472,True,0.0003172202036838545,0.9996827797963161
-1.3843670883058157,-1.3843670883058157,True,0.9996717736054499,0.000328226394550099
-1.3843670883058157,-1.3843670883058157,True,0.9997332465639379,0.00026675343606203647
0.722351758032472,0.722351758032472,True,0.00044124753465513145,0.9995587524653449
0.722351758032472,0.722351758032472,True,0.00011717200312622023,0.9998828279968738
-1.3843670883058157,-1.3843670883058157,True,0.9996989547980791,0.0003010452019208882
0.722351758032472,0.722351758032472,True,0.0015323527289823335,0.9984676472710177
-1.3843670883058157,-1.3843670883058157,True,0.9996989547980791,0.0003010452019208882
0.722351758032472,0.722351758032472,True,0.0002240931504560173,0.999775906849544
0.722351758032472,0.722351758032472,True,0.00026668359627812777,0.9997333164037219
0.722351758032472,0.722351758032472,True,7.83526117631439e-05,0.9999216473882369
-1.3843670883058157,-1.3843670883058157,True,0.9997653832769339,0.0002346167230661058
-1.3843670883058157,-1.3843670883058157,True,0.9996267580204601,0.0003732419795398932
0.722351758032472,0.722351758032472,True,0.0005746572997583632,0.9994253427002416
-1.3843670883058157,-1.3843670883058157,True,0.9992483240865189,0.0007516759134811087
-1.3843670883058157,-1.3843670883058157,True,0.9997119425027599,0.0002880574972402001
0.722351758032472,0.722351758032472,True,0.00020475871539293866,0.9997952412846071
0.722351758032472,0.722351758032472,True,0.00021054187678071212,0.9997894581232193
0.722351758032472,0.722351758032472,True,0.0002574502182531857,0.9997425497817468
-1.3843670883058157,-1.3843670883058157,True,0.9995904436947692,0.0004095563052307103
0.722351758032472,0.722351758032472,True,0.00028269820392679,0.9997173017960732
0.722351758032472,0.722351758032472,True,0.0005057803670933669,0.9994942196329066
0.722351758032472,0.722351758032472,True,0.00014881050843718047,0.9998511894915628
0.722351758032472,0.722351758032472,True,0.00012396552785287618,0.9998760344721471
0.722351758032472,0.722351758032472,True,0.0006783128270204664,0.9993216871729795
0.722351758032472,0.722351758032472,True,0.014460480716696478,0.9855395192833035
0.722351758032472,0.722351758032472,True,0.00023244456444437844,0.9997675554355556
0.722351758032472,0.722351758032472,True,0.0001327283701653137,0.9998672716298347
0.722351758032472,0.722351758032472,True,0.0037208982802975354,0.9962791017197025
0.722351758032472,0.722351758032472,True,0.00010760003596843593,0.9998923999640316
-1.3843670883058157,-1.3843670883058157,True,0.9995022010025242,0.0004977989974758517
0.722351758032472,0.722351758032472,True,0.00013690310398006833,0.9998630968960199
-1.3843670883058157,-1.3843670883058157,True,0.9994996231723465,0.0005003768276534978
-1.3843670883058157,-1.3843670883058157,True,0.9996385848354636,0.0003614151645363154
0.722351758032472,0.722351758032472,True,0.0005288683417926654,0.9994711316582073
-1.3843670883058157,-1.3843670883058157,True,0.9997269407121293,0.0002730592878707199
0.722351758032472,0.722351758032472,True,0.0001961195742787858,0.9998038804257212
0.722351758032472,0.722351758032472,True,0.00023473479943170172,0.9997652652005683
0.722351758032472,0.722351758032472,True,0.00018854724447825433,0.9998114527555217
-1.3843670883058157,-1.3843670883058157,True,0.999703085011662,0.00029691498833792193
0.722351758032472,0.722351758032472,True,0.0006378129177089242,0.9993621870822911
0.722351758032472,0.722351758032472,True,0.0003125225094203765,0.9996874774905796
0.722351758032472,0.722351758032472,True,0.0006171616041034111,0.9993828383958966
0.722351758032472,0.722351758032472,True,0.0007155911926962633,0.9992844088073037
-1.3843670883058157,-1.3843670883058157,True,0.9994364075900031,0.0005635924099969626
0.722351758032472,0.722351758032472,True,0.0005109910202305556,0.9994890089797694
0.722351758032472,0.722351758032472,True,0.00026668359627812777,0.9997333164037219
0.722351758032472,0.722351758032472,True,0.00014881050843718047,0.9998511894915628
0.722351758032472,0.722351758032472,True,0.0005442568941222969,0.9994557431058777
-1.3843670883058157,-1.3843670883058157,True,0.9996132643058971,0.00038673569410282576
-1.3843670883058157,-1.3843670883058157,True,0.999703085011662,0.00029691498833792193
0.722351758032472,0.722351758032472,True,0.00030045067149930826,0.9996995493285007
-1.3843670883058157,-1.3843670883058157,True,0.9997192817400716,0.00028071825992836074
-1.3843670883058157,-1.3843670883058157,True,0.9997295357968466,0.0002704642031533663
-1.3843670883058157,-1.3843670883058157,True,0.999693261836257,0.000306738163743034
0.722351758032472,0.722351758032472,True,0.0007713911892655023,0.9992286088107345
0.722351758032472,0.722351758032472,True,0.00019451441779738676,0.9998054855822026
0.722351758032472,0.722351758032472,True,0.00017588507327204184,0.999824114926728
0.722351758032472,0.722351758032472,True,0.0014670724308010197,0.998532927569199
-1.3843670883058157,-1.3843670883058157,True,0.9997158945811346,0.00028410541886540524
-1.3843670883058157,-1.3843670883058157,True,0.9996348405154181,0.00036515948458196206
-1.3843670883058157,-1.3843670883058157,True,0.9997158945811346,0.00028410541886540524
0.722351758032472,0.722351758032472,True,0.0003547847514381308,0.9996452152485619
0.722351758032472,0.722351758032472,True,0.00027882987448935026,0.9997211701255106
0.722351758032472,0.722351758032472,True,0.0005627455100642997,0.9994372544899357
0.722351758032472,0.722351758032472,True,0.0005280005805520238,0.999471999419448
-1.3843670883058157,-1.3843670883058157,True,0.999703085011662,0.00029691498833792193
0.722351758032472,0.722351758032472,True,0.0004021998996109888,0.999597800100389
0.722351758032472,0.722351758032472,True,0.0002729005121897554,0.9997270994878102
0.722351758032472,0.722351758032472,True,0.0001947242179273223,0.9998052757820727
0.722351758032472,0.722351758032472,True,0.0005627455100642997,0.9994372544899357
-1.3843670883058157,-1.3843670883058157,True,0.999673287786176,0.00032671221382394835
0.722351758032472,0.722351758032472,True,0.0002062797869790689,0.9997937202130209
-1.3843670883058157,-1.3843670883058157,True,0.9997643381314385,0.0002356618685614772
0.722351758032472,0.722351758032472,True,0.0005979743722874797,0.9994020256277125
0.722351758032472,0.722351758032472,True,0.00040174144773608145,0.9995982585522639
0.722351758032472,0.722351758032472,True,0.00037915542700117655,0.9996208445729988
-1.3843670883058157,-1.3843670883058157,True,0.999427152192507,0.0005728478074930106
0.722351758032472,0.722351758032472,True,0.0008169673819622414,0.9991830326180378
-1.3843670883058157,-1.3843670883058157,True,0.9997653832769339,0.0002346167230661058
0.722351758032472,0.722351758032472,True,0.0001310782408893152,0.9998689217591107
0.722351758032472,0.722351758032472,True,0.009523954702827298,0.9904760452971727
-1.3843670883058157,-1.3843670883058157,True,0.9997158945811346,0.00028410541886540524
0.722351758032472,0.722351758032472,True,0.0003956819489543406,0.9996043180510457
0.722351758032472,0.722351758032472,True,0.0009763753132997488,0.9990236246867003
0.722351758032472,0.722351758032472,True,0.000602594416534874,0.9993974055834651
-1.3843670883058157,-1.3843670883058157,True,0.999693261836257,0.0003067381637430345
-1.3843670883058157,-1.3843670883058157,True,0.9996151487205152,0.0003848512794848706
0.722351758032472,0.722351758032472,True,0.001095663654376855,0.9989043363456231
-1.3843670883058157,-1.3843670883058157,True,0.9997119425027599,0.0002880574972402001
-1.3843670883058157,-1.3843670883058157,True,0.9996600719588598,0.0003399280411402789
-1.3843670883058157,-1.3843670883058157,True,0.9997006347472358,0.0002993652527642099
0.722351758032472,0.722351758032472,True,0.00046631130479579674,0.9995336886952042
-1.3843670883058157,-1.3843670883058157,True,0.9996466134196637,0.0003533865803363054
-1.3843670883058157,-1.3843670883058157,True,0.9996385848354636,0.0003614151645363154
0.722351758032472,0.722351758032472,True,0.00020608748100670038,0.9997939125189933
0.722351758032472,0.722351758032472,True,0.0021867256379330957,0.9978132743620669
-1.3843670883058157,-1.3843670883058157,True,0.9996974701312461,0.000302529868753942
-1.3843670883058157,-1.3843670883058157,True,0.9996974701312461,0.000302529868753942
-1.3843670883058157,-1.3843670883058157,True,0.9997325436726232,0.00026745632737674416
0.722351758032472,0.722351758032472,True,0.00020920093719334343,0.9997907990628067
-1.3843670883058157,-1.3843670883058157,True,0.9997760602896727,0.00022393971032731377
0.722351758032472,0.722351758032472,True,9.736468052179426e-05,0.9999026353194782
0.722351758032472,0.722351758032472,True,0.00130984120693034,0.9986901587930697
-1.3843670883058157,-1.3843670883058157,True,0.999522760218614,0.00047723978138605055
0.722351758032472,0.722351758032472,True,0.0020403638994465068,0.9979596361005535
0.722351758032472,0.722351758032472,True,0.000577242736559791,0.9994227572634402
-1.3843670883058157,-1.3843670883058157,True,0.9996751703900343,0.0003248296099657093
-1.3843670883058157,-1.3843670883058157,True,0.9996729907160252,0.00032700928397480945
0.722351758032472,0.722351758032472,True,0.000356708641451875,0.9996432913585481
-1.3843670883058157,-1.3843670883058157,True,0.9996600719588598,0.0003399280411402789
0.722351758032472,0.722351758032472,True,0.00014881050843718047,0.9998511894915628
-1.3843670883058157,-1.3843670883058157,True,0.9996359215905088,0.00036407840949118466
0.722351758032472,0.722351758032472,True,0.00022156461838185315,0.9997784353816181
0.722351758032472,0.722351758032472,True,7.83526117631439e-05,0.9999216473882369
0.722351758032472,0.722351758032472,True,0.00019615355559443604,0.9998038464444056
0.722351758032472,0.722351758032472,True,0.00037056265657930965,0.9996294373434207
-1.3843670883058157,-1.3843670883058157,True,0.9997158945811346,0.00028410541886540524
-1.3843670883058157,-1.3843670883058157,True,0.9997621194524706,0.000237880547529432
-1.3843670883058157,-1.3843670883058157,True,0.9994200521035921,0.0005799478964079553
0.722351758032472,0.722351758032472,True,0.0002449028729346603,0.9997550971270653
0.722351758032472,0.722351758032472,True,0.00022156461838185315,0.9997784353816181
0.722351758032472,0.722351758032472,True,0.00012180952884999208,0.99987819047115
-1.3843670883058157,-1.3843670883058157,True,0.9996336634022793,0.000366336597720647
0.722351758032472,0.722351758032472,True,0.00040528742880063806,0.9995947125711994
0.722351758032472,0.722351758032472,True,0.00016600376804865036,0.9998339962319513
0.722351758032472,0.722351758032472,True,0.0002165567317966577,0.9997834432682033
0.722351758032472,0.722351758032472,True,0.00021054187678071212,0.9997894581232193
0.722351758032472,0.722351758032472,True,0.0001310782408893152,0.9998689217591107
0.722351758032472,0.722351758032472,True,0.0003547847514381308,0.9996452152485619
0.722351758032472,0.722351758032472,True,0.0003213735080762614,0.9996786264919237
-1.3843670883058157,-1.3843670883058157,True,0.9993992693656871,0.0006007306343129179
-1.3843670883058157,-1.3843670883058157,True,0.9996274725071678,0.0003725274928322303
-1.3843670883058157,-1.3843670883058157,True,0.9996693455520473,0.0003306544479526893
0.722351758032472,0.722351758032472,True,0.010347093674115682,0.9896529063258843
0.722351758032472,0.722351758032472,True,0.0003358301323234114,0.9996641698676766
0.722351758032472,0.722351758032472,True,0.0001624597574176878,0.9998375402425823
-1.3843670883058157,-1.3843670883058157,True,0.999693261836257,0.000306738163743034
0.722351758032472,0.722351758032472,True,0.0019549004346217647,0.9980450995653782
-1.3843670883058157,-1.3843670883058157,True,0.9996222908889291,0.00037770911107095983
0.722351758032472,0.722351758032472,True,0.0006655462810232216,0.9993344537189768
0.722351758032472,0.722351758032472,True,0.00016479838149074943,0.9998352016185093
0.722351758032472,0.722351758032472,True,0.00019866339320750992,0.9998013366067925
0.722351758032472,0.722351758032472,True,0.00028141255321545433,0.9997185874467845
0.722351758032472,0.722351758032472,True,0.00044779148024676196,0.9995522085197532
0.722351758032472,0.722351758032472,True,0.0009213906332331545,0.9990786093667668
0.722351758032472,0.722351758032472,True,0.0009022792418394987,0.9990977207581605
-1.3843670883058157,-1.3843670883058157,True,0.999643543004224,0.0003564569957760019
-1.3843670883058157,-1.3843670883058157,True,0.999703085011662,0.00029691498833792193
-1.3843670883058157,-1.3843670883058157,True,0.9995881906088159,0.0004118093911840885
0.722351758032472,0.722351758032472,True,0.00042250406486776804,0.9995774959351322
0.722351758032472,0.722351758032472,True,0.0004926298374855476,0.9995073701625145
0.722351758032472,0.722351758032472,True,0.00018137582897337357,0.9998186241710266
-1.3843670883058157,0.722351758032472,False,0.10222608614216844,0.8977739138578316
0.722351758032472,0.722351758032472,True,0.0002713658244825057,0.9997286341755175
0.722351758032472,0.722351758032472,True,0.0004964131181217635,0.9995035868818782
0.722351758032472,0.722351758032472,True,0.00033288805303288704,0.9996671119469671
0.722351758032472,0.722351758032472,True,0.0013799730364092433,0.9986200269635908
0.722351758032472,0.722351758032472,True,0.0005582721929551226,0.9994417278070449
-1.3843670883058157,-1.3843670883058157,True,0.9996277662001192,0.0003722337998808212
-1.3843670883058157,-1.3843670883058157,True,0.9997190264791643,0.0002809735208357127
0.722351758032472,0.722351758032472,True,0.00023252478873203586,0.999767475211268
0.722351758032472,0.722351758032472,True,0.0009606387483493961,0.9990393612516506
0.722351758032472,0.722351758032472,True,0.001668334618631917,0.9983316653813681
-1.3843670883058157,-1.3843670883058157,True,0.9997466919606595,0.0002533080393405124
0.722351758032472,0.722351758032472,True,0.00012830075443781563,0.9998716992455622
0.722351758032472,0.722351758032472,True,0.00017460410600378395,0.9998253958939962
-1.3843670883058157,-1.3843670883058157,True,0.9994350093160528,0.0005649906839472526
0.722351758032472,0.722351758032472,True,0.0003592471615332382,0.9996407528384668
0.722351758032472,0.722351758032472,True,0.001590113992433806,0.9984098860075662
-1.3843670883058157,-1.3843670883058157,True,0.9997066309145282,0.0002933690854718207
0.722351758032472,0.722351758032472,True,0.00022869046441631458,0.9997713095355837
0.722351758032472,0.722351758032472,True,0.000582856788062025,0.999417143211938
-1.3843670883058157,-1.3843670883058157,True,0.9996236256088412,0.0003763743911587681
-1.3843670883058157,-1.3843670883058157,True,0.9997228813940573,0.00027711860594271134
0.722351758032472,0.722351758032472,True,0.00020498812191138693,0.9997950118780886
-1.3843670883058157,-1.3843670883058157,True,0.999549681629021,0.00045031837097902154
0.722351758032472,0.722351758032472,True,0.00010690889124220782,0.9998930911087578
0.722351758032472,0.722351758032472,True,0.0005574053762941178,0.9994425946237059
-1.3843670883058157,-1.3843670883058157,True,0.9995017342356177,0.0004982657643822485
0.722351758032472,0.722351758032472,True,0.00021054187678071212,0.9997894581232193
0.722351758032472,0.722351758032472,True,0.0005921966525167521,0.9994078033474832
-1.3843670883058157,-1.3843670883058157,True,0.9996644306058066,0.00033556939419346636
0.722351758032472,0.722351758032472,True,0.0006001446816683575,0.9993998553183316
0.722351758032472,0.722351758032472,True,0.00023372879610861208,0.9997662712038914
0.722351758032472,0.722351758032472,True,0.004747331746435379,0.9952526682535646
0.722351758032472,0.722351758032472,True,0.001630984605634267,0.9983690153943657
0.722351758032472,0.722351758032472,True,0.0018608610378311186,0.9981391389621689
0.722351758032472,0.722351758032472,True,0.0002909773877254329,0.9997090226122746
-1.3843670883058157,-1.3843670883058157,True,0.9996597628760218,0.0003402371239782435
-1.3843670883058157,-1.3843670883058157,True,0.9994544980338862,0.0005455019661137606
-1.3843670883058157,-1.3843670883058157,True,0.9996989547980791,0.0003010452019208882
-1.3843670883058157,-1.3843670883058157,True,0.9996974701312461,0.00030252986875394254
-1.3843670883058157,-1.3843670883058157,True,0.9995307897671242,0.0004692102328758584
0.722351758032472,0.722351758032472,True,0.0005184133975142391,0.9994815866024858
-1.3843670883058157,-1.3843670883058157,True,0.9996435398346056,0.00035646016539437594
0.722351758032472,0.722351758032472,True,0.00014563350284568788,0.9998543664971543
0.722351758032472,0.722351758032472,True,0.00027412011132987857,0.9997258798886701
0.722351758032472,0.722351758032472,True,0.00034417950399678876,0.9996558204960032
0.722351758032472,0.722351758032472,True,0.00045180862084970297,0.9995481913791503
0.722351758032472,0.722351758032472,True,0.00023842575686872092,0.9997615742431313
-1.3843670883058157,-1.3843670883058157,True,0.9997621194524706,0.000237880547529432
0.722351758032472,0.722351758032472,True,0.0001796428640157277,0.9998203571359843
0.722351758032472,0.722351758032472,True,0.00039037019834320397,0.9996096298016568
-1.3843670883058157,-1.3843670883058157,True,0.9994802166218029,0.0005197833781971139
-1.3843670883058157,-1.3843670883058157,True,0.999693261836257,0.000306738163743034
-1.3843670883058157,-1.3843670883058157,True,0.9996108656410698,0.0003891343589302014
0.722351758032472,0.722351758032472,True,0.0006081885188736758,0.9993918114811263
0.722351758032472,0.722351758032472,True,0.0003989251620067913,0.9996010748379932
0.722351758032472,0.722351758032472,True,0.0002540464805089737,0.999745953519491
-1.3843670883058157,-1.3843670883058157,True,0.999549681629021,0.00045031837097902154
-1.3843670883058157,-1.3843670883058157,True,0.9996040203970635,0.0003959796029364988
0.722351758032472,0.722351758032472,True,0.00010550099970974003,0.9998944990002903
0.722351758032472,0.722351758032472,True,0.00039064073448868974,0.9996093592655113
0.722351758032472,0.722351758032472,True,0.0007690802301689725,0.999230919769831
-1.3843670883058157,-1.3843670883058157,True,0.999594723939796,0.0004052760602039737
0.722351758032472,0.722351758032472,True,0.0011884857814630223,0.998811514218537
0.722351758032472,0.722351758032472,True,0.0001070676672901838,0.9998929323327098
0.722351758032472,0.722351758032472,True,0.00020431623583361258,0.9997956837641664
0.722351758032472,0.722351758032472,True,0.000175807723838739,0.9998241922761613
0.722351758032472,0.722351758032472,True,0.0008705230959633603,0.9991294769040366
0.722351758032472,0.722351758032472,True,0.00026260513473497227,0.999737394865265
-1.3843670883058157,-1.3843670883058157,True,0.9996989547980791,0.0003010452019208882
-1.3843670883058157,-1.3843670883058157,True,0.9997325436726232,0.00026745632737674416
-1.3843670883058157,-1.3843670883058157,True,0.9996597628760218,0.0003402371239782435
0.722351758032472,0.722351758032472,True,0.00026668359627812777,0.9997333164037219
0.722351758032472,0.722351758032472,True,0.0004253661845495804,0.9995746338154504
0.722351758032472,0.722351758032472,True,0.00042749533763331016,0.9995725046623667
-1.3843670883058157,-1.3843670883058157,True,0.9997325436726232,0.00026745632737674416
0.722351758032472,0.722351758032472,True,0.00011769095689617703,0.9998823090431038
0.722351758032472,0.722351758032472,True,0.00028166886915070855,0.9997183311308493
0.722351758032472,0.722351758032472,True,0.002762457179269928,0.9972375428207301
-1.3843670883058157,-1.3843670883058157,True,0.9997288231303684,0.00027117686963163995
0.722351758032472,0.722351758032472,True,0.00021054187678071212,0.9997894581232193
0.722351758032472,0.722351758032472,True,0.0016571121318307291,0.9983428878681693
-1.3843670883058157,-1.3843670883058157,True,0.9996049546133206,0.00039504538667940134
0.722351758032472,0.722351758032472,True,0.0001085487124470319,0.999891451287553
0.722351758032472,0.722351758032472,True,0.00018488559254481451,0.9998151144074552
0.722351758032472,0.722351758032472,True,0.00016495636977487127,0.9998350436302251
0.722351758032472,0.722351758032472,True,0.00021701514500349628,0.9997829848549965
0.722351758032472,0.722351758032472,True,0.00022379238155711967,0.9997762076184429
0.722351758032472,0.722351758032472,True,0.00011199588722288212,0.9998880041127771
0.722351758032472,0.722351758032472,True,0.000210097849507207,0.9997899021504928
0.722351758032472,0.722351758032472,True,0.00028583858125064143,0.9997141614187494
0.722351758032472,0.722351758032472,True,0.00045282485782849324,0.9995471751421715
0.722351758032472,0.722351758032472,True,0.0003977622050514995,0.9996022377949485
0.722351758032472,0.722351758032472,True,0.000246483888572846,0.9997535161114272
0.722351758032472,0.722351758032472,True,0.00047056631874298205,0.999529433681257
0.722351758032472,0.722351758032472,True,0.000767817518698477,0.9992321824813015
0.722351758032472,0.722351758032472,True,0.00021310997407397725,0.999786890025926
0.722351758032472,0.722351758032472,True,0.00020920093719334343,0.9997907990628067
0.722351758032472,0.722351758032472,True,0.0010796124950264163,0.9989203875049736
-1.3843670883058157,-1.3843670883058157,True,0.9997158945811346,0.00028410541886540524
0.722351758032472,0.722351758032472,True,0.0003412495533585691,0.9996587504466414
0.722351758032472,0.722351758032472,True,0.00042212445443501334,0.999577875545565
-1.3843670883058157,-1.3843670883058157,True,0.9996653124424307,0.0003346875575693059
0.722351758032472,0.722351758032472,True,0.0001790051964726258,0.9998209948035274
-1.3843670883058157,-1.3843670883058157,True,0.9995798732071852,0.00042012679281482415
0.722351758032472,0.722351758032472,True,0.00016814440081580617,0.9998318555991842
0.722351758032472,0.722351758032472,True,0.0027690573672871643,0.9972309426327128
0.722351758032472,0.722351758032472,True,0.00017015819250598696,0.999829841807494
-1.3843670883058157,-1.3843670883058157,True,0.999483558043494,0.00051644195650604
0.722351758032472,0.722351758032472,True,0.0006608863973009971,0.999339113602699
0.722351758032472,0.722351758032472,True,0.00030552859175470015,0.9996944714082453
-1.3843670883058157,-1.3843670883058157,True,0.999543418483829,0.00045658151617106077
-1.3843670883058157,-1.3843670883058157,True,0.9996896778425344,0.0003103221574656454
0.722351758032472,0.722351758032472,True,0.00013864750866943165,0.9998613524913306
-1.3843670883058157,-1.3843670883058157,True,0.999693261836257,0.000306738163743034
-1.3843670883058157,-1.3843670883058157,True,0.9998396443891455,0.0001603556108545154
0.722351758032472,0.722351758032472,True,0.0003127624519027039,0.9996872375480973
0.722351758032472,0.722351758032472,True,0.00045622373003118,0.9995437762699688
0.722351758032472,0.722351758032472,True,0.00018166994709212236,0.9998183300529079
0.722351758032472,0.722351758032472,True,0.0005888050787453691,0.9994111949212546
0.722351758032472,0.722351758032472,True,0.00035909068386774656,0.9996409093161323
-1.3843670883058157,-1.3843670883058157,True,0.9996989547980791,0.0003010452019208882
0.722351758032472,0.722351758032472,True,0.001546036340246415,0.9984539636597536
0.722351758032472,0.722351758032472,True,0.0005813817567370538,0.999418618243263
-1.3843670883058157,-1.3843670883058157,True,0.9996974701312461,0.00030252986875394254
0.722351758032472,0.722351758032472,True,0.0702054991663339,0.9297945008336661
0.722351758032472,0.722351758032472,True,0.00018488559254481451,0.9998151144074552
0.722351758032472,0.722351758032472,True,0.000492466823633908,0.9995075331763661
0.722351758032472,0.722351758032472,True,0.0006472285584206983,0.9993527714415793
0.722351758032472,0.722351758032472,True,0.0002864740620909245,0.9997135259379091
-1.3843670883058157,-1.3843670883058157,True,0.9996644306058066,0.00033556939419346636
0.722351758032472,0.722351758032472,True,0.00025757582421948033,0.9997424241757805
0.722351758032472,0.722351758032472,True,0.00016907816544553533,0.9998309218345545
0.722351758032472,0.722351758032472,True,0.00012648912827406544,0.9998735108717259
-1.3843670883058157,-1.3843670883058157,True,0.9996865411633712,0.00031345883662884294
0.722351758032472,0.722351758032472,True,0.00022614808941678888,0.9997738519105832
0.722351758032472,0.722351758032472,True,0.00026500894452086143,0.9997349910554791
0.722351758032472,0.722351758032472,True,0.0005280210373765915,0.9994719789626234
0.722351758032472,0.722351758032472,True,0.0005545855322830473,0.999445414467717
0.722351758032472,0.722351758032472,True,0.0002390733817458912,0.9997609266182541
0.722351758032472,0.722351758032472,True,0.00025798879914529227,0.9997420112008547
0.722351758032472,0.722351758032472,True,0.0035209488996124083,0.9964790511003876
0.722351758032472,0.722351758032472,True,0.00016875804785765336,0.9998312419521423
0.722351758032472,0.722351758032472,True,0.00010324852790499772,0.999896751472095
-1.3843670883058157,-1.3843670883058157,True,0.9996274725071678,0.0003725274928322303
-1.3843670883058157,-1.3843670883058157,True,0.999543418483829,0.00045658151617106077
0.722351758032472,0.722351758032472,True,0.0008093996096206757,0.9991906003903793
-1.3843670883058157,-1.3843670883058157,True,0.9997158945811346,0.00028410541886540524
-1.3843670883058157,-1.3843670883058157,True,0.9996974701312461,0.000302529868753942
0.722351758032472,0.722351758032472,True,0.000341260138160826,0.9996587398618392
-1.3843670883058157,-1.3843670883058157,True,0.9995566135667027,0.00044338643329730194
0.722351758032472,0.722351758032472,True,0.00022577327007367032,0.9997742267299263
-1.3843670883058157,-1.3843670883058157,True,0.9995735104040263,0.00042648959597366593
-1.3843670883058157,-1.3843670883058157,True,0.9996204282816854,0.0003795717183145596
0.722351758032472,0.722351758032472,True,0.0002545449147786094,0.9997454550852214
0.722351758032472,0.722351758032472,True,0.0003892873432449484,0.999610712656755
0.722351758032472,0.722351758032472,True,0.0003445846431396893,0.9996554153568603
-1.3843670883058157,-1.3843670883058157,True,0.9996553436217247,0.0003446563782752609
-1.3843670883058157,-1.3843670883058157,True,0.9996865411633712,0.00031345883662884294
0.722351758032472,0.722351758032472,True,0.00023606734999503942,0.999763932650005
0.722351758032472,0.722351758032472,True,0.00030442650997908327,0.9996955734900209
0.722351758032472,0.722351758032472,True,0.00015269737744849632,0.9998473026225515
0.722351758032472,0.722351758032472,True,0.00032719362861033385,0.9996728063713897
0.722351758032472,0.722351758032472,True,0.00018878693469903673,0.999811213065301
0.722351758032472,0.722351758032472,True,8.740602276824383e-05,0.9999125939772318
0.722351758032472,0.722351758032472,True,0.0003672090000365058,0.9996327909999635
0.722351758032472,0.722351758032472,True,0.00014000486401533063,0.9998599951359847
0.722351758032472,0.722351758032472,True,0.00038218802983447375,0.9996178119701655
-1.3843670883058157,-1.3843670883058157,True,0.9994631081772744,0.0005368918227256192
-1.3843670883058157,-1.3843670883058157,True,0.9997228813940573,0.00027711860594271134
-1.3843670883058157,-1.3843670883058157,True,0.9995826556783369,0.0004173443216630827
0.722351758032472,0.722351758032472,True,0.0013449749395170185,0.998655025060483
-1.3843670883058157,-1.3843670883058157,True,0.9997325436726232,0.00026745632737674416
0.722351758032472,0.722351758032472,True,0.00033762412775528716,0.9996623758722447
-1.3843670883058157,-1.3843670883058157,True,0.9995334061347503,0.0004665938652496737
0.722351758032472,0.722351758032472,True,0.0031659914922659294,0.9968340085077341
0.722351758032472,0.722351758032472,True,0.00017618137293251568,0.9998238186270675
-1.3843670883058157,-1.3843670883058157,True,0.9996974701312461,0.000302529868753942
-1.3843670883058157,-1.3843670883058157,True,0.9997269407121293,0.0002730592878707204
0.722351758032472,0.722351758032472,True,0.00013826831895658032,0.9998617316810434
0.722351758032472,0.722351758032472,True,0.00047526247398754773,0.9995247375260125
0.722351758032472,0.722351758032472,True,0.0007300219654929885,0.999269978034507
-1.3843670883058157,-1.3843670883058157,True,0.9997325436726232,0.00026745632737674416
-1.3843670883058157,-1.3843670883058157,True,0.999703085011662,0.0002969149883379214
0.722351758032472,0.722351758032472,True,0.00011517825654283609,0.9998848217434572
0.722351758032472,0.722351758032472,True,0.00038219406815620527,0.9996178059318438
-1.3843670883058157,-1.3843670883058157,True,0.9996724881177964,0.0003275118822035389
0.722351758032472,0.722351758032472,True,0.00016600376804865036,0.9998339962319513
0.722351758032472,0.722351758032472,True,0.0003261459572888592,0.9996738540427111
-1.3843670883058157,-1.3843670883058157,True,0.9993793314533633,0.0006206685466366282
-1.3843670883058157,-1.3843670883058157,True,0.9997325436726232,0.00026745632737674416
0.722351758032472,0.722351758032472,True,0.00010550099970974003,0.9998944990002903
0.722351758032472,0.722351758032472,True,0.00022318587256631162,0.9997768141274337
-1.3843670883058157,-1.3843670883058157,True,0.9997288231303684,0.00027117686963163995
0.722351758032472,0.722351758032472,True,0.0002033249139067328,0.9997966750860933
0.722351758032472,0.722351758032472,True,0.0006517351726071929,0.9993482648273928
0.722351758032472,0.722351758032472,True,0.00012430481926073433,0.9998756951807393
0.722351758032472,0.722351758032472,True,0.00028633948945089305,0.9997136605105491
-1.3843670883058157,-1.3843670883058157,True,0.9995098634708094,0.0004901365291906593
0.722351758032472,0.722351758032472,True,0.00026146690216655166,0.9997385330978334
-1.3843670883058157,-1.3843670883058157,True,0.9996204282816854,0.00037957171831455924
-1.3843670883058157,-1.3843670883058157,True,0.9996859335938773,0.00031406640612276476
0.722351758032472,0.722351758032472,True,0.00031931454557387884,0.9996806854544261
0.722351758032472,0.722351758032472,True,0.00031650861353560433,0.9996834913864644
0.722351758032472,0.722351758032472,True,0.0003198492443012846,0.9996801507556987
-1.3843670883058157,-1.3843670883058157,True,0.9997325436726232,0.00026745632737674416
-1.3843670883058157,-1.3843670883058157,True,0.9997158945811346,0.00028410541886540524
0.722351758032472,0.722351758032472,True,0.007431829520673672,0.9925681704793263
0.722351758032472,0.722351758032472,True,0.00024401241158023002,0.9997559875884198
-1.3843670883058157,-1.3843670883058157,True,0.9996597628760218,0.0003402371239782435
0.722351758032472,0.722351758032472,True,0.00021054187678071212,0.9997894581232193
0.722351758032472,0.722351758032472,True,0.0003863329616853317,0.9996136670383147
0.722351758032472,0.722351758032472,True,0.0004695004621748655,0.9995304995378251
0.722351758032472,0.722351758032472,True,0.0025097396567661523,0.9974902603432338
0.722351758032472,0.722351758032472,True,0.0006199524213582608,0.9993800475786417
0.722351758032472,0.722351758032472,True,0.00031738254041502323,0.999682617459585
0.722351758032472,0.722351758032472,True,0.00021995048820044882,0.9997800495117996
-1.3843670883058157,-1.3843670883058157,True,0.9994008094004941,0.0005991905995058824
-1.3843670883058157,-1.3843670883058157,True,0.9995222592561241,0.00047774074387589316
-1.3843670883058157,-1.3843670883058157,True,0.9996222908889291,0.00037770911107095983
0.722351758032472,0.722351758032472,True,0.0005270038809059852,0.999472996119094
0.722351758032472,0.722351758032472,True,0.00019867094106329475,0.9998013290589367
0.722351758032472,0.722351758032472,True,0.0007457680019966606,0.9992542319980033
-1.3843670883058157,-1.3843670883058157,True,0.9997325436726232,0.00026745632737674416
-1.3843670883058157,-1.3843670883058157,True,0.9995675785322671,0.0004324214677328732
0.722351758032472,0.722351758032472,True,0.00027298926878116525,0.9997270107312188
0.722351758032472,0.722351758032472,True,0.00031533106473868866,0.9996846689352613
0.722351758032472,0.722351758032472,True,0.00024845953295715706,0.9997515404670428
-1.3843670883058157,-1.3843670883058157,True,0.9996989547980791,0.0003010452019208882
0.722351758032472,0.722351758032472,True,0.00048658174925064746,0.9995134182507494
-1.3843670883058157,-1.3843670883058157,True,0.9996204282816854,0.00037957171831455924
-1.3843670883058157,-1.3843670883058157,True,0.9996600719588598,0.0003399280411402789
0.722351758032472,0.722351758032472,True,0.0002317857325943029,0.9997682142674057
0.722351758032472,0.722351758032472,True,0.0007193920785296681,0.9992806079214703
0.722351758032472,0.722351758032472,True,0.00026260513473497227,0.999737394865265
0.722351758032472,0.722351758032472,True,0.005650746430560849,0.9943492535694392
0.722351758032472,0.722351758032472,True,0.0008988708325619044,0.9991011291674381
0.722351758032472,0.722351758032472,True,0.0014316662170387184,0.9985683337829613
0.722351758032472,0.722351758032472,True,0.0001109671527584899,0.9998890328472415
-1.3843670883058157,-1.3843670883058157,True,0.999703085011662,0.00029691498833792193
0.722351758032472,0.722351758032472,True,0.0002524814981005319,0.9997475185018995
0.722351758032472,0.722351758032472,True,0.00034427950459381407,0.9996557204954062
-1.3843670883058157,-1.3843670883058157,True,0.9996274725071678,0.0003725274928322303
-1.3843670883058157,-1.3843670883058157,True,0.999501571446938,0.0004984285530620617
-1.3843670883058157,-1.3843670883058157,True,0.9993777890056104,0.0006222109943896665
0.722351758032472,0.722351758032472,True,0.00014093184132313308,0.9998590681586769
0.722351758032472,0.722351758032472,True,0.00018975883666838556,0.9998102411633316
0.722351758032472,0.722351758032472,True,0.0006407296987029909,0.999359270301297
0.722351758032472,0.722351758032472,True,0.00014563350284568788,0.9998543664971543
-1.3843670883058157,-1.3843670883058157,True,0.9996724881177964,0.0003275118822035389
-1.3843670883058157,-1.3843670883058157,True,0.999705631005175,0.0002943689948250208
0.722351758032472,0.722351758032472,True,0.00018509372319430728,0.9998149062768057
0.722351758032472,0.722351758032472,True,0.00026292020447926667,0.9997370797955207
0.722351758032472,0.722351758032472,True,0.00019244394003781196,0.9998075560599622
0.722351758032472,0.722351758032472,True,0.000608075528899521,0.9993919244711005
-1.3843670883058157,-1.3843670883058157,True,0.9997288231303684,0.00027117686963163995
0.722351758032472,0.722351758032472,True,0.0005012337147844992,0.9994987662852155
0.722351758032472,0.722351758032472,True,0.00023039639415367574,0.9997696036058463
-1.3843670883058157,-1.3843670883058157,True,0.9996974701312461,0.000302529868753942
0.722351758032472,0.722351758032472,True,0.00225946089942064,0.9977405391005794
-1.3843670883058157,-1.3843670883058157,True,0.9996237509910086,0.0003762490089913305
0.722351758032472,0.722351758032472,True,0.0003782844535363816,0.9996217155464636
0.722351758032472,0.722351758032472,True,0.0005236714209735371,0.9994763285790265
0.722351758032472,0.722351758032472,True,0.0004972491174614069,0.9995027508825386
0.722351758032472,0.722351758032472,True,0.001768854360319816,0.9982311456396802
0.722351758032472,0.722351758032472,True,0.0012704633681323019,0.9987295366318677
-1.3843670883058157,-1.3843670883058157,True,0.9996989547980791,0.0003010452019208882
0.722351758032472,0.722351758032472,True,0.00025481248252579025,0.9997451875174742
-1.3843670883058157,-1.3843670883058157,True,0.9996351848256474,0.00036481517435259453
0.722351758032472,0.722351758032472,True,0.00011517825654283609,0.9998848217434572
0.722351758032472,0.722351758032472,True,0.000413540327138362,0.9995864596728616
0.722351758032472,0.722351758032472,True,0.00026542494970327457,0.9997345750502967
-1.3843670883058157,-1.3843670883058157,True,0.9993668530870694,0.000633146912930557
0.722351758032472,0.722351758032472,True,0.00010760003596843593,0.9998923999640316
0.722351758032472,0.722351758032472,True,0.00035531020116363887,0.9996446897988364
0.722351758032472,0.722351758032472,True,0.0004553913713171154,0.9995446086286829
-1.3843670883058157,-1.3843670883058157,True,0.9995883808099727,0.0004116191900272892
-1.3843670883058157,-1.3843670883058157,True,0.9996769813257766,0.0003230186742233366
-1.3843670883058157,-1.3843670883058157,True,0.9994388016933832,0.0005611983066167965
-1.3843670883058157,-1.3843670883058157,True,0.999610021569605,0.000389978430394987
0.722351758032472,0.722351758032472,True,0.00047263704681321794,0.9995273629531868
0.722351758032472,0.722351758032472,True,0.000360648836065125,0.9996393511639349
0.722351758032472,0.722351758032472,True,0.00021373931316226447,0.9997862606868377
0.722351758032472,0.722351758032472,True,0.00011517825654283609,0.9998848217434572
-1.3843670883058157,-1.3843670883058157,True,0.9996644306058066,0.00033556939419346636
0.722351758032472,0.722351758032472,True,0.0005591528084578634,0.9994408471915421
0.722351758032472,0.722351758032472,True,0.0004905868440290284,0.999509413155971
0.722351758032472,0.722351758032472,True,0.00036766322773873483,0.9996323367722613
0.722351758032472,0.722351758032472,True,0.00016396609079261104,0.9998360339092074
0.722351758032472,0.722351758032472,True,0.0011771285035776513,0.9988228714964223
0.722351758032472,0.722351758032472,True,0.0001488591463675304,0.9998511408536325
0.722351758032472,0.722351758032472,True,0.00030478135235112447,0.9996952186476489
0.722351758032472,0.722351758032472,True,0.00011517825654283609,0.9998848217434572
0.722351758032472,0.722351758032472,True,0.001388402515082432,0.9986115974849176
0.722351758032472,0.722351758032472,True,0.00043675559349631854,0.9995632444065037
0.722351758032472,0.722351758032472,True,0.000207914551347943,0.9997920854486521
-1.3843670883058157,-1.3843670883058157,True,0.9996553436217247,0.0003446563782752609
0.722351758032472,0.722351758032472,True,0.00047630418802946384,0.9995236958119705
-1.3843670883058157,-1.3843670883058157,True,0.999693261836257,0.000306738163743034
0.722351758032472,0.722351758032472,True,0.0017843624091209431,0.9982156375908791
-1.3843670883058157,-1.3843670883058157,True,0.9996644306058066,0.00033556939419346636
-1.3843670883058157,-1.3843670883058157,True,0.999643543004224,0.0003564569957760022
0.722351758032472,0.722351758032472,True,0.00012334937305169547,0.9998766506269483
-1.3843670883058157,-1.3843670883058157,True,0.9996157260112472,0.0003842739887528076
-1.3843670883058157,-1.3843670883058157,True,0.9997158945811346,0.00028410541886540524
0.722351758032472,0.722351758032472,True,0.00028269820392679,0.9997173017960732
0.722351758032472,0.722351758032472,True,0.0010467729758938393,0.9989532270241062
0.722351758032472,0.722351758032472,True,0.0005581646452479383,0.9994418353547521
0.722351758032472,0.722351758032472,True,0.00022633363761181968,0.9997736663623882
-1.3843670883058157,-1.3843670883058157,True,0.9996687432178762,0.00033125678212375843
-1.3843670883058157,-1.3843670883058157,True,0.9996690277983966,0.000330972201603354
0.722351758032472,0.722351758032472,True,0.00016527268258892391,0.9998347273174111
-1.3843670883058157,-1.3843670883058157,True,0.9997269407121293,0.0002730592878707204
0.722351758032472,0.722351758032472,True,0.00022156461838185315,0.9997784353816181
-1.3843670883058157,-1.3843670883058157,True,0.9993878440796645,0.0006121559203355221
-1.3843670883058157,-1.3843670883058157,True,0.9995900902182264,0.00040990978177359206
0.722351758032472,0.722351758032472,True,0.0001873163463457228,0.9998126836536543
0.722351758032472,0.722351758032472,True,0.0002888215996620369,0.999711178400338
0.722351758032472,0.722351758032472,True,0.0003128470044470033,0.999687152995553
0.722351758032472,0.722351758032472,True,0.00020642316435759422,0.9997935768356424
0.722351758032472,0.722351758032472,True,0.00026118240656902714,0.999738817593431
-1.3843670883058157,-1.3843670883058157,True,0.9996769813257766,0.000323018674223336
0.722351758032472,0.722351758032472,True,0.0005069140178957099,0.9994930859821043
0.722351758032472,0.722351758032472,True,0.00025608272587340775,0.9997439172741266
0.722351758032472,0.722351758032472,True,0.00016600376804865036,0.9998339962319513
0.722351758032472,0.722351758032472,True,0.0002926738781080518,0.999707326121892
0.722351758032472,0.722351758032472,True,0.00015270890450558294,0.9998472910954944
0.722351758032472,0.722351758032472,True,0.00024725898214916775,0.9997527410178508
0.722351758032472,0.722351758032472,True,0.00016394200112612722,0.9998360579988739
0.722351758032472,0.722351758032472,True,0.000159778866643423,0.9998402211333566
0.722351758032472,0.722351758032472,True,0.00026146690216655166,0.9997385330978334
0.722351758032472,0.722351758032472,True,0.00014563350284568788,0.9998543664971543
-1.3843670883058157,-1.3843670883058157,True,0.9996600719588598,0.0003399280411402789
-1.3843670883058157,-1.3843670883058157,True,0.9997653832769339,0.0002346167230661058
0.722351758032472,0.722351758032472,True,0.0002399262022273474,0.9997600737977727
0.722351758032472,0.722351758032472,True,0.00018718975400777715,0.9998128102459922
0.722351758032472,0.722351758032472,True,0.004881263999270469,0.9951187360007295
0.722351758032472,0.722351758032472,True,0.001908532357931203,0.9980914676420688
0.722351758032472,0.722351758032472,True,0.0006968205344017875,0.9993031794655982
0.722351758032472,0.722351758032472,True,0.00024845953295715706,0.9997515404670428
-1.3843670883058157,-1.3843670883058157,True,0.9992378727779232,0.0007621272220768165
0.722351758032472,0.722351758032472,True,0.00010432196613463507,0.9998956780338654
0.722351758032472,0.722351758032472,True,0.00026668359627812777,0.9997333164037219
0.722351758032472,0.722351758032472,True,0.002121501961297234,0.9978784980387028
0.722351758032472,0.722351758032472,True,0.0005553314154070899,0.9994446685845929
-1.3843670883058157,-1.3843670883058157,True,0.9995735104040263,0.00042648959597366593
0.722351758032472,0.722351758032472,True,0.00021785204435753602,0.9997821479556425
-1.3843670883058157,-1.3843670883058157,True,0.9995022010025242,0.0004977989974758517
0.722351758032472,0.722351758032472,True,0.0022050867313309075,0.9977949132686691
-1.3843670883058157,-1.3843670883058157,True,0.999398251560826,0.0006017484391740726
0.722351758032472,0.722351758032472,True,0.0002914253534145317,0.9997085746465855
0.722351758032472,0.722351758032472,True,0.0003142801651591087,0.9996857198348409
0.722351758032472,0.722351758032472,True,0.013268629440291946,0.986731370559708
0.722351758032472,0.722351758032472,True,0.0002297934130814916,0.9997702065869185
-1.3843670883058157,-1.3843670883058157,True,0.9997466919606595,0.0002533080393405124
-1.3843670883058157,-1.3843670883058157,True,0.9996140599113224,0.000385940088677705
0.722351758032472,0.722351758032472,True,0.0004922497896642231,0.9995077502103358
0.722351758032472,0.722351758032472,True,0.0002945954926790728,0.9997054045073209
0.722351758032472,0.722351758032472,True,0.00018453703837428836,0.9998154629616257
0.722351758032472,0.722351758032472,True,0.0005935098614400225,0.99940649013856
0.722351758032472,0.722351758032472,True,0.002129706905949158,0.9978702930940508
0.722351758032472,0.722351758032472,True,0.00014563350284568788,0.9998543664971543
-1.3843670883058157,-1.3843670883058157,True,0.9996974701312461,0.00030252986875394254
-1.3843670883058157,-1.3843670883058157,True,0.9995720798974851,0.00042792010251486724
-1.3843670883058157,-1.3843670883058157,True,0.9996644306058066,0.00033556939419346636
-1.3843670883058157,-1.3843670883058157,True,0.9997158945811346,0.00028410541886540524
0.722351758032472,0.722351758032472,True,0.0003513435276335519,0.9996486564723664
-1.3843670883058157,-1.3843670883058157,True,0.9995030467996393,0.0004969532003606888
0.722351758032472,0.722351758032472,True,0.002302103500094299,0.9976978964999057
0.722351758032472,0.722351758032472,True,0.0004101061603072331,0.9995898938396928
0.722351758032472,0.722351758032472,True,0.0005703652733074493,0.9994296347266926
-1.3843670883058157,-1.3843670883058157,True,0.9996644306058066,0.00033556939419346636
-1.3843670883058157,-1.3843670883058157,True,0.9996600719588598,0.0003399280411402789
-1.3843670883058157,-1.3843670883058157,True,0.9995228991021776,0.00047710089782235015
-1.3843670883058157,-1.3843670883058157,True,0.9996769813257766,0.000323018674223336
-1.3843670883058157,-1.3843670883058157,True,0.9996281149463498,0.0003718850536501127
0.722351758032472,0.722351758032472,True,0.0010935500952448107,0.9989064499047552
-1.3843670883058157,-1.3843670883058157,True,0.999693261836257,0.000306738163743034
-1.3843670883058157,-1.3843670883058157,True,0.9996274725071678,0.0003725274928322303
-1.3843670883058157,-1.3843670883058157,True,0.9997332465639379,0.00026675343606203647
0.722351758032472,0.722351758032472,True,0.00027919633888462414,0.9997208036611154
-1.3843670883058157,-1.3843670883058157,True,0.9991546103707947,0.0008453896292053125
-1.3843670883058157,-1.3843670883058157,True,0.9997158945811346,0.00028410541886540524
0.722351758032472,0.722351758032472,True,0.004515957235619927,0.9954840427643801
0.722351758032472,0.722351758032472,True,0.0005270396319797532,0.9994729603680202
0.722351758032472,0.722351758032472,True,0.0003511159550740883,0.9996488840449259
0.722351758032472,0.722351758032472,True,0.00031416515261528666,0.9996858348473847
-1.3843670883058157,-1.3843670883058157,True,0.9997192817400716,0.00028071825992836074
-1.3843670883058157,-1.3843670883058157,True,0.9992579323882288,0.0007420676117711897
-1.3843670883058157,-1.3843670883058157,True,0.999693261836257,0.000306738163743034
0.722351758032472,0.722351758032472,True,0.00018079020717265415,0.9998192097928273
-1.3843670883058157,-1.3843670883058157,True,0.9997653832769339,0.0002346167230661058
0.722351758032472,0.722351758032472,True,0.0005700003333994896,0.9994299996666005
-1.3843670883058157,-1.3843670883058157,True,0.999477037079209,0.000522962920791016
-1.3843670883058157,-1.3843670883058157,True,0.99966442399354,0.000335576006459961
0.722351758032472,0.722351758032472,True,0.0005627455100642997,0.9994372544899357
0.722351758032472,0.722351758032472,True,0.0002806447649843502,0.9997193552350156
0.722351758032472,0.722351758032472,True,0.0007908391331835629,0.9992091608668164
0.722351758032472,0.722351758032472,True,0.000500686323659294,0.9994993136763407
-1.3843670883058157,-1.3843670883058157,True,0.9996466134196637,0.0003533865803363054
0.722351758032472,0.722351758032472,True,0.00016600376804865036,0.9998339962319513
-1.3843670883058157,-1.3843670883058157,True,0.9997288231303684,0.00027117686963163995
0.722351758032472,0.722351758032472,True,0.0009328118752264247,0.9990671881247736
-1.3843670883058157,-1.3843670883058157,True,0.9996222908889291,0.00037770911107095983
-1.3843670883058157,-1.3843670883058157,True,0.9996376672367989,0.000362332763201058
-1.3843670883058157,-1.3843670883058157,True,0.9996754822483339,0.0003245177516660574
-1.3843670883058157,-1.3843670883058157,True,0.9996717736054499,0.000328226394550099
0.722351758032472,0.722351758032472,True,0.004959629583384917,0.9950403704166151
0.722351758032472,0.722351758032472,True,0.0003623747372538677,0.9996376252627461
0.722351758032472,0.722351758032472,True,9.439579599501702e-05,0.999905604204005
0.722351758032472,0.722351758032472,True,0.0004108038309468265,0.9995891961690532
0.722351758032472,0.722351758032472,True,0.00030599553724031114,0.9996940044627597
0.722351758032472,0.722351758032472,True,0.0004322030892540685,0.9995677969107459
-1.3843670883058157,-1.3843670883058157,True,0.9996974701312461,0.000302529868753942
0.722351758032472,0.722351758032472,True,0.0001408770585953345,0.9998591229414047
0.722351758032472,0.722351758032472,True,0.00017252546671220337,0.9998274745332878
-1.3843670883058157,-1.3843670883058157,True,0.9996204282816854,0.00037957171831455924
0.722351758032472,0.722351758032472,True,0.00018878693469903673,0.999811213065301
0.722351758032472,0.722351758032472,True,0.0001488591463675304,0.9998511408536325
0.722351758032472,0.722351758032472,True,9.924157739193973e-05,0.9999007584226081
0.722351758032472,0.722351758032472,True,0.000865293111474319,0.9991347068885257
0.722351758032472,0.722351758032472,True,0.00011742263514280538,0.9998825773648572
-1.3843670883058157,-1.3843670883058157,True,0.9997325436726232,0.00026745632737674416
0.722351758032472,0.722351758032472,True,0.000492927564648693,0.9995070724353513
0.722351758032472,0.722351758032472,True,0.0001056691166539947,0.999894330883346
0.722351758032472,0.722351758032472,True,0.00025884742392079385,0.9997411525760792
0.722351758032472,0.722351758032472,True,0.0015022454243966976,0.9984977545756033
-1.3843670883058157,-1.3843670883058157,True,0.999693261836257,0.000306738163743034
0.722351758032472,0.722351758032472,True,0.00022237318043383247,0.9997776268195662
0.722351758032472,0.722351758032472,True,0.0002471804359175378,0.9997528195640825
-1.3843670883058157,-1.3843670883058157,True,0.9995494661469995,0.00045053385300056675
-1.3843670883058157,-1.3843670883058157,True,0.9995072950613055,0.0004927049386944514
0.722351758032472,0.722351758032472,True,0.000492466823633908,0.9995075331763661
0.722351758032472,0.722351758032472,True,0.0003624552898164879,0.9996375447101835
0.722351758032472,0.722351758032472,True,0.0002691017067625312,0.9997308982932375
-1.3843670883058157,-1.3843670883058157,True,0.9996893956707665,0.00031060432923351623
0.722351758032472,0.722351758032472,True,0.00014881050843718047,0.9998511894915628
-1.3843670883058157,-1.3843670883058157,True,0.9996989547980791,0.0003010452019208882
0.722351758032472,0.722351758032472,True,0.0006969102881315692,0.9993030897118684
0.722351758032472,0.722351758032472,True,0.00061372492559153,0.9993862750744085
0.722351758032472,0.722351758032472,True,0.0004021998996109888,0.999597800100389
-1.3843670883058157,-1.3843670883058157,True,0.9996573617530458,0.0003426382469542575
0.722351758032472,0.722351758032472,True,0.00014340878818042135,0.9998565912118196
-1.3843670883058157,-1.3843670883058157,True,0.9996769813257766,0.000323018674223336
-1.3843670883058157,-1.3843670883058157,True,0.999779132882049,0.000220867117950968
0.722351758032472,0.722351758032472,True,0.00045526581068711103,0.9995447341893129
-1.3843670883058157,-1.3843670883058157,True,0.999529496626182,0.0004705033738179899
0.722351758032472,0.722351758032472,True,0.00016600376804865036,0.9998339962319513
0.722351758032472,0.722351758032472,True,0.0002560198768598587,0.9997439801231401
0.722351758032472,0.722351758032472,True,0.0002891636118635965,0.9997108363881364
0.722351758032472,0.722351758032472,True,0.00023652088562542417,0.9997634791143746
0.722351758032472,0.722351758032472,True,0.0003753809470100622,0.9996246190529899
-1.3843670883058157,-1.3843670883058157,True,0.9996204282816854,0.0003795717183145596
0.722351758032472,0.722351758032472,True,0.00016576979499660638,0.9998342302050034
0.722351758032472,0.722351758032472,True,0.0037026869374067184,0.9962973130625933
0.722351758032472,0.722351758032472,True,0.0005442778607198662,0.9994557221392801
0.722351758032472,0.722351758032472,True,0.0003523863632789448,0.999647613636721
-1.3843670883058157,-1.3843670883058157,True,0.9996974701312461,0.000302529868753942
0.722351758032472,0.722351758032472,True,0.00014128467522267485,0.9998587153247773
0.722351758032472,0.722351758032472,True,0.0007976794521949993,0.999202320547805
0.722351758032472,0.722351758032472,True,0.0005996768838696376,0.9994003231161304
0.722351758032472,0.722351758032472,True,0.0005301119667079357,0.9994698880332921
0.722351758032472,0.722351758032472,True,0.0004639971062655457,0.9995360028937345
0.722351758032472,0.722351758032472,True,0.00019615355559443604,0.9998038464444056
0.722351758032472,0.722351758032472,True,0.0003199356794092445,0.9996800643205908
0.722351758032472,0.722351758032472,True,0.00036052212137416273,0.9996394778786258
0.722351758032472,0.722351758032472,True,0.00017933639254874567,0.9998206636074513
-1.3843670883058157,-1.3843670883058157,True,0.9996989547980791,0.0003010452019208882
-1.3843670883058157,-1.3843670883058157,True,0.9995745678691605,0.00042543213083946166
0.722351758032472,0.722351758032472,True,0.00033288805303288704,0.9996671119469671
0.722351758032472,0.722351758032472,True,0.0001624597574176878,0.9998375402425823
0.722351758032472,0.722351758032472,True,0.0002969097025045109,0.9997030902974955
0.722351758032472,0.722351758032472,True,0.00010530275395248534,0.9998946972460475
0.722351758032472,0.722351758032472,True,0.00035772132900602216,0.999642278670994
0.722351758032472,0.722351758032472,True,0.0003154402074038165,0.9996845597925962
0.722351758032472,0.722351758032472,True,0.0001420765047358552,0.9998579234952641
-1.3843670883058157,-1.3843670883058157,True,0.9996222908889291,0.00037770911107095983
0.722351758032472,0.722351758032472,True,0.00023091532673202853,0.999769084673268
0.722351758032472,0.722351758032472,True,0.0022288883179872876,0.9977711116820127
-1.3843670883058157,-1.3843670883058157,True,0.9996428933666799,0.0003571066333200803
0.722351758032472,0.722351758032472,True,0.0001818110013824814,0.9998181889986175
0.722351758032472,0.722351758032472,True,0.005095848774585021,0.994904151225415
-1.3843670883058157,-1.3843670883058157,True,0.9996083171778736,0.000391682822126459
0.722351758032472,0.722351758032472,True,0.00022329201062853965,0.9997767079893715
-1.3843670883058157,-1.3843670883058157,True,0.9997043379341567,0.0002956620658433058
-1.3843670883058157,-1.3843670883058157,True,0.9996989547980791,0.0003010452019208882
-1.3843670883058157,-1.3843670883058157,True,0.999779132882049,0.000220867117950968
-1.3843670883058157,-1.3843670883058157,True,0.999358251681917,0.0006417483180829537
0.722351758032472,0.722351758032472,True,0.0001488591463675304,0.9998511408536325
-1.3843670883058157,-1.3843670883058157,True,0.9995492593627882,0.000450740637211867
-1.3843670883058157,-1.3843670883058157,True,0.9995661281380236,0.0004338718619763945
0.722351758032472,0.722351758032472,True,0.00021555574473985928,0.9997844442552601
0.722351758032472,0.722351758032472,True,0.0015345568382144625,0.9984654431617855
-1.3843670883058157,-1.3843670883058157,True,0.9994768011758144,0.0005231988241856259
0.722351758032472,0.722351758032472,True,0.00018572717663134508,0.9998142728233687
0.722351758032472,0.722351758032472,True,0.0015855600731896624,0.9984144399268103
-1.3843670883058157,-1.3843670883058157,True,0.9995421929809609,0.0004578070190391246
0.722351758032472,0.722351758032472,True,0.0005081550913030863,0.9994918449086969
-1.3843670883058157,-1.3843670883058157,True,0.9995735104040263,0.00042648959597366593
0.722351758032472,0.722351758032472,True,0.001879019632828438,0.9981209803671716
-1.3843670883058157,-1.3843670883058157,True,0.9996974701312461,0.000302529868753942
-1.3843670883058157,-1.3843670883058157,True,0.9996644306058066,0.00033556939419346636
-1.3843670883058157,-1.3843670883058157,True,0.9997228813940573,0.00027711860594271134
-1.3843670883058157,-1.3843670883058157,True,0.9995735104040263,0.00042648959597366593
0.722351758032472,0.722351758032472,True,0.0060961048422524255,0.9939038951577476
0.722351758032472,0.722351758032472,True,0.0012071447528432255,0.9987928552471568
0.722351758032472,0.722351758032472,True,0.00018878693469903673,0.999811213065301
-1.3843670883058157,-1.3843670883058157,True,0.9997119425027599,0.0002880574972402001
-1.3843670883058157,-1.3843670883058157,True,0.9996974701312461,0.000302529868753942
0.722351758032472,0.722351758032472,True,0.0025781659307999583,0.9974218340692
0.722351758032472,0.722351758032472,True,0.00030773776726367164,0.9996922622327363
-1.3843670883058157,-1.3843670883058157,True,0.999703085011662,0.00029691498833792193
0.722351758032472,0.722351758032472,True,0.0023061170540084053,0.9976938829459916
0.722351758032472,0.722351758032472,True,0.00033725676559626105,0.9996627432344037
0.722351758032472,0.722351758032472,True,0.0003238474690929749,0.999676152530907
0.722351758032472,0.722351758032472,True,0.00015725248707598727,0.999842747512924
0.722351758032472,0.722351758032472,True,0.00015580166566742104,0.9998441983343326
-1.3843670883058157,-1.3843670883058157,True,0.9997760602896727,0.00022393971032731377
0.722351758032472,0.722351758032472,True,0.0005017545961099046,0.9994982454038901
0.722351758032472,0.722351758032472,True,0.00012464197975037283,0.9998753580202496
-1.3843670883058157,-1.3843670883058157,True,0.9996644306058066,0.00033556939419346636
0.722351758032472,0.722351758032472,True,0.0001994710088369933,0.999800528991163
0.722351758032472,0.722351758032472,True,0.00011645252659941985,0.9998835474734006
0.722351758032472,0.722351758032472,True,0.0018449406847784733,0.9981550593152215
0.722351758032472,0.722351758032472,True,0.00102100416856854,0.9989789958314315
-1.3843670883058157,-1.3843670883058157,True,0.9996385848354636,0.0003614151645363154
0.722351758032472,0.722351758032472,True,0.003419206914220041,0.99658079308578
-1.3843670883058157,-1.3843670883058157,True,0.9997325436726232,0.00026745632737674416
0.722351758032472,0.722351758032472,True,0.00021351349298670552,0.9997864865070133
0.722351758032472,0.722351758032472,True,0.0008107004868284085,0.9991892995131716
0.722351758032472,0.722351758032472,True,0.00021959824608897005,0.999780401753911
0.722351758032472,0.722351758032472,True,0.0009166767024348932,0.9990833232975651
0.722351758032472,0.722351758032472,True,0.00025796322781124204,0.9997420367721888
0.722351758032472,0.722351758032472,True,0.0001624597574176878,0.9998375402425823
0.722351758032472,0.722351758032472,True,0.00012832964352749165,0.9998716703564725
0.722351758032472,0.722351758032472,True,8.931290505787004e-05,0.9999106870949421
0.722351758032472,0.722351758032472,True,0.0032892757538193207,0.9967107242461807
-1.3843670883058157,-1.3843670883058157,True,0.9994903015308261,0.0005096984691739647
0.722351758032472,0.722351758032472,True,0.00012330149634509624,0.9998766985036549
0.722351758032472,0.722351758032472,True,0.00043744279201662906,0.9995625572079834
0.722351758032472,0.722351758032472,True,0.000287330302375155,0.9997126696976248
0.722351758032472,0.722351758032472,True,0.000267082655056039,0.999732917344944
-1.3843670883058157,-1.3843670883058157,True,0.9995675785322671,0.0004324214677328732
0.722351758032472,0.722351758032472,True,0.00118135164983868,0.9988186483501613
-1.3843670883058157,-1.3843670883058157,True,0.9997192817400716,0.00028071825992836074
-1.3843670883058157,-1.3843670883058157,True,0.999643543004224,0.0003564569957760022
0.722351758032472,0.722351758032472,True,0.00013395971608454182,0.9998660402839155
0.722351758032472,0.722351758032472,True,0.0142429313239677,0.9857570686760323
0.722351758032472,0.722351758032472,True,0.003159808770853423,0.9968401912291466
0.722351758032472,0.722351758032472,True,0.0002920042159794134,0.9997079957840206
-1.3843670883058157,-1.3843670883058157,True,0.9994846705729387,0.0005153294270613335
0.722351758032472,0.722351758032472,True,0.0002399262022273474,0.9997600737977727
0.722351758032472,0.722351758032472,True,0.00024845953295715706,0.9997515404670428
0.722351758032472,0.722351758032472,True,0.00043587715263337934,0.9995641228473666
0.722351758032472,0.722351758032472,True,0.00019721285568441438,0.9998027871443156
0.722351758032472,0.722351758032472,True,0.00010652740297900642,0.999893472597021
0.722351758032472,0.722351758032472,True,7.926386111267725e-05,0.9999207361388873
0.722351758032472,0.722351758032472,True,0.0001488591463675304,0.9998511408536325
0.722351758032472,0.722351758032472,True,0.0001888114839920796,0.9998111885160079
0.722351758032472,0.722351758032472,True,0.00023187316121886514,0.9997681268387811
0.722351758032472,0.722351758032472,True,0.00028269820392679,0.9997173017960732
0.722351758032472,0.722351758032472,True,0.00042888456716583256,0.9995711154328342
0.722351758032472,0.722351758032472,True,0.0007991140873571112,0.9992008859126429
-1.3843670883058157,-1.3843670883058157,True,0.9997325436726232,0.00026745632737674416
0.722351758032472,0.722351758032472,True,0.000843511151322418,0.9991564888486776
0.722351758032472,0.722351758032472,True,0.000159778866643423,0.9998402211333566
0.722351758032472,0.722351758032472,True,0.0002322247167002578,0.9997677752832997
0.722351758032472,0.722351758032472,True,0.00018878693469903673,0.999811213065301
0.722351758032472,0.722351758032472,True,0.00017687792704668137,0.9998231220729533
0.722351758032472,0.722351758032472,True,0.0005582721929551226,0.9994417278070449
0.722351758032472,0.722351758032472,True,0.00034273391595518454,0.9996572660840448
-1.3843670883058157,-1.3843670883058157,True,0.9996751703900343,0.0003248296099657093
-1.3843670883058157,-1.3843670883058157,True,0.9997043197603694,0.0002956802396305387
-1.3843670883058157,-1.3843670883058157,True,0.9996236256088412,0.0003763743911587681
-1.3843670883058157,-1.3843670883058157,True,0.9996769813257766,0.000323018674223336
-1.3843670883058157,-1.3843670883058157,True,0.9997288231303684,0.00027117686963163995
0.722351758032472,0.722351758032472,True,0.0003076177426493132,0.9996923822573507
0.722351758032472,0.722351758032472,True,0.00038430766783936754,0.9996156923321606
0.722351758032472,0.722351758032472,True,0.0017636522436532687,0.9982363477563467
0.722351758032472,0.722351758032472,True,0.00019259553495820647,0.9998074044650418
0.722351758032472,0.722351758032472,True,0.0005781287245655298,0.9994218712754345
0.722351758032472,0.722351758032472,True,0.0022439068382827942,0.9977560931617172
-1.3843670883058157,-1.3843670883058157,True,0.9995699817029464,0.0004300182970535354
-1.3843670883058157,-1.3843670883058157,True,0.9994606170846655,0.0005393829153345149
0.722351758032472,0.722351758032472,True,0.0030815515728744858,0.9969184484271255
0.722351758032472,0.722351758032472,True,0.00022805370851930462,0.9997719462914807
-1.3843670883058157,-1.3843670883058157,True,0.9994971559547383,0.0005028440452616766
-1.3843670883058157,-1.3843670883058157,True,0.9996974701312461,0.00030252986875394254
0.722351758032472,0.722351758032472,True,0.0005874893631141465,0.9994125106368859
-1.3843670883058157,-1.3843670883058157,True,0.9995013669397489,0.0004986330602511124
0.722351758032472,0.722351758032472,True,0.00035243673381790686,0.9996475632661821
0.722351758032472,0.722351758032472,True,0.00042450492964496434,0.999575495070355
0.722351758032472,0.722351758032472,True,0.0007738389529552414,0.9992261610470448
-1.3843670883058157,-1.3843670883058157,True,0.9996553436217247,0.0003446563782752609
0.722351758032472,0.722351758032472,True,9.345822586415142e-05,0.9999065417741358
0.722351758032472,0.722351758032472,True,0.0007042538549490995,0.9992957461450509
-1.3843670883058157,-1.3843670883058157,True,0.999643543004224,0.0003564569957760019
0.722351758032472,0.722351758032472,True,0.0008954709183629506,0.999104529081637
-1.3843670883058157,-1.3843670883058157,True,0.999703085011662,0.00029691498833792193
0.722351758032472,0.722351758032472,True,0.0003694415184204436,0.9996305584815796
-1.3843670883058157,-1.3843670883058157,True,0.9997548044759161,0.00024519552408380806
0.722351758032472,0.722351758032472,True,0.0006079078711246355,0.9993920921288754
-1.3843670883058157,-1.3843670883058157,True,0.9997760602896727,0.00022393971032731377
-1.3843670883058157,-1.3843670883058157,True,0.9996183260167065,0.00038167398329348707
0.722351758032472,0.722351758032472,True,0.00024653212465097774,0.999753467875349
0.722351758032472,0.722351758032472,True,0.00037282085015932775,0.9996271791498407
0.722351758032472,0.722351758032472,True,0.00020196948253181635,0.9997980305174682
0.722351758032472,0.722351758032472,True,0.0006586436189719436,0.9993413563810281
0.722351758032472,0.722351758032472,True,0.0001809078691482613,0.9998190921308517
0.722351758032472,0.722351758032472,True,0.00021054187678071212,0.9997894581232193
0.722351758032472,0.722351758032472,True,0.0003445878208415687,0.9996554121791584
0.722351758032472,0.722351758032472,True,0.000745521285849704,0.9992544787141503
0.722351758032472,0.722351758032472,True,0.00017588507327204184,0.999824114926728
-1.3843670883058157,-1.3843670883058157,True,0.9997325436726232,0.00026745632737674416
0.722351758032472,0.722351758032472,True,0.0007099066604353554,0.9992900933395646
0.722351758032472,0.722351758032472,True,0.0005913160919245319,0.9994086839080755
0.722351758032472,0.722351758032472,True,0.00039846683382205317,0.999601533166178
0.722351758032472,0.722351758032472,True,0.0018378998726141793,0.9981621001273858
0.722351758032472,0.722351758032472,True,0.00010623117815278249,0.9998937688218472
-1.3843670883058157,-1.3843670883058157,True,0.999703085011662,0.00029691498833792193
0.722351758032472,0.722351758032472,True,0.0001573553098197511,0.9998426446901802
-1.3843670883058157,-1.3843670883058157,True,0.999693261836257,0.0003067381637430345
-1.3843670883058157,-1.3843670883058157,True,0.999705631005175,0.0002943689948250213
-1.3843670883058157,-1.3843670883058157,True,0.9994350093160528,0.0005649906839472526
0.722351758032472,0.722351758032472,True,0.0006157363489572854,0.9993842636510427
0.722351758032472,0.722351758032472,True,0.0004582852201154841,0.9995417147798845
-1.3843670883058157,-1.3843670883058157,True,0.9996600719588598,0.00033992804114027833
0.722351758032472,0.722351758032472,True,9.439579599501702e-05,0.999905604204005
0.722351758032472,0.722351758032472,True,0.00013525393490554372,0.9998647460650945
0.722351758032472,0.722351758032472,True,0.0007268829324741377,0.9992731170675259
0.722351758032472,0.722351758032472,True,0.001300488063942562,0.9986995119360574
0.722351758032472,0.722351758032472,True,0.00017310180443774748,0.9998268981955623
-1.3843670883058157,-1.3843670883058157,True,0.999779132882049,0.000220867117950968
0.722351758032472,0.722351758032472,True,0.0012854745571271309,0.9987145254428729
0.722351758032472,0.722351758032472,True,0.00026132013592417014,0.9997386798640758
0.722351758032472,0.722351758032472,True,0.0002980856336289861,0.999701914366371
0.722351758032472,0.722351758032472,True,0.0003361388819129729,0.999663861118087
0.722351758032472,0.722351758032472,True,0.017790091410292863,0.9822099085897071
-1.3843670883058157,-1.3843670883058157,True,0.9995600071337083,0.0004399928662916993
0.722351758032472,0.722351758032472,True,0.00024845953295715706,0.9997515404670428
0.722351758032472,0.722351758032472,True,0.002358323074799773,0.9976416769252002
-1.3843670883058157,-1.3843670883058157,True,0.999703085011662,0.00029691498833792193
0.722351758032472,0.722351758032472,True,0.00029370127053285344,0.9997062987294671
0.722351758032472,0.722351758032472,True,0.0003492372912852204,0.9996507627087148
0.722351758032472,0.722351758032472,True,0.0007486459696227632,0.9992513540303772
0.722351758032472,0.722351758032472,True,0.0016967082341790007,0.998303291765821
-1.3843670883058157,-1.3843670883058157,True,0.9996104661028622,0.0003895338971378219
0.722351758032472,0.722351758032472,True,0.00010760003596843593,0.9998923999640316
0.722351758032472,0.722351758032472,True,0.0001624597574176878,0.9998375402425823
0.722351758032472,0.722351758032472,True,0.0004670918305814675,0.9995329081694185
0.722351758032472,0.722351758032472,True,7.83526117631439e-05,0.9999216473882369
0.722351758032472,0.722351758032472,True,0.0005627455100642997,0.9994372544899357
0.722351758032472,0.722351758032472,True,0.0001123511185601167,0.9998876488814399
-1.3843670883058157,-1.3843670883058157,True,0.9993214553141198,0.0006785446858802681
0.722351758032472,0.722351758032472,True,0.00037584924030786837,0.9996241507596921
0.722351758032472,0.722351758032472,True,0.0002806447649843502,0.9997193552350156
0.722351758032472,0.722351758032472,True,0.000996343000263522,0.9990036569997365
-1.3843670883058157,-1.3843670883058157,True,0.9995269167328821,0.00047308326711791336
0.722351758032472,0.722351758032472,True,0.0001306131412971423,0.9998693868587029
-1.3843670883058157,-1.3843670883058157,True,0.9994087319391584,0.0005912680608416787
-1.3843670883058157,-1.3843670883058157,True,0.9995269597798868,0.0004730402201131878
-1.3843670883058157,-1.3843670883058157,True,0.9997158945811346,0.00028410541886540524
-1.3843670883058157,-1.3843670883058157,True,0.9997119425027599,0.0002880574972402001
0.722351758032472,0.722351758032472,True,0.00018338614075885662,0.9998166138592411
-1.3843670883058157,-1.3843670883058157,True,0.999693261836257,0.000306738163743034
0.722351758032472,0.722351758032472,True,0.00011338799513127551,0.9998866120048687
-1.3843670883058157,-1.3843670883058157,True,0.9996724881177964,0.0003275118822035389
0.722351758032472,0.722351758032472,True,0.0003576638697913026,0.9996423361302087
-1.3843670883058157,-1.3843670883058157,True,0.9992736761771488,0.0007263238228512257
0.722351758032472,0.722351758032472,True,0.0002599851494842209,0.9997400148505158
-1.3843670883058157,-1.3843670883058157,True,0.9996724881177964,0.0003275118822035389
0.722351758032472,0.722351758032472,True,0.0014698721123928005,0.9985301278876072
-1.3843670883058157,-1.3843670883058157,True,0.9997119425027599,0.0002880574972402001
-1.3843670883058157,-1.3843670883058157,True,0.9996277662001192,0.0003722337998808212
0.722351758032472,0.722351758032472,True,0.0004554292565834839,0.9995445707434165
0.722351758032472,0.722351758032472,True,0.0005760754200662133,0.9994239245799338
-1.3843670883058157,-1.3843670883058157,True,0.9996222908889291,0.00037770911107095983
0.722351758032472,0.722351758032472,True,0.00011769095689617703,0.9998823090431038
0.722351758032472,0.722351758032472,True,0.0010065577377582624,0.9989934422622417
-1.3843670883058157,-1.3843670883058157,True,0.9995241637744655,0.0004758362255344536
0.722351758032472,0.722351758032472,True,0.00041144377304813684,0.9995885562269519
0.722351758032472,0.722351758032472,True,0.00045491645099071665,0.9995450835490093
-1.3843670883058157,-1.3843670883058157,True,0.9990938395518971,0.000906160448102837
-1.3843670883058157,-1.3843670883058157,True,0.9997325436726232,0.00026745632737674416
-1.3843670883058157,-1.3843670883058157,True,0.9996404620940815,0.00035953790591847223
0.722351758032472,0.722351758032472,True,0.00021581053287056395,0.9997841894671294
0.722351758032472,0.722351758032472,True,0.00012120892187750254,0.9998787910781225
0.722351758032472,0.722351758032472,True,0.0020959238068769537,0.997904076193123
0.722351758032472,0.722351758032472,True,0.0003113381475384758,0.9996886618524615
0.722351758032472,0.722351758032472,True,0.0001420765047358552,0.9998579234952641
0.722351758032472,0.722351758032472,True,0.00015269737744849632,0.9998473026225515
0.722351758032472,0.722351758032472,True,0.00028984315007762884,0.9997101568499224
0.722351758032472,0.722351758032472,True,0.0008196744626741692,0.9991803255373258
0.722351758032472,0.722351758032472,True,0.00020642316435759422,0.9997935768356424
0.722351758032472,0.722351758032472,True,0.0016049948926311064,0.9983950051073689
-1.3843670883058157,-1.3843670883058157,True,0.9996351848256474,0.00036481517435259453
0.722351758032472,0.722351758032472,True,0.00027496446742436564,0.9997250355325756
-1.3843670883058157,-1.3843670883058157,True,0.9996600719588598,0.0003399280411402789
0.722351758032472,0.722351758032472,True,0.00012983572311520142,0.9998701642768848
-1.3843670883058157,-1.3843670883058157,True,0.9997158945811346,0.00028410541886540524
0.722351758032472,0.722351758032472,True,0.0003076221326372419,0.9996923778673628
0.722351758032472,0.722351758032472,True,0.0012539439952972131,0.9987460560047028
0.722351758032472,0.722351758032472,True,0.00023187316121886514,0.9997681268387811
0.722351758032472,0.722351758032472,True,0.02264490367263261,0.9773550963273674
0.722351758032472,0.722351758032472,True,0.0007766475458985678,0.9992233524541014
0.722351758032472,0.722351758032472,True,0.0004015098745780987,0.9995984901254219
0.722351758032472,0.722351758032472,True,0.00011517825654283609,0.9998848217434572
-1.3843670883058157,-1.3843670883058157,True,0.9993512662567049,0.0006487337432951598
0.722351758032472,0.722351758032472,True,0.000558139063210672,0.9994418609367893
0.722351758032472,0.722351758032472,True,0.0008468272255792719,0.9991531727744207
0.722351758032472,0.722351758032472,True,0.00018100890580674545,0.9998189910941933
0.722351758032472,0.722351758032472,True,0.0007523439243716235,0.9992476560756284
0.722351758032472,0.722351758032472,True,0.005856738096980618,0.9941432619030194
-1.3843670883058157,-1.3843670883058157,True,0.9996769813257766,0.000323018674223336
0.722351758032472,0.722351758032472,True,0.0003057332712282923,0.9996942667287717
0.722351758032472,0.722351758032472,True,0.00011741562209455214,0.9998825843779054
0.722351758032472,0.722351758032472,True,0.00014881050843718047,0.9998511894915628
0.722351758032472,0.722351758032472,True,0.018268217289855282,0.9817317827101447
-1.3843670883058157,-1.3843670883058157,True,0.9993394718170433,0.0006605281829567302
-1.3843670883058157,-1.3843670883058157,True,0.9996989547980791,0.0003010452019208882
-1.3843670883058157,-1.3843670883058157,True,0.9996151487205152,0.0003848512794848709
0.722351758032472,0.722351758032472,True,0.00011936148530344859,0.9998806385146966
-1.3843670883058157,-1.3843670883058157,True,0.9996974701312461,0.000302529868753942
0.722351758032472,0.722351758032472,True,0.00044171168629836277,0.9995582883137016
0.722351758032472,0.722351758032472,True,0.000634645360532704,0.9993653546394673
0.722351758032472,0.722351758032472,True,0.0001360051529105677,0.9998639948470894
0.722351758032472,0.722351758032472,True,0.0006129568962027765,0.9993870431037972
-1.3843670883058157,-1.3843670883058157,True,0.9997295357968466,0.0002704642031533663
0.722351758032472,0.722351758032472,True,0.00010324852790499772,0.999896751472095
-1.3843670883058157,-1.3843670883058157,True,0.9996385848354636,0.0003614151645363154
0.722351758032472,0.722351758032472,True,0.0005582721929551226,0.9994417278070449
0.722351758032472,0.722351758032472,True,0.00039732586668239644,0.9996026741333176
-1.3843670883058157,-1.3843670883058157,True,0.9996503518781494,0.0003496481218505932
0.722351758032472,0.722351758032472,True,0.00026146690216655166,0.9997385330978334
0.722351758032472,0.722351758032472,True,0.0022437430110542333,0.9977562569889458
-1.3843670883058157,-1.3843670883058157,True,0.9996974701312461,0.00030252986875394254
-1.3843670883058157,-1.3843670883058157,True,0.9996751703900343,0.0003248296099657093
-1.3843670883058157,-1.3843670883058157,True,0.99973592037583,0.0002640796241700204
-1.3843670883058157,-1.3843670883058157,True,0.9995676388155011,0.00043236118449890745
-1.3843670883058157,-1.3843670883058157,True,0.9996644306058066,0.00033556939419346636
0.722351758032472,0.722351758032472,True,0.0013184980626785858,0.9986815019373214
0.722351758032472,0.722351758032472,True,0.00014370334761992787,0.9998562966523801
0.722351758032472,0.722351758032472,True,0.0018029398172149103,0.9981970601827851
-1.3843670883058157,-1.3843670883058157,True,0.9996672500636126,0.0003327499363874637
-1.3843670883058157,-1.3843670883058157,True,0.9996600719588598,0.0003399280411402789
0.722351758032472,0.722351758032472,True,0.005806160069168564,0.9941938399308314
0.722351758032472,0.722351758032472,True,0.00022218419376041076,0.9997778158062396
0.722351758032472,0.722351758032472,True,0.0006418615521828208,0.9993581384478172
0.722351758032472,0.722351758032472,True,0.00028179073972300905,0.999718209260277
-1.3843670883058157,-1.3843670883058157,True,0.999684860360393,0.0003151396396070956
-1.3843670883058157,-1.3843670883058157,True,0.9995474736601382,0.0004525263398617621
0.722351758032472,0.722351758032472,True,0.0003619685796596439,0.9996380314203404
0.722351758032472,0.722351758032472,True,0.00034040379977906543,0.9996595962002209
-1.3843670883058157,-1.3843670883058157,True,0.9996769813257766,0.000323018674223336
-1.3843670883058157,-1.3843670883058157,True,0.9996989547980791,0.0003010452019208882
-1.3843670883058157,-1.3843670883058157,True,0.999693261836257,0.000306738163743034
0.722351758032472,0.722351758032472,True,0.00031284052556890263,0.9996871594744311
0.722351758032472,0.722351758032472,True,0.0002677725777522344,0.9997322274222478
0.722351758032472,0.722351758032472,True,0.0005923926588610184,0.999407607341139
-1.3843670883058157,-1.3843670883058157,True,0.9993131540879976,0.0006868459120024261
0.722351758032472,0.722351758032472,True,0.00014041475818127314,0.9998595852418187
-1.3843670883058157,-1.3843670883058157,True,0.9997432938971074,0.00025670610289264443
-1.3843670883058157,-1.3843670883058157,True,0.9996644306058066,0.00033556939419346636
-1.3843670883058157,-1.3843670883058157,True,0.9996222908889291,0.00037770911107095983
0.722351758032472,0.722351758032472,True,0.0007347129531001251,0.9992652870468999
-1.3843670883058157,-1.3843670883058157,True,0.9995269597798868,0.0004730402201131878
0.722351758032472,0.722351758032472,True,0.0001975286587601044,0.9998024713412399
0.722351758032472,0.722351758032472,True,0.0004704894380215263,0.9995295105619785
-1.3843670883058157,-1.3843670883058157,True,0.9997119425027599,0.0002880574972402001
0.722351758032472,0.722351758032472,True,0.0018563321642832697,0.9981436678357167
0.722351758032472,0.722351758032472,True,0.0002081582702481155,0.9997918417297519
0.722351758032472,0.722351758032472,True,0.0009558273613277102,0.9990441726386723
0.722351758032472,0.722351758032472,True,0.00030996403302185893,0.9996900359669781
-1.3843670883058157,-1.3843670883058157,True,0.9994336288507375,0.0005663711492625207
0.722351758032472,0.722351758032472,True,0.0007542998462441997,0.9992457001537558
0.722351758032472,0.722351758032472,True,0.000159778866643423,0.9998402211333566
0.722351758032472,0.722351758032472,True,0.00021054187678071212,0.9997894581232193
0.722351758032472,0.722351758032472,True,9.922814343477082e-05,0.9999007718565652
0.722351758032472,0.722351758032472,True,0.0002267630195795789,0.9997732369804204
0.722351758032472,0.722351758032472,True,0.0004378220478019612,0.999562177952198
0.722351758032472,0.722351758032472,True,0.000413540327138362,0.9995864596728616
0.722351758032472,0.722351758032472,True,0.0005943324839806641,0.9994056675160193
-1.3843670883058157,-1.3843670883058157,True,0.9996865411633712,0.00031345883662884294
-1.3843670883058157,-1.3843670883058157,True,0.9996185697084419,0.00038143029155817115
0.722351758032472,0.722351758032472,True,0.00010550099970974003,0.9998944990002903
0.722351758032472,0.722351758032472,True,0.0002698642020703135,0.9997301357979297
0.722351758032472,0.722351758032472,True,0.000194904237249105,0.9998050957627509
-1.3843670883058157,-1.3843670883058157,True,0.999693261836257,0.000306738163743034
0.722351758032472,0.722351758032472,True,0.00040174144773608145,0.9995982585522639
0.722351758032472,0.722351758032472,True,0.00021846694552574153,0.9997815330544743
-1.3843670883058157,-1.3843670883058157,True,0.9997325436726232,0.00026745632737674416
0.722351758032472,0.722351758032472,True,0.0002449028729346603,0.9997550971270653
-1.3843670883058157,-1.3843670883058157,True,0.9996989547980791,0.0003010452019208882
-1.3843670883058157,-1.3843670883058157,True,0.999703085011662,0.00029691498833792193
-1.3843670883058157,-1.3843670883058157,True,0.9995409475550343,0.0004590524449656448
0.722351758032472,0.722351758032472,True,0.0001624597574176878,0.9998375402425823
0.722351758032472,0.722351758032472,True,0.007398351494736999,0.992601648505263
0.722351758032472,0.722351758032472,True,0.0013137472937579942,0.998686252706242
0.722351758032472,0.722351758032472,True,0.00018909867023864102,0.9998109013297614
-1.3843670883058157,-1.3843670883058157,True,0.999703085011662,0.00029691498833792193
0.722351758032472,0.722351758032472,True,0.00027055675039100446,0.999729443249609
0.722351758032472,0.722351758032472,True,0.0002480685202951305,0.9997519314797049
0.722351758032472,0.722351758032472,True,8.23748886987774e-05,0.9999176251113012
-1.3843670883058157,-1.3843670883058157,True,0.9994398483155404,0.0005601516844595633
0.722351758032472,0.722351758032472,True,0.00020192155063780692,0.9997980784493622
0.722351758032472,0.722351758032472,True,0.00020536441400997862,0.99979463558599
0.722351758032472,0.722351758032472,True,0.00039762042799063035,0.9996023795720094
0.722351758032472,0.722351758032472,True,0.00022567187853783643,0.9997743281214622
0.722351758032472,0.722351758032472,True,0.00031802286724214035,0.9996819771327579
0.722351758032472,0.722351758032472,True,0.00023734189287694107,0.9997626581071231
0.722351758032472,0.722351758032472,True,0.0002473012315968859,0.9997526987684031
0.722351758032472,0.722351758032472,True,0.0003846010813756129,0.9996153989186244
-1.3843670883058157,-1.3843670883058157,True,0.999693261836257,0.000306738163743034
-1.3843670883058157,-1.3843670883058157,True,0.9995082066420979,0.0004917933579020405
-1.3843670883058157,-1.3843670883058157,True,0.9997158945811346,0.00028410541886540524
0.722351758032472,0.722351758032472,True,0.0002478497505628008,0.9997521502494372
0.722351758032472,0.722351758032472,True,0.000393498681944604,0.9996065013180554
0.722351758032472,0.722351758032472,True,0.0014137684701748254,0.9985862315298252
0.722351758032472,0.722351758032472,True,0.00020642316435759422,0.9997935768356424
0.722351758032472,0.722351758032472,True,0.0005556558937851452,0.9994443441062149
0.722351758032472,0.722351758032472,True,0.0005694885584333065,0.9994305114415667
0.722351758032472,0.722351758032472,True,0.00044047701686245055,0.9995595229831375
0.722351758032472,0.722351758032472,True,0.0005171886594528274,0.9994828113405472
0.722351758032472,0.722351758032472,True,0.0002900969712097412,0.9997099030287903
0.722351758032472,0.722351758032472,True,0.00013904324566171855,0.9998609567543383
0.722351758032472,0.722351758032472,True,8.931290505787004e-05,0.9999106870949421
0.722351758032472,0.722351758032472,True,0.00011517825654283609,0.9998848217434572
0.722351758032472,0.722351758032472,True,0.0001488591463675304,0.9998511408536325
0.722351758032472,0.722351758032472,True,0.0003412495533585691,0.9996587504466414
0.722351758032472,0.722351758032472,True,0.0003333586176768044,0.9996666413823232
0.722351758032472,0.722351758032472,True,0.0007437838749104753,0.9992562161250895
0.722351758032472,0.722351758032472,True,0.0002524814981005319,0.9997475185018995
-1.3843670883058157,-1.3843670883058157,True,0.9994237647461007,0.0005762352538992594
0.722351758032472,0.722351758032472,True,0.00016495636977487127,0.9998350436302251
0.722351758032472,0.722351758032472,True,0.001976503086027259,0.9980234969139727
0.722351758032472,0.722351758032472,True,0.0021409134434625665,0.9978590865565374
0.722351758032472,0.722351758032472,True,0.0002715377897017923,0.9997284622102982
-1.3843670883058157,-1.3843670883058157,True,0.999703085011662,0.0002969149883379214
0.722351758032472,0.722351758032472,True,0.0007999776185073637,0.9992000223814926
0.722351758032472,0.722351758032472,True,0.00047333481393119214,0.9995266651860688
0.722351758032472,0.722351758032472,True,0.0002591353629290971,0.9997408646370709
0.722351758032472,0.722351758032472,True,0.00019310108832026884,0.9998068989116797
-1.3843670883058157,-1.3843670883058157,True,0.9995263498787802,0.0004736501212197991
0.722351758032472,0.722351758032472,True,0.000584124732737834,0.9994158752672622
-1.3843670883058157,-1.3843670883058157,True,0.9994021113362338,0.0005978886637661811
0.722351758032472,0.722351758032472,True,0.0004559382394487832,0.9995440617605512
-1.3843670883058157,-1.3843670883058157,True,0.9996567768392979,0.0003432231607020822
0.722351758032472,0.722351758032472,True,0.0005936450936930848,0.9994063549063069
0.722351758032472,0.722351758032472,True,0.0002029970148914595,0.9997970029851085
0.722351758032472,0.722351758032472,True,0.0003458908942671757,0.9996541091057328
0.722351758032472,0.722351758032472,True,0.00019212388213296627,0.999807876117867
-1.3843670883058157,-1.3843670883058157,True,0.9994996231723465,0.0005003768276534978
0.722351758032472,0.722351758032472,True,0.00040099811239979744,0.9995990018876002
0.722351758032472,0.722351758032472,True,0.0001712296378091338,0.9998287703621909
-1.3843670883058157,-1.3843670883058157,True,0.9993941077909435,0.0006058922090564977
0.722351758032472,0.722351758032472,True,0.0001889187235719625,0.999811081276428
0.722351758032472,0.722351758032472,True,0.00019615355559443604,0.9998038464444056
0.722351758032472,0.722351758032472,True,0.0004867303959504854,0.9995132696040495
0.722351758032472,0.722351758032472,True,0.000492466823633908,0.9995075331763661
0.722351758032472,0.722351758032472,True,0.00019615355559443604,0.9998038464444056
0.722351758032472,0.722351758032472,True,0.0003181295285012986,0.9996818704714987
0.722351758032472,0.722351758032472,True,0.0004097471701011157,0.9995902528298989
-1.3843670883058157,-1.3843670883058157,True,0.999594723939796,0.0004052760602039734
0.722351758032472,0.722351758032472,True,0.00019615355559443604,0.9998038464444056
-1.3843670883058157,-1.3843670883058157,True,0.9994842103397248,0.0005157896602752637
0.722351758032472,0.722351758032472,True,0.0003137565446851287,0.9996862434553149
0.722351758032472,0.722351758032472,True,0.00015665304686496295,0.999843346953135
0.722351758032472,0.722351758032472,True,0.0013588374852552265,0.9986411625147448
0.722351758032472,0.722351758032472,True,0.0001624597574176878,0.9998375402425823
0.722351758032472,0.722351758032472,True,0.00035446307138198296,0.999645536928618
-1.3843670883058157,-1.3843670883058157,True,0.9994005096047178,0.0005994903952821779
-1.3843670883058157,-1.3843670883058157,True,0.999558649440869,0.0004413505591309311
-1.3843670883058157,-1.3843670883058157,True,0.9996597628760218,0.0003402371239782438
0.722351758032472,0.722351758032472,True,0.0003034114693409862,0.999696588530659
0.722351758032472,0.722351758032472,True,0.0003750806917094396,0.9996249193082906
0.722351758032472,0.722351758032472,True,0.0004438534489670243,0.999556146551033
0.722351758032472,0.722351758032472,True,0.0003752614771426188,0.9996247385228574
0.722351758032472,0.722351758032472,True,0.0003261902391580307,0.999673809760842
-1.3843670883058157,-1.3843670883058157,True,0.9997332465639379,0.00026675343606203647
-1.3843670883058157,-1.3843670883058157,True,0.999594723939796,0.0004052760602039734
-1.3843670883058157,-1.3843670883058157,True,0.9996974701312461,0.00030252986875394254
-1.3843670883058157,-1.3843670883058157,True,0.9995030467996393,0.0004969532003606888
-1.3843670883058157,-1.3843670883058157,True,0.9997288231303684,0.00027117686963163995
-1.3843670883058157,-1.3843670883058157,True,0.9997288231303684,0.00027117686963163995
-1.3843670883058157,-1.3843670883058157,True,0.9996989547980791,0.0003010452019208882
-1.3843670883058157,-1.3843670883058157,True,0.999501571446938,0.0004984285530620617
0.722351758032472,0.722351758032472,True,0.0003133195674605016,0.9996866804325395
-1.3843670883058157,-1.3843670883058157,True,0.9996553436217247,0.0003446563782752609
0.722351758032472,0.722351758032472,True,0.0007521532539170872,0.9992478467460829
-1.3843670883058157,-1.3843670883058157,True,0.9996989547980791,0.0003010452019208882
-1.3843670883058157,-1.3843670883058157,True,0.9994121927727966,0.000587807227203427
0.722351758032472,0.722351758032472,True,0.00020642316435759422,0.9997935768356424
-1.3843670883058157,-1.3843670883058157,True,0.9996359215905088,0.00036407840949118466
-1.3843670883058157,-1.3843670883058157,True,0.9997288231303684,0.00027117686963163995
-1.3843670883058157,-1.3843670883058157,True,0.999779132882049,0.000220867117950968
0.722351758032472,0.722351758032472,True,0.00026668359627812777,0.9997333164037219
0.722351758032472,0.722351758032472,True,0.00014984038954402035,0.999850159610456
0.722351758032472,0.722351758032472,True,0.00016302078629992778,0.9998369792137001
-1.3843670883058157,-1.3843670883058157,True,0.9995503909949371,0.00044960900506283157
0.722351758032472,0.722351758032472,True,0.0010166433683996834,0.9989833566316003
0.722351758032472,0.722351758032472,True,0.0003622425857501277,0.9996377574142499
-1.3843670883058157,-1.3843670883058157,True,0.9995941600405791,0.00040583995942085907
0.722351758032472,0.722351758032472,True,0.0029634429420816177,0.9970365570579184
0.722351758032472,0.722351758032472,True,0.00019867094106329475,0.9998013290589367
0.722351758032472,0.722351758032472,True,0.00023224490839890422,0.9997677550916011
-1.3843670883058157,-1.3843670883058157,True,0.99949278702009,0.0005072129799100078
0.722351758032472,0.722351758032472,True,9.619720221953898e-05,0.9999038027977805
0.722351758032472,0.722351758032472,True,0.00035730258441257767,0.9996426974155874
0.722351758032472,0.722351758032472,True,0.0001827096352954305,0.9998172903647046
-1.3843670883058157,-1.3843670883058157,True,0.9997092324037852,0.00029076759621478554
0.722351758032472,0.722351758032472,True,0.00033445607137727595,0.9996655439286227
0.722351758032472,0.722351758032472,True,0.0003017426449807292,0.9996982573550193
-1.3843670883058157,-1.3843670883058157,True,0.9997370319325598,0.00026296806744015115
0.722351758032472,0.722351758032472,True,0.00041604507199988205,0.9995839549280001
-1.3843670883058157,-1.3843670883058157,True,0.999549681629021,0.00045031837097902154
0.722351758032472,0.722351758032472,True,0.0002125633745356792,0.9997874366254643
-1.3843670883058157,-1.3843670883058157,True,0.999684860360393,0.0003151396396070956
0.722351758032472,0.722351758032472,True,0.00023773950879024675,0.9997622604912098
0.722351758032472,0.722351758032472,True,0.00037915542700117655,0.9996208445729988
0.722351758032472,0.722351758032472,True,0.00017705670981094102,0.9998229432901891
0.722351758032472,0.722351758032472,True,0.022300800270959598,0.9776991997290404
0.722351758032472,0.722351758032472,True,0.00031797764304841714,0.9996820223569516
0.722351758032472,0.722351758032472,True,0.00025798879914529227,0.9997420112008547
0.722351758032472,0.722351758032472,True,0.00016715261960476013,0.9998328473803952
-1.3843670883058157,-1.3843670883058157,True,0.9997332465639379,0.00026675343606203647
-1.3843670883058157,-1.3843670883058157,True,0.9992925943636518,0.0007074056363482141
0.722351758032472,0.722351758032472,True,0.0006340346127579055,0.9993659653872421
0.722351758032472,0.722351758032472,True,0.000246001573268928,0.9997539984267311
-1.3843670883058157,-1.3843670883058157,True,0.9988671014655935,0.0011328985344064837
0.722351758032472,0.722351758032472,True,0.0003539061370538832,0.9996460938629461
0.722351758032472,0.722351758032472,True,0.0008393775764797828,0.9991606224235202
-1.3843670883058157,-1.3843670883058157,True,0.9997288231303684,0.00027117686963163995
0.722351758032472,0.722351758032472,True,0.00032264665522718783,0.9996773533447728
-1.3843670883058157,-1.3843670883058157,True,0.9996942529647311,0.00030574703526885157
0.722351758032472,0.722351758032472,True,0.0003172202036838545,0.9996827797963161
0.722351758032472,0.722351758032472,True,0.0006146940631911457,0.9993853059368089
0.722351758032472,0.722351758032472,True,0.0007301107920870686,0.9992698892079129
0.722351758032472,0.722351758032472,True,0.004103669763439677,0.9958963302365603
-1.3843670883058157,-1.3843670883058157,True,0.9994808025894557,0.000519197410544313
0.722351758032472,0.722351758032472,True,0.0004513562779480118,0.999548643722052
0.722351758032472,0.722351758032472,True,0.00044662976196718773,0.9995533702380328
0.722351758032472,0.722351758032472,True,0.0005091335610420966,0.9994908664389579
-1.3843670883058157,-1.3843670883058157,True,0.9996281149463498,0.0003718850536501127
0.722351758032472,0.722351758032472,True,0.0010376040792196006,0.9989623959207804
0.722351758032472,0.722351758032472,True,0.00023615346630312395,0.9997638465336969
0.722351758032472,0.722351758032472,True,0.0002952688439935569,0.9997047311560064
-1.3843670883058157,-1.3843670883058157,True,0.999319352689813,0.0006806473101870139
0.722351758032472,0.722351758032472,True,0.0035160471236349577,0.996483952876365
0.722351758032472,0.722351758032472,True,0.00016291864436124293,0.9998370813556388
0.722351758032472,0.722351758032472,True,0.00017588507327204184,0.999824114926728
0.722351758032472,0.722351758032472,True,0.0003220140648020342,0.999677985935198
0.722351758032472,0.722351758032472,True,0.0010040960930542964,0.9989959039069457
-1.3843670883058157,-1.3843670883058157,True,0.9994350093160528,0.0005649906839472526
0.722351758032472,0.722351758032472,True,0.0004814084133443197,0.9995185915866557
-1.3843670883058157,-1.3843670883058157,True,0.9997146290416147,0.0002853709583852814
0.722351758032472,0.722351758032472,True,0.00022156461838185315,0.9997784353816181
-1.3843670883058157,-1.3843670883058157,True,0.9996274725071678,0.0003725274928322303
-1.3843670883058157,-1.3843670883058157,True,0.9996151487205152,0.0003848512794848706
0.722351758032472,0.722351758032472,True,0.004760653244200608,0.9952393467557994
0.722351758032472,0.722351758032472,True,0.000328759907752163,0.9996712400922478
-1.3843670883058157,-1.3843670883058157,True,0.9997325436726232,0.00026745632737674416
0.722351758032472,0.722351758032472,True,0.00012378861033479627,0.9998762113896652
0.722351758032472,0.722351758032472,True,0.0003190396572235743,0.9996809603427764
-1.3843670883058157,-1.3843670883058157,True,0.9996974701312461,0.00030252986875394254
0.722351758032472,0.722351758032472,True,0.0004531714921067742,0.9995468285078932
-1.3843670883058157,-1.3843670883058157,True,0.9993793314533633,0.0006206685466366282
0.722351758032472,0.722351758032472,True,0.0007126586385387546,0.9992873413614612
0.722351758032472,0.722351758032472,True,0.0017736161601775713,0.9982263838398224
0.722351758032472,0.722351758032472,True,0.00021054187678071212,0.9997894581232193
0.722351758032472,0.722351758032472,True,0.00011517825654283609,0.9998848217434572
0.722351758032472,0.722351758032472,True,0.0008426278494877426,0.9991573721505123
0.722351758032472,0.722351758032472,True,0.000266759561219021,0.999733240438781
-1.3843670883058157,-1.3843670883058157,True,0.9995675785322671,0.0004324214677328728
0.722351758032472,0.722351758032472,True,0.00033921925964874866,0.9996607807403513
0.722351758032472,0.722351758032472,True,0.0003014557625026226,0.9996985442374974
0.722351758032472,0.722351758032472,True,0.000767928167173193,0.9992320718328268
-1.3843670883058157,-1.3843670883058157,True,0.999693261836257,0.0003067381637430345
-1.3843670883058157,-1.3843670883058157,True,0.9995924404093002,0.00040755959069983154
0.722351758032472,0.722351758032472,True,0.00012109077045441285,0.9998789092295456
0.722351758032472,0.722351758032472,True,0.00011769095689617703,0.9998823090431038
-1.3843670883058157,-1.3843670883058157,True,0.9996185697084419,0.00038143029155817115
0.722351758032472,0.722351758032472,True,0.0003034302643157849,0.9996965697356842
0.722351758032472,0.722351758032472,True,0.1735308142245061,0.8264691857754939
0.722351758032472,0.722351758032472,True,0.0003630815021780087,0.999636918497822
-1.3843670883058157,-1.3843670883058157,True,0.9991287249316646,0.0008712750683353858
0.722351758032472,0.722351758032472,True,0.000159778866643423,0.9998402211333566
0.722351758032472,0.722351758032472,True,0.00013904324566171855,0.9998609567543383
-1.3843670883058157,-1.3843670883058157,True,0.9997119425027599,0.0002880574972402001
-1.3843670883058157,-1.3843670883058157,True,0.9994996231723465,0.0005003768276534978
0.722351758032472,0.722351758032472,True,0.0005023324079641567,0.9994976675920358
-1.3843670883058157,-1.3843670883058157,True,0.999705631005175,0.0002943689948250208
0.722351758032472,0.722351758032472,True,0.00012394730535869591,0.9998760526946413
0.722351758032472,0.722351758032472,True,0.000246483888572846,0.9997535161114272
0.722351758032472,0.722351758032472,True,0.0008891068993457374,0.9991108931006543
0.722351758032472,0.722351758032472,True,7.926386111267725e-05,0.9999207361388873
-1.3843670883058157,-1.3843670883058157,True,0.999703085011662,0.00029691498833792193
0.722351758032472,0.722351758032472,True,0.0010922160956692295,0.9989077839043308
-1.3843670883058157,-1.3843670883058157,True,0.9997621194524706,0.000237880547529432
-1.3843670883058157,-1.3843670883058157,True,0.9996644306058066,0.00033556939419346636
0.722351758032472,0.722351758032472,True,0.0006408303190323927,0.9993591696809676
0.722351758032472,0.722351758032472,True,0.00015838927289169025,0.9998416107271083
-1.3843670883058157,-1.3843670883058157,True,0.9996151487205152,0.0003848512794848706
-1.3843670883058157,-1.3843670883058157,True,0.9996501552978678,0.00034984470213213193
0.722351758032472,0.722351758032472,True,0.0005964734110487369,0.9994035265889513
0.722351758032472,0.722351758032472,True,0.00010324852790499772,0.999896751472095
0.722351758032472,0.722351758032472,True,0.00032763590835560574,0.9996723640916444
0.722351758032472,0.722351758032472,True,0.0007782955095967381,0.9992217044904033
0.722351758032472,0.722351758032472,True,0.0002360839577630891,0.9997639160422369
0.722351758032472,0.722351758032472,True,0.005793338477844245,0.9942066615221558
0.722351758032472,0.722351758032472,True,0.0003698909360886349,0.9996301090639114
0.722351758032472,0.722351758032472,True,0.0001310782408893152,0.9998689217591107
-1.3843670883058157,-1.3843670883058157,True,0.9997288231303684,0.00027117686963163995
0.722351758032472,0.722351758032472,True,0.00021547731715065854,0.9997845226828493
0.722351758032472,0.722351758032472,True,0.0003268552940811631,0.9996731447059188
0.722351758032472,0.722351758032472,True,0.00017450564004084512,0.9998254943599592
0.722351758032472,0.722351758032472,True,0.0006888707949943562,0.9993111292050056
0.722351758032472,0.722351758032472,True,0.0019363881751413015,0.9980636118248587
-1.3843670883058157,-1.3843670883058157,True,0.9996717736054499,0.000328226394550099
0.722351758032472,0.722351758032472,True,0.002374452688698958,0.997625547311301
-1.3843670883058157,-1.3843670883058157,True,0.9997119425027599,0.0002880574972402001
0.722351758032472,0.722351758032472,True,9.035161228621025e-05,0.9999096483877138
-1.3843670883058157,-1.3843670883058157,True,0.9997325436726232,0.00026745632737674416
-1.3843670883058157,-1.3843670883058157,True,0.9996597628760218,0.0003402371239782435
-1.3843670883058157,-1.3843670883058157,True,0.9997288231303684,0.00027117686963163995
0.722351758032472,0.722351758032472,True,0.0003541593566261936,0.9996458406433738
0.722351758032472,0.722351758032472,True,0.0004941168922238948,0.9995058831077761
0.722351758032472,0.722351758032472,True,0.0007959435423924299,0.9992040564576076
0.722351758032472,0.722351758032472,True,0.00024845953295715706,0.9997515404670428
0.722351758032472,0.722351758032472,True,0.0008856704988943198,0.9991143295011057
-1.3843670883058157,-1.3843670883058157,True,0.9996644306058066,0.00033556939419346636
-1.3843670883058157,-1.3843670883058157,True,0.9996222908889291,0.00037770911107095983
-1.3843670883058157,-1.3843670883058157,True,0.9997119425027599,0.0002880574972402001
0.722351758032472,0.722351758032472,True,0.00015524026432534033,0.9998447597356747
0.722351758032472,0.722351758032472,True,0.001766255470574074,0.9982337445294259
0.722351758032472,0.722351758032472,True,0.0014197888937163006,0.9985802111062837
-1.3843670883058157,-1.3843670883058157,True,0.9997192817400716,0.00028071825992836074
0.722351758032472,0.722351758032472,True,0.00034899680064781613,0.9996510031993522
-1.3843670883058157,-1.3843670883058157,True,0.9995735104040263,0.00042648959597366593
0.722351758032472,0.722351758032472,True,0.00011259403019014957,0.9998874059698099
0.722351758032472,0.722351758032472,True,0.0004972491174614069,0.9995027508825386
0.722351758032472,0.722351758032472,True,0.00022508516918917643,0.9997749148308108
-1.3843670883058157,-1.3843670883058157,True,0.999643543004224,0.0003564569957760019
0.722351758032472,0.722351758032472,True,0.00011564393203267187,0.9998843560679673
0.722351758032472,0.722351758032472,True,0.0008113765742996382,0.9991886234257004
0.722351758032472,0.722351758032472,True,0.0003262169130989756,0.999673783086901
0.722351758032472,0.722351758032472,True,0.00013112921365987518,0.9998688707863401
0.722351758032472,0.722351758032472,True,0.0008099225436921653,0.9991900774563078
-1.3843670883058157,-1.3843670883058157,True,0.9997158945811346,0.00028410541886540524
0.722351758032472,0.722351758032472,True,0.016281402020875024,0.983718597979125
-1.3843670883058157,-1.3843670883058157,True,0.9997288231303684,0.00027117686963163995
-1.3843670883058157,-1.3843670883058157,True,0.9996974701312461,0.00030252986875394254
0.722351758032472,0.722351758032472,True,0.00015484657942343993,0.9998451534205766
-1.3843670883058157,-1.3843670883058157,True,0.999739366725307,0.00026063327469291986
0.722351758032472,0.722351758032472,True,0.00048636314635652766,0.9995136368536435
0.722351758032472,0.722351758032472,True,0.00016394200112612722,0.9998360579988739
-1.3843670883058157,-1.3843670883058157,True,0.9996989547980791,0.0003010452019208882
-1.3843670883058157,-1.3843670883058157,True,0.99966442399354,0.000335576006459961
-1.3843670883058157,-1.3843670883058157,True,0.999594723939796,0.0004052760602039734
-1.3843670883058157,-1.3843670883058157,True,0.9994775037096952,0.000522496290304805
-1.3843670883058157,-1.3843670883058157,True,0.999703085011662,0.00029691498833792193
0.722351758032472,0.722351758032472,True,0.0009476324770043565,0.9990523675229956
-1.3843670883058157,-1.3843670883058157,True,0.9995588395004368,0.0004411604995631722
-1.3843670883058157,-1.3843670883058157,True,0.9995804039028328,0.0004195960971671878
0.722351758032472,0.722351758032472,True,0.0008225978211162666,0.9991774021788837
-1.3843670883058157,-1.3843670883058157,True,0.9996600719588598,0.0003399280411402789
0.722351758032472,0.722351758032472,True,0.0004754117782587164,0.9995245882217413
-1.3843670883058157,-1.3843670883058157,True,0.999703085011662,0.00029691498833792193
0.722351758032472,0.722351758032472,True,0.0014760847039412273,0.9985239152960588
-1.3843670883058157,-1.3843670883058157,True,0.9996974701312461,0.000302529868753942
-1.3843670883058157,-1.3843670883058157,True,0.999543418483829,0.00045658151617106077
0.722351758032472,0.722351758032472,True,0.010235175076563019,0.989764824923437
-1.3843670883058157,-1.3843670883058157,True,0.9996644306058066,0.00033556939419346636
0.722351758032472,0.722351758032472,True,0.00029858308815455814,0.9997014169118454
0.722351758032472,0.722351758032472,True,0.0005039704964102665,0.9994960295035897
0.722351758032472,0.722351758032472,True,0.00019615355559443604,0.9998038464444056
0.722351758032472,0.722351758032472,True,0.00014881050843718047,0.9998511894915628
0.722351758032472,0.722351758032472,True,0.000299748597056948,0.999700251402943
0.722351758032472,0.722351758032472,True,0.0015107973328936097,0.9984892026671064
-1.3843670883058157,-1.3843670883058157,True,0.9996106523920538,0.00038934760794619546
0.722351758032472,0.722351758032472,True,0.0002879562261666191,0.9997120437738334
-1.3843670883058157,-1.3843670883058157,True,0.9997269407121293,0.0002730592878707199
0.722351758032472,0.722351758032472,True,0.0004194089421483138,0.9995805910578517
0.722351758032472,0.722351758032472,True,0.00021846694552574153,0.9997815330544743
-1.3843670883058157,-1.3843670883058157,True,0.9994544980338862,0.0005455019661137606
0.722351758032472,0.722351758032472,True,0.0004004843448034423,0.9995995156551966
-1.3843670883058157,-1.3843670883058157,True,0.9997760602896727,0.00022393971032731377
-1.3843670883058157,-1.3843670883058157,True,0.9996724881177964,0.0003275118822035389
0.722351758032472,0.722351758032472,True,0.020037174051497963,0.979962825948502
-1.3843670883058157,-1.3843670883058157,True,0.9997325436726232,0.00026745632737674416
0.722351758032472,0.722351758032472,True,0.00016600376804865036,0.9998339962319513
0.722351758032472,0.722351758032472,True,0.0005345243381867926,0.9994654756618132
0.722351758032472,0.722351758032472,True,0.008223241834025008,0.991776758165975
0.722351758032472,0.722351758032472,True,0.0018166927417423429,0.9981833072582577
-1.3843670883058157,-1.3843670883058157,True,0.9993394718170433,0.0006605281829567302
0.722351758032472,0.722351758032472,True,0.0001085487124470319,0.999891451287553
-1.3843670883058157,-1.3843670883058157,True,0.9995883808099727,0.0004116191900272892
-1.3843670883058157,-1.3843670883058157,True,0.9996754822483339,0.0003245177516660574
0.722351758032472,0.722351758032472,True,0.003144357603584891,0.9968556423964151
0.722351758032472,0.722351758032472,True,0.0003048382274144501,0.9996951617725855
-1.3843670883058157,-1.3843670883058157,True,0.9996542814358561,0.0003457185641439216
-1.3843670883058157,-1.3843670883058157,True,0.9996189995280282,0.0003810004719718122
0.722351758032472,0.722351758032472,True,0.0004286941733332439,0.9995713058266668
-1.3843670883058157,-1.3843670883058157,True,0.9997325436726232,0.00026745632737674416
0.722351758032472,0.722351758032472,True,0.00014362097932552054,0.9998563790206745
0.722351758032472,0.722351758032472,True,0.0040398442142981494,0.9959601557857019
0.722351758032472,0.722351758032472,True,0.0003259765908043555,0.9996740234091956
0.722351758032472,0.722351758032472,True,0.0008478249328165433,0.9991521750671835
0.722351758032472,0.722351758032472,True,9.645515506628843e-05,0.9999035448449337
0.722351758032472,0.722351758032472,True,0.00015665304686496295,0.999843346953135
0.722351758032472,0.722351758032472,True,0.00010288216519105386,0.999897117834809
0.722351758032472,0.722351758032472,True,0.0007781723384819861,0.999221827661518
0.722351758032472,0.722351758032472,True,0.00016396609079261104,0.9998360339092074
-1.3843670883058157,-1.3843670883058157,True,0.999583182860689,0.000416817139310969
-1.3843670883058157,-1.3843670883058157,True,0.9997051149299839,0.0002948850700160624
0.722351758032472,0.722351758032472,True,0.0001847813295284828,0.9998152186704715
0.722351758032472,0.722351758032472,True,0.0002279901882757951,0.9997720098117242
0.722351758032472,0.722351758032472,True,0.0020816676270533074,0.9979183323729467
0.722351758032472,0.722351758032472,True,0.00032560248875213027,0.9996743975112479
0.722351758032472,0.722351758032472,True,0.000179303700679867,0.9998206962993201
0.722351758032472,0.722351758032472,True,0.00016736598408451098,0.9998326340159155
0.722351758032472,0.722351758032472,True,0.00046291149690325106,0.9995370885030967
0.722351758032472,0.722351758032472,True,0.0002279901882757951,0.9997720098117242
0.722351758032472,0.722351758032472,True,0.00014465342974567807,0.9998553465702543
0.722351758032472,0.722351758032472,True,0.0003782844535363816,0.9996217155464636
0.722351758032472,0.722351758032472,True,0.0006813234975622251,0.9993186765024378
0.722351758032472,0.722351758032472,True,0.0024654763997127294,0.9975345236002873
-1.3843670883058157,-1.3843670883058157,True,0.9997158945811346,0.00028410541886540524
0.722351758032472,0.722351758032472,True,0.00021602738625126072,0.9997839726137487
-1.3843670883058157,-1.3843670883058157,True,0.9993840060927932,0.0006159939072067547
-1.3843670883058157,-1.3843670883058157,True,0.999643543004224,0.0003564569957760019
0.722351758032472,0.722351758032472,True,0.00013346252033319406,0.9998665374796668
0.722351758032472,0.722351758032472,True,0.00030996403302185893,0.9996900359669781
-1.3843670883058157,-1.3843670883058157,True,0.9995776177956196,0.00042238220438035016
0.722351758032472,0.722351758032472,True,0.00026668359627812777,0.9997333164037219
-1.3843670883058157,-1.3843670883058157,True,0.9995011040900162,0.0004988959099837828
-1.3843670883058157,-1.3843670883058157,True,0.9993026330111565,0.0006973669888434878
0.722351758032472,0.722351758032472,True,0.0015828369490574756,0.9984171630509425
-1.3843670883058157,-1.3843670883058157,True,0.9995492593627882,0.000450740637211867
-1.3843670883058157,-1.3843670883058157,True,0.9996204282816854,0.00037957171831455924
0.722351758032472,0.722351758032472,True,0.00029095465450790226,0.9997090453454921
0.722351758032472,0.722351758032472,True,0.00028692994202594857,0.999713070057974
-1.3843670883058157,-1.3843670883058157,True,0.999739366725307,0.00026063327469291986
0.722351758032472,0.722351758032472,True,0.00025102600882520587,0.9997489739911748
0.722351758032472,0.722351758032472,True,0.00017964771052270123,0.9998203522894773
-1.3843670883058157,-1.3843670883058157,True,0.9996293735834382,0.00037062641656181134
0.722351758032472,0.722351758032472,True,0.0002609849856175517,0.9997390150143824
0.722351758032472,0.722351758032472,True,0.00018509372319430728,0.9998149062768057
0.722351758032472,0.722351758032472,True,0.00041104662552504667,0.999588953374475
0.722351758032472,0.722351758032472,True,0.00011769095689617703,0.9998823090431038
0.722351758032472,0.722351758032472,True,0.001669484558421308,0.9983305154415787
0.722351758032472,0.722351758032472,True,0.0002806447649843502,0.9997193552350156
0.722351758032472,0.722351758032472,True,0.00029858308815455814,0.9997014169118454
0.722351758032472,0.722351758032472,True,0.00044824531910192533,0.9995517546808981
0.722351758032472,0.722351758032472,True,0.0009417831888537398,0.9990582168111463
0.722351758032472,0.722351758032472,True,0.0002433431416938303,0.9997566568583062
-1.3843670883058157,-1.3843670883058157,True,0.9996290370717928,0.00037096292820717444
-1.3843670883058157,-1.3843670883058157,True,0.9997325436726232,0.00026745632737674416
0.722351758032472,0.722351758032472,True,0.0007024032298789118,0.9992975967701211
0.722351758032472,0.722351758032472,True,0.0002350936052788466,0.9997649063947212
0.722351758032472,0.722351758032472,True,8.931290505787004e-05,0.9999106870949421
-1.3843670883058157,-1.3843670883058157,True,0.9997158945811346,0.00028410541886540524
0.722351758032472,0.722351758032472,True,0.00014563350284568788,0.9998543664971543
0.722351758032472,0.722351758032472,True,0.000362539059733491,0.9996374609402665
0.722351758032472,0.722351758032472,True,0.00021054187678071212,0.9997894581232193
0.722351758032472,0.722351758032472,True,0.00010039574327924683,0.9998996042567208
0.722351758032472,0.722351758032472,True,0.0006609229135189354,0.9993390770864811
0.722351758032472,0.722351758032472,True,0.00010960476320232004,0.9998903952367977
0.722351758032472,0.722351758032472,True,0.0002820893120707435,0.9997179106879293
-1.3843670883058157,-1.3843670883058157,True,0.9994129120527946,0.0005870879472054013
-1.3843670883058157,-1.3843670883058157,True,0.9996644306058066,0.00033556939419346636
-1.3843670883058157,-1.3843670883058157,True,0.9997288231303684,0.00027117686963163995
0.722351758032472,0.722351758032472,True,0.0001356959803230362,0.999864304019677
0.722351758032472,0.722351758032472,True,0.0003123523771264569,0.9996876476228735
0.722351758032472,0.722351758032472,True,0.0014445170946895125,0.9985554829053105
0.722351758032472,0.722351758032472,True,9.503292917156791e-05,0.9999049670708284
0.722351758032472,0.722351758032472,True,0.00028269820392679,0.9997173017960732
0.722351758032472,0.722351758032472,True,0.005868369657833883,0.9941316303421661
0.722351758032472,0.722351758032472,True,0.0007484460300706264,0.9992515539699294
-1.3843670883058157,-1.3843670883058157,True,0.999544561932135,0.00045543806786500627
0.722351758032472,0.722351758032472,True,0.0005830248264364624,0.9994169751735635
0.722351758032472,0.722351758032472,True,0.0009985481830205867,0.9990014518169794
0.722351758032472,0.722351758032472,True,0.00011517825654283609,0.9998848217434572
0.722351758032472,0.722351758032472,True,0.0004380031517308147,0.9995619968482692
0.722351758032472,0.722351758032472,True,0.00037334847412373584,0.9996266515258763
-1.3843670883058157,-1.3843670883058157,True,0.9996419552920859,0.000358044707914154
-1.3843670883058157,-1.3843670883058157,True,0.9994049736114394,0.0005950263885605764
-1.3843670883058157,-1.3843670883058157,True,0.9997158945811346,0.00028410541886540524
-1.3843670883058157,-1.3843670883058157,True,0.9994631081772744,0.0005368918227256192
0.722351758032472,0.722351758032472,True,0.0001488591463675304,0.9998511408536325
-1.3843670883058157,-1.3843670883058157,True,0.9997119425027599,0.0002880574972402001
-1.3843670883058157,-1.3843670883058157,True,0.9997119425027599,0.0002880574972402001
0.722351758032472,0.722351758032472,True,0.0002051084514365087,0.9997948915485635
0.722351758032472,0.722351758032472,True,0.0005530000400644219,0.9994469999599356
0.722351758032472,0.722351758032472,True,0.00018394087770712275,0.9998160591222929
0.722351758032472,0.722351758032472,True,0.0001937057454136637,0.9998062942545863
0.722351758032472,0.722351758032472,True,0.00014943740218598123,0.999850562597814
0.722351758032472,0.722351758032472,True,0.000511596675451309,0.9994884033245487
-1.3843670883058157,-1.3843670883058157,True,0.9997325436726232,0.00026745632737674416
-1.3843670883058157,-1.3843670883058157,True,0.9997196785848512,0.0002803214151487272
0.722351758032472,0.722351758032472,True,0.00014881050843718047,0.9998511894915628
-1.3843670883058157,-1.3843670883058157,True,0.9996936569913685,0.0003063430086314955
0.722351758032472,0.722351758032472,True,0.00028034356855921594,0.9997196564314408
0.722351758032472,0.722351758032472,True,0.001031482152994756,0.9989685178470052
-1.3843670883058157,-1.3843670883058157,True,0.9996477924485501,0.00035220755144998913
0.722351758032472,0.722351758032472,True,0.0002551649619229046,0.9997448350380771
0.722351758032472,0.722351758032472,True,9.947252182340716e-05,0.9999005274781766
0.722351758032472,0.722351758032472,True,0.00026096047621659846,0.9997390395237834
0.722351758032472,0.722351758032472,True,0.001427957940321023,0.998572042059679
0.722351758032472,0.722351758032472,True,9.732550214236468e-05,0.9999026744978576
0.722351758032472,0.722351758032472,True,0.00028166886915070855,0.9997183311308493
-1.3843670883058157,-1.3843670883058157,True,0.9996989547980791,0.0003010452019208882
-1.3843670883058157,-1.3843670883058157,True,0.9996769813257766,0.000323018674223336
-1.3843670883058157,-1.3843670883058157,True,0.9996222908889291,0.00037770911107095983
0.722351758032472,0.722351758032472,True,0.0008826138153218421,0.9991173861846782
0.722351758032472,0.722351758032472,True,0.0004909489011266643,0.9995090510988733
-1.3843670883058157,-1.3843670883058157,True,0.9997158945811346,0.00028410541886540524
0.722351758032472,0.722351758032472,True,0.0004322030892540685,0.9995677969107459
0.722351758032472,0.722351758032472,True,0.00016600376804865036,0.9998339962319513
-1.3843670883058157,-1.3843670883058157,True,0.9997589447170289,0.00024105528297111402
0.722351758032472,0.722351758032472,True,0.00011517825654283609,0.9998848217434572
0.722351758032472,0.722351758032472,True,0.0006087340351160764,0.9993912659648839
0.722351758032472,0.722351758032472,True,0.00019715094187577886,0.9998028490581242
-1.3843670883058157,-1.3843670883058157,True,0.9996553436217247,0.0003446563782752609
0.722351758032472,0.722351758032472,True,0.0006142511192720468,0.999385748880728
0.722351758032472,0.722351758032472,True,0.00022156461838185315,0.9997784353816181
-1.3843670883058157,-1.3843670883058157,True,0.9995992198456037,0.00040078015439626996
-1.3843670883058157,-1.3843670883058157,True,0.9997077013650323,0.00029229863496776606
-1.3843670883058157,-1.3843670883058157,True,0.9996600719588598,0.0003399280411402789
0.722351758032472,0.722351758032472,True,0.00042566797207321816,0.9995743320279268
-1.3843670883058157,-1.3843670883058157,True,0.9997158945811346,0.00028410541886540524
-1.3843670883058157,-1.3843670883058157,True,0.9994861459915927,0.000513854008407297
0.722351758032472,0.722351758032472,True,0.00010324852790499772,0.999896751472095
0.722351758032472,0.722351758032472,True,0.0002524814981005319,0.9997475185018995
0.722351758032472,0.722351758032472,True,0.0002806447649843502,0.9997193552350156
-1.3843670883058157,-1.3843670883058157,True,0.9996600719588598,0.0003399280411402789
-1.3843670883058157,-1.3843670883058157,True,0.9997429426468059,0.0002570573531941688
0.722351758032472,0.722351758032472,True,0.0004274182523889003,0.9995725817476111
-1.3843670883058157,-1.3843670883058157,True,0.9996301104411128,0.000369889558887173
-1.3843670883058157,-1.3843670883058157,True,0.9996974701312461,0.000302529868753942
0.722351758032472,0.722351758032472,True,0.0013843424851548436,0.9986156575148452
-1.3843670883058157,-1.3843670883058157,True,0.9994364099958734,0.0005635900041266596
0.722351758032472,0.722351758032472,True,0.0005886258842106029,0.9994113741157894
0.722351758032472,0.722351758032472,True,0.00027256742115677746,0.9997274325788432
-1.3843670883058157,-1.3843670883058157,True,0.9996229422606571,0.0003770577393429183
-1.3843670883058157,-1.3843670883058157,True,0.9992430084701346,0.0007569915298653736
0.722351758032472,0.722351758032472,True,0.0008143286154154161,0.9991856713845846
0.722351758032472,0.722351758032472,True,0.007129308183161931,0.9928706918168381
0.722351758032472,0.722351758032472,True,0.000492466823633908,0.9995075331763661
-1.3843670883058157,-1.3843670883058157,True,0.9995675785322671,0.0004324214677328732
0.722351758032472,0.722351758032472,True,0.000386368807243076,0.9996136311927569
0.722351758032472,0.722351758032472,True,0.00016600376804865036,0.9998339962319513
-1.3843670883058157,-1.3843670883058157,True,0.9996716269063602,0.0003283730936397998
-1.3843670883058157,-1.3843670883058157,True,0.999692358820339,0.00030764117966096155
0.722351758032472,0.722351758032472,True,0.000386368807243076,0.9996136311927569
0.722351758032472,0.722351758032472,True,0.00011727335328826083,0.9998827266467117
-1.3843670883058157,-1.3843670883058157,True,0.999630019174088,0.0003699808259120485
0.722351758032472,0.722351758032472,True,0.0003541593566261936,0.9996458406433738
0.722351758032472,0.722351758032472,True,0.0001360051529105677,0.9998639948470894
0.722351758032472,0.722351758032472,True,0.0009216640880664873,0.9990783359119335
-1.3843670883058157,-1.3843670883058157,True,0.9994952778178672,0.0005047221821328367
0.722351758032472,0.722351758032472,True,0.0003526194820646644,0.9996473805179353
0.722351758032472,0.722351758032472,True,0.00020039771649527083,0.9997996022835047
0.722351758032472,0.722351758032472,True,0.01529278094981712,0.9847072190501829
0.722351758032472,0.722351758032472,True,0.00025195243174247484,0.9997480475682575
-1.3843670883058157,-1.3843670883058157,True,0.9996274725071678,0.0003725274928322303
0.722351758032472,0.722351758032472,True,0.00018878693469903673,0.999811213065301
-1.3843670883058157,-1.3843670883058157,True,0.9997325436726232,0.00026745632737674416
-1.3843670883058157,-1.3843670883058157,True,0.9996853611882324,0.00031463881176761196
-1.3843670883058157,-1.3843670883058157,True,0.9997548044759161,0.00024519552408380806
0.722351758032472,0.722351758032472,True,7.83526117631439e-05,0.9999216473882369
-1.3843670883058157,-1.3843670883058157,True,0.9997325436726232,0.00026745632737674416
-1.3843670883058157,-1.3843670883058157,True,0.999693261836257,0.0003067381637430345
-1.3843670883058157,-1.3843670883058157,True,0.9995307897671242,0.0004692102328758584
0.722351758032472,0.722351758032472,True,0.0001274600624779909,0.999872539937522
-1.3843670883058157,-1.3843670883058157,True,0.9994955748639932,0.0005044251360068204
0.722351758032472,0.722351758032472,True,0.0004964131181217635,0.9995035868818782
0.722351758032472,0.722351758032472,True,0.00010324852790499772,0.999896751472095
0.722351758032472,0.722351758032472,True,0.008830882367463766,0.9911691176325362
-1.3843670883058157,-1.3843670883058157,True,0.9996734276690595,0.00032657233094048467
-1.3843670883058157,-1.3843670883058157,True,0.9994763757160274,0.0005236242839725418
-1.3843670883058157,-1.3843670883058157,True,0.9996769813257766,0.000323018674223336
0.722351758032472,0.722351758032472,True,0.00042256374029270294,0.9995774362597073
-1.3843670883058157,-1.3843670883058157,True,0.9996690277983966,0.000330972201603354
0.722351758032472,0.722351758032472,True,8.740602276824383e-05,0.9999125939772318
-1.3843670883058157,-1.3843670883058157,True,0.9996553436217247,0.0003446563782752609
-1.3843670883058157,-1.3843670883058157,True,0.9996204282816854,0.00037957171831455924
0.722351758032472,0.722351758032472,True,0.0026162729060494883,0.9973837270939505
0.722351758032472,0.722351758032472,True,0.0001826669935194314,0.9998173330064806
0.722351758032472,0.722351758032472,True,0.000154418221178787,0.9998455817788212
0.722351758032472,0.722351758032472,True,0.00027696366589358146,0.9997230363341064
0.722351758032472,0.722351758032472,True,0.000708442032980372,0.9992915579670196
0.722351758032472,0.722351758032472,True,0.00026611016304967094,0.9997338898369503
-1.3843670883058157,-1.3843670883058157,True,0.9995457593021714,0.00045424069782862194
0.722351758032472,0.722351758032472,True,7.83526117631439e-05,0.9999216473882369
0.722351758032472,0.722351758032472,True,0.00021054187678071212,0.9997894581232193
-1.3843670883058157,-1.3843670883058157,True,0.9995494661469995,0.00045053385300056675
-1.3843670883058157,-1.3843670883058157,True,0.9997158945811346,0.00028410541886540524
-1.3843670883058157,-1.3843670883058157,True,0.9995826556783369,0.0004173443216630827
-1.3843670883058157,-1.3843670883058157,True,0.999549681629021,0.00045031837097902154
-1.3843670883058157,-1.3843670883058157,True,0.9996486657988463,0.00035133420115377795
-1.3843670883058157,-1.3843670883058157,True,0.9997325436726232,0.00026745632737674416
-1.3843670883058157,-1.3843670883058157,True,0.9996516277288221,0.00034837227117791937
0.722351758032472,0.722351758032472,True,0.0006968205344017875,0.9993031794655982
-1.3843670883058157,-1.3843670883058157,True,0.9996974701312461,0.000302529868753942
0.722351758032472,0.722351758032472,True,0.0001790051964726258,0.9998209948035274
0.722351758032472,0.722351758032472,True,0.00022318587256631162,0.9997768141274337
0.722351758032472,0.722351758032472,True,0.00034703873890395975,0.999652961261096
-1.3843670883058157,-1.3843670883058157,True,0.9997119425027599,0.0002880574972402001
-1.3843670883058157,-1.3843670883058157,True,0.9995735104040263,0.00042648959597366593
-1.3843670883058157,-1.3843670883058157,True,0.9995098634708094,0.0004901365291906598
-1.3843670883058157,-1.3843670883058157,True,0.9996974701312461,0.000302529868753942
-1.3843670883058157,-1.3843670883058157,True,0.9997325436726232,0.00026745632737674416
0.722351758032472,0.722351758032472,True,0.00021650198872413817,0.9997834980112759
0.722351758032472,0.722351758032472,True,0.00010550099970974003,0.9998944990002903
-1.3843670883058157,-1.3843670883058157,True,0.999703085011662,0.00029691498833792193
0.722351758032472,0.722351758032472,True,0.0003057081542178208,0.9996942918457822
-1.3843670883058157,-1.3843670883058157,True,0.9996600719588598,0.0003399280411402789
0.722351758032472,0.722351758032472,True,0.0003326743978556701,0.9996673256021443
-1.3843670883058157,-1.3843670883058157,True,0.999693261836257,0.000306738163743034
-1.3843670883058157,-1.3843670883058157,True,0.999703085011662,0.00029691498833792193
0.722351758032472,0.722351758032472,True,0.00033097550197669356,0.9996690244980233
0.722351758032472,0.722351758032472,True,0.00022433904754326495,0.9997756609524567
0.722351758032472,0.722351758032472,True,0.0005462575487029664,0.999453742451297
0.722351758032472,0.722351758032472,True,0.00016875804785765336,0.9998312419521423
0.722351758032472,0.722351758032472,True,0.00046051940910329936,0.9995394805908967
0.722351758032472,0.722351758032472,True,0.00020039771649527083,0.9997996022835047
-1.3843670883058157,-1.3843670883058157,True,0.9997158945811346,0.00028410541886540524
0.722351758032472,0.722351758032472,True,0.0002942855363521346,0.9997057144636479
0.722351758032472,0.722351758032472,True,0.00024750744254076196,0.9997524925574592
0.722351758032472,0.722351758032472,True,0.0006372049523576395,0.9993627950476424
0.722351758032472,0.722351758032472,True,0.00030911872658023754,0.9996908812734198
0.722351758032472,0.722351758032472,True,8.842255495633555e-05,0.9999115774450437
0.722351758032472,0.722351758032472,True,0.0005157380811344758,0.9994842619188655
0.722351758032472,0.722351758032472,True,0.0002589824392318363,0.9997410175607682
0.722351758032472,0.722351758032472,True,0.00010967918678062016,0.9998903208132194
-1.3843670883058157,-1.3843670883058157,True,0.9997119425027599,0.0002880574972402001
0.722351758032472,0.722351758032472,True,0.00019514746808424466,0.9998048525319158
0.722351758032472,0.722351758032472,True,0.00012457906613982939,0.9998754209338602
0.722351758032472,0.722351758032472,True,0.0005874893631141465,0.9994125106368859
0.722351758032472,0.722351758032472,True,0.00016792980499069632,0.9998320701950093
0.722351758032472,0.722351758032472,True,0.00027342717275191664,0.9997265728272481
0.722351758032472,0.722351758032472,True,0.00025856329952511636,0.9997414367004749
0.722351758032472,0.722351758032472,True,0.00027246077206510844,0.9997275392279349
0.722351758032472,0.722351758032472,True,0.14943529280935608,0.8505647071906439
0.722351758032472,0.722351758032472,True,0.00046118674167172635,0.9995388132583283
0.722351758032472,0.722351758032472,True,0.0004679850108237904,0.9995320149891762
0.722351758032472,0.722351758032472,True,0.0005842744711169745,0.999415725528883
0.722351758032472,0.722351758032472,True,0.00022175142203417764,0.9997782485779658
0.722351758032472,0.722351758032472,True,9.619720221953898e-05,0.9999038027977805
0.722351758032472,0.722351758032472,True,0.00022733725175139163,0.9997726627482486
-1.3843670883058157,-1.3843670883058157,True,0.9996059550232305,0.0003940449767695478
0.722351758032472,0.722351758032472,True,0.0023865476917133144,0.9976134523082867
0.722351758032472,0.722351758032472,True,0.000779003744880491,0.9992209962551195
-1.3843670883058157,-1.3843670883058157,True,0.9996004742302261,0.0003995257697738575
0.722351758032472,0.722351758032472,True,8.931290505787004e-05,0.9999106870949421
-1.3843670883058157,-1.3843670883058157,True,0.9996277662001192,0.0003722337998808212
0.722351758032472,0.722351758032472,True,0.001068154033769586,0.9989318459662304
-1.3843670883058157,-1.3843670883058157,True,0.9996644306058066,0.00033556939419346636
0.722351758032472,0.722351758032472,True,0.00012174485289229153,0.9998782551471077
0.722351758032472,0.722351758032472,True,0.0005306208961355363,0.9994693791038645
0.722351758032472,0.722351758032472,True,0.00055614114279956,0.9994438588572004
0.722351758032472,0.722351758032472,True,0.0001462799117682989,0.9998537200882317
-1.3843670883058157,-1.3843670883058157,True,0.9994773245503769,0.0005226754496231024
0.722351758032472,0.722351758032472,True,0.00022445767715539855,0.9997755423228446
-1.3843670883058157,-1.3843670883058157,True,0.9997288231303684,0.00027117686963163995
0.722351758032472,0.722351758032472,True,0.0001624597574176878,0.9998375402425823
0.722351758032472,0.722351758032472,True,0.00018356660232954347,0.9998164333976705
0.722351758032472,0.722351758032472,True,0.00022156461838185315,0.9997784353816181
0.722351758032472,0.722351758032472,True,0.0005223945863020996,0.9994776054136979
0.722351758032472,0.722351758032472,True,0.0004749418978491349,0.9995250581021509
0.722351758032472,0.722351758032472,True,0.00037815680988284583,0.9996218431901172
0.722351758032472,0.722351758032472,True,0.00651435797787725,0.9934856420221228
0.722351758032472,0.722351758032472,True,0.00019615355559443604,0.9998038464444056
0.722351758032472,0.722351758032472,True,0.0002829464057091391,0.9997170535942909
0.722351758032472,0.722351758032472,True,0.0014685110070218332,0.9985314889929782
0.722351758032472,0.722351758032472,True,0.00024845953295715706,0.9997515404670428
-1.3843670883058157,-1.3843670883058157,True,0.9997325436726232,0.00026745632737674416
0.722351758032472,0.722351758032472,True,0.0006506678052641268,0.9993493321947359
0.722351758032472,0.722351758032472,True,0.00026668359627812777,0.9997333164037219
0.722351758032472,0.722351758032472,True,0.0032848025485859855,0.996715197451414
-1.3843670883058157,-1.3843670883058157,True,0.9996067605159605,0.00039323948403950415
0.722351758032472,0.722351758032472,True,0.0005191708329939093,0.9994808291670061
-1.3843670883058157,-1.3843670883058157,True,0.9996597628760218,0.0003402371239782435
0.722351758032472,0.722351758032472,True,0.0008341367414514966,0.9991658632585485
0.722351758032472,0.722351758032472,True,0.00019889538428496945,0.999801104615715
0.722351758032472,0.722351758032472,True,0.0001430597881199036,0.9998569402118801
0.722351758032472,0.722351758032472,True,0.0001624597574176878,0.9998375402425823
0.722351758032472,0.722351758032472,True,0.00017828995433355477,0.9998217100456664
0.722351758032472,0.722351758032472,True,0.00037964287677483277,0.9996203571232252
-1.3843670883058157,-1.3843670883058157,True,0.999526361521351,0.0004736384786490165
0.722351758032472,0.722351758032472,True,0.00022318587256631162,0.9997768141274337
-1.3843670883058157,-1.3843670883058157,True,0.999703085011662,0.00029691498833792193
0.722351758032472,0.722351758032472,True,0.0013642050942652695,0.9986357949057347
-1.3843670883058157,-1.3843670883058157,True,0.9992970439494888,0.0007029560505111323
0.722351758032472,0.722351758032472,True,0.0002561746304570178,0.999743825369543
0.722351758032472,0.722351758032472,True,0.0007318644115468231,0.9992681355884532
0.722351758032472,0.722351758032472,True,0.000684466049809096,0.9993155339501909
0.722351758032472,0.722351758032472,True,8.740602276824383e-05,0.9999125939772318
0.722351758032472,0.722351758032472,True,0.0003147790818249785,0.999685220918175
-1.3843670883058157,-1.3843670883058157,True,0.9997325436726232,0.00026745632737674416
0.722351758032472,0.722351758032472,True,0.00035066397793348525,0.9996493360220665
0.722351758032472,0.722351758032472,True,0.0003136360863628118,0.9996863639136372
0.722351758032472,0.722351758032472,True,0.00060349954782557,0.9993965004521744
-1.3843670883058157,-1.3843670883058157,True,0.999779132882049,0.000220867117950968
0.722351758032472,0.722351758032472,True,0.00014563350284568788,0.9998543664971543
0.722351758032472,0.722351758032472,True,0.00014881050843718047,0.9998511894915628
-1.3843670883058157,-1.3843670883058157,True,0.9997015361968695,0.0002984638031304677
0.722351758032472,0.722351758032472,True,0.00021054187678071212,0.9997894581232193
0.722351758032472,0.722351758032472,True,0.00011727335328826083,0.9998827266467117
0.722351758032472,0.722351758032472,True,0.00027145568919972884,0.9997285443108003
-1.3843670883058157,-1.3843670883058157,True,0.999594723939796,0.0004052760602039734
0.722351758032472,0.722351758032472,True,0.00027788967615538507,0.9997221103238446
0.722351758032472,0.722351758032472,True,0.000159778866643423,0.9998402211333566
0.722351758032472,0.722351758032472,True,0.0001094957597284063,0.9998905042402716
-1.3843670883058157,-1.3843670883058157,True,0.9996700615130671,0.0003299384869329116
0.722351758032472,0.722351758032472,True,0.00032422034134815814,0.9996757796586518
0.722351758032472,0.722351758032472,True,0.00042639364339802643,0.999573606356602
0.722351758032472,0.722351758032472,True,0.0005213329546052137,0.9994786670453948
0.722351758032472,0.722351758032472,True,0.0022516425019245556,0.9977483574980754
0.722351758032472,0.722351758032472,True,0.0004614278204293498,0.9995385721795707
0.722351758032472,0.722351758032472,True,0.00017588507327204184,0.999824114926728
-1.3843670883058157,-1.3843670883058157,True,0.9995545561308593,0.0004454438691407107
-1.3843670883058157,-1.3843670883058157,True,0.9995017342356177,0.0004982657643822485
-1.3843670883058157,-1.3843670883058157,True,0.9995735104040263,0.00042648959597366593
0.722351758032472,0.722351758032472,True,0.0003547847514381308,0.9996452152485619
0.722351758032472,0.722351758032472,True,0.0005654439183219173,0.9994345560816781
0.722351758032472,0.722351758032472,True,0.0001861387778789858,0.999813861222121
0.722351758032472,0.722351758032472,True,0.0003047871116983458,0.9996952128883017
0.722351758032472,0.722351758032472,True,0.00022237318043383247,0.9997776268195662
0.722351758032472,0.722351758032472,True,0.0002756379654068608,0.9997243620345931
0.722351758032472,0.722351758032472,True,0.0018247967093357742,0.9981752032906642
0.722351758032472,0.722351758032472,True,0.00022588936671885662,0.9997741106332811
0.722351758032472,0.722351758032472,True,0.0010204184906243974,0.9989795815093756
0.722351758032472,0.722351758032472,True,0.0002719161324615804,0.9997280838675384
0.722351758032472,0.722351758032472,True,0.00010550099970974003,0.9998944990002903
0.722351758032472,0.722351758032472,True,0.0005486032418432485,0.9994513967581568
0.722351758032472,0.722351758032472,True,0.00010234610172532577,0.9998976538982747
-1.3843670883058157,-1.3843670883058157,True,0.999779132882049,0.000220867117950968
0.722351758032472,0.722351758032472,True,0.0002127664777948901,0.9997872335222051
-1.3843670883058157,-1.3843670883058157,True,0.9997158945811346,0.00028410541886540524
0.722351758032472,0.722351758032472,True,0.00034928108797749324,0.9996507189120225
0.722351758032472,0.722351758032472,True,0.00011769095689617703,0.9998823090431038
0.722351758032472,0.722351758032472,True,0.00047172165585451786,0.9995282783441455
0.722351758032472,0.722351758032472,True,9.097695049375965e-05,0.9999090230495062
-1.3843670883058157,-1.3843670883058157,True,0.9996644306058066,0.00033556939419346636
0.722351758032472,0.722351758032472,True,0.0003987195591041992,0.9996012804408958
-1.3843670883058157,-1.3843670883058157,True,0.999822514598673,0.0001774854013270256
0.722351758032472,0.722351758032472,True,0.0007733353576274693,0.9992266646423725
0.722351758032472,0.722351758032472,True,0.00022869046441631458,0.9997713095355837
0.722351758032472,0.722351758032472,True,0.0003928199101623786,0.9996071800898376
-1.3843670883058157,-1.3843670883058157,True,0.9996989547980791,0.0003010452019208882
-1.3843670883058157,-1.3843670883058157,True,0.9995066190956398,0.0004933809043602562
0.722351758032472,0.722351758032472,True,0.00020776020036650245,0.9997922397996335
-1.3843670883058157,-1.3843670883058157,True,0.9996769813257766,0.000323018674223336
0.722351758032472,0.722351758032472,True,0.0008668915249636644,0.9991331084750363
-1.3843670883058157,-1.3843670883058157,True,0.9997325436726232,0.00026745632737674416
0.722351758032472,0.722351758032472,True,0.011488759185055875,0.9885112408149441
-1.3843670883058157,-1.3843670883058157,True,0.9995519903516403,0.0004480096483597111
0.722351758032472,0.722351758032472,True,0.00022156461838185315,0.9997784353816181
0.722351758032472,0.722351758032472,True,0.0002680270468790047,0.999731972953121
0.722351758032472,0.722351758032472,True,0.0003682974451795218,0.9996317025548205
0.722351758032472,0.722351758032472,True,0.0002674711072058189,0.9997325288927942
-1.3843670883058157,-1.3843670883058157,True,0.9996274725071678,0.0003725274928322303
0.722351758032472,0.722351758032472,True,0.00014943740218598123,0.999850562597814
-1.3843670883058157,-1.3843670883058157,True,0.999779132882049,0.000220867117950968
0.722351758032472,0.722351758032472,True,0.00019352812445760925,0.9998064718755424
-1.3843670883058157,-1.3843670883058157,True,0.9996769813257766,0.000323018674223336
-1.3843670883058157,-1.3843670883058157,True,0.9997158945811346,0.00028410541886540524
0.722351758032472,0.722351758032472,True,0.00035136593051343645,0.9996486340694866
0.722351758032472,0.722351758032472,True,0.0027454511426188155,0.9972545488573812
0.722351758032472,0.722351758032472,True,0.0002464658246781326,0.9997535341753219
0.722351758032472,0.722351758032472,True,0.002578675725184998,0.997421324274815
-1.3843670883058157,-1.3843670883058157,True,0.999558576440788,0.00044142355921190544
0.722351758032472,0.722351758032472,True,0.000159778866643423,0.9998402211333566
0.722351758032472,0.722351758032472,True,0.001023027440826163,0.9989769725591738
0.722351758032472,0.722351758032472,True,0.0003048382274144501,0.9996951617725855
0.722351758032472,0.722351758032472,True,0.00023460065907887628,0.9997653993409211
0.722351758032472,0.722351758032472,True,0.0001462799117682989,0.9998537200882317
0.722351758032472,0.722351758032472,True,0.00011850549273006994,0.9998814945072699
-1.3843670883058157,-1.3843670883058157,True,0.9997158945811346,0.00028410541886540524
0.722351758032472,0.722351758032472,True,0.0003358301323234114,0.9996641698676766
0.722351758032472,0.722351758032472,True,8.740602276824383e-05,0.9999125939772318
-1.3843670883058157,-1.3843670883058157,True,0.9997429426468059,0.0002570573531941688
-1.3843670883058157,-1.3843670883058157,True,0.9995941600405791,0.00040583995942085907
0.722351758032472,0.722351758032472,True,0.0009750928799899805,0.99902490712001
0.722351758032472,0.722351758032472,True,0.0003379545984920629,0.9996620454015079
-1.3843670883058157,-1.3843670883058157,True,0.999703085011662,0.00029691498833792193
-1.3843670883058157,-1.3843670883058157,True,0.999693261836257,0.000306738163743034
-1.3843670883058157,0.722351758032472,False,0.014354106491284657,0.9856458935087153
0.722351758032472,0.722351758032472,True,0.00025739848697903245,0.999742601513021
0.722351758032472,0.722351758032472,True,0.000359516363019563,0.9996404836369804
0.722351758032472,0.722351758032472,True,0.0003224998726349959,0.999677500127365
-1.3843670883058157,-1.3843670883058157,True,0.9997158945811346,0.00028410541886540524
-1.3843670883058157,-1.3843670883058157,True,0.9994631081772744,0.0005368918227256192
-1.3843670883058157,-1.3843670883058157,True,0.9995839382355218,0.00041606176447817175
0.722351758032472,0.722351758032472,True,0.0003433831919098518,0.9996566168080901
0.722351758032472,0.722351758032472,True,0.00148364758070052,0.9985163524192995
0.722351758032472,0.722351758032472,True,0.0002806447649843502,0.9997193552350156
-1.3843670883058157,-1.3843670883058157,True,0.9997295357968466,0.0002704642031533663
-1.3843670883058157,-1.3843670883058157,True,0.9996644306058066,0.00033556939419346636
-1.3843670883058157,-1.3843670883058157,True,0.9996484300508173,0.0003515699491827301
0.722351758032472,0.722351758032472,True,0.0001603308069418885,0.9998396691930581
-1.3843670883058157,-1.3843670883058157,True,0.9997653832769339,0.0002346167230661058
0.722351758032472,0.722351758032472,True,0.0001616891044544655,0.9998383108955455
0.722351758032472,0.722351758032472,True,0.0002942855363521346,0.9997057144636479
0.722351758032472,0.722351758032472,True,0.010035624528475506,0.9899643754715245
-1.3843670883058157,-1.3843670883058157,True,0.9994786160295628,0.0005213839704372461
0.722351758032472,0.722351758032472,True,0.0002031680138965264,0.9997968319861035
-1.3843670883058157,-1.3843670883058157,True,0.9995334061347503,0.0004665938652496737
-1.3843670883058157,-1.3843670883058157,True,0.9994971559547383,0.0005028440452616766
-1.3843670883058157,-1.3843670883058157,True,0.9995269597798868,0.0004730402201131878
0.722351758032472,0.722351758032472,True,8.006199728693986e-05,0.9999199380027131
0.722351758032472,0.722351758032472,True,0.002056771493120113,0.9979432285068799
0.722351758032472,0.722351758032472,True,0.00011413161583129217,0.9998858683841687
0.722351758032472,0.722351758032472,True,0.00026668359627812777,0.9997333164037219
0.722351758032472,0.722351758032472,True,0.00029125832236676086,0.9997087416776332
-1.3843670883058157,-1.3843670883058157,True,0.9996600719588598,0.0003399280411402789
0.722351758032472,0.722351758032472,True,0.0004021998996109888,0.999597800100389
0.722351758032472,0.722351758032472,True,0.00021615046215872624,0.9997838495378413
0.722351758032472,0.722351758032472,True,0.0023275665098841936,0.9976724334901158
-1.3843670883058157,-1.3843670883058157,True,0.9996597628760218,0.0003402371239782435
-1.3843670883058157,-1.3843670883058157,True,0.999703085011662,0.00029691498833792193
0.722351758032472,0.722351758032472,True,0.00017588507327204184,0.999824114926728
-1.3843670883058157,-1.3843670883058157,True,0.9996204282816854,0.00037957171831455924
0.722351758032472,0.722351758032472,True,0.0006789971967032793,0.9993210028032967
0.722351758032472,0.722351758032472,True,0.0001565202359150586,0.9998434797640849
-1.3843670883058157,-1.3843670883058157,True,0.9996242992375513,0.0003757007624487639
-1.3843670883058157,-1.3843670883058157,True,0.9995867717185034,0.0004132282814966122
0.722351758032472,0.722351758032472,True,0.0001624597574176878,0.9998375402425823
-1.3843670883058157,-1.3843670883058157,True,0.9996974701312461,0.000302529868753942
0.722351758032472,0.722351758032472,True,0.00020114363625345355,0.9997988563637465
-1.3843670883058157,-1.3843670883058157,True,0.9997192817400716,0.00028071825992836074
-1.3843670883058157,-1.3843670883058157,True,0.9993485307719813,0.0006514692280187083
-1.3843670883058157,-1.3843670883058157,True,0.999594723939796,0.0004052760602039737
0.722351758032472,0.722351758032472,True,0.0009207725187547755,0.9990792274812452
0.722351758032472,0.722351758032472,True,0.0006196191965396336,0.9993803808034604
-1.3843670883058157,-1.3843670883058157,True,0.9997062598210332,0.0002937401789667939
0.722351758032472,0.722351758032472,True,0.00040174144773608145,0.9995982585522639
0.722351758032472,0.722351758032472,True,0.0005440247141371701,0.9994559752858628
0.722351758032472,0.722351758032472,True,0.0008341659512811628,0.9991658340487188
-1.3843670883058157,-1.3843670883058157,True,0.9995675785322671,0.0004324214677328732
-1.3843670883058157,-1.3843670883058157,True,0.999483558043494,0.00051644195650604
0.722351758032472,0.722351758032472,True,0.0003678268916429417,0.9996321731083571
-1.3843670883058157,-1.3843670883058157,True,0.9996222908889291,0.00037770911107095983
0.722351758032472,0.722351758032472,True,0.0009112475036355816,0.9990887524963644
0.722351758032472,0.722351758032472,True,0.001568706292729094,0.9984312937072709
-1.3843670883058157,-1.3843670883058157,True,0.9997325436726232,0.00026745632737674416
-1.3843670883058157,-1.3843670883058157,True,0.9995026605251601,0.0004973394748398979
-1.3843670883058157,-1.3843670883058157,True,0.9996974701312461,0.000302529868753942
0.722351758032472,0.722351758032472,True,0.00010164262458334239,0.9998983573754167
-1.3843670883058157,-1.3843670883058157,True,0.9997325436726232,0.00026745632737674416
-1.3843670883058157,-1.3843670883058157,True,0.9997466919606595,0.0002533080393405124
0.722351758032472,0.722351758032472,True,0.00011476956774281177,0.9998852304322572
0.722351758032472,0.722351758032472,True,0.05515657645984229,0.9448434235401577
0.722351758032472,0.722351758032472,True,0.00015220106689517454,0.9998477989331048
0.722351758032472,0.722351758032472,True,9.947252182340716e-05,0.9999005274781766
0.722351758032472,0.722351758032472,True,0.0002240931504560173,0.999775906849544
-1.3843670883058157,-1.3843670883058157,True,0.9997548044759161,0.00024519552408380806
0.722351758032472,0.722351758032472,True,0.0005372224398969561,0.999462777560103
0.722351758032472,0.722351758032472,True,0.0002661671996556647,0.9997338328003443
-1.3843670883058157,-1.3843670883058157,True,0.999703085011662,0.00029691498833792193
-1.3843670883058157,-1.3843670883058157,True,0.999750167404118,0.00024983259588192433
0.722351758032472,0.722351758032472,True,0.0005440515294952153,0.9994559484705048
0.722351758032472,0.722351758032472,True,0.0005442568941222969,0.9994557431058777
-1.3843670883058157,-1.3843670883058157,True,0.999643543004224,0.0003564569957760019
0.722351758032472,0.722351758032472,True,0.00035243673381790686,0.9996475632661821
0.722351758032472,0.722351758032472,True,0.014858887922063357,0.9851411120779366
0.722351758032472,0.722351758032472,True,0.0001565202359150586,0.9998434797640849
0.722351758032472,0.722351758032472,True,0.0006674749509351097,0.9993325250490649
0.722351758032472,0.722351758032472,True,0.00010550099970974003,0.9998944990002903
0.722351758032472,0.722351758032472,True,0.00022318587256631162,0.9997768141274337
0.722351758032472,0.722351758032472,True,0.00017655476569022888,0.9998234452343098
0.722351758032472,0.722351758032472,True,0.00020030078597788048,0.9997996992140221
0.722351758032472,0.722351758032472,True,0.00012742911692820158,0.9998725708830718
0.722351758032472,0.722351758032472,True,0.00047059560470186224,0.9995294043952981
-1.3843670883058157,-1.3843670883058157,True,0.999703085011662,0.00029691498833792193
0.722351758032472,0.722351758032472,True,0.0005023324079641567,0.9994976675920358
0.722351758032472,0.722351758032472,True,0.00011769095689617703,0.9998823090431038
0.722351758032472,0.722351758032472,True,0.00010110754966974334,0.9998988924503303
0.722351758032472,0.722351758032472,True,0.0003471089598378052,0.9996528910401622
0.722351758032472,0.722351758032472,True,0.06033081016346953,0.9396691898365305
0.722351758032472,0.722351758032472,True,0.0002443495822130881,0.9997556504177869
0.722351758032472,0.722351758032472,True,0.0007339765417764266,0.9992660234582236
0.722351758032472,0.722351758032472,True,0.0005584569771932557,0.9994415430228067
-1.3843670883058157,-1.3843670883058157,True,0.9995539296801833,0.00044607031981665413
0.722351758032472,0.722351758032472,True,0.0005813817567370538,0.999418618243263
0.722351758032472,0.722351758032472,True,0.00010623117815278249,0.9998937688218472
-1.3843670883058157,-1.3843670883058157,True,0.999583182860689,0.000416817139310969
-1.3843670883058157,-1.3843670883058157,True,0.9996553436217247,0.0003446563782752609
-1.3843670883058157,-1.3843670883058157,True,0.9997400516898914,0.0002599483101085606
-1.3843670883058157,-1.3843670883058157,True,0.9996385848354636,0.0003614151645363154
0.722351758032472,0.722351758032472,True,0.0008463434915915169,0.9991536565084085
0.722351758032472,0.722351758032472,True,0.0004915394242006599,0.9995084605757993
0.722351758032472,0.722351758032472,True,0.00017310180443774748,0.9998268981955623
0.722351758032472,0.722351758032472,True,0.00021087731962410317,0.9997891226803759
0.722351758032472,0.722351758032472,True,0.06610952049550634,0.9338904795044937
0.722351758032472,0.722351758032472,True,0.0031602157333787684,0.9968397842666212
-1.3843670883058157,-1.3843670883058157,True,0.9996896778425344,0.0003103221574656454
0.722351758032472,0.722351758032472,True,0.00010550099970974003,0.9998944990002903
0.722351758032472,0.722351758032472,True,0.00032763590835560574,0.9996723640916444
-1.3843670883058157,-1.3843670883058157,True,0.999779132882049,0.000220867117950968
0.722351758032472,0.722351758032472,True,0.00010321225728515682,0.9998967877427148
0.722351758032472,0.722351758032472,True,0.0007846264128067437,0.9992153735871933
-1.3843670883058157,-1.3843670883058157,True,0.9991717452108727,0.0008282547891272957
0.722351758032472,0.722351758032472,True,0.002104488130070581,0.9978955118699294
-1.3843670883058157,-1.3843670883058157,True,0.9996853611882324,0.00031463881176761196
0.722351758032472,0.722351758032472,True,0.0005437875748575127,0.9994562124251425
0.722351758032472,0.722351758032472,True,0.0005442778607198662,0.9994557221392801
0.722351758032472,0.722351758032472,True,0.0005601082587907147,0.9994398917412093
-1.3843670883058157,-1.3843670883058157,True,0.99901084770743,0.0009891522925700325
0.722351758032472,0.722351758032472,True,0.0002668647285326564,0.9997331352714673
0.722351758032472,0.722351758032472,True,0.0005942326551970911,0.9994057673448029
-1.3843670883058157,-1.3843670883058157,True,0.9996687432178762,0.00033125678212375843
0.722351758032472,0.722351758032472,True,0.00026281276206352455,0.9997371872379365
0.722351758032472,0.722351758032472,True,0.00021543760021836,0.9997845623997816
0.722351758032472,0.722351758032472,True,0.00010550099970974003,0.9998944990002903
0.722351758032472,0.722351758032472,True,0.00018509372319430728,0.9998149062768057
0.722351758032472,0.722351758032472,True,0.0005842788725612946,0.9994157211274387
-1.3843670883058157,-1.3843670883058157,True,0.999703085011662,0.00029691498833792193
-1.3843670883058157,-1.3843670883058157,True,0.9997325436726232,0.00026745632737674416
0.722351758032472,0.722351758032472,True,0.0002009858819396193,0.9997990141180604
-1.3843670883058157,-1.3843670883058157,True,0.9996428933666799,0.0003571066333200803
-1.3843670883058157,-1.3843670883058157,True,0.9997158945811346,0.00028410541886540524
-1.3843670883058157,-1.3843670883058157,True,0.9996385848354636,0.0003614151645363154
0.722351758032472,0.722351758032472,True,0.0004092105025752524,0.9995907894974247
-1.3843670883058157,-1.3843670883058157,True,0.9997513935231349,0.0002486064768650395
-1.3843670883058157,-1.3843670883058157,True,0.9996222908889291,0.00037770911107095983
0.722351758032472,0.722351758032472,True,0.00047388161121497685,0.999526118388785
0.722351758032472,0.722351758032472,True,0.00027500059903662333,0.9997249994009634
0.722351758032472,0.722351758032472,True,0.0002524814981005319,0.9997475185018995
0.722351758032472,0.722351758032472,True,0.0005161143356208209,0.9994838856643792
0.722351758032472,0.722351758032472,True,0.00026216352676899923,0.999737836473231
0.722351758032472,0.722351758032472,True,0.0003288314320620822,0.9996711685679379
0.722351758032472,0.722351758032472,True,0.00026215938729567956,0.9997378406127043
0.722351758032472,0.722351758032472,True,0.00018488559254481451,0.9998151144074552
0.722351758032472,0.722351758032472,True,0.00029858308815455814,0.9997014169118454
0.722351758032472,0.722351758032472,True,0.00015850826134744533,0.9998414917386526
0.722351758032472,0.722351758032472,True,0.00046325711929173785,0.9995367428807083
-1.3843670883058157,-1.3843670883058157,True,0.9993200033035385,0.0006799966964614226
0.722351758032472,0.722351758032472,True,0.0006812667001434569,0.9993187332998565
0.722351758032472,0.722351758032472,True,0.0001796428640157277,0.9998203571359843
0.722351758032472,0.722351758032472,True,0.0036898416351395236,0.9963101583648605
0.722351758032472,0.722351758032472,True,0.0002341303563300201,0.99976586964367
0.722351758032472,0.722351758032472,True,0.00014629460549830942,0.9998537053945017
0.722351758032472,0.722351758032472,True,0.0019334926333308688,0.9980665073666691
-1.3843670883058157,-1.3843670883058157,True,0.999703085011662,0.00029691498833792193
-1.3843670883058157,-1.3843670883058157,True,0.9995554424215086,0.00044455757849139974
0.722351758032472,0.722351758032472,True,0.00033713660215628494,0.9996628633978437
0.722351758032472,0.722351758032472,True,0.00016600376804865036,0.9998339962319513
0.722351758032472,0.722351758032472,True,0.0001311083288799697,0.99986889167112
0.722351758032472,0.722351758032472,True,0.00042617064893823997,0.9995738293510618
-1.3843670883058157,-1.3843670883058157,True,0.9994053874347334,0.0005946125652666087
-1.3843670883058157,-1.3843670883058157,True,0.9996770627082461,0.00032293729175396796
-1.3843670883058157,-1.3843670883058157,True,0.9996204282816854,0.00037957171831455924
0.722351758032472,0.722351758032472,True,0.00023673359523501691,0.999763266404765
0.722351758032472,0.722351758032472,True,0.00036204008666118614,0.9996379599133388
0.722351758032472,0.722351758032472,True,0.00032245327801760926,0.9996775467219824
0.722351758032472,0.722351758032472,True,0.0005197083414986148,0.9994802916585014
-1.3843670883058157,-1.3843670883058157,True,0.9997600777697588,0.00023992223024114415
0.722351758032472,0.722351758032472,True,0.0002569231426816643,0.9997430768573183
0.722351758032472,0.722351758032472,True,0.00017797320330237287,0.9998220267966976
0.722351758032472,0.722351758032472,True,0.0014694743443900427,0.99853052565561
0.722351758032472,0.722351758032472,True,7.926386111267725e-05,0.9999207361388873
0.722351758032472,0.722351758032472,True,0.00031020422803873515,0.9996897957719613
-1.3843670883058157,-1.3843670883058157,True,0.999739366725307,0.00026063327469291986
0.722351758032472,0.722351758032472,True,0.00029317933061712154,0.9997068206693829
0.722351758032472,0.722351758032472,True,0.00028017126491231004,0.9997198287350877
0.722351758032472,0.722351758032472,True,0.00020175601142002897,0.99979824398858
-1.3843670883058157,-1.3843670883058157,True,0.999703085011662,0.0002969149883379214
0.722351758032472,0.722351758032472,True,0.000182910074839171,0.9998170899251608
0.722351758032472,0.722351758032472,True,0.0001400323385669644,0.999859967661433
-1.3843670883058157,-1.3843670883058157,True,0.9994288363650522,0.0005711636349477781
0.722351758032472,0.722351758032472,True,0.0005627455100642997,0.9994372544899357
0.722351758032472,0.722351758032472,True,0.0002964143001651376,0.9997035856998349
0.722351758032472,0.722351758032472,True,0.00027297123677905155,0.999727028763221
-1.3843670883058157,-1.3843670883058157,True,0.999693261836257,0.000306738163743034
0.722351758032472,0.722351758032472,True,0.00036490131520217073,0.9996350986847978
0.722351758032472,0.722351758032472,True,0.0002381584827571004,0.9997618415172429
0.722351758032472,0.722351758032472,True,0.0004171784621460617,0.9995828215378539
-1.3843670883058157,-1.3843670883058157,True,0.9996274725071678,0.0003725274928322303
0.722351758032472,0.722351758032472,True,0.0003245909833046179,0.9996754090166954
0.722351758032472,0.722351758032472,True,0.00019139151040636904,0.9998086084895936
0.722351758032472,0.722351758032472,True,0.00019556142165311208,0.9998044385783469
-1.3843670883058157,-1.3843670883058157,True,0.9994861459915927,0.000513854008407297
0.722351758032472,0.722351758032472,True,0.0004332927028247724,0.9995667072971752
-1.3843670883058157,-1.3843670883058157,True,0.9996896778425344,0.0003103221574656454
0.722351758032472,0.722351758032472,True,0.00014724763826456932,0.9998527523617354
-1.3843670883058157,-1.3843670883058157,True,0.9996185697084419,0.00038143029155817115
0.722351758032472,0.722351758032472,True,0.006238104890968432,0.9937618951090316
-1.3843670883058157,-1.3843670883058157,True,0.9997325436726232,0.00026745632737674416
0.722351758032472,0.722351758032472,True,0.0002633800563066613,0.9997366199436933
0.722351758032472,0.722351758032472,True,0.00033410679571099777,0.999665893204289
0.722351758032472,0.722351758032472,True,0.0005378788203369567,0.999462121179663
0.722351758032472,0.722351758032472,True,0.0033689105952291465,0.9966310894047709
0.722351758032472,0.722351758032472,True,0.0003619685796596439,0.9996380314203404
0.722351758032472,0.722351758032472,True,0.0001887635136210708,0.9998112364863789
0.722351758032472,0.722351758032472,True,0.0003346878706319556,0.999665312129368
0.722351758032472,0.722351758032472,True,0.00013728882905728046,0.9998627111709427
-1.3843670883058157,-1.3843670883058157,True,0.9995269597798868,0.0004730402201131878
0.722351758032472,0.722351758032472,True,0.0014567041559212512,0.9985432958440787
-1.3843670883058157,-1.3843670883058157,True,0.9997119425027599,0.0002880574972402001
0.722351758032472,0.722351758032472,True,0.0002857524569712666,0.9997142475430287
0.722351758032472,0.722351758032472,True,0.00048117719982931906,0.9995188228001707
-1.3843670883058157,-1.3843670883058157,True,0.9995013669397489,0.0004986330602511124
0.722351758032472,0.722351758032472,True,0.00027404088798888004,0.9997259591120111
0.722351758032472,0.722351758032472,True,0.0002985668034697353,0.9997014331965303
0.722351758032472,0.722351758032472,True,0.00016647266380553916,0.9998335273361945
0.722351758032472,0.722351758032472,True,0.00038014349827830696,0.9996198565017217
0.722351758032472,0.722351758032472,True,0.0003130796367372124,0.9996869203632628
-1.3843670883058157,-1.3843670883058157,True,0.9996769813257766,0.000323018674223336
0.722351758032472,0.722351758032472,True,0.00016814440081580617,0.9998318555991842
0.722351758032472,0.722351758032472,True,0.00040174144773608145,0.9995982585522639
0.722351758032472,0.722351758032472,True,0.0002454293406060071,0.999754570659394
0.722351758032472,0.722351758032472,True,0.00023479701430761946,0.9997652029856924
0.722351758032472,0.722351758032472,True,0.00010530275395248534,0.9998946972460475
-1.3843670883058157,-1.3843670883058157,True,0.9997325436726232,0.00026745632737674416
0.722351758032472,0.722351758032472,True,0.00042441488236732994,0.9995755851176327
0.722351758032472,0.722351758032472,True,0.00017355247183536981,0.9998264475281646
-1.3843670883058157,-1.3843670883058157,True,0.9997158945811346,0.00028410541886540524
0.722351758032472,0.722351758032472,True,0.00024972139916368263,0.9997502786008363
0.722351758032472,0.722351758032472,True,0.0001889187235719625,0.999811081276428
0.722351758032472,0.722351758032472,True,0.0004376738695970328,0.999562326130403
0.722351758032472,0.722351758032472,True,0.00021054187678071212,0.9997894581232193
-1.3843670883058157,-1.3843670883058157,True,0.9997325436726232,0.00026745632737674416
0.722351758032472,0.722351758032472,True,0.00024158695116560658,0.9997584130488344
0.722351758032472,0.722351758032472,True,0.0012114480581393305,0.9987885519418607
-1.3843670883058157,-1.3843670883058157,True,0.9994171951393713,0.0005828048606286829
0.722351758032472,0.722351758032472,True,0.0016500881784194954,0.9983499118215805
-1.3843670883058157,-1.3843670883058157,True,0.9996409724703453,0.00035902752965463985
0.722351758032472,0.722351758032472,True,0.00023039486214793126,0.9997696051378521
-1.3843670883058157,-1.3843670883058157,True,0.9997158945811346,0.00028410541886540524
-1.3843670883058157,-1.3843670883058157,True,0.9997158945811346,0.00028410541886540524
0.722351758032472,0.722351758032472,True,0.0003461554520283183,0.9996538445479717
-1.3843670883058157,-1.3843670883058157,True,0.9995893021497558,0.00041069785024421066
-1.3843670883058157,-1.3843670883058157,True,0.9996644306058066,0.00033556939419346636
0.722351758032472,0.722351758032472,True,0.004463171439204827,0.9955368285607952
0.722351758032472,0.722351758032472,True,0.0005100591378316421,0.9994899408621684
-1.3843670883058157,-1.3843670883058157,True,0.9997228813940573,0.00027711860594271134
0.722351758032472,0.722351758032472,True,8.518959965286843e-05,0.9999148104003471
0.722351758032472,0.722351758032472,True,0.000159778866643423,0.9998402211333566
-1.3843670883058157,-1.3843670883058157,True,0.9996341261761134,0.00036587382388662663
-1.3843670883058157,-1.3843670883058157,True,0.9995022010025242,0.0004977989974758517
-1.3843670883058157,-1.3843670883058157,True,0.9996989547980791,0.0003010452019208882
0.722351758032472,0.722351758032472,True,0.017049152950797675,0.9829508470492023
-1.3843670883058157,-1.3843670883058157,True,0.9995733642988943,0.0004266357011057025
0.722351758032472,0.722351758032472,True,0.001028713593814734,0.9989712864061853
-1.3843670883058157,-1.3843670883058157,True,0.9997325436726232,0.00026745632737674416
-1.3843670883058157,-1.3843670883058157,True,0.999427152192507,0.0005728478074930106
-1.3843670883058157,-1.3843670883058157,True,0.9994556416017165,0.0005443583982835053
0.722351758032472,0.722351758032472,True,0.0003619350689445522,0.9996380649310554
-1.3843670883058157,-1.3843670883058157,True,0.9993670532395144,0.0006329467604856946
0.722351758032472,0.722351758032472,True,0.0014721363003947774,0.9985278636996052
-1.3843670883058157,-1.3843670883058157,True,0.9995745678691605,0.00042543213083946166
0.722351758032472,0.722351758032472,True,0.00022237318043383247,0.9997776268195662
-1.3843670883058157,-1.3843670883058157,True,0.9996553436217247,0.0003446563782752609
0.722351758032472,0.722351758032472,True,0.00034329364378649085,0.9996567063562135
0.722351758032472,0.722351758032472,True,0.00029129630833901743,0.999708703691661
0.722351758032472,0.722351758032472,True,0.0017613923924507668,0.9982386076075492
0.722351758032472,0.722351758032472,True,0.00016600376804865036,0.9998339962319513
0.722351758032472,0.722351758032472,True,0.00021504588721055207,0.9997849541127894
0.722351758032472,0.722351758032472,True,0.000609371733457098,0.9993906282665429
0.722351758032472,0.722351758032472,True,0.0017736161601775713,0.9982263838398224
0.722351758032472,0.722351758032472,True,0.00037896118347813257,0.9996210388165219
0.722351758032472,0.722351758032472,True,0.00032756481162243833,0.9996724351883776
-1.3843670883058157,-1.3843670883058157,True,0.9994952778178672,0.0005047221821328367
-1.3843670883058157,-1.3843670883058157,True,0.9994211850346926,0.0005788149653074387
0.722351758032472,0.722351758032472,True,0.00012457906613982939,0.9998754209338602
-1.3843670883058157,-1.3843670883058157,True,0.9996974701312461,0.000302529868753942
0.722351758032472,0.722351758032472,True,0.0007394344664259922,0.999260565533574
0.722351758032472,0.722351758032472,True,0.00018331741739385787,0.9998166825826061
0.722351758032472,0.722351758032472,True,0.0002860940670041945,0.9997139059329958
-1.3843670883058157,-1.3843670883058157,True,0.9998599923632033,0.00014000763679661708
0.722351758032472,0.722351758032472,True,0.00011531641572415374,0.9998846835842758
0.722351758032472,0.722351758032472,True,0.00022633363761181968,0.9997736663623882
0.722351758032472,0.722351758032472,True,0.0005886279709479414,0.9994113720290521
0.722351758032472,0.722351758032472,True,0.00021179003218241288,0.9997882099678176
-1.3843670883058157,-1.3843670883058157,True,0.9996331021294065,0.000366897870593507
-1.3843670883058157,-1.3843670883058157,True,0.9995889007634088,0.00041109923659123434
-1.3843670883058157,-1.3843670883058157,True,0.9996774770309736,0.00032252296902630944
0.722351758032472,0.722351758032472,True,0.000658766148176726,0.9993412338518233
0.722351758032472,0.722351758032472,True,0.00028744201986408147,0.9997125579801359
0.722351758032472,0.722351758032472,True,0.0002240931504560173,0.999775906849544
0.722351758032472,0.722351758032472,True,0.001078792579101262,0.9989212074208987
-1.3843670883058157,-1.3843670883058157,True,0.9996989547980791,0.0003010452019208882
0.722351758032472,0.722351758032472,True,0.00021673656044085554,0.9997832634395591
-1.3843670883058157,-1.3843670883058157,True,0.9997476790330748,0.00025232096692513463
0.722351758032472,0.722351758032472,True,0.00039912711311140825,0.9996008728868886
-1.3843670883058157,-1.3843670883058157,True,0.9997158945811346,0.00028410541886540524
0.722351758032472,0.722351758032472,True,0.00014881050843718047,0.9998511894915628
0.722351758032472,0.722351758032472,True,0.0002813858140623404,0.9997186141859377
-1.3843670883058157,-1.3843670883058157,True,0.9995203807649372,0.0004796192350628185
0.722351758032472,0.722351758032472,True,0.00017079898612137878,0.9998292010138786
0.722351758032472,0.722351758032472,True,0.0002756379654068608,0.9997243620345931
-1.3843670883058157,-1.3843670883058157,True,0.9997228813940573,0.00027711860594271134
-1.3843670883058157,-1.3843670883058157,True,0.9997158945811346,0.00028410541886540524
0.722351758032472,0.722351758032472,True,0.0002524814981005319,0.9997475185018995
-1.3843670883058157,-1.3843670883058157,True,0.9996644306058066,0.00033556939419346636
0.722351758032472,0.722351758032472,True,0.0008671828504267509,0.9991328171495732
0.722351758032472,0.722351758032472,True,0.0003203747888116393,0.9996796252111884
0.722351758032472,0.722351758032472,True,0.0002575245221942968,0.9997424754778057
0.722351758032472,0.722351758032472,True,0.0003574122739136154,0.9996425877260864
0.722351758032472,0.722351758032472,True,0.00036907840752220533,0.9996309215924778
0.722351758032472,0.722351758032472,True,0.0006216353017350906,0.9993783646982649
0.722351758032472,0.722351758032472,True,0.0009494595170467246,0.9990505404829533
-1.3843670883058157,-1.3843670883058157,True,0.9995992198456037,0.00040078015439626996
-1.3843670883058157,-1.3843670883058157,True,0.9995675785322671,0.0004324214677328732
0.722351758032472,0.722351758032472,True,0.0002524814981005319,0.9997475185018995
-1.3843670883058157,-1.3843670883058157,True,0.9996644306058066,0.00033556939419346636
0.722351758032472,0.722351758032472,True,0.00018092153391990884,0.9998190784660801
0.722351758032472,0.722351758032472,True,0.00012187994973023031,0.9998781200502698
0.722351758032472,0.722351758032472,True,0.00045180862084970297,0.9995481913791503
-1.3843670883058157,-1.3843670883058157,True,0.9994462261543854,0.0005537738456145881
0.722351758032472,0.722351758032472,True,0.001930895993345727,0.9980691040066543
-1.3843670883058157,-1.3843670883058157,True,0.9997158945811346,0.00028410541886540524
-1.3843670883058157,-1.3843670883058157,True,0.9995651816876382,0.00043481831236180565
0.722351758032472,0.722351758032472,True,0.03624046679064552,0.9637595332093545
0.722351758032472,0.722351758032472,True,0.0006144423655163322,0.9993855576344837
-1.3843670883058157,-1.3843670883058157,True,0.9996769813257766,0.000323018674223336
0.722351758032472,0.722351758032472,True,0.00036374409495576465,0.9996362559050442
0.722351758032472,0.722351758032472,True,0.00015665304686496295,0.999843346953135
0.722351758032472,0.722351758032472,True,0.000154418221178787,0.9998455817788212
-1.3843670883058157,-1.3843670883058157,True,0.9994501578410151,0.0005498421589848749
0.722351758032472,0.722351758032472,True,0.0008188255287546742,0.9991811744712453
0.722351758032472,0.722351758032472,True,0.00015270890450558294,0.9998472910954944
0.722351758032472,0.722351758032472,True,0.0002063262307470115,0.999793673769253
0.722351758032472,0.722351758032472,True,0.056427644799834864,0.9435723552001651
0.722351758032472,0.722351758032472,True,0.0005182418561682223,0.9994817581438318
0.722351758032472,0.722351758032472,True,0.00022006449501610348,0.9997799355049839
0.722351758032472,0.722351758032472,True,0.0006168081723769703,0.999383191827623
0.722351758032472,0.722351758032472,True,0.00047926672359011047,0.9995207332764099
0.722351758032472,0.722351758032472,True,0.0002480718243080826,0.9997519281756919
-1.3843670883058157,-1.3843670883058157,True,0.9996553436217247,0.0003446563782752609
-1.3843670883058157,-1.3843670883058157,True,0.9997288231303684,0.00027117686963163995
0.722351758032472,0.722351758032472,True,8.740602276824383e-05,0.9999125939772318
0.722351758032472,0.722351758032472,True,0.0004380031517308147,0.9995619968482692
-1.3843670883058157,-1.3843670883058157,True,0.9996597628760218,0.0003402371239782435
0.722351758032472,0.722351758032472,True,0.001120121437611643,0.9988798785623884
0.722351758032472,0.722351758032472,True,0.0008558607308273292,0.9991441392691727
-1.3843670883058157,-1.3843670883058157,True,0.9996222908889291,0.00037770911107095983
0.722351758032472,0.722351758032472,True,0.00022403349738253642,0.9997759665026175
0.722351758032472,0.722351758032472,True,0.000723513005941423,0.9992764869940586
0.722351758032472,0.722351758032472,True,0.3908472496528179,0.6091527503471821
0.722351758032472,0.722351758032472,True,0.000327778194295969,0.999672221805704
0.722351758032472,0.722351758032472,True,0.00023435451627973336,0.9997656454837203
-1.3843670883058157,-1.3843670883058157,True,0.9997760602896727,0.00022393971032731377
-1.3843670883058157,-1.3843670883058157,True,0.9995802135541986,0.00041978644580140085
0.722351758032472,0.722351758032472,True,0.00014563350284568788,0.9998543664971543
-1.3843670883058157,-1.3843670883058157,True,0.9996653124424307,0.0003346875575693059
0.722351758032472,0.722351758032472,True,0.0005379130522390474,0.999462086947761
0.722351758032472,0.722351758032472,True,0.0012411737482759255,0.9987588262517241
-1.3843670883058157,-1.3843670883058157,True,0.9996896778425344,0.0003103221574656454
0.722351758032472,0.722351758032472,True,0.0005677889065822672,0.9994322110934177
0.722351758032472,0.722351758032472,True,0.00014881050843718047,0.9998511894915628
0.722351758032472,0.722351758032472,True,0.00030152831537744174,0.9996984716846226
0.722351758032472,0.722351758032472,True,0.00011727335328826083,0.9998827266467117
0.722351758032472,0.722351758032472,True,0.0002954141530149279,0.9997045858469851
0.722351758032472,0.722351758032472,True,0.000412737408923447,0.9995872625910766
0.722351758032472,0.722351758032472,True,0.0024295825320371778,0.9975704174679628
0.722351758032472,0.722351758032472,True,0.0002579192836408284,0.9997420807163592
0.722351758032472,0.722351758032472,True,0.00027992817653788027,0.9997200718234621
0.722351758032472,0.722351758032472,True,0.00014563350284568788,0.9998543664971543
0.722351758032472,0.722351758032472,True,0.00023376338824432352,0.9997662366117557
0.722351758032472,0.722351758032472,True,0.0002502660870239426,0.9997497339129761
0.722351758032472,0.722351758032472,True,0.003295080456352073,0.9967049195436479
0.722351758032472,0.722351758032472,True,0.0005501770438993692,0.9994498229561006
-1.3843670883058157,-1.3843670883058157,True,0.9994677710449997,0.0005322289550003116
0.722351758032472,0.722351758032472,True,0.00015310915462507513,0.9998468908453749
0.722351758032472,0.722351758032472,True,0.00019615355559443604,0.9998038464444056
-1.3843670883058157,-1.3843670883058157,True,0.9996974701312461,0.000302529868753942
-1.3843670883058157,-1.3843670883058157,True,0.9996651437818144,0.00033485621818562307
0.722351758032472,0.722351758032472,True,0.002766856454135991,0.997233143545864
0.722351758032472,0.722351758032472,True,0.00022156461838185315,0.9997784353816181
-1.3843670883058157,-1.3843670883058157,True,0.9994262515947325,0.0005737484052674383
-1.3843670883058157,-1.3843670883058157,True,0.9997325436726232,0.00026745632737674416
-1.3843670883058157,-1.3843670883058157,True,0.9996644306058066,0.00033556939419346636
0.722351758032472,0.722351758032472,True,0.00018762724257692653,0.9998123727574231
0.722351758032472,0.722351758032472,True,0.00040948982422839286,0.9995905101757716
-1.3843670883058157,-1.3843670883058157,True,0.999544561932135,0.00045543806786500627
0.722351758032472,0.722351758032472,True,0.000518614653282512,0.9994813853467175
0.722351758032472,0.722351758032472,True,0.0005627455100642997,0.9994372544899357
0.722351758032472,0.722351758032472,True,0.0005887921396710016,0.999411207860329
-1.3843670883058157,-1.3843670883058157,True,0.9996553436217247,0.0003446563782752609
-1.3843670883058157,-1.3843670883058157,True,0.9996974701312461,0.000302529868753942
0.722351758032472,0.722351758032472,True,0.0005448556629711332,0.9994551443370289
-1.3843670883058157,-1.3843670883058157,True,0.999643543004224,0.0003564569957760019
0.722351758032472,0.722351758032472,True,0.00010550099970974003,0.9998944990002903
-1.3843670883058157,-1.3843670883058157,True,0.999703085011662,0.00029691498833792193
0.722351758032472,0.722351758032472,True,0.000563061789484065,0.9994369382105159
0.722351758032472,0.722351758032472,True,7.71928117472287e-05,0.9999228071882528
-1.3843670883058157,-1.3843670883058157,True,0.9996597628760218,0.00034023712397824316
-1.3843670883058157,-1.3843670883058157,True,0.999672677392723,0.00032732260727698484
-1.3843670883058157,-1.3843670883058157,True,0.9997288231303684,0.00027117686963163995
0.722351758032472,0.722351758032472,True,0.00021881986689498145,0.999781180133105
0.722351758032472,0.722351758032472,True,0.0003445181097641026,0.9996554818902359
0.722351758032472,0.722351758032472,True,0.00015823719289942417,0.9998417628071006
-1.3843670883058157,-1.3843670883058157,True,0.9997158945811346,0.00028410541886540524
0.722351758032472,0.722351758032472,True,0.0010445188535247452,0.9989554811464753
0.722351758032472,0.722351758032472,True,0.0007895683989647129,0.9992104316010353
0.722351758032472,0.722351758032472,True,0.00021054187678071212,0.9997894581232193
-1.3843670883058157,-1.3843670883058157,True,0.9995472111888903,0.00045278881110966037
0.722351758032472,0.722351758032472,True,0.00026668359627812777,0.9997333164037219
-1.3843670883058157,-1.3843670883058157,True,0.9996204282816854,0.00037957171831455924
0.722351758032472,0.722351758032472,True,0.001001627274855088,0.9989983727251449
-1.3843670883058157,-1.3843670883058157,True,0.9996893956707665,0.00031060432923351623
-1.3843670883058157,-1.3843670883058157,True,0.9994700555776449,0.0005299444223550941
0.722351758032472,0.722351758032472,True,0.0003701928352121131,0.9996298071647879
0.722351758032472,0.722351758032472,True,0.00040219137624031287,0.9995978086237597
-1.3843670883058157,-1.3843670883058157,True,0.9996274725071678,0.0003725274928322303
0.722351758032472,0.722351758032472,True,0.00016600376804865036,0.9998339962319513
0.722351758032472,0.722351758032472,True,0.0005811221152255408,0.9994188778847745
-1.3843670883058157,-1.3843670883058157,True,0.9997595775629877,0.00024042243701230453
-1.3843670883058157,-1.3843670883058157,True,0.9996274725071678,0.0003725274928322303
0.722351758032472,0.722351758032472,True,0.00014881050843718047,0.9998511894915628
0.722351758032472,0.722351758032472,True,8.006199728693986e-05,0.9999199380027131
0.722351758032472,0.722351758032472,True,0.0007006622447671695,0.9992993377552328
-1.3843670883058157,-1.3843670883058157,True,0.9997325436726232,0.00026745632737674465
-1.3843670883058157,-1.3843670883058157,True,0.9996274725071678,0.0003725274928322303
0.722351758032472,0.722351758032472,True,0.0002614477405089577,0.999738552259491
-1.3843670883058157,-1.3843670883058157,True,0.9996183905031435,0.0003816094968565372
-1.3843670883058157,-1.3843670883058157,True,0.9994946395111065,0.0005053604888934598
0.722351758032472,0.722351758032472,True,0.0010445986479687974,0.9989554013520312
-1.3843670883058157,-1.3843670883058157,True,0.9996429181178724,0.00035708188212753007
-1.3843670883058157,-1.3843670883058157,True,0.999643543004224,0.0003564569957760019
-1.3843670883058157,-1.3843670883058157,True,0.9996204282816854,0.00037957171831455924
0.722351758032472,0.722351758032472,True,0.0002864233343102818,0.9997135766656897
-1.3843670883058157,-1.3843670883058157,True,0.9996113572029246,0.0003886427970753747
0.722351758032472,0.722351758032472,True,0.0010745383853780766,0.9989254616146219
0.722351758032472,0.722351758032472,True,0.0002342346522107297,0.9997657653477893
-1.3843670883058157,-1.3843670883058157,True,0.9994544980338862,0.0005455019661137606
0.722351758032472,0.722351758032472,True,0.0001085487124470319,0.999891451287553
0.722351758032472,0.722351758032472,True,0.00020369561586996987,0.99979630438413
0.722351758032472,0.722351758032472,True,0.00026668359627812777,0.9997333164037219
0.722351758032472,0.722351758032472,True,0.00017078566402206619,0.9998292143359779
0.722351758032472,0.722351758032472,True,0.00010324852790499772,0.999896751472095
0.722351758032472,0.722351758032472,True,0.0006865730884426657,0.9993134269115573
0.722351758032472,0.722351758032472,True,0.0001624597574176878,0.9998375402425823
0.722351758032472,0.722351758032472,True,0.00032299420637704745,0.999677005793623
0.722351758032472,0.722351758032472,True,0.00036145212741767185,0.9996385478725823
0.722351758032472,0.722351758032472,True,0.00016600376804865036,0.9998339962319513
0.722351758032472,0.722351758032472,True,0.00018488559254481451,0.9998151144074552
0.722351758032472,0.722351758032472,True,0.0003985474567334002,0.9996014525432666
-1.3843670883058157,-1.3843670883058157,True,0.9996600719588598,0.0003399280411402789
0.722351758032472,0.722351758032472,True,0.00011769095689617703,0.9998823090431038
0.722351758032472,0.722351758032472,True,0.05678390343469253,0.9432160965653075
-1.3843670883058157,-1.3843670883058157,True,0.999684860360393,0.0003151396396070956
-1.3843670883058157,-1.3843670883058157,True,0.9995526516699499,0.0004473483300501401
0.722351758032472,0.722351758032472,True,0.0031688069267808983,0.9968311930732191
0.722351758032472,0.722351758032472,True,0.001383831134712965,0.998616168865287
0.722351758032472,0.722351758032472,True,0.00016784024974014766,0.9998321597502599
0.722351758032472,0.722351758032472,True,0.0006257732967936969,0.9993742267032063
-1.3843670883058157,-1.3843670883058157,True,0.9996765410685953,0.00032345893140471235
0.722351758032472,0.722351758032472,True,0.0006752960911133865,0.9993247039088866
-1.3843670883058157,-1.3843670883058157,True,0.999739366725307,0.00026063327469291986
0.722351758032472,0.722351758032472,True,0.17505877209402998,0.82494122790597
-1.3843670883058157,-1.3843670883058157,True,0.9996083171778736,0.000391682822126459
0.722351758032472,0.722351758032472,True,0.0001162555284424105,0.9998837444715576
0.722351758032472,0.722351758032472,True,0.0006609229135189354,0.9993390770864811
-1.3843670883058157,-1.3843670883058157,True,0.9997548044759161,0.00024519552408380806
0.722351758032472,0.722351758032472,True,0.0007898408865275597,0.9992101591134724
0.722351758032472,0.722351758032472,True,0.0002417798317354558,0.9997582201682645
0.722351758032472,0.722351758032472,True,0.03667280471096823,0.9633271952890318
-1.3843670883058157,-1.3843670883058157,True,0.9995022010025242,0.0004977989974758517
0.722351758032472,0.722351758032472,True,0.0005175032358069043,0.9994824967641931
0.722351758032472,0.722351758032472,True,0.0003439845124258989,0.9996560154875741
0.722351758032472,0.722351758032472,True,0.0001796428640157277,0.9998203571359843
0.722351758032472,0.722351758032472,True,0.001541998483202911,0.9984580015167971
0.722351758032472,0.722351758032472,True,0.00040219137624031287,0.9995978086237597
-1.3843670883058157,-1.3843670883058157,True,0.9996974701312461,0.000302529868753942
0.722351758032472,0.722351758032472,True,0.0002081582702481155,0.9997918417297519
0.722351758032472,0.722351758032472,True,0.0001624597574176878,0.9998375402425823
-1.3843670883058157,-1.3843670883058157,True,0.9995064867819772,0.0004935132180227912
0.722351758032472,0.722351758032472,True,0.00041061615639015336,0.9995893838436098
-1.3843670883058157,-1.3843670883058157,True,0.9997158945811346,0.00028410541886540524
0.722351758032472,0.722351758032472,True,0.00038587938005685274,0.9996141206199431
-1.3843670883058157,-1.3843670883058157,True,0.9995182311202876,0.0004817688797123802
0.722351758032472,0.722351758032472,True,0.0010596198398742374,0.9989403801601258
0.722351758032472,0.722351758032472,True,0.0007366858510647889,0.9992633141489352
-1.3843670883058157,-1.3843670883058157,True,0.9996204282816854,0.00037957171831455924
-1.3843670883058157,-1.3843670883058157,True,0.9995426222774336,0.00045737772256639064
0.722351758032472,0.722351758032472,True,0.002016074152320413,0.9979839258476796
0.722351758032472,0.722351758032472,True,0.00044228341248286895,0.9995577165875171
0.722351758032472,0.722351758032472,True,0.0006572606537540437,0.999342739346246
-1.3843670883058157,-1.3843670883058157,True,0.9996571512111365,0.00034284878886344113
0.722351758032472,0.722351758032472,True,0.00028389843991094565,0.999716101560089
0.722351758032472,0.722351758032472,True,0.0014094240545738934,0.9985905759454261
0.722351758032472,0.722351758032472,True,0.0001818110013824814,0.9998181889986175
0.722351758032472,0.722351758032472,True,0.0008893263092744075,0.9991106736907256
-1.3843670883058157,-1.3843670883058157,True,0.9996989547980791,0.00030104520192088767
0.722351758032472,0.722351758032472,True,0.0005707771727303523,0.9994292228272696
0.722351758032472,0.722351758032472,True,0.000159778866643423,0.9998402211333566
0.722351758032472,0.722351758032472,True,0.0003024144192700362,0.99969758558073
-1.3843670883058157,-1.3843670883058157,True,0.9997158945811346,0.00028410541886540524
-1.3843670883058157,-1.3843670883058157,True,0.9996222908889291,0.00037770911107095983
0.722351758032472,0.722351758032472,True,0.00034604497963242054,0.9996539550203676
0.722351758032472,0.722351758032472,True,0.00012040488193731935,0.9998795951180627
0.722351758032472,0.722351758032472,True,0.0005468182674707167,0.9994531817325293
0.722351758032472,0.722351758032472,True,0.0026956027759937884,0.9973043972240062
0.722351758032472,0.722351758032472,True,0.006006304171241372,0.9939936958287586
0.722351758032472,0.722351758032472,True,0.00021604265534846956,0.9997839573446515
0.722351758032472,0.722351758032472,True,0.00020886767445849053,0.9997911323255415
-1.3843670883058157,-1.3843670883058157,True,0.999779132882049,0.000220867117950968
0.722351758032472,0.722351758032472,True,0.0006118076253500693,0.9993881923746499
0.722351758032472,0.722351758032472,True,0.00014844712789274794,0.9998515528721073
0.722351758032472,0.722351758032472,True,0.002084885095517963,0.997915114904482
0.722351758032472,0.722351758032472,True,0.0005995031128301909,0.9994004968871698
0.722351758032472,0.722351758032472,True,0.0005457718805018663,0.9994542281194981
-1.3843670883058157,-1.3843670883058157,True,0.999693261836257,0.000306738163743034
-1.3843670883058157,-1.3843670883058157,True,0.999374859274312,0.000625140725687992
0.722351758032472,0.722351758032472,True,0.0001565202359150586,0.9998434797640849
0.722351758032472,0.722351758032472,True,0.00022547647753834443,0.9997745235224617
0.722351758032472,0.722351758032472,True,0.00023174054347208095,0.9997682594565279
0.722351758032472,0.722351758032472,True,0.00022588936671885662,0.9997741106332811
0.722351758032472,0.722351758032472,True,0.00024845953295715706,0.9997515404670428
-1.3843670883058157,-1.3843670883058157,True,0.9996989547980791,0.0003010452019208882
0.722351758032472,0.722351758032472,True,0.0001961195742787858,0.9998038804257212
-1.3843670883058157,-1.3843670883058157,True,0.9996597628760218,0.0003402371239782435
-1.3843670883058157,-1.3843670883058157,True,0.999703085011662,0.00029691498833792193
0.722351758032472,0.722351758032472,True,0.0002654197077728293,0.9997345802922272
0.722351758032472,0.722351758032472,True,0.00016814440081580617,0.9998318555991842
0.722351758032472,0.722351758032472,True,0.0003249876382436234,0.9996750123617564
0.722351758032472,0.722351758032472,True,0.0034072977733657916,0.9965927022266342
0.722351758032472,0.722351758032472,True,0.0005440198122603768,0.9994559801877396
-1.3843670883058157,-1.3843670883058157,True,0.9996204282816854,0.0003795717183145596
0.722351758032472,0.722351758032472,True,0.0005310444395690839,0.9994689555604309
0.722351758032472,0.722351758032472,True,0.00031638892133400986,0.999683611078666
0.722351758032472,0.722351758032472,True,0.0003952708706452812,0.9996047291293547
0.722351758032472,0.722351758032472,True,0.0001051266452604116,0.9998948733547396
-1.3843670883058157,-1.3843670883058157,True,0.9992925606593122,0.0007074393406878429
0.722351758032472,0.722351758032472,True,0.0001872911590119486,0.999812708840988
0.722351758032472,0.722351758032472,True,0.0003990022652032854,0.9996009977347967
0.722351758032472,0.722351758032472,True,0.00028269820392679,0.9997173017960732
0.722351758032472,0.722351758032472,True,0.001936512165840787,0.9980634878341592
0.722351758032472,0.722351758032472,True,0.0004964131181217635,0.9995035868818782
-1.3843670883058157,-1.3843670883058157,True,0.9996389898536072,0.0003610101463928289
0.722351758032472,0.722351758032472,True,0.00024420250924572784,0.9997557974907543
-1.3843670883058157,-1.3843670883058157,True,0.9998243193204713,0.0001756806795286393
0.722351758032472,0.722351758032472,True,0.00013780684565778412,0.9998621931543422
0.722351758032472,0.722351758032472,True,0.00011517825654283609,0.9998848217434572
-1.3843670883058157,-1.3843670883058157,True,0.9996001152047014,0.00039988479529862425
0.722351758032472,0.722351758032472,True,0.00026185815685642044,0.9997381418431436
-1.3843670883058157,-1.3843670883058157,True,0.9997325436726232,0.00026745632737674416
0.722351758032472,0.722351758032472,True,0.0002146515169975105,0.9997853484830025
0.722351758032472,0.722351758032472,True,0.00016495636977487127,0.9998350436302251
0.722351758032472,0.722351758032472,True,0.0006784762246644371,0.9993215237753356
0.722351758032472,0.722351758032472,True,0.00040398589121815043,0.9995960141087818
0.722351758032472,0.722351758032472,True,0.0004378220478019612,0.999562177952198
0.722351758032472,0.722351758032472,True,0.00012378861033479627,0.9998762113896652
-1.3843670883058157,-1.3843670883058157,True,0.9995269167328821,0.00047308326711791336
0.722351758032472,0.722351758032472,True,0.0011563477691654,0.9988436522308346
0.722351758032472,0.722351758032472,True,0.0004341383396503362,0.9995658616603497
0.722351758032472,0.722351758032472,True,0.0004936386963581008,0.9995063613036419
-1.3843670883058157,-1.3843670883058157,True,0.9996183905031435,0.0003816094968565372
0.722351758032472,0.722351758032472,True,0.00022156461838185315,0.9997784353816181
0.722351758032472,0.722351758032472,True,0.0006646296146295416,0.9993353703853705
-1.3843670883058157,-1.3843670883058157,True,0.9996222908889291,0.00037770911107095983
0.722351758032472,0.722351758032472,True,0.000963436018783459,0.9990365639812165
0.722351758032472,0.722351758032472,True,0.000284812580016669,0.9997151874199833
-1.3843670883058157,-1.3843670883058157,True,0.9997146290416147,0.0002853709583852814
0.722351758032472,0.722351758032472,True,0.001541998483202911,0.9984580015167971
0.722351758032472,0.722351758032472,True,0.0007337851703056453,0.9992662148296944
-1.3843670883058157,-1.3843670883058157,True,0.999703085011662,0.00029691498833792193
0.722351758032472,0.722351758032472,True,0.00010834474038723396,0.9998916552596128
0.722351758032472,0.722351758032472,True,0.00014984038954402035,0.999850159610456
0.722351758032472,0.722351758032472,True,0.0002450135116894847,0.9997549864883105
-1.3843670883058157,-1.3843670883058157,True,0.9996597628760218,0.0003402371239782435
-1.3843670883058157,-1.3843670883058157,True,0.9991381030709302,0.0008618969290697658
-1.3843670883058157,-1.3843670883058157,True,0.9997288231303684,0.00027117686963163995
0.722351758032472,0.722351758032472,True,0.00018495748566360604,0.9998150425143364
-1.3843670883058157,-1.3843670883058157,True,0.9996989547980791,0.0003010452019208882
0.722351758032472,0.722351758032472,True,0.00020095235277983736,0.9997990476472202
0.722351758032472,0.722351758032472,True,0.0004356666816169863,0.999564333318383
-1.3843670883058157,-1.3843670883058157,True,0.9995675785322671,0.0004324214677328732
0.722351758032472,0.722351758032472,True,0.00010324852790499772,0.999896751472095
-1.3843670883058157,-1.3843670883058157,True,0.9996553436217247,0.0003446563782752609
-1.3843670883058157,-1.3843670883058157,True,0.9996011864838498,0.0003988135161502044
-1.3843670883058157,-1.3843670883058157,True,0.9996274725071678,0.0003725274928322303
0.722351758032472,0.722351758032472,True,0.00027990572465785846,0.9997200942753421
0.722351758032472,0.722351758032472,True,0.000319051120109326,0.9996809488798907
-1.3843670883058157,-1.3843670883058157,True,0.9995064867819772,0.0004935132180227912
0.722351758032472,0.722351758032472,True,0.002352215829416804,0.9976477841705832
0.722351758032472,0.722351758032472,True,0.00026146690216655166,0.9997385330978334
0.722351758032472,0.722351758032472,True,0.0007134071306558187,0.9992865928693442
0.722351758032472,0.722351758032472,True,0.00018878693469903673,0.999811213065301
0.722351758032472,0.722351758032472,True,0.00824263683677251,0.9917573631632275
0.722351758032472,0.722351758032472,True,0.0005984775644350959,0.9994015224355649
0.722351758032472,0.722351758032472,True,0.003550418556703905,0.9964495814432961
0.722351758032472,0.722351758032472,True,0.0003204589289421689,0.9996795410710578
0.722351758032472,0.722351758032472,True,0.00013486472927648485,0.9998651352707235
0.722351758032472,0.722351758032472,True,0.000679154243666491,0.9993208457563335
-1.3843670883058157,-1.3843670883058157,True,0.9997119425027599,0.0002880574972402001
0.722351758032472,0.722351758032472,True,0.0005694715655397697,0.9994305284344602
0.722351758032472,0.722351758032472,True,0.00011517825654283609,0.9998848217434572
0.722351758032472,0.722351758032472,True,0.0010178721052559458,0.998982127894744
-1.3843670883058157,-1.3843670883058157,True,0.9996281149463498,0.0003718850536501127
0.722351758032472,0.722351758032472,True,0.000119100715558762,0.9998808992844412
-1.3843670883058157,-1.3843670883058157,True,0.999643543004224,0.0003564569957760019
-1.3843670883058157,-1.3843670883058157,True,0.9993485307719813,0.0006514692280187083
0.722351758032472,0.722351758032472,True,0.0008725020449796839,0.9991274979550203
0.722351758032472,0.722351758032472,True,0.00010324852790499772,0.999896751472095
-1.3843670883058157,-1.3843670883058157,True,0.9995212063316926,0.0004787936683073825
0.722351758032472,0.722351758032472,True,0.00011517825654283609,0.9998848217434572
0.722351758032472,0.722351758032472,True,0.00017310180443774748,0.9998268981955623
-1.3843670883058157,-1.3843670883058157,True,0.9996600719588598,0.0003399280411402789
0.722351758032472,0.722351758032472,True,0.0016160602916504008,0.9983839397083496
0.722351758032472,0.722351758032472,True,0.0011145623727232268,0.9988854376272768
-1.3843670883058157,-1.3843670883058157,True,0.9995890869972572,0.00041091300274279015
-1.3843670883058157,-1.3843670883058157,True,0.9996989547980791,0.0003010452019208882
0.722351758032472,0.722351758032472,True,0.00019615355559443604,0.9998038464444056
-1.3843670883058157,-1.3843670883058157,True,0.999779132882049,0.000220867117950968
0.722351758032472,0.722351758032472,True,0.00019615355559443604,0.9998038464444056
0.722351758032472,0.722351758032472,True,0.0004744046685196679,0.9995255953314803
0.722351758032472,0.722351758032472,True,0.00030282082135091315,0.9996971791786491
0.722351758032472,0.722351758032472,True,0.00015665304686496295,0.999843346953135
0.722351758032472,0.722351758032472,True,0.002694566705461421,0.9973054332945386
0.722351758032472,0.722351758032472,True,0.0001607879863722017,0.9998392120136278
0.722351758032472,0.722351758032472,True,0.00020642316435759422,0.9997935768356424
0.722351758032472,0.722351758032472,True,0.00010530275395248534,0.9998946972460475
0.722351758032472,0.722351758032472,True,9.665419197923963e-05,0.9999033458080208
-1.3843670883058157,-1.3843670883058157,True,0.9996974701312461,0.000302529868753942
0.722351758032472,0.722351758032472,True,0.00018495748566360604,0.9998150425143364
0.722351758032472,0.722351758032472,True,0.00023487042434655603,0.9997651295756534
-1.3843670883058157,-1.3843670883058157,True,0.9997325436726232,0.00026745632737674416
0.722351758032472,0.722351758032472,True,0.0002887832164788495,0.9997112167835212
0.722351758032472,0.722351758032472,True,0.00026668359627812777,0.9997333164037219
0.722351758032472,0.722351758032472,True,0.010343775772893138,0.9896562242271069
0.722351758032472,0.722351758032472,True,0.0002548082905653448,0.9997451917094347
-1.3843670883058157,-1.3843670883058157,True,0.9997288231303684,0.00027117686963163995
-1.3843670883058157,-1.3843670883058157,True,0.9995554424215086,0.00044455757849139974
-1.3843670883058157,-1.3843670883058157,True,0.9995256709079662,0.0004743290920338729
0.722351758032472,0.722351758032472,True,0.00028737732228534263,0.9997126226777147
0.722351758032472,0.722351758032472,True,0.0003844017122822674,0.9996155982877177
0.722351758032472,0.722351758032472,True,0.00016875804785765336,0.9998312419521423
0.722351758032472,0.722351758032472,True,0.0005874893631141465,0.9994125106368859
0.722351758032472,0.722351758032472,True,0.0004452268639466572,0.9995547731360533
0.722351758032472,0.722351758032472,True,0.00028166886915070855,0.9997183311308493
-1.3843670883058157,-1.3843670883058157,True,0.9999062362745967,9.376372540323721e-05
-1.3843670883058157,-1.3843670883058157,True,0.9997158945811346,0.00028410541886540524
-1.3843670883058157,-1.3843670883058157,True,0.9996974701312461,0.000302529868753942
-1.3843670883058157,-1.3843670883058157,True,0.9995675785322671,0.0004324214677328732
0.722351758032472,0.722351758032472,True,0.002951217580947074,0.9970487824190529
0.722351758032472,0.722351758032472,True,0.17444516037539137,0.8255548396246086
0.722351758032472,0.722351758032472,True,0.00045267261956716265,0.9995473273804328
0.722351758032472,0.722351758032472,True,0.00010760003596843593,0.9998923999640316
0.722351758032472,0.722351758032472,True,0.0001009783819909682,0.999899021618009
0.722351758032472,0.722351758032472,True,0.0004798516556620003,0.999520148344338
0.722351758032472,0.722351758032472,True,0.00024844132431056654,0.9997515586756894
0.722351758032472,0.722351758032472,True,0.00044633067986221686,0.9995536693201378
0.722351758032472,0.722351758032472,True,0.00024140817085005484,0.99975859182915
0.722351758032472,0.722351758032472,True,0.00031931454557387884,0.9996806854544261
0.722351758032472,0.722351758032472,True,0.00021054187678071212,0.9997894581232193
-1.3843670883058157,-1.3843670883058157,True,0.999371056131441,0.000628943868559028
0.722351758032472,0.722351758032472,True,0.0002940359026925021,0.9997059640973075
0.722351758032472,0.722351758032472,True,0.001306389714173406,0.9986936102858266
0.722351758032472,0.722351758032472,True,0.0002816482274047294,0.9997183517725953
0.722351758032472,0.722351758032472,True,0.00020642316435759422,0.9997935768356424
0.722351758032472,0.722351758032472,True,0.00017841299466392346,0.9998215870053361
0.722351758032472,0.722351758032472,True,0.00012183713479563263,0.9998781628652044
0.722351758032472,0.722351758032472,True,0.000264153405820311,0.9997358465941797
0.722351758032472,0.722351758032472,True,0.0001624597574176878,0.9998375402425823
-1.3843670883058157,-1.3843670883058157,True,0.999703085011662,0.00029691498833792193
0.722351758032472,0.722351758032472,True,0.00026146690216655166,0.9997385330978334
0.722351758032472,0.722351758032472,True,0.00011845717537695144,0.999881542824623
0.722351758032472,0.722351758032472,True,0.0003042256171964519,0.9996957743828035
0.722351758032472,0.722351758032472,True,0.0006257732967936969,0.9993742267032063
-1.3843670883058157,-1.3843670883058157,True,0.9995098634708094,0.0004901365291906593
0.722351758032472,0.722351758032472,True,0.0006327432604814609,0.9993672567395185
0.722351758032472,0.722351758032472,True,0.0012472487995948134,0.9987527512004052
0.722351758032472,0.722351758032472,True,0.00012464197975037283,0.9998753580202496
0.722351758032472,0.722351758032472,True,0.0002622130720155713,0.9997377869279844
0.722351758032472,0.722351758032472,True,0.0003247557642156451,0.9996752442357844
0.722351758032472,0.722351758032472,True,0.0004670918305814675,0.9995329081694185
-1.3843670883058157,-1.3843670883058157,True,0.9997325436726232,0.00026745632737674416
-1.3843670883058157,-1.3843670883058157,True,0.9997119425027599,0.0002880574972402001
0.722351758032472,0.722351758032472,True,0.00010407866620631978,0.9998959213337937
-1.3843670883058157,-1.3843670883058157,True,0.9995403669788379,0.0004596330211621
0.722351758032472,0.722351758032472,True,0.0007979451440368601,0.9992020548559631
0.722351758032472,0.722351758032472,True,0.00021054187678071212,0.9997894581232193
0.722351758032472,0.722351758032472,True,0.00022633363761181968,0.9997736663623882
0.722351758032472,0.722351758032472,True,0.0004598797306218927,0.9995401202693781
-1.3843670883058157,-1.3843670883058157,True,0.9997325436726232,0.00026745632737674416
0.722351758032472,0.722351758032472,True,0.0023125106850500066,0.99768748931495
0.722351758032472,0.722351758032472,True,0.00017705670981094102,0.9998229432901891
-1.3843670883058157,-1.3843670883058157,True,0.999692358820339,0.00030764117966096155
0.722351758032472,0.722351758032472,True,0.00015993469840080987,0.9998400653015992
-1.3843670883058157,-1.3843670883058157,True,0.9997295357968466,0.0002704642031533663
0.722351758032472,0.722351758032472,True,8.740602276824383e-05,0.9999125939772318
0.722351758032472,0.722351758032472,True,0.0003937677542703577,0.9996062322457296
0.722351758032472,0.722351758032472,True,0.00038751198474618054,0.9996124880152538
-1.3843670883058157,-1.3843670883058157,True,0.9996597628760218,0.0003402371239782435
-1.3843670883058157,-1.3843670883058157,True,0.9996553436217247,0.0003446563782752609
0.722351758032472,0.722351758032472,True,0.00044633067986221686,0.9995536693201378
0.722351758032472,0.722351758032472,True,0.00015253471855636302,0.9998474652814436
-1.3843670883058157,-1.3843670883058157,True,0.9995243214642907,0.00047567853570932054
0.722351758032472,0.722351758032472,True,0.00027493983987803006,0.999725060160122
0.722351758032472,0.722351758032472,True,0.00023487042434655603,0.9997651295756534
-1.3843670883058157,-1.3843670883058157,True,0.9996597628760218,0.0003402371239782435
0.722351758032472,0.722351758032472,True,0.0006874985132203637,0.9993125014867796
-1.3843670883058157,-1.3843670883058157,True,0.999693261836257,0.000306738163743034
0.722351758032472,0.722351758032472,True,0.0003619910006703586,0.9996380089993296
0.722351758032472,0.722351758032472,True,0.000352251492513056,0.9996477485074869
-1.3843670883058157,-1.3843670883058157,True,0.9993659597677603,0.0006340402322396432
-1.3843670883058157,-1.3843670883058157,True,0.9997325436726232,0.00026745632737674416
0.722351758032472,0.722351758032472,True,0.0023063806851534308,0.9976936193148466
0.722351758032472,0.722351758032472,True,0.0005079511080603449,0.9994920488919397
-1.3843670883058157,-1.3843670883058157,True,0.9996419552920859,0.000358044707914154
0.722351758032472,0.722351758032472,True,0.0003764425106891345,0.9996235574893109
-1.3843670883058157,-1.3843670883058157,True,0.9997119425027599,0.0002880574972402001
-1.3843670883058157,-1.3843670883058157,True,0.9996204282816854,0.00037957171831455924
0.722351758032472,0.722351758032472,True,0.0005904459734237255,0.9994095540265763
0.722351758032472,0.722351758032472,True,0.00027363143548475577,0.9997263685645152
-1.3843670883058157,-1.3843670883058157,True,0.9995432000061969,0.0004567999938030481
0.722351758032472,0.722351758032472,True,0.0001624597574176878,0.9998375402425823
0.722351758032472,0.722351758032472,True,0.0006824534972547092,0.9993175465027453
0.722351758032472,0.722351758032472,True,0.0001759679454576002,0.9998240320545424
-1.3843670883058157,-1.3843670883058157,True,0.9996219181851732,0.00037808181482673647
0.722351758032472,0.722351758032472,True,0.0023093112812540006,0.997690688718746
-1.3843670883058157,-1.3843670883058157,True,0.9997015361968695,0.0002984638031304677
0.722351758032472,0.722351758032472,True,0.0023734372273057636,0.9976265627726942
-1.3843670883058157,-1.3843670883058157,True,0.9993817296888847,0.0006182703111152294
0.722351758032472,0.722351758032472,True,0.00019874052898738448,0.9998012594710126
0.722351758032472,0.722351758032472,True,0.000538419550965008,0.999461580449035
0.722351758032472,0.722351758032472,True,0.0005582721929551226,0.9994417278070449
0.722351758032472,0.722351758032472,True,0.0006369278784938981,0.9993630721215061
0.722351758032472,0.722351758032472,True,0.00022156461838185315,0.9997784353816181
-1.3843670883058157,-1.3843670883058157,True,0.9995889007634088,0.00041109923659123434
-1.3843670883058157,-1.3843670883058157,True,0.9996989547980791,0.0003010452019208882
0.722351758032472,0.722351758032472,True,0.0005377350619905075,0.9994622649380095
0.722351758032472,0.722351758032472,True,0.00010760003596843593,0.9998923999640316
0.722351758032472,0.722351758032472,True,0.00043073048074004916,0.99956926951926
0.722351758032472,0.722351758032472,True,0.00041409600481678854,0.9995859039951832
0.722351758032472,0.722351758032472,True,0.0001840585345952439,0.9998159414654048
0.722351758032472,0.722351758032472,True,0.00031931454557387884,0.9996806854544261
0.722351758032472,0.722351758032472,True,0.00023587470598152027,0.9997641252940185
-1.3843670883058157,-1.3843670883058157,True,0.999501571446938,0.0004984285530620617
0.722351758032472,0.722351758032472,True,0.00020039771649527083,0.9997996022835047
-1.3843670883058157,-1.3843670883058157,True,0.9997643381314385,0.0002356618685614772
0.722351758032472,0.722351758032472,True,0.0015001441682049865,0.998499855831795
-1.3843670883058157,-1.3843670883058157,True,0.9996769813257766,0.000323018674223336
0.722351758032472,0.722351758032472,True,0.0001980917137237581,0.9998019082862762
0.722351758032472,0.722351758032472,True,0.00017797320330237287,0.9998220267966976
0.722351758032472,0.722351758032472,True,0.00036372651416705093,0.999636273485833
-1.3843670883058157,-1.3843670883058157,True,0.999594723939796,0.0004052760602039734
0.722351758032472,0.722351758032472,True,0.00021054187678071212,0.9997894581232193
0.722351758032472,0.722351758032472,True,8.75198735431626e-05,0.9999124801264568
0.722351758032472,0.722351758032472,True,0.00028341811854093457,0.9997165818814591
0.722351758032472,0.722351758032472,True,0.00011517825654283609,0.9998848217434572
0.722351758032472,0.722351758032472,True,0.00040413881458734036,0.9995958611854127
-1.3843670883058157,-1.3843670883058157,True,0.999549681629021,0.00045031837097902154
-1.3843670883058157,-1.3843670883058157,True,0.9994237647461007,0.000576235253899259
-1.3843670883058157,-1.3843670883058157,True,0.9995064867819772,0.0004935132180227912
-1.3843670883058157,-1.3843670883058157,True,0.9996706520001348,0.0003293479998652156
-1.3843670883058157,-1.3843670883058157,True,0.9996989547980791,0.0003010452019208882
-1.3843670883058157,-1.3843670883058157,True,0.9995889007634088,0.00041109923659123434
0.722351758032472,0.722351758032472,True,0.0003784076694212102,0.9996215923305788
0.722351758032472,0.722351758032472,True,0.0004851342348695109,0.9995148657651305
-1.3843670883058157,-1.3843670883058157,True,0.9997158945811346,0.00028410541886540524
0.722351758032472,0.722351758032472,True,0.0005660005987284666,0.9994339994012715
0.722351758032472,0.722351758032472,True,0.0002540464805089737,0.999745953519491
0.722351758032472,0.722351758032472,True,8.740602276824383e-05,0.9999125939772318
0.722351758032472,0.722351758032472,True,0.0004199066194947587,0.9995800933805052
0.722351758032472,0.722351758032472,True,0.0008610502180541602,0.9991389497819458
0.722351758032472,0.722351758032472,True,0.0001892255582935931,0.9998107744417064
0.722351758032472,0.722351758032472,True,0.0006072877976512903,0.9993927122023487
0.722351758032472,0.722351758032472,True,0.015897604946102484,0.9841023950538975
-1.3843670883058157,-1.3843670883058157,True,0.9996644306058066,0.00033556939419346636
-1.3843670883058157,-1.3843670883058157,True,0.999703085011662,0.00029691498833792193
0.722351758032472,0.722351758032472,True,0.0001624597574176878,0.9998375402425823
0.722351758032472,0.722351758032472,True,0.0001350265287729524,0.999864973471227
0.722351758032472,0.722351758032472,True,0.00034604497963242054,0.9996539550203676
-1.3843670883058157,-1.3843670883058157,True,0.9993259257420943,0.0006740742579056156
-1.3843670883058157,-1.3843670883058157,True,0.9997288231303684,0.00027117686963163995
0.722351758032472,0.722351758032472,True,0.00011888291908901394,0.999881117080911
0.722351758032472,0.722351758032472,True,0.0002860940670041945,0.9997139059329958
0.722351758032472,0.722351758032472,True,0.0017748302146699535,0.99822516978533
-1.3843670883058157,-1.3843670883058157,True,0.9992825100768321,0.0007174899231678989
0.722351758032472,0.722351758032472,True,0.00023633535879341583,0.9997636646412066
0.722351758032472,0.722351758032472,True,0.0002464658246781326,0.9997535341753219
0.722351758032472,0.722351758032472,True,0.0008789462034447526,0.9991210537965552
-1.3843670883058157,-1.3843670883058157,True,0.999703085011662,0.00029691498833792193
0.722351758032472,0.722351758032472,True,0.001913753142185004,0.998086246857815
0.722351758032472,0.722351758032472,True,0.0027845429577451064,0.9972154570422549
0.722351758032472,0.722351758032472,True,0.00022156461838185315,0.9997784353816181
0.722351758032472,0.722351758032472,True,0.0003888823356490434,0.999611117664351
-1.3843670883058157,-1.3843670883058157,True,0.999661497430151,0.0003385025698490454
0.722351758032472,0.722351758032472,True,0.00042115115625973587,0.9995788488437403
0.722351758032472,0.722351758032472,True,0.00013960706396332068,0.9998603929360367
0.722351758032472,0.722351758032472,True,0.00036951096276793827,0.9996304890372321
0.722351758032472,0.722351758032472,True,0.000754776984858041,0.999245223015142
0.722351758032472,0.722351758032472,True,0.0005874893631141465,0.9994125106368859
0.722351758032472,0.722351758032472,True,0.00027369444514946384,0.9997263055548505
0.722351758032472,0.722351758032472,True,0.00031813056335050494,0.9996818694366495
-1.3843670883058157,-1.3843670883058157,True,0.9996183905031435,0.0003816094968565372
0.722351758032472,0.722351758032472,True,0.0004630917915002808,0.9995369082084997
0.722351758032472,0.722351758032472,True,0.0003392904035245392,0.9996607095964755
-1.3843670883058157,-1.3843670883058157,True,0.9997119425027599,0.0002880574972402001
0.722351758032472,0.722351758032472,True,0.0005757298526759547,0.999424270147324
-1.3843670883058157,-1.3843670883058157,True,0.9996429181178724,0.00035708188212753007
0.722351758032472,0.722351758032472,True,0.000411084731576139,0.9995889152684239
-1.3843670883058157,-1.3843670883058157,True,0.9994350093160528,0.0005649906839472526
0.722351758032472,0.722351758032472,True,0.00021537742911026392,0.9997846225708897
0.722351758032472,0.722351758032472,True,0.00015823719289942417,0.9998417628071006
-1.3843670883058157,-1.3843670883058157,True,0.9996769813257766,0.000323018674223336
0.722351758032472,0.722351758032472,True,0.00015034710414629782,0.9998496528958537
0.722351758032472,0.722351758032472,True,0.00039221631636598975,0.999607783683634
-1.3843670883058157,-1.3843670883058157,True,0.9996974701312461,0.000302529868753942
-1.3843670883058157,-1.3843670883058157,True,0.9996477924485501,0.00035220755144998913
-1.3843670883058157,-1.3843670883058157,True,0.9995671873874852,0.00043281261251486324
0.722351758032472,0.722351758032472,True,0.00022717978485398138,0.999772820215146
0.722351758032472,0.722351758032472,True,0.00020642316435759422,0.9997935768356424
0.722351758032472,0.722351758032472,True,0.00010324852790499772,0.999896751472095
-1.3843670883058157,-1.3843670883058157,True,0.999703085011662,0.00029691498833792193
0.722351758032472,0.722351758032472,True,0.00034434916740766486,0.9996556508325923
-1.3843670883058157,-1.3843670883058157,True,0.9995882090944415,0.000411790905558501
0.722351758032472,0.722351758032472,True,0.002907774045871947,0.997092225954128
-1.3843670883058157,-1.3843670883058157,True,0.9997228813940573,0.00027711860594271134
0.722351758032472,0.722351758032472,True,0.00034106444556991633,0.9996589355544301
-1.3843670883058157,-1.3843670883058157,True,0.999583182860689,0.000416817139310969
0.722351758032472,0.722351758032472,True,0.00010145267791761281,0.9998985473220824
0.722351758032472,0.722351758032472,True,0.0004988355073163309,0.9995011644926837
-1.3843670883058157,-1.3843670883058157,True,0.9995890869972572,0.00041091300274279015
-1.3843670883058157,-1.3843670883058157,True,0.9995675785322671,0.0004324214677328732
0.722351758032472,0.722351758032472,True,0.00017841299466392346,0.9998215870053361
0.722351758032472,0.722351758032472,True,0.0001488591463675304,0.9998511408536325
0.722351758032472,0.722351758032472,True,0.0004322030892540685,0.9995677969107459
-1.3843670883058157,-1.3843670883058157,True,0.9995720798974851,0.00042792010251486724
0.722351758032472,0.722351758032472,True,0.00023401519493126965,0.9997659848050687
-1.3843670883058157,-1.3843670883058157,True,0.9996151143839553,0.000384885616044667
-1.3843670883058157,-1.3843670883058157,True,0.9997158945811346,0.00028410541886540524
0.722351758032472,0.722351758032472,True,0.0013248089106058236,0.9986751910893942
0.722351758032472,0.722351758032472,True,0.007231125626100621,0.9927688743738994
-1.3843670883058157,-1.3843670883058157,True,0.9995554424215086,0.00044455757849139974
0.722351758032472,0.722351758032472,True,0.00010093981265935081,0.9998990601873406
0.722351758032472,0.722351758032472,True,0.017461755381539268,0.9825382446184607
0.722351758032472,0.722351758032472,True,0.00018014006790867398,0.9998198599320913
0.722351758032472,0.722351758032472,True,0.00047032019950643544,0.9995296798004936
-1.3843670883058157,-1.3843670883058157,True,0.9996597628760218,0.0003402371239782435
0.722351758032472,0.722351758032472,True,0.0007744974640074842,0.9992255025359925
0.722351758032472,0.722351758032472,True,0.00014563350284568788,0.9998543664971543
0.722351758032472,0.722351758032472,True,0.00025122350300499363,0.999748776496995
0.722351758032472,0.722351758032472,True,0.00011898461891790557,0.9998810153810821
0.722351758032472,0.722351758032472,True,0.00021054187678071212,0.9997894581232193
0.722351758032472,0.722351758032472,True,0.001642976110040606,0.9983570238899594
-1.3843670883058157,-1.3843670883058157,True,0.9995090650215543,0.0004909349784456709
-1.3843670883058157,-1.3843670883058157,True,0.9996549547889936,0.0003450452110064238
0.722351758032472,0.722351758032472,True,0.0006179437726370196,0.999382056227363
0.722351758032472,0.722351758032472,True,0.003424861269342938,0.9965751387306571
0.722351758032472,0.722351758032472,True,0.0003623747372538677,0.9996376252627461
0.722351758032472,0.722351758032472,True,0.0004716434825906557,0.9995283565174093
-1.3843670883058157,-1.3843670883058157,True,0.9997025500112839,0.0002974499887161122
0.722351758032472,0.722351758032472,True,0.00042466937526175474,0.9995753306247382
0.722351758032472,0.722351758032472,True,0.0007107330551742175,0.9992892669448258
0.722351758032472,0.722351758032472,True,0.0006621696811971445,0.9993378303188029
-1.3843670883058157,-1.3843670883058157,True,0.999399202090335,0.000600797909665103
0.722351758032472,0.722351758032472,True,0.00020555656669951627,0.9997944434333005
-1.3843670883058157,-1.3843670883058157,True,0.9997288231303684,0.00027117686963163995
0.722351758032472,0.722351758032472,True,0.0003397453143997309,0.9996602546856003
-1.3843670883058157,-1.3843670883058157,True,0.9996724881177964,0.0003275118822035389
-1.3843670883058157,-1.3843670883058157,True,0.999830390919994,0.0001696090800059846
0.722351758032472,0.722351758032472,True,0.00021054187678071212,0.9997894581232193
-1.3843670883058157,-1.3843670883058157,True,0.9994976175059991,0.0005023824940009053
0.722351758032472,0.722351758032472,True,0.00028272355090963597,0.9997172764490904
0.722351758032472,0.722351758032472,True,0.00023187316121886514,0.9997681268387811
0.722351758032472,0.722351758032472,True,0.0003124059144016256,0.9996875940855984
0.722351758032472,0.722351758032472,True,0.0031551341940529998,0.996844865805947
-1.3843670883058157,-1.3843670883058157,True,0.999693261836257,0.000306738163743034
-1.3843670883058157,-1.3843670883058157,True,0.999703085011662,0.00029691498833792193
0.722351758032472,0.722351758032472,True,0.00010457888824277894,0.9998954211117572
-1.3843670883058157,-1.3843670883058157,True,0.9996644306058066,0.00033556939419346636
-1.3843670883058157,-1.3843670883058157,True,0.9995989533074265,0.00040104669257344706
-1.3843670883058157,-1.3843670883058157,True,0.9995269167328821,0.00047308326711791336
0.722351758032472,0.722351758032472,True,0.00037915542700117655,0.9996208445729988
0.722351758032472,0.722351758032472,True,0.0002732008194199498,0.99972679918058
0.722351758032472,0.722351758032472,True,0.00021199074042610455,0.9997880092595739
-1.3843670883058157,-1.3843670883058157,True,0.9997011671333166,0.0002988328666834315
0.722351758032472,0.722351758032472,True,0.0002575245221942968,0.9997424754778057
-1.3843670883058157,-1.3843670883058157,True,0.9997653832769339,0.0002346167230661058
-1.3843670883058157,-1.3843670883058157,True,0.9996989547980791,0.0003010452019208882
-1.3843670883058157,-1.3843670883058157,True,0.9996571512111365,0.00034284878886344113
0.722351758032472,0.722351758032472,True,0.011060410305231638,0.9889395896947684
0.722351758032472,0.722351758032472,True,0.0006929381180621474,0.9993070618819379
0.722351758032472,0.722351758032472,True,0.0005874893631141465,0.9994125106368859
-1.3843670883058157,-1.3843670883058157,True,0.9996600719588598,0.0003399280411402789
0.722351758032472,0.722351758032472,True,0.00011517825654283609,0.9998848217434572
0.722351758032472,0.722351758032472,True,0.0003536189397334022,0.9996463810602666
-1.3843670883058157,-1.3843670883058157,True,0.999693261836257,0.000306738163743034
-1.3843670883058157,-1.3843670883058157,True,0.9996989547980791,0.0003010452019208882
-1.3843670883058157,-1.3843670883058157,True,0.9997288231303684,0.00027117686963163995
0.722351758032472,0.722351758032472,True,0.00018509372319430728,0.9998149062768057
0.722351758032472,0.722351758032472,True,0.00022318587256631162,0.9997768141274337
0.722351758032472,0.722351758032472,True,0.0002770740224501411,0.9997229259775499
0.722351758032472,0.722351758032472,True,0.000574691495111912,0.9994253085048881
0.722351758032472,0.722351758032472,True,0.00036520756150093536,0.9996347924384991
-1.3843670883058157,-1.3843670883058157,True,0.999703085011662,0.00029691498833792193
-1.3843670883058157,-1.3843670883058157,True,0.999703085011662,0.00029691498833792193
0.722351758032472,0.722351758032472,True,0.00014881050843718047,0.9998511894915628
-1.3843670883058157,-1.3843670883058157,True,0.9997288231303684,0.00027117686963163995
0.722351758032472,0.722351758032472,True,0.0025360505599459904,0.997463949440054
0.722351758032472,0.722351758032472,True,0.0003243320387347204,0.9996756679612653
0.722351758032472,0.722351758032472,True,0.00016916899852414957,0.9998308310014759
0.722351758032472,0.722351758032472,True,0.0030296021812074025,0.9969703978187926
0.722351758032472,0.722351758032472,True,0.0006038393618054139,0.9993961606381946
-1.3843670883058157,-1.3843670883058157,True,0.9996974701312461,0.000302529868753942
0.722351758032472,0.722351758032472,True,0.0006481234212702969,0.9993518765787297
-1.3843670883058157,-1.3843670883058157,True,0.999610021569605,0.000389978430394987
0.722351758032472,0.722351758032472,True,0.0006382457899077876,0.9993617542100922
0.722351758032472,0.722351758032472,True,0.0003633884643712282,0.9996366115356288
0.722351758032472,0.722351758032472,True,0.00019942791514737657,0.9998005720848526
-1.3843670883058157,-1.3843670883058157,True,0.9993693619656462,0.0006306380343538095
-1.3843670883058157,-1.3843670883058157,True,0.9996774770309736,0.00032252296902630944
0.722351758032472,0.722351758032472,True,0.00012378861033479627,0.9998762113896652
0.722351758032472,0.722351758032472,True,0.00027547221929880017,0.9997245277807012
-1.3843670883058157,-1.3843670883058157,True,0.999693261836257,0.000306738163743034
-1.3843670883058157,-1.3843670883058157,True,0.9993473092562831,0.0006526907437168309
0.722351758032472,0.722351758032472,True,0.000365787083007163,0.9996342129169928
-1.3843670883058157,-1.3843670883058157,True,0.9994846705729387,0.0005153294270613335
-1.3843670883058157,-1.3843670883058157,True,0.9996553436217247,0.0003446563782752609
-1.3843670883058157,-1.3843670883058157,True,0.9997558392058092,0.00024416079419071845
0.722351758032472,0.722351758032472,True,0.0009018078580975697,0.9990981921419024
-1.3843670883058157,-1.3843670883058157,True,0.9997158945811346,0.00028410541886540524
0.722351758032472,0.722351758032472,True,0.0003802935884640313,0.999619706411536
0.722351758032472,0.722351758032472,True,0.00013864750866943165,0.9998613524913306
-1.3843670883058157,-1.3843670883058157,True,0.9995661281380236,0.0004338718619763945
-1.3843670883058157,-1.3843670883058157,True,0.9997158945811346,0.00028410541886540524
0.722351758032472,0.722351758032472,True,0.00029732572692331427,0.9997026742730767
-1.3843670883058157,-1.3843670883058157,True,0.999477037079209,0.000522962920791016
-1.3843670883058157,-1.3843670883058157,True,0.9997288231303684,0.00027117686963163995
0.722351758032472,0.722351758032472,True,0.0002940359026925021,0.9997059640973075
-1.3843670883058157,-1.3843670883058157,True,0.9994857329769837,0.0005142670230162211
-1.3843670883058157,-1.3843670883058157,True,0.9991774797215218,0.0008225202784781513
0.722351758032472,0.722351758032472,True,0.0002969097025045109,0.9997030902974955
0.722351758032472,0.722351758032472,True,0.0002665971101153408,0.9997334028898847
0.722351758032472,0.722351758032472,True,0.05242365126353532,0.9475763487364647
0.722351758032472,0.722351758032472,True,0.00022569644546499568,0.999774303554535
0.722351758032472,0.722351758032472,True,0.00016713958186975741,0.9998328604181302
0.722351758032472,0.722351758032472,True,0.0004554292565834839,0.9995445707434165
0.722351758032472,0.722351758032472,True,0.0019700733035413753,0.9980299266964586
0.722351758032472,0.722351758032472,True,0.000393498681944604,0.9996065013180554
-1.3843670883058157,-1.3843670883058157,True,0.9996644306058066,0.0003355693941934657
-1.3843670883058157,-1.3843670883058157,True,0.9997158945811346,0.00028410541886540524
-1.3843670883058157,-1.3843670883058157,True,0.9993701584072727,0.0006298415927272605
-1.3843670883058157,-1.3843670883058157,True,0.9996644306058066,0.00033556939419346636
-1.3843670883058157,-1.3843670883058157,True,0.999643543004224,0.0003564569957760022
0.722351758032472,0.722351758032472,True,0.0003436554884502785,0.9996563445115497
-1.3843670883058157,-1.3843670883058157,True,0.999703085011662,0.00029691498833792193
0.722351758032472,0.722351758032472,True,0.00019489147396301032,0.999805108526037
0.722351758032472,0.722351758032472,True,0.0004512557853942889,0.9995487442146057
0.722351758032472,0.722351758032472,True,0.004958273421531434,0.9950417265784686
-1.3843670883058157,-1.3843670883058157,True,0.9996974701312461,0.000302529868753942
-1.3843670883058157,-1.3843670883058157,True,0.9997325436726232,0.00026745632737674416
-1.3843670883058157,-1.3843670883058157,True,0.9997158945811346,0.00028410541886540524
0.722351758032472,0.722351758032472,True,0.0011781960001148173,0.9988218039998852
0.722351758032472,0.722351758032472,True,0.0001604655755047535,0.9998395344244952
0.722351758032472,0.722351758032472,True,0.0028913626045993235,0.9971086373954007
0.722351758032472,0.722351758032472,True,0.0005882801990380049,0.999411719800962
0.722351758032472,0.722351758032472,True,0.00011517825654283609,0.9998848217434572
-1.3843670883058157,-1.3843670883058157,True,0.9994350093160528,0.0005649906839472526
0.722351758032472,0.722351758032472,True,0.00010760003596843593,0.9998923999640316
-1.3843670883058157,-1.3843670883058157,True,0.9996274725071678,0.0003725274928322303
-1.3843670883058157,-1.3843670883058157,True,0.9996974701312461,0.00030252986875394254
-1.3843670883058157,-1.3843670883058157,True,0.9996606569747231,0.0003393430252769007
0.722351758032472,0.722351758032472,True,0.0002806447649843502,0.9997193552350156
0.722351758032472,0.722351758032472,True,0.00011517825654283609,0.9998848217434572
0.722351758032472,0.722351758032472,True,0.000159778866643423,0.9998402211333566
-1.3843670883058157,-1.3843670883058157,True,0.9997332465639379,0.00026675343606203647
0.722351758032472,0.722351758032472,True,0.0077184182284729674,0.992281581771527
0.722351758032472,0.722351758032472,True,0.0013338475911999215,0.9986661524088001
0.722351758032472,0.722351758032472,True,0.00287879236463795,0.997121207635362
-1.3843670883058157,-1.3843670883058157,True,0.9996285751819416,0.0003714248180583893
0.722351758032472,0.722351758032472,True,0.00018431840223442908,0.9998156815977656
-1.3843670883058157,-1.3843670883058157,True,0.9996724881177964,0.0003275118822035389
0.722351758032472,0.722351758032472,True,0.00046270295876449374,0.9995372970412355
0.722351758032472,0.722351758032472,True,0.00019615355559443604,0.9998038464444056
-1.3843670883058157,-1.3843670883058157,True,0.9995924404093002,0.00040755959069983154
-1.3843670883058157,-1.3843670883058157,True,0.9996222908889291,0.00037770911107095983
0.722351758032472,0.722351758032472,True,0.0007636105866173359,0.9992363894133827
0.722351758032472,0.722351758032472,True,0.0007800382128538841,0.9992199617871461
0.722351758032472,0.722351758032472,True,0.04858145230937927,0.9514185476906207
-1.3843670883058157,-1.3843670883058157,True,0.9996028692271536,0.0003971307728464274
0.722351758032472,0.722351758032472,True,0.00010550099970974003,0.9998944990002903
0.722351758032472,0.722351758032472,True,0.0004974415120014841,0.9995025584879985
0.722351758032472,0.722351758032472,True,0.0006121600671010752,0.9993878399328989
-1.3843670883058157,-1.3843670883058157,True,0.999693261836257,0.000306738163743034
0.722351758032472,0.722351758032472,True,0.0003581713467226688,0.9996418286532773
-1.3843670883058157,-1.3843670883058157,True,0.9995488963396372,0.0004511036603628022
-1.3843670883058157,-1.3843670883058157,True,0.9993667605033478,0.0006332394966521705
-1.3843670883058157,-1.3843670883058157,True,0.9994544542669559,0.0005455457330440902
0.722351758032472,0.722351758032472,True,0.0005156301054551893,0.9994843698945448
-1.3843670883058157,-1.3843670883058157,True,0.9997325436726232,0.00026745632737674416
0.722351758032472,0.722351758032472,True,0.005069165717515589,0.9949308342824844
-1.3843670883058157,-1.3843670883058157,True,0.9997524426437511,0.00024755735624898314
0.722351758032472,0.722351758032472,True,0.00027952844623801987,0.999720471553762
-1.3843670883058157,-1.3843670883058157,True,0.9995098634708094,0.0004901365291906598
-1.3843670883058157,-1.3843670883058157,True,0.9995743748741528,0.00042562512584724403
0.722351758032472,0.722351758032472,True,0.00014881050843718047,0.9998511894915628
-1.3843670883058157,-1.3843670883058157,True,0.9996769813257766,0.0003230186742233366
-1.3843670883058157,-1.3843670883058157,True,0.9996213016757654,0.0003786983242346036
0.722351758032472,0.722351758032472,True,0.0005540509373009872,0.999445949062699
-1.3843670883058157,-1.3843670883058157,True,0.999693261836257,0.000306738163743034
0.722351758032472,0.722351758032472,True,0.00019731339843531703,0.9998026866015647
0.722351758032472,0.722351758032472,True,0.004549264035510259,0.9954507359644897
0.722351758032472,0.722351758032472,True,0.00030992195325407756,0.9996900780467459
0.722351758032472,0.722351758032472,True,0.0005373261154879572,0.999462673884512
0.722351758032472,0.722351758032472,True,0.0010372745971836128,0.9989627254028164
0.722351758032472,0.722351758032472,True,0.0005627455100642997,0.9994372544899357
0.722351758032472,0.722351758032472,True,0.00011464886827927678,0.9998853511317207
0.722351758032472,0.722351758032472,True,0.0002806447649843502,0.9997193552350156
0.722351758032472,0.722351758032472,True,0.0002974975048213313,0.9997025024951787
0.722351758032472,0.722351758032472,True,0.00027716832914403966,0.999722831670856
0.722351758032472,0.722351758032472,True,0.00010730633556166325,0.9998926936644383
0.722351758032472,0.722351758032472,True,8.740602276824383e-05,0.9999125939772318
0.722351758032472,0.722351758032472,True,0.0007460111228404509,0.9992539888771595
0.722351758032472,0.722351758032472,True,0.0017287613309477923,0.9982712386690522
-1.3843670883058157,-1.3843670883058157,True,0.9997332465639379,0.00026675343606203647
0.722351758032472,0.722351758032472,True,0.00026668359627812777,0.9997333164037219
-1.3843670883058157,-1.3843670883058157,True,0.9997119425027599,0.0002880574972402001
0.722351758032472,0.722351758032472,True,0.00015569815456761837,0.9998443018454324
-1.3843670883058157,-1.3843670883058157,True,0.9995411798200362,0.0004588201799638433
0.722351758032472,0.722351758032472,True,0.0003034302643157849,0.9996965697356842
0.722351758032472,0.722351758032472,True,0.0001339377649035578,0.9998660622350964
0.722351758032472,0.722351758032472,True,0.0007723820910432444,0.9992276179089568
-1.3843670883058157,-1.3843670883058157,True,0.9996644306058066,0.00033556939419346636
0.722351758032472,0.722351758032472,True,0.0002942512984684953,0.9997057487015315
-1.3843670883058157,-1.3843670883058157,True,0.999703085011662,0.00029691498833792193
0.722351758032472,0.722351758032472,True,0.0018537912063668616,0.9981462087936331
0.722351758032472,0.722351758032472,True,0.00033445607137727595,0.9996655439286227
0.722351758032472,0.722351758032472,True,0.0007335431174594342,0.9992664568825406
-1.3843670883058157,-1.3843670883058157,True,0.9996974701312461,0.000302529868753942
0.722351758032472,0.722351758032472,True,0.00017079898612137878,0.9998292010138786
0.722351758032472,0.722351758032472,True,0.00017571898862289714,0.9998242810113771
0.722351758032472,0.722351758032472,True,0.00020642316435759422,0.9997935768356424
0.722351758032472,0.722351758032472,True,0.000479424341303325,0.9995205756586967
0.722351758032472,0.722351758032472,True,0.025822362585981806,0.9741776374140182
0.722351758032472,0.722351758032472,True,0.00355024567923401,0.996449754320766
0.722351758032472,0.722351758032472,True,0.00017460410600378395,0.9998253958939962
-1.3843670883058157,-1.3843670883058157,True,0.9996054566313061,0.00039454336869396833
-1.3843670883058157,-1.3843670883058157,True,0.9995735104040263,0.00042648959597366593
0.722351758032472,0.722351758032472,True,0.00027369444514946384,0.9997263055548505
-1.3843670883058157,-1.3843670883058157,True,0.9995889007634088,0.00041109923659123434
0.722351758032472,0.722351758032472,True,0.0003985224174966051,0.9996014775825034
0.722351758032472,0.722351758032472,True,0.015119372513749951,0.98488062748625
0.722351758032472,0.722351758032472,True,0.00035487331124262056,0.9996451266887574
0.722351758032472,0.722351758032472,True,0.0003607586496059412,0.9996392413503941
0.722351758032472,0.722351758032472,True,0.00024845953295715706,0.9997515404670428
0.722351758032472,0.722351758032472,True,0.0026140599558034383,0.9973859400441966
0.722351758032472,0.722351758032472,True,0.0005171886594528274,0.9994828113405472
0.722351758032472,0.722351758032472,True,0.0010445188535247452,0.9989554811464753
-1.3843670883058157,-1.3843670883058157,True,0.9997106593639141,0.0002893406360858378
0.722351758032472,0.722351758032472,True,0.0002647682934369122,0.9997352317065631
0.722351758032472,0.722351758032472,True,0.00024010855213019155,0.9997598914478698
0.722351758032472,0.722351758032472,True,0.0005582721929551226,0.9994417278070449
-1.3843670883058157,-1.3843670883058157,True,0.9997288231303684,0.00027117686963163995
0.722351758032472,0.722351758032472,True,0.0003953880103687579,0.9996046119896312
0.722351758032472,0.722351758032472,True,0.0005092755123788928,0.9994907244876211
-1.3843670883058157,-1.3843670883058157,True,0.9996151487205152,0.0003848512794848706
0.722351758032472,0.722351758032472,True,0.0009567012947108156,0.9990432987052892
-1.3843670883058157,-1.3843670883058157,True,0.9994946395111065,0.0005053604888934598
0.722351758032472,0.722351758032472,True,0.00010550099970974003,0.9998944990002903
-1.3843670883058157,-1.3843670883058157,True,0.9995651816876382,0.00043481831236180565
0.722351758032472,0.722351758032472,True,0.0006227984677849019,0.9993772015322151
0.722351758032472,0.722351758032472,True,0.00010530275395248534,0.9998946972460475
0.722351758032472,0.722351758032472,True,0.0010557078660906605,0.9989442921339093
0.722351758032472,0.722351758032472,True,0.0005880614374580428,0.999411938562542
0.722351758032472,0.722351758032472,True,0.0001937057454136637,0.9998062942545863
0.722351758032472,0.722351758032472,True,0.0003269314560035985,0.9996730685439964
-1.3843670883058157,-1.3843670883058157,True,0.9995835898275183,0.0004164101724816918
-1.3843670883058157,-1.3843670883058157,True,0.9996054566313061,0.00039454336869396833
-1.3843670883058157,-1.3843670883058157,True,0.9994569704451169,0.0005430295548831096
0.722351758032472,0.722351758032472,True,0.0018715787708781795,0.9981284212291218
0.722351758032472,0.722351758032472,True,0.0002495626135337048,0.9997504373864663
-1.3843670883058157,-1.3843670883058157,True,0.9993066843867872,0.0006933156132128871
-1.3843670883058157,-1.3843670883058157,True,0.9996222908889291,0.00037770911107095983
0.722351758032472,0.722351758032472,True,0.00015325103725427613,0.9998467489627457
-1.3843670883058157,-1.3843670883058157,True,0.9993731671530122,0.0006268328469878428
0.722351758032472,0.722351758032472,True,0.000246483888572846,0.9997535161114272
0.722351758032472,0.722351758032472,True,0.00015665304686496295,0.999843346953135
0.722351758032472,0.722351758032472,True,0.00013395971608454182,0.9998660402839155
0.722351758032472,0.722351758032472,True,0.0013022174492201,0.9986977825507799
0.722351758032472,0.722351758032472,True,0.00043814965781052706,0.9995618503421895
0.722351758032472,0.722351758032472,True,0.00018014006790867398,0.9998198599320913
0.722351758032472,0.722351758032472,True,0.0006549581889675471,0.9993450418110325
0.722351758032472,0.722351758032472,True,0.00023696327584254995,0.9997630367241575
0.722351758032472,0.722351758032472,True,9.439579599501702e-05,0.999905604204005
-1.3843670883058157,-1.3843670883058157,True,0.999543418483829,0.00045658151617106077
0.722351758032472,0.722351758032472,True,0.00028775678315529074,0.9997122432168447
0.722351758032472,0.722351758032472,True,0.0007187606587522044,0.9992812393412478
-1.3843670883058157,-1.3843670883058157,True,0.999703085011662,0.00029691498833792193
-1.3843670883058157,-1.3843670883058157,True,0.999672372879649,0.00032762712035092854
0.722351758032472,0.722351758032472,True,0.0009141549469059429,0.9990858450530941
0.722351758032472,0.722351758032472,True,0.0011993690748561825,0.9988006309251438
0.722351758032472,0.722351758032472,True,0.0004356666816169863,0.999564333318383
0.722351758032472,0.722351758032472,True,0.00019183587299798077,0.999808164127002
0.722351758032472,0.722351758032472,True,0.0003749109518893512,0.9996250890481106
-1.3843670883058157,-1.3843670883058157,True,0.9996974701312461,0.00030252986875394254
-1.3843670883058157,-1.3843670883058157,True,0.9995684063732033,0.0004315936267966378
-1.3843670883058157,-1.3843670883058157,True,0.9997325436726232,0.00026745632737674416
-1.3843670883058157,-1.3843670883058157,True,0.9997325436726232,0.00026745632737674416
0.722351758032472,0.722351758032472,True,0.0004415038480223288,0.9995584961519777
0.722351758032472,0.722351758032472,True,0.000393734372650445,0.9996062656273496
0.722351758032472,0.722351758032472,True,0.007771177862964773,0.9922288221370352
0.722351758032472,0.722351758032472,True,0.00047545667154269555,0.9995245433284573
0.722351758032472,0.722351758032472,True,0.00028166886915070855,0.9997183311308493
-1.3843670883058157,-1.3843670883058157,True,0.9997513935231349,0.0002486064768650395
0.722351758032472,0.722351758032472,True,0.00026668359627812777,0.9997333164037219
0.722351758032472,0.722351758032472,True,0.00044109812445036756,0.9995589018755496
0.722351758032472,0.722351758032472,True,0.00042324351746203526,0.999576756482538
0.722351758032472,0.722351758032472,True,0.0004014451055317503,0.9995985548944682
-1.3843670883058157,-1.3843670883058157,True,0.9996600719588598,0.0003399280411402789
0.722351758032472,0.722351758032472,True,0.0019442470549582147,0.9980557529450418
-1.3843670883058157,-1.3843670883058157,True,0.9997119425027599,0.0002880574972402001
-1.3843670883058157,-1.3843670883058157,True,0.9996724881177964,0.0003275118822035389
-1.3843670883058157,-1.3843670883058157,True,0.999693261836257,0.000306738163743034
0.722351758032472,0.722351758032472,True,0.00010324852790499772,0.999896751472095
0.722351758032472,0.722351758032472,True,0.00018700668191273806,0.9998129933180873
-1.3843670883058157,-1.3843670883058157,True,0.999549681629021,0.00045031837097902154
0.722351758032472,0.722351758032472,True,0.00043856030727040807,0.9995614396927296
0.722351758032472,0.722351758032472,True,0.0001420765047358552,0.9998579234952641
0.722351758032472,0.722351758032472,True,8.842255495633555e-05,0.9999115774450437
-1.3843670883058157,-1.3843670883058157,True,0.9996204282816854,0.00037957171831455924
0.722351758032472,0.722351758032472,True,0.00011517825654283609,0.9998848217434572
-1.3843670883058157,-1.3843670883058157,True,0.9997119425027599,0.0002880574972402001
0.722351758032472,0.722351758032472,True,0.0005629317741056017,0.9994370682258944
-1.3843670883058157,-1.3843670883058157,True,0.9996274725071678,0.0003725274928322303
0.722351758032472,0.722351758032472,True,0.0002806447649843502,0.9997193552350156
0.722351758032472,0.722351758032472,True,0.012758122242550574,0.9872418777574494
0.722351758032472,0.722351758032472,True,0.00017079898612137878,0.9998292010138786
0.722351758032472,0.722351758032472,True,0.0001338478326005088,0.9998661521673995
-1.3843670883058157,-1.3843670883058157,True,0.9996644306058066,0.00033556939419346636
-1.3843670883058157,-1.3843670883058157,True,0.9997037131435639,0.0002962868564361187
0.722351758032472,0.722351758032472,True,0.000639724126809682,0.9993602758731903
0.722351758032472,0.722351758032472,True,0.0007784561266248602,0.9992215438733751
0.722351758032472,0.722351758032472,True,0.00039694263911871364,0.9996030573608813
0.722351758032472,0.722351758032472,True,0.0006033705121977206,0.9993966294878023
-1.3843670883058157,-1.3843670883058157,True,0.9993708537845363,0.0006291462154636887
-1.3843670883058157,-1.3843670883058157,True,0.9996974701312461,0.000302529868753942
0.722351758032472,0.722351758032472,True,0.0004692196260290826,0.9995307803739709
0.722351758032472,0.722351758032472,True,0.0009817050376715875,0.9990182949623284
0.722351758032472,0.722351758032472,True,0.00022573990134822086,0.9997742600986518
0.722351758032472,0.722351758032472,True,0.00047245594180467254,0.9995275440581953
-1.3843670883058157,-1.3843670883058157,True,0.9995394990260371,0.0004605009739629196
0.722351758032472,0.722351758032472,True,0.00019615355559443604,0.9998038464444056
0.722351758032472,0.722351758032472,True,0.00014881050843718047,0.9998511894915628
-1.3843670883058157,-1.3843670883058157,True,0.9992079930699045,0.0007920069300955274
0.722351758032472,0.722351758032472,True,0.000267082655056039,0.999732917344944
0.722351758032472,0.722351758032472,True,0.005483731326987762,0.9945162686730122
-1.3843670883058157,-1.3843670883058157,True,0.999779132882049,0.000220867117950968
0.722351758032472,0.722351758032472,True,0.00011317493068607742,0.9998868250693139
0.722351758032472,0.722351758032472,True,0.00010152910608207666,0.9998984708939179
0.722351758032472,0.722351758032472,True,0.00023187316121886514,0.9997681268387811
0.722351758032472,0.722351758032472,True,0.0003623747372538677,0.9996376252627461
0.722351758032472,0.722351758032472,True,0.00021953310086852973,0.9997804668991315
-1.3843670883058157,-1.3843670883058157,True,0.999693261836257,0.000306738163743034
0.722351758032472,0.722351758032472,True,0.13911174561516082,0.8608882543848392
0.722351758032472,0.722351758032472,True,0.00043599727405130295,0.9995640027259487
0.722351758032472,0.722351758032472,True,0.00018240611633002501,0.99981759388367
0.722351758032472,0.722351758032472,True,0.00027964597323748563,0.9997203540267625
0.722351758032472,0.722351758032472,True,0.00039496343182165994,0.9996050365681783
0.722351758032472,0.722351758032472,True,0.0001889187235719625,0.999811081276428
0.722351758032472,0.722351758032472,True,0.0003680302944610858,0.9996319697055389
0.722351758032472,0.722351758032472,True,0.00020642316435759422,0.9997935768356424
0.722351758032472,0.722351758032472,True,0.00010550099970974003,0.9998944990002903
-1.3843670883058157,-1.3843670883058157,True,0.999543418483829,0.00045658151617106077
-1.3843670883058157,-1.3843670883058157,True,0.9997158945811346,0.00028410541886540524
0.722351758032472,0.722351758032472,True,0.0009449043125979717,0.999055095687402
0.722351758032472,0.722351758032472,True,0.00010530275395248534,0.9998946972460475
0.722351758032472,0.722351758032472,True,0.0002081582702481155,0.9997918417297519
-1.3843670883058157,-1.3843670883058157,True,0.9996274725071678,0.0003725274928322303
-1.3843670883058157,-1.3843670883058157,True,0.9997325436726232,0.00026745632737674416
0.722351758032472,0.722351758032472,True,0.0007762741786530025,0.999223725821347
-1.3843670883058157,-1.3843670883058157,True,0.9997325436726232,0.00026745632737674416
0.722351758032472,0.722351758032472,True,0.0005835771169173665,0.9994164228830826
-1.3843670883058157,-1.3843670883058157,True,0.999693261836257,0.000306738163743034
0.722351758032472,0.722351758032472,True,0.00018877308140319293,0.9998112269185968
-1.3843670883058157,-1.3843670883058157,True,0.9997325436726232,0.00026745632737674416
0.722351758032472,0.722351758032472,True,0.00033692345184466177,0.9996630765481553
-1.3843670883058157,-1.3843670883058157,True,0.9994936488041507,0.0005063511958493358
-1.3843670883058157,-1.3843670883058157,True,0.9997325436726232,0.00026745632737674416
-1.3843670883058157,-1.3843670883058157,True,0.9993688014763662,0.0006311985236338284
-1.3843670883058157,-1.3843670883058157,True,0.9998100738348484,0.00018992616515151872
0.722351758032472,0.722351758032472,True,0.00400503030262489,0.9959949696973751
0.722351758032472,0.722351758032472,True,0.0002077540813816281,0.9997922459186184
0.722351758032472,0.722351758032472,True,0.0075173334064293496,0.9924826665935707
0.722351758032472,0.722351758032472,True,0.00019867094106329475,0.9998013290589367
0.722351758032472,0.722351758032472,True,0.0026361741648823767,0.9973638258351176
0.722351758032472,0.722351758032472,True,0.0003191328942253602,0.9996808671057746
0.722351758032472,0.722351758032472,True,0.00014563350284568788,0.9998543664971543
0.722351758032472,0.722351758032472,True,0.0005627455100642997,0.9994372544899357
-1.3843670883058157,-1.3843670883058157,True,0.9994563553582377,0.0005436446417622354
0.722351758032472,0.722351758032472,True,0.0015185804860059493,0.998481419513994
0.722351758032472,0.722351758032472,True,0.0002061458414052142,0.9997938541585948
-1.3843670883058157,-1.3843670883058157,True,0.999705631005175,0.0002943689948250208
0.722351758032472,0.722351758032472,True,0.0003412495533585691,0.9996587504466414
0.722351758032472,0.722351758032472,True,0.0003782844535363816,0.9996217155464636
0.722351758032472,0.722351758032472,True,0.000414097379835221,0.9995859026201648
-1.3843670883058157,-1.3843670883058157,True,0.9996385848354636,0.0003614151645363154
0.722351758032472,0.722351758032472,True,0.000258464279818571,0.9997415357201814
-1.3843670883058157,-1.3843670883058157,True,0.9996890095570836,0.00031099044291641495
-1.3843670883058157,-1.3843670883058157,True,0.9997325436726232,0.00026745632737674416
0.722351758032472,0.722351758032472,True,0.0003097212020031215,0.9996902787979969
0.722351758032472,0.722351758032472,True,0.0003587650745139337,0.9996412349254861
0.722351758032472,0.722351758032472,True,0.0018430726187527169,0.9981569273812473
0.722351758032472,0.722351758032472,True,0.00024845953295715706,0.9997515404670428
0.722351758032472,0.722351758032472,True,0.0004021998996109888,0.999597800100389
0.722351758032472,0.722351758032472,True,0.00014781514794870443,0.9998521848520513
-1.3843670883058157,-1.3843670883058157,True,0.9996597628760218,0.0003402371239782435
-1.3843670883058157,-1.3843670883058157,True,0.9997158945811346,0.00028410541886540524
0.722351758032472,0.722351758032472,True,0.000370331877850405,0.9996296681221496
0.722351758032472,0.722351758032472,True,0.0014133834969288772,0.9985866165030711
-1.3843670883058157,-1.3843670883058157,True,0.9996644306058066,0.0003355693941934657
0.722351758032472,0.722351758032472,True,0.0005570618350012602,0.9994429381649987
-1.3843670883058157,-1.3843670883058157,True,0.9996343786447823,0.0003656213552176482
0.722351758032472,0.722351758032472,True,0.00014505728074065694,0.9998549427192593
-1.3843670883058157,-1.3843670883058157,True,0.9996765410685953,0.00032345893140471235
0.722351758032472,0.722351758032472,True,0.00024035875975247922,0.9997596412402475
-1.3843670883058157,-1.3843670883058157,True,0.9996204282816854,0.00037957171831455924
-1.3843670883058157,-1.3843670883058157,True,0.9997248274862462,0.000275172513753752
0.722351758032472,0.722351758032472,True,0.0001624597574176878,0.9998375402425823
0.722351758032472,0.722351758032472,True,0.0003541090343291975,0.9996458909656708
0.722351758032472,0.722351758032472,True,0.0002082114894786935,0.9997917885105213
-1.3843670883058157,-1.3843670883058157,True,0.9996600719588598,0.0003399280411402789
0.722351758032472,0.722351758032472,True,0.00013792301684301123,0.999862076983157
0.722351758032472,0.722351758032472,True,0.00016352718018231016,0.9998364728198177
0.722351758032472,0.722351758032472,True,0.00022901698830779527,0.9997709830116922
0.722351758032472,0.722351758032472,True,0.00040962186971094106,0.9995903781302891
-1.3843670883058157,-1.3843670883058157,True,0.9996222908889291,0.00037770911107095983
0.722351758032472,0.722351758032472,True,0.00014881050843718047,0.9998511894915628
0.722351758032472,0.722351758032472,True,0.0001624597574176878,0.9998375402425823
0.722351758032472,0.722351758032472,True,0.00021881986689498145,0.999781180133105
-1.3843670883058157,-1.3843670883058157,True,0.9997158945811346,0.00028410541886540524
-1.3843670883058157,-1.3843670883058157,True,0.9997288231303684,0.00027117686963163995
-1.3843670883058157,-1.3843670883058157,True,0.9996222908889291,0.00037770911107095983
0.722351758032472,0.722351758032472,True,0.0003701928352121131,0.9996298071647879
-1.3843670883058157,-1.3843670883058157,True,0.9993754454356633,0.0006245545643366935
0.722351758032472,0.722351758032472,True,0.00026713118309196204,0.999732868816908
0.722351758032472,0.722351758032472,True,0.006673101269678239,0.9933268987303218
0.722351758032472,0.722351758032472,True,0.00020734690993506888,0.9997926530900649
-1.3843670883058157,-1.3843670883058157,True,0.9992378727779232,0.0007621272220768158
0.722351758032472,0.722351758032472,True,0.0002569231426816643,0.9997430768573183
0.722351758032472,0.722351758032472,True,0.0006146940631911457,0.9993853059368089
-1.3843670883058157,-1.3843670883058157,True,0.9995566135667027,0.00044338643329730194
0.722351758032472,0.722351758032472,True,0.0009019446723588231,0.9990980553276412
0.722351758032472,0.722351758032472,True,0.00027602069644561134,0.9997239793035544
0.722351758032472,0.722351758032472,True,0.0002699188114767548,0.9997300811885232
-1.3843670883058157,-1.3843670883058157,True,0.999538227613761,0.0004617723862389814
0.722351758032472,0.722351758032472,True,0.0002740292942817746,0.9997259707057182
-1.3843670883058157,-1.3843670883058157,True,0.9997119425027599,0.0002880574972402001
0.722351758032472,0.722351758032472,True,0.00026668359627812777,0.9997333164037219
-1.3843670883058157,-1.3843670883058157,True,0.9996974701312461,0.000302529868753942
0.722351758032472,0.722351758032472,True,0.00015972586356471918,0.9998402741364353
0.722351758032472,0.722351758032472,True,0.0002466750817631258,0.9997533249182369
-1.3843670883058157,-1.3843670883058157,True,0.9996974701312461,0.000302529868753942
-1.3843670883058157,-1.3843670883058157,True,0.999703085011662,0.00029691498833792193
0.722351758032472,0.722351758032472,True,0.0002540464805089737,0.999745953519491
0.722351758032472,0.722351758032472,True,0.00019731339843531703,0.9998026866015647
-1.3843670883058157,-1.3843670883058157,True,0.9996974701312461,0.000302529868753942
-1.3843670883058157,-1.3843670883058157,True,0.9996597628760218,0.0003402371239782435
-1.3843670883058157,-1.3843670883058157,True,0.9993612119444993,0.0006387880555007021
0.722351758032472,0.722351758032472,True,0.0015399355020762062,0.9984600644979238
0.722351758032472,0.722351758032472,True,0.002384410413359239,0.9976155895866408
0.722351758032472,0.722351758032472,True,0.00015310915462507513,0.9998468908453749
-1.3843670883058157,-1.3843670883058157,True,0.9997325436726232,0.00026745632737674416
0.722351758032472,0.722351758032472,True,0.00016600376804865036,0.9998339962319513
0.722351758032472,0.722351758032472,True,0.0003601906413046585,0.9996398093586953
0.722351758032472,0.722351758032472,True,0.00026175047833743026,0.9997382495216626
0.722351758032472,0.722351758032472,True,0.0006650490490542893,0.9993349509509457
-1.3843670883058157,-1.3843670883058157,True,0.999594723939796,0.0004052760602039734
-1.3843670883058157,-1.3843670883058157,True,0.9995017342356177,0.0004982657643822485
0.722351758032472,0.722351758032472,True,0.00017652059523542984,0.9998234794047646
0.722351758032472,0.722351758032472,True,0.0008505276024262098,0.9991494723975738
-1.3843670883058157,-1.3843670883058157,True,0.999643543004224,0.0003564569957760019
-1.3843670883058157,-1.3843670883058157,True,0.9996274725071678,0.0003725274928322303
0.722351758032472,0.722351758032472,True,0.0001408770585953345,0.9998591229414047
-1.3843670883058157,-1.3843670883058157,True,0.999703085011662,0.00029691498833792193
-1.3843670883058157,-1.3843670883058157,True,0.9996597628760218,0.0003402371239782435
0.722351758032472,0.722351758032472,True,0.00024014633395852414,0.9997598536660415
0.722351758032472,0.722351758032472,True,0.0006310221578613717,0.9993689778421386
0.722351758032472,0.722351758032472,True,0.00014705646362256353,0.9998529435363774
0.722351758032472,0.722351758032472,True,0.0007126344078017821,0.9992873655921982
0.722351758032472,0.722351758032472,True,0.0001310782408893152,0.9998689217591107
0.722351758032472,0.722351758032472,True,0.00024401241158023002,0.9997559875884198
0.722351758032472,0.722351758032472,True,0.0004957022862114302,0.9995042977137886
0.722351758032472,0.722351758032472,True,8.006199728693986e-05,0.9999199380027131
0.722351758032472,0.722351758032472,True,0.00027109644066292127,0.9997289035593371
-1.3843670883058157,-1.3843670883058157,True,0.9997153767657138,0.0002846232342862708
-1.3843670883058157,-1.3843670883058157,True,0.9996599166598868,0.00034008334011315235
0.722351758032472,0.722351758032472,True,0.0006981621756450007,0.999301837824355
0.722351758032472,0.722351758032472,True,0.002209947576325977,0.997790052423674
0.722351758032472,0.722351758032472,True,0.00035237526805143027,0.9996476247319486
-1.3843670883058157,-1.3843670883058157,True,0.9996379512603506,0.00036204873964943584
0.722351758032472,0.722351758032472,True,0.00046631130479579674,0.9995336886952042
0.722351758032472,0.722351758032472,True,0.006800566449540857,0.9931994335504591
0.722351758032472,0.722351758032472,True,0.0007035393534113865,0.9992964606465886
0.722351758032472,0.722351758032472,True,0.000399315303280412,0.9996006846967196
-1.3843670883058157,-1.3843670883058157,True,0.9997429426468059,0.0002570573531941688
0.722351758032472,0.722351758032472,True,0.00015225179205724526,0.9998477482079428
0.722351758032472,0.722351758032472,True,0.0001741476481653681,0.9998258523518346
0.722351758032472,0.722351758032472,True,0.0012550119901826307,0.9987449880098174
-1.3843670883058157,-1.3843670883058157,True,0.9996456799126209,0.0003543200873790689
0.722351758032472,0.722351758032472,True,0.00026668359627812777,0.9997333164037219
-1.3843670883058157,-1.3843670883058157,True,0.9997548044759161,0.00024519552408380806
0.722351758032472,0.722351758032472,True,0.0014220505454315413,0.9985779494545685
-1.3843670883058157,-1.3843670883058157,True,0.999643543004224,0.0003564569957760019
0.722351758032472,0.722351758032472,True,0.0002767684049307384,0.9997232315950693
-1.3843670883058157,-1.3843670883058157,True,0.9996222908889291,0.00037770911107095983
-1.3843670883058157,-1.3843670883058157,True,0.9996222908889291,0.00037770911107095983
0.722351758032472,0.722351758032472,True,0.0007793429947389185,0.9992206570052611
0.722351758032472,0.722351758032472,True,0.00023116701753633784,0.9997688329824637
0.722351758032472,0.722351758032472,True,0.00016974680173742485,0.9998302531982626
-1.3843670883058157,-1.3843670883058157,True,0.9995948336710041,0.0004051663289959044
0.722351758032472,0.722351758032472,True,0.00010148100164553142,0.9998985189983545
0.722351758032472,0.722351758032472,True,0.00019372284172747278,0.9998062771582725
0.722351758032472,0.722351758032472,True,0.0013434294380174627,0.9986565705619825
0.722351758032472,0.722351758032472,True,0.0005265291881959566,0.999473470811804
0.722351758032472,0.722351758032472,True,0.0001889187235719625,0.999811081276428
0.722351758032472,0.722351758032472,True,0.00011769095689617703,0.9998823090431038
0.722351758032472,0.722351758032472,True,0.0004321090902354996,0.9995678909097645
0.722351758032472,0.722351758032472,True,0.000246022147208258,0.9997539778527917
0.722351758032472,0.722351758032472,True,0.000159778866643423,0.9998402211333566
-1.3843670883058157,-1.3843670883058157,True,0.9995735104040263,0.00042648959597366593
0.722351758032472,0.722351758032472,True,0.0006449991547128331,0.9993550008452872
-1.3843670883058157,-1.3843670883058157,True,0.9996860914441301,0.0003139085558698463
0.722351758032472,0.722351758032472,True,0.00025026148753848343,0.9997497385124615
0.722351758032472,0.722351758032472,True,0.00016600376804865036,0.9998339962319513
0.722351758032472,0.722351758032472,True,9.947252182340716e-05,0.9999005274781766
0.722351758032472,0.722351758032472,True,0.0013381547496010837,0.9986618452503989
-1.3843670883058157,-1.3843670883058157,True,0.9996974701312461,0.000302529868753942
-1.3843670883058157,-1.3843670883058157,True,0.9995646317476629,0.000435368252337181
-1.3843670883058157,-1.3843670883058157,True,0.9995030467996393,0.0004969532003606888
-1.3843670883058157,-1.3843670883058157,True,0.9997548044759161,0.00024519552408380806
0.722351758032472,0.722351758032472,True,0.0001542573086782406,0.9998457426913218
0.722351758032472,0.722351758032472,True,0.003951796180170386,0.9960482038198296
0.722351758032472,0.722351758032472,True,0.000363084871488617,0.9996369151285114
0.722351758032472,0.722351758032472,True,0.00018878693469903673,0.999811213065301
0.722351758032472,0.722351758032472,True,0.0002002319681994047,0.9997997680318006
-1.3843670883058157,-1.3843670883058157,True,0.9996644306058066,0.00033556939419346636
0.722351758032472,0.722351758032472,True,0.00036973509429172324,0.9996302649057083
-1.3843670883058157,-1.3843670883058157,True,0.9997158945811346,0.00028410541886540524
0.722351758032472,0.722351758032472,True,0.004056810377948139,0.9959431896220519
0.722351758032472,0.722351758032472,True,0.00019111406690663912,0.9998088859330934
-1.3843670883058157,-1.3843670883058157,True,0.9996428933666799,0.0003571066333200803
0.722351758032472,0.722351758032472,True,0.0003985856102071139,0.9996014143897929
0.722351758032472,0.722351758032472,True,0.022234974032510735,0.9777650259674893
0.722351758032472,0.722351758032472,True,0.0048734026952285125,0.9951265973047715
0.722351758032472,0.722351758032472,True,0.0004248799772441636,0.9995751200227558
0.722351758032472,0.722351758032472,True,0.00036683136602422284,0.9996331686339758
0.722351758032472,0.722351758032472,True,0.0031795152944334992,0.9968204847055665
0.722351758032472,0.722351758032472,True,0.00024401241158023002,0.9997559875884198
0.722351758032472,0.722351758032472,True,0.00028269820392679,0.9997173017960732
0.722351758032472,0.722351758032472,True,0.00030199992903656714,0.9996980000709634
0.722351758032472,0.722351758032472,True,0.00022161527576236573,0.9997783847242376
0.722351758032472,0.722351758032472,True,0.0004421486830767929,0.9995578513169232
-1.3843670883058157,-1.3843670883058157,True,0.9996010282541499,0.00039897174585011124
0.722351758032472,0.722351758032472,True,0.00014563350284568788,0.9998543664971543
0.722351758032472,0.722351758032472,True,0.00042871116099751916,0.9995712888390025
0.722351758032472,0.722351758032472,True,0.0007197182380971334,0.9992802817619029
0.722351758032472,0.722351758032472,True,0.0016299299419119118,0.9983700700580881
0.722351758032472,0.722351758032472,True,0.00032049303416703534,0.999679506965833
0.722351758032472,0.722351758032472,True,0.0002470238280573023,0.9997529761719427
-1.3843670883058157,-1.3843670883058157,True,0.9996191336489446,0.00038086635105537834
-1.3843670883058157,-1.3843670883058157,True,0.9996369750469292,0.00036302495307081545
-1.3843670883058157,-1.3843670883058157,True,0.9996644306058066,0.00033556939419346636
-1.3843670883058157,-1.3843670883058157,True,0.9996769813257766,0.000323018674223336
-1.3843670883058157,-1.3843670883058157,True,0.9997281493406474,0.00027185065935259403
0.722351758032472,0.722351758032472,True,0.0005296835576560355,0.999470316442344
0.722351758032472,0.722351758032472,True,0.0003079797131426698,0.9996920202868573
0.722351758032472,0.722351758032472,True,0.00018488559254481451,0.9998151144074552
0.722351758032472,0.722351758032472,True,0.0002673548864164932,0.9997326451135835
0.722351758032472,0.722351758032472,True,7.83526117631439e-05,0.9999216473882369
-1.3843670883058157,-1.3843670883058157,True,0.9993952822293598,0.000604717770640248
0.722351758032472,0.722351758032472,True,0.00015993469840080987,0.9998400653015992
0.722351758032472,0.722351758032472,True,0.0005582721929551226,0.9994417278070449
0.722351758032472,0.722351758032472,True,0.00015310915462507513,0.9998468908453749
0.722351758032472,0.722351758032472,True,0.0014123935916759978,0.998587606408324
0.722351758032472,0.722351758032472,True,0.0006033705121977206,0.9993966294878023
-1.3843670883058157,-1.3843670883058157,True,0.9997513935231349,0.0002486064768650395
0.722351758032472,0.722351758032472,True,0.0002103707500517027,0.9997896292499483
-1.3843670883058157,-1.3843670883058157,True,0.9995219840153612,0.0004780159846388444
0.722351758032472,0.722351758032472,True,0.0003519639518445583,0.9996480360481554
0.722351758032472,0.722351758032472,True,0.00019867094106329475,0.9998013290589367
-1.3843670883058157,-1.3843670883058157,True,0.999673287786176,0.00032671221382394835
0.722351758032472,0.722351758032472,True,0.00015754692297698103,0.999842453077023
0.722351758032472,0.722351758032472,True,0.0004572449709306925,0.9995427550290693
0.722351758032472,0.722351758032472,True,0.0007934168809622388,0.9992065831190378
0.722351758032472,0.722351758032472,True,0.00019316099767507922,0.9998068390023249
-1.3843670883058157,-1.3843670883058157,True,0.999643543004224,0.0003564569957760019
-1.3843670883058157,-1.3843670883058157,True,0.9996989547980791,0.0003010452019208882
-1.3843670883058157,-1.3843670883058157,True,0.9997158945811346,0.00028410541886540524
-1.3843670883058157,-1.3843670883058157,True,0.9993101752635554,0.0006898247364446314
-1.3843670883058157,-1.3843670883058157,True,0.9996774770309736,0.00032252296902630944
-1.3843670883058157,-1.3843670883058157,True,0.9995017781220277,0.0004982218779723044
0.722351758032472,0.722351758032472,True,0.0004554292565834839,0.9995445707434165
0.722351758032472,0.722351758032472,True,0.0002369191138809068,0.9997630808861191
0.722351758032472,0.722351758032472,True,0.00019615355559443604,0.9998038464444056
0.722351758032472,0.722351758032472,True,0.00028654336734201813,0.999713456632658
-1.3843670883058157,-1.3843670883058157,True,0.9997466919606595,0.0002533080393405124
0.722351758032472,0.722351758032472,True,0.0005295082890257596,0.9994704917109742
0.722351758032472,0.722351758032472,True,0.0003163287721885677,0.9996836712278114
-1.3843670883058157,-1.3843670883058157,True,0.9997915074652857,0.00020849253471437966
0.722351758032472,0.722351758032472,True,0.00030610071097902924,0.999693899289021
0.722351758032472,0.722351758032472,True,0.0009430685596145683,0.9990569314403854
0.722351758032472,0.722351758032472,True,0.00010550099970974003,0.9998944990002903
0.722351758032472,0.722351758032472,True,0.00017530736822191084,0.9998246926317781
0.722351758032472,0.722351758032472,True,0.003185970106109992,0.99681402989389
0.722351758032472,0.722351758032472,True,0.007242661658296123,0.9927573383417039
0.722351758032472,0.722351758032472,True,0.001727628968876127,0.9982723710311239
-1.3843670883058157,-1.3843670883058157,True,0.999703085011662,0.00029691498833792193
-1.3843670883058157,-1.3843670883058157,True,0.9995526516699499,0.0004473483300501401
0.722351758032472,0.722351758032472,True,0.00023127071538053823,0.9997687292846195
0.722351758032472,0.722351758032472,True,0.012537824007842313,0.9874621759921577
0.722351758032472,0.722351758032472,True,0.0005556558937851452,0.9994443441062149
0.722351758032472,0.722351758032472,True,0.001783688510760384,0.9982163114892396
0.722351758032472,0.722351758032472,True,0.00020724286685047666,0.9997927571331495
-1.3843670883058157,-1.3843670883058157,True,0.9996644306058066,0.00033556939419346636
0.722351758032472,0.722351758032472,True,0.0006042395571402848,0.9993957604428597
-1.3843670883058157,-1.3843670883058157,True,0.9997621194524706,0.000237880547529432
-1.3843670883058157,-1.3843670883058157,True,0.9997106593639141,0.0002893406360858378
-1.3843670883058157,-1.3843670883058157,True,0.9996989547980791,0.0003010452019208882
-1.3843670883058157,-1.3843670883058157,True,0.999779132882049,0.000220867117950968
0.722351758032472,0.722351758032472,True,0.007824936833250473,0.9921750631667495
0.722351758032472,0.722351758032472,True,0.00018878693469903673,0.999811213065301
0.722351758032472,0.722351758032472,True,0.0008723436985023092,0.9991276563014977
-1.3843670883058157,-1.3843670883058157,True,0.9995182311202876,0.0004817688797123802
0.722351758032472,0.722351758032472,True,0.00012954047025104387,0.999870459529749
0.722351758032472,0.722351758032472,True,0.0002575245221942968,0.9997424754778057
0.722351758032472,0.722351758032472,True,0.0035602529725590193,0.996439747027441
0.722351758032472,0.722351758032472,True,0.0002846395992204265,0.9997153604007796
0.722351758032472,0.722351758032472,True,0.0005582721929551226,0.9994417278070449
-1.3843670883058157,-1.3843670883058157,True,0.9997106593639141,0.0002893406360858378
0.722351758032472,0.722351758032472,True,0.00022192214899696694,0.999778077851003
0.722351758032472,0.722351758032472,True,0.0008124723197207029,0.9991875276802793
-1.3843670883058157,-1.3843670883058157,True,0.9997325436726232,0.00026745632737674416
-1.3843670883058157,-1.3843670883058157,True,0.9996466134196637,0.0003533865803363054
-1.3843670883058157,-1.3843670883058157,True,0.9996724881177964,0.0003275118822035389
-1.3843670883058157,-1.3843670883058157,True,0.9997513935231349,0.0002486064768650395
0.722351758032472,0.722351758032472,True,7.7350721913505e-05,0.9999226492780865
0.722351758032472,0.722351758032472,True,0.0002806447649843502,0.9997193552350156
0.722351758032472,0.722351758032472,True,9.757691840772686e-05,0.9999024230815923
0.722351758032472,0.722351758032472,True,0.0003121603294296005,0.9996878396705704
-1.3843670883058157,-1.3843670883058157,True,0.9996769813257766,0.000323018674223336
0.722351758032472,0.722351758032472,True,0.00028269820392679,0.9997173017960732
0.722351758032472,0.722351758032472,True,0.00027404088798888004,0.9997259591120111
-1.3843670883058157,-1.3843670883058157,True,0.999693261836257,0.000306738163743034
0.722351758032472,0.722351758032472,True,0.0005232937887210687,0.9994767062112789
0.722351758032472,0.722351758032472,True,0.00016394200112612722,0.9998360579988739
-1.3843670883058157,-1.3843670883058157,True,0.99966442399354,0.000335576006459961
0.722351758032472,0.722351758032472,True,9.645515506628843e-05,0.9999035448449337
0.722351758032472,0.722351758032472,True,0.0002285895103592006,0.9997714104896408
-1.3843670883058157,-1.3843670883058157,True,0.9996553436217247,0.0003446563782752609
0.722351758032472,0.722351758032472,True,0.00044087046942031805,0.9995591295305797
0.722351758032472,0.722351758032472,True,0.002204863090732201,0.9977951369092678
-1.3843670883058157,-1.3843670883058157,True,0.9997119425027599,0.0002880574972402001
0.722351758032472,0.722351758032472,True,0.0007845304431473021,0.9992154695568527
0.722351758032472,0.722351758032472,True,0.00034057655488195504,0.999659423445118
0.722351758032472,0.722351758032472,True,0.00024845953295715706,0.9997515404670428
-1.3843670883058157,-1.3843670883058157,True,0.999399202090335,0.000600797909665103
-1.3843670883058157,-1.3843670883058157,True,0.9996242262819655,0.00037577371803449464
0.722351758032472,0.722351758032472,True,0.0006726293202201639,0.9993273706797798
0.722351758032472,0.722351758032472,True,0.00044036465231267474,0.9995596353476873
-1.3843670883058157,-1.3843670883058157,True,0.9996769813257766,0.0003230186742233366
0.722351758032472,0.722351758032472,True,0.0005035602155853969,0.9994964397844146
0.722351758032472,0.722351758032472,True,0.00030282082135091315,0.9996971791786491
-1.3843670883058157,-1.3843670883058157,True,0.9994021794726049,0.0005978205273951327
-1.3843670883058157,-1.3843670883058157,True,0.9996989547980791,0.0003010452019208882
-1.3843670883058157,-1.3843670883058157,True,0.9996274725071678,0.0003725274928322303
0.722351758032472,0.722351758032472,True,0.0004423462596615524,0.9995576537403384
0.722351758032472,0.722351758032472,True,0.000559999334208805,0.9994400006657912
0.722351758032472,0.722351758032472,True,0.00014729228181520337,0.9998527077181848
0.722351758032472,0.722351758032472,True,0.00012082093539689254,0.9998791790646031
0.722351758032472,0.722351758032472,True,0.00016875804785765336,0.9998312419521423
-1.3843670883058157,-1.3843670883058157,True,0.9996385848354636,0.0003614151645363154
0.722351758032472,0.722351758032472,True,0.00038549314248625954,0.9996145068575137
0.722351758032472,0.722351758032472,True,0.00026506033679607466,0.9997349396632039
0.722351758032472,0.722351758032472,True,0.0002844009890338173,0.9997155990109662
0.722351758032472,0.722351758032472,True,0.0003033344500216195,0.9996966655499784
0.722351758032472,0.722351758032472,True,0.00014563350284568788,0.9998543664971543
-1.3843670883058157,-1.3843670883058157,True,0.999703085011662,0.00029691498833792193
-1.3843670883058157,-1.3843670883058157,True,0.9997513935231349,0.0002486064768650395
0.722351758032472,0.722351758032472,True,0.00036422082954556956,0.9996357791704544
0.722351758032472,0.722351758032472,True,0.000584124732737834,0.9994158752672622
0.722351758032472,0.722351758032472,True,0.0020439382218085944,0.9979560617781914
-1.3843670883058157,-1.3843670883058157,True,0.9996644306058066,0.00033556939419346636
-1.3843670883058157,-1.3843670883058157,True,0.9996974701312461,0.000302529868753942
-1.3843670883058157,-1.3843670883058157,True,0.9996974701312461,0.000302529868753942
0.722351758032472,0.722351758032472,True,0.000492466823633908,0.9995075331763661
0.722351758032472,0.722351758032472,True,0.00031931454557387884,0.9996806854544261
0.722351758032472,0.722351758032472,True,0.0015850032917648083,0.9984149967082352
0.722351758032472,0.722351758032472,True,0.0023992016166078933,0.9976007983833921
0.722351758032472,0.722351758032472,True,0.00021294464229737464,0.9997870553577026
0.722351758032472,0.722351758032472,True,0.0003122407254607662,0.9996877592745392
-1.3843670883058157,-1.3843670883058157,True,0.9996974701312461,0.000302529868753942
0.722351758032472,0.722351758032472,True,0.00010530275395248534,0.9998946972460475
0.722351758032472,0.722351758032472,True,0.00020095235277983736,0.9997990476472202
0.722351758032472,0.722351758032472,True,0.00011727335328826083,0.9998827266467117
0.722351758032472,0.722351758032472,True,0.0014433523538550652,0.9985566476461449
0.722351758032472,0.722351758032472,True,0.00018409573506883437,0.9998159042649312
0.722351758032472,0.722351758032472,True,0.0009879001024931666,0.9990120998975068
0.722351758032472,0.722351758032472,True,0.0008175968854274851,0.9991824031145725
0.722351758032472,0.722351758032472,True,0.00024845953295715706,0.9997515404670428
0.722351758032472,0.722351758032472,True,0.0003870119199527178,0.9996129880800473
0.722351758032472,0.722351758032472,True,0.00015665304686496295,0.999843346953135
0.722351758032472,0.722351758032472,True,0.002420009554441993,0.997579990445558
0.722351758032472,0.722351758032472,True,0.00033832639735642545,0.9996616736026436
0.722351758032472,0.722351758032472,True,0.0005442080557874762,0.9994557919442125
0.722351758032472,0.722351758032472,True,0.000602942580716137,0.9993970574192839
-1.3843670883058157,-1.3843670883058157,True,0.9997158945811346,0.00028410541886540524
0.722351758032472,0.722351758032472,True,0.00032136483654232606,0.9996786351634577
0.722351758032472,0.722351758032472,True,0.00027683701065917,0.9997231629893408
-1.3843670883058157,-1.3843670883058157,True,0.9996229422606571,0.0003770577393429183
-1.3843670883058157,-1.3843670883058157,True,0.9996151487205152,0.0003848512794848706
0.722351758032472,0.722351758032472,True,0.0012776539325952685,0.9987223460674047
-1.3843670883058157,-1.3843670883058157,True,0.9998298254003024,0.0001701745996976321
0.722351758032472,0.722351758032472,True,0.0006751521400142346,0.9993248478599858
-1.3843670883058157,-1.3843670883058157,True,0.999750167404118,0.00024983259588192433
-1.3843670883058157,-1.3843670883058157,True,0.9996989547980791,0.0003010452019208882
0.722351758032472,0.722351758032472,True,0.00024845953295715706,0.9997515404670428
-1.3843670883058157,-1.3843670883058157,True,0.9997325436726232,0.00026745632737674416
-1.3843670883058157,-1.3843670883058157,True,0.9997002251440315,0.0002997748559685082
0.722351758032472,0.722351758032472,True,0.00021054187678071212,0.9997894581232193
-1.3843670883058157,-1.3843670883058157,True,0.9995677755223656,0.0004322244776343404
0.722351758032472,0.722351758032472,True,0.0002589824392318363,0.9997410175607682
-1.3843670883058157,-1.3843670883058157,True,0.9997119425027599,0.0002880574972402001
0.722351758032472,0.722351758032472,True,9.394040928034642e-05,0.9999060595907197
0.722351758032472,0.722351758032472,True,0.00022053149769662994,0.9997794685023034
-1.3843670883058157,-1.3843670883058157,True,0.9996769813257766,0.000323018674223336
0.722351758032472,0.722351758032472,True,0.00326994382569612,0.9967300561743039
0.722351758032472,0.722351758032472,True,0.0002812579034066065,0.9997187420965934
0.722351758032472,0.722351758032472,True,0.0001396159347482051,0.9998603840652518
-1.3843670883058157,-1.3843670883058157,True,0.9997051149299839,0.0002948850700160624
0.722351758032472,0.722351758032472,True,0.00011517825654283609,0.9998848217434572
-1.3843670883058157,-1.3843670883058157,True,0.9993100855130947,0.000689914486905203
0.722351758032472,0.722351758032472,True,0.001628108093015057,0.9983718919069849
-1.3843670883058157,-1.3843670883058157,True,0.9995740297953751,0.0004259702046248822
-1.3843670883058157,-1.3843670883058157,True,0.9994384179163373,0.0005615820836627261
0.722351758032472,0.722351758032472,True,0.0004423455496777029,0.9995576544503223
0.722351758032472,0.722351758032472,True,0.00016824194512732316,0.9998317580548727
0.722351758032472,0.722351758032472,True,0.0007024032298789118,0.9992975967701211
0.722351758032472,0.722351758032472,True,0.007136334516735565,0.9928636654832644
-1.3843670883058157,-1.3843670883058157,True,0.9997325436726232,0.00026745632737674416
0.722351758032472,0.722351758032472,True,0.0005225675015093634,0.9994774324984906
0.722351758032472,0.722351758032472,True,0.00016129190058866705,0.9998387080994113
-1.3843670883058157,-1.3843670883058157,True,0.9997465637911015,0.00025343620889846645
0.722351758032472,0.722351758032472,True,0.00011517825654283609,0.9998848217434572
-1.3843670883058157,-1.3843670883058157,True,0.9997190264791643,0.0002809735208357127
0.722351758032472,0.722351758032472,True,0.00024401241158023002,0.9997559875884198
0.722351758032472,0.722351758032472,True,0.00167994787151593,0.9983200521284841
0.722351758032472,0.722351758032472,True,0.00033572004344850637,0.9996642799565515
-1.3843670883058157,-1.3843670883058157,True,0.9996477924485501,0.00035220755144998913
-1.3843670883058157,-1.3843670883058157,True,0.9995480386467852,0.000451961353214797
-1.3843670883058157,-1.3843670883058157,True,0.9996600719588598,0.0003399280411402789
0.722351758032472,0.722351758032472,True,0.0006123987089586835,0.9993876012910413
0.722351758032472,0.722351758032472,True,0.00021054187678071212,0.9997894581232193
-1.3843670883058157,-1.3843670883058157,True,0.9996974701312461,0.000302529868753942
-1.3843670883058157,-1.3843670883058157,True,0.9996974701312461,0.000302529868753942
0.722351758032472,0.722351758032472,True,0.00011883147768265712,0.9998811685223173
-1.3843670883058157,-1.3843670883058157,True,0.9993394718170433,0.0006605281829567302
0.722351758032472,0.722351758032472,True,0.0005866830573969528,0.999413316942603
0.722351758032472,0.722351758032472,True,0.0012138056164016087,0.9987861943835984
0.722351758032472,0.722351758032472,True,0.00027658883266590273,0.9997234111673341
0.722351758032472,0.722351758032472,True,0.000256501569876999,0.999743498430123
0.722351758032472,0.722351758032472,True,0.0002756379654068608,0.9997243620345931
0.722351758032472,0.722351758032472,True,0.0012305784065985703,0.9987694215934014
0.722351758032472,0.722351758032472,True,0.0002383230499394262,0.9997616769500606
0.722351758032472,0.722351758032472,True,0.0030193281948860395,0.996980671805114
-1.3843670883058157,-1.3843670883058157,True,0.9994065048471658,0.0005934951528342051
-1.3843670883058157,-1.3843670883058157,True,0.999703085011662,0.00029691498833792193
0.722351758032472,0.722351758032472,True,0.0001408770585953345,0.9998591229414047
0.722351758032472,0.722351758032472,True,0.0003252004376256279,0.9996747995623744
-1.3843670883058157,-1.3843670883058157,True,0.9996769813257766,0.000323018674223336
0.722351758032472,0.722351758032472,True,0.0009183971453849971,0.999081602854615
0.722351758032472,0.722351758032472,True,0.00021959824608897005,0.999780401753911
0.722351758032472,0.722351758032472,True,0.0004598797306218927,0.9995401202693781
-1.3843670883058157,0.722351758032472,False,0.006855381830955909,0.9931446181690441
0.722351758032472,0.722351758032472,True,0.0007947558895600171,0.99920524411044
0.722351758032472,0.722351758032472,True,0.00021740767573730224,0.9997825923242627
0.722351758032472,0.722351758032472,True,0.0002726224774003416,0.9997273775225997
0.722351758032472,0.722351758032472,True,0.0002614477405089577,0.999738552259491
0.722351758032472,0.722351758032472,True,0.0026164593327009378,0.9973835406672991
0.722351758032472,0.722351758032472,True,0.000522006653900231,0.9994779933460998
0.722351758032472,0.722351758032472,True,0.0002399262022273474,0.9997600737977727
0.722351758032472,0.722351758032472,True,0.0003262169130989756,0.999673783086901
-1.3843670883058157,-1.3843670883058157,True,0.9996989547980791,0.0003010452019208882
0.722351758032472,0.722351758032472,True,0.0014060070290771165,0.9985939929709229
-1.3843670883058157,-1.3843670883058157,True,0.9997158945811346,0.00028410541886540524
-1.3843670883058157,-1.3843670883058157,True,0.9997325436726232,0.00026745632737674416
0.722351758032472,0.722351758032472,True,0.0005598349688376025,0.9994401650311624
0.722351758032472,0.722351758032472,True,0.00021054187678071212,0.9997894581232193
0.722351758032472,0.722351758032472,True,0.0005627455100642997,0.9994372544899357
-1.3843670883058157,-1.3843670883058157,True,0.9997288231303684,0.00027117686963163995
0.722351758032472,0.722351758032472,True,0.00020983599987289825,0.9997901640001271
0.722351758032472,0.722351758032472,True,8.75198735431626e-05,0.9999124801264568
0.722351758032472,0.722351758032472,True,0.0025530925097875246,0.9974469074902125
0.722351758032472,0.722351758032472,True,0.0004978028176428895,0.9995021971823571
0.722351758032472,0.722351758032472,True,0.0007964903368501419,0.9992035096631499
0.722351758032472,0.722351758032472,True,0.0003262169130989756,0.999673783086901
0.722351758032472,0.722351758032472,True,0.00040465456423011137,0.9995953454357699
0.722351758032472,0.722351758032472,True,0.0012339372355529843,0.998766062764447
0.722351758032472,0.722351758032472,True,0.00013218752453758587,0.9998678124754624
-1.3843670883058157,-1.3843670883058157,True,0.9999157431970644,8.425680293558789e-05
0.722351758032472,0.722351758032472,True,0.0004785039994532614,0.9995214960005467
0.722351758032472,0.722351758032472,True,0.00036413623109976534,0.9996358637689002
0.722351758032472,0.722351758032472,True,0.00016870245804401218,0.999831297541956
0.722351758032472,0.722351758032472,True,0.00047934953010919656,0.9995206504698908
-1.3843670883058157,-1.3843670883058157,True,0.9996644306058066,0.00033556939419346636
0.722351758032472,0.722351758032472,True,0.0006277485686153605,0.9993722514313846
0.722351758032472,0.722351758032472,True,0.0003151798440124143,0.9996848201559876
-1.3843670883058157,0.722351758032472,False,0.3181965426356651,0.6818034573643349
0.722351758032472,0.722351758032472,True,0.0006865730884426657,0.9993134269115573
0.722351758032472,0.722351758032472,True,0.0003262169130989756,0.999673783086901
-1.3843670883058157,0.722351758032472,False,0.013015132297885534,0.9869848677021145
0.722351758032472,0.722351758032472,True,0.014258860733103229,0.9857411392668968
0.722351758032472,0.722351758032472,True,0.0006865730884426657,0.9993134269115573
-1.3843670883058157,-1.3843670883058157,True,0.9992923496925388,0.0007076503074611737
-1.3843670883058157,-1.3843670883058157,True,0.99990529449617,9.470550382991755e-05
-1.3843670883058157,-1.3843670883058157,True,0.9995847472434793,0.0004152527565206351
-1.3843670883058157,-1.3843670883058157,True,0.9996342543970467,0.0003657456029532991
-1.3843670883058157,-1.3843670883058157,True,0.9997295357968466,0.0002704642031533663
0.722351758032472,0.722351758032472,True,0.00030496019899572957,0.9996950398010043
0.722351758032472,0.722351758032472,True,0.000393498681944604,0.9996065013180554
-1.3843670883058157,-1.3843670883058157,True,0.9996644306058066,0.00033556939419346636
-1.3843670883058157,-1.3843670883058157,True,0.9995515728709665,0.0004484271290335288
0.722351758032472,0.722351758032472,True,0.00010760003596843593,0.9998923999640316
-1.3843670883058157,-1.3843670883058157,True,0.9996274725071678,0.0003725274928322303
0.722351758032472,0.722351758032472,True,0.00039037019834320397,0.9996096298016568
0.722351758032472,0.722351758032472,True,0.0007062343893292633,0.9992937656106707
0.722351758032472,0.722351758032472,True,0.00014069492977064613,0.9998593050702294
0.722351758032472,0.722351758032472,True,0.00010164262458334239,0.9998983573754167
-1.3843670883058157,-1.3843670883058157,True,0.999584944147098,0.00041505585290204034
0.722351758032472,0.722351758032472,True,0.000304441326174687,0.9996955586738253
0.722351758032472,0.722351758032472,True,0.00012952737026428185,0.9998704726297357
0.722351758032472,0.722351758032472,True,0.0005850743305196859,0.9994149256694803
-1.3843670883058157,-1.3843670883058157,True,0.999451781901954,0.0005482180980459941
-1.3843670883058157,-1.3843670883058157,True,0.9994216867939508,0.0005783132060491744
-1.3843670883058157,-1.3843670883058157,True,0.9997288231303684,0.00027117686963163995
0.722351758032472,0.722351758032472,True,0.0006968205344017875,0.9993031794655982
0.722351758032472,0.722351758032472,True,0.00014128467522267485,0.9998587153247773
-1.3843670883058157,-1.3843670883058157,True,0.9997231422495704,0.000276857750429614
0.722351758032472,0.722351758032472,True,0.0004979265574669434,0.9995020734425331
0.722351758032472,0.722351758032472,True,0.00031800844239981974,0.9996819915576002
0.722351758032472,0.722351758032472,True,0.00038219406815620527,0.9996178059318438
0.722351758032472,0.722351758032472,True,0.0002879562261666191,0.9997120437738334
-1.3843670883058157,-1.3843670883058157,True,0.9996989547980791,0.0003010452019208882
-1.3843670883058157,-1.3843670883058157,True,0.9996974701312461,0.000302529868753942
0.722351758032472,0.722351758032472,True,0.0003471089598378052,0.9996528910401622
-1.3843670883058157,-1.3843670883058157,True,0.9996720417386219,0.00032795826137807673
0.722351758032472,0.722351758032472,True,0.0006968205344017875,0.9993031794655982
0.722351758032472,0.722351758032472,True,0.01582198730568729,0.9841780126943127
0.722351758032472,0.722351758032472,True,0.00014563350284568788,0.9998543664971543
-1.3843670883058157,-1.3843670883058157,True,0.999703085011662,0.00029691498833792193
-1.3843670883058157,-1.3843670883058157,True,0.9995876697575553,0.0004123302424447399
0.722351758032472,0.722351758032472,True,0.00011517825654283609,0.9998848217434572
0.722351758032472,0.722351758032472,True,0.00022156461838185315,0.9997784353816181
-1.3843670883058157,-1.3843670883058157,True,0.9996600719588598,0.0003399280411402789
0.722351758032472,0.722351758032472,True,0.0004905404668539282,0.9995094595331461
0.722351758032472,0.722351758032472,True,0.0003074514280311247,0.9996925485719689
0.722351758032472,0.722351758032472,True,0.00043536581682324105,0.9995646341831768
0.722351758032472,0.722351758032472,True,0.00019615355559443604,0.9998038464444056
-1.3843670883058157,-1.3843670883058157,True,0.9995882090944415,0.000411790905558501
-1.3843670883058157,-1.3843670883058157,True,0.9996865411633712,0.0003134588366288435
0.722351758032472,0.722351758032472,True,0.0005766875488434353,0.9994233124511566
-1.3843670883058157,-1.3843670883058157,True,0.9995133867897398,0.00048661321026019635
0.722351758032472,0.722351758032472,True,0.00020371448748235377,0.9997962855125176
0.722351758032472,0.722351758032472,True,0.001843187364145682,0.9981568126358543
0.722351758032472,0.722351758032472,True,0.016671857106462018,0.983328142893538
-1.3843670883058157,-1.3843670883058157,True,0.9995210728679802,0.00047892713201976565
-1.3843670883058157,-1.3843670883058157,True,0.9997325436726232,0.00026745632737674416
-1.3843670883058157,-1.3843670883058157,True,0.9996374933229024,0.0003625066770976403
0.722351758032472,0.722351758032472,True,0.0002972040072174442,0.9997027959927826
0.722351758032472,0.722351758032472,True,0.00030423122118627965,0.9996957687788137
0.722351758032472,0.722351758032472,True,0.0002523570175790857,0.9997476429824209
0.722351758032472,0.722351758032472,True,0.0031514993088448406,0.9968485006911552
0.722351758032472,0.722351758032472,True,0.0006618745654670688,0.9993381254345329
0.722351758032472,0.722351758032472,True,0.0006652813759563392,0.9993347186240437
-1.3843670883058157,-1.3843670883058157,True,0.9996274725071678,0.0003725274928322303
0.722351758032472,0.722351758032472,True,0.0002368335519117304,0.9997631664480883
0.722351758032472,0.722351758032472,True,0.00023572753220535425,0.9997642724677946
0.722351758032472,0.722351758032472,True,0.001308596061507461,0.9986914039384925
0.722351758032472,0.722351758032472,True,0.00034396320631779886,0.9996560367936822
0.722351758032472,0.722351758032472,True,0.0001490807364668001,0.9998509192635332
-1.3843670883058157,-1.3843670883058157,True,0.9997548044759161,0.00024519552408380806
0.722351758032472,0.722351758032472,True,0.0006609229135189354,0.9993390770864811
0.722351758032472,0.722351758032472,True,0.0007800382128538841,0.9992199617871461
-1.3843670883058157,0.722351758032472,False,0.0012733005476576187,0.9987266994523424
0.722351758032472,0.722351758032472,True,0.000159778866643423,0.9998402211333566
0.722351758032472,0.722351758032472,True,0.000500222087560287,0.9994997779124397
-1.3843670883058157,-1.3843670883058157,True,0.9996853086281231,0.00031469137187691704
0.722351758032472,0.722351758032472,True,0.00015665304686496295,0.999843346953135
0.722351758032472,0.722351758032472,True,0.002316416413173372,0.9976835835868266
-1.3843670883058157,-1.3843670883058157,True,0.9996724881177964,0.0003275118822035389
0.722351758032472,0.722351758032472,True,0.00013722581142550094,0.9998627741885745
0.722351758032472,0.722351758032472,True,0.0003030301857451789,0.9996969698142548
0.722351758032472,0.722351758032472,True,0.00014881050843718047,0.9998511894915628
-1.3843670883058157,-1.3843670883058157,True,0.9997521294848525,0.0002478705151475498
-1.3843670883058157,-1.3843670883058157,True,0.9997288231303684,0.00027117686963163995
0.722351758032472,0.722351758032472,True,0.00021054187678071212,0.9997894581232193
0.722351758032472,0.722351758032472,True,0.0004964131181217635,0.9995035868818782
0.722351758032472,0.722351758032472,True,0.00015665304686496295,0.999843346953135
0.722351758032472,0.722351758032472,True,0.00022588936671885662,0.9997741106332811
-1.3843670883058157,-1.3843670883058157,True,0.9996774770309736,0.00032252296902630944
0.722351758032472,0.722351758032472,True,0.0001790051964726258,0.9998209948035274
0.722351758032472,0.722351758032472,True,0.00044825929238379025,0.9995517407076162
-1.3843670883058157,-1.3843670883058157,True,0.9995334061347503,0.0004665938652496737
0.722351758032472,0.722351758032472,True,0.00022318587256631162,0.9997768141274337
-1.3843670883058157,-1.3843670883058157,True,0.999693261836257,0.000306738163743034
0.722351758032472,0.722351758032472,True,0.00023127071538053823,0.9997687292846195
0.722351758032472,0.722351758032472,True,0.0002051084514365087,0.9997948915485635
-1.3843670883058157,-1.3843670883058157,True,0.9996553436217247,0.0003446563782752609
-1.3843670883058157,-1.3843670883058157,True,0.9993485307719813,0.0006514692280187083
0.722351758032472,0.722351758032472,True,0.0006196191965396336,0.9993803808034604
0.722351758032472,0.722351758032472,True,0.000300474757606195,0.9996995252423938
0.722351758032472,0.722351758032472,True,0.00010622420090045104,0.9998937757990995
0.722351758032472,0.722351758032472,True,0.00019785292865925896,0.9998021470713407
0.722351758032472,0.722351758032472,True,0.0002816482274047294,0.9997183517725953
0.722351758032472,0.722351758032472,True,0.00023797664639979565,0.9997620233536002
-1.3843670883058157,-1.3843670883058157,True,0.9994556416017165,0.0005443583982835053
-1.3843670883058157,-1.3843670883058157,True,0.9995409475550343,0.00045905244496564516
0.722351758032472,0.722351758032472,True,0.00026216352676899923,0.999737836473231
-1.3843670883058157,-1.3843670883058157,True,0.9995064867819772,0.0004935132180227912
-1.3843670883058157,-1.3843670883058157,True,0.9996974701312461,0.000302529868753942
-1.3843670883058157,-1.3843670883058157,True,0.999589571768581,0.00041042823141901406
0.722351758032472,0.722351758032472,True,0.0004267153080652619,0.9995732846919347
-1.3843670883058157,-1.3843670883058157,True,0.9993026330111565,0.0006973669888434878
0.722351758032472,0.722351758032472,True,0.0009441038148020331,0.999055896185198
0.722351758032472,0.722351758032472,True,0.0006146940631911457,0.9993853059368089
0.722351758032472,0.722351758032472,True,0.00020256928731154922,0.9997974307126885
-1.3843670883058157,-1.3843670883058157,True,0.9996974701312461,0.000302529868753942
0.722351758032472,0.722351758032472,True,0.0016535979215221985,0.9983464020784778
-1.3843670883058157,-1.3843670883058157,True,0.9996974701312461,0.000302529868753942
0.722351758032472,0.722351758032472,True,8.427995998327997e-05,0.9999157200400167
-1.3843670883058157,-1.3843670883058157,True,0.9996381354868805,0.0003618645131194535
-1.3843670883058157,-1.3843670883058157,True,0.9993805125866566,0.0006194874133433747
0.722351758032472,0.722351758032472,True,0.0008278074167727967,0.9991721925832272
0.722351758032472,0.722351758032472,True,0.00012378861033479627,0.9998762113896652
0.722351758032472,0.722351758032472,True,0.002721351438884523,0.9972786485611155
0.722351758032472,0.722351758032472,True,0.0003102756567806564,0.9996897243432193
0.722351758032472,0.722351758032472,True,0.00020859695230879272,0.9997914030476912
-1.3843670883058157,-1.3843670883058157,True,0.9996974701312461,0.000302529868753942
-1.3843670883058157,-1.3843670883058157,True,0.9995180137901559,0.0004819862098440706
0.722351758032472,0.722351758032472,True,0.00019615355559443604,0.9998038464444056
0.722351758032472,0.722351758032472,True,0.00035591263969314557,0.9996440873603069
0.722351758032472,0.722351758032472,True,0.00040815473720090534,0.9995918452627991
0.722351758032472,0.722351758032472,True,0.00016600376804865036,0.9998339962319513
0.722351758032472,0.722351758032472,True,0.0003121825387024657,0.9996878174612975
-1.3843670883058157,-1.3843670883058157,True,0.999703085011662,0.0002969149883379214
0.722351758032472,0.722351758032472,True,0.0003220140648020342,0.999677985935198
0.722351758032472,0.722351758032472,True,0.0004014339126677813,0.9995985660873322
-1.3843670883058157,-1.3843670883058157,True,0.9994011832820647,0.0005988167179352692
0.722351758032472,0.722351758032472,True,0.00017460410600378395,0.9998253958939962
-1.3843670883058157,-1.3843670883058157,True,0.9996011864838498,0.0003988135161502044
-1.3843670883058157,-1.3843670883058157,True,0.9995889007634088,0.00041109923659123434
-1.3843670883058157,-1.3843670883058157,True,0.9996011864838498,0.0003988135161502044
0.722351758032472,0.722351758032472,True,0.000790864701171623,0.9992091352988284
-1.3843670883058157,-1.3843670883058157,True,0.9997119425027599,0.0002880574972402001
0.722351758032472,0.722351758032472,True,0.00010550099970974003,0.9998944990002903
0.722351758032472,0.722351758032472,True,0.0002369191138809068,0.9997630808861191
0.722351758032472,0.722351758032472,True,0.0004192145092429822,0.999580785490757
-1.3843670883058157,-1.3843670883058157,True,0.9995458159118601,0.0004541840881399284
-1.3843670883058157,-1.3843670883058157,True,0.9994552335217737,0.0005447664782262851
0.722351758032472,0.722351758032472,True,0.003230523427654397,0.9967694765723456
0.722351758032472,0.722351758032472,True,0.0008386305640695202,0.9991613694359305
0.722351758032472,0.722351758032472,True,0.0003199356794092445,0.9996800643205908
0.722351758032472,0.722351758032472,True,0.0006032995817896181,0.9993967004182104
0.722351758032472,0.722351758032472,True,0.0002001131280734425,0.9997998868719266
0.722351758032472,0.722351758032472,True,0.0009145204867915258,0.9990854795132085
0.722351758032472,0.722351758032472,True,0.000266759561219021,0.999733240438781
-1.3843670883058157,-1.3843670883058157,True,0.9997119425027599,0.0002880574972402001
-1.3843670883058157,-1.3843670883058157,True,0.9996222908889291,0.00037770911107095983
-1.3843670883058157,-1.3843670883058157,True,0.9996974701312461,0.000302529868753942
-1.3843670883058157,-1.3843670883058157,True,0.999779132882049,0.000220867117950968
0.722351758032472,0.722351758032472,True,0.00020861604418476176,0.9997913839558152
-1.3843670883058157,-1.3843670883058157,True,0.9996597628760218,0.0003402371239782435
0.722351758032472,0.722351758032472,True,0.0003154402074038165,0.9996845597925962
0.722351758032472,0.722351758032472,True,0.0015745074568629391,0.9984254925431371
0.722351758032472,0.722351758032472,True,0.00020300241871695768,0.999796997581283
-1.3843670883058157,-1.3843670883058157,True,0.9996204282816854,0.00037957171831455924
0.722351758032472,0.722351758032472,True,0.00022722874659419912,0.9997727712534058
0.722351758032472,0.722351758032472,True,0.0012384900999646842,0.9987615099000353
0.722351758032472,0.722351758032472,True,0.00019615355559443604,0.9998038464444056
0.722351758032472,0.722351758032472,True,0.0004725176762739869,0.999527482323726
0.722351758032472,0.722351758032472,True,0.00010924120887723099,0.9998907587911228
0.722351758032472,0.722351758032472,True,8.061612513676764e-05,0.9999193838748632
-1.3843670883058157,-1.3843670883058157,True,0.9996600719588598,0.0003399280411402789
0.722351758032472,0.722351758032472,True,9.645515506628843e-05,0.9999035448449337
0.722351758032472,0.722351758032472,True,0.147799724856011,0.852200275143989
0.722351758032472,0.722351758032472,True,0.00020513586932624506,0.9997948641306738
-1.3843670883058157,0.722351758032472,False,0.0014531575401006691,0.9985468424598993
-1.3843670883058157,-1.3843670883058157,True,0.9996385848354636,0.0003614151645363154
-1.3843670883058157,-1.3843670883058157,True,0.9993130381215257,0.0006869618784742858
0.722351758032472,0.722351758032472,True,0.006207452349497489,0.9937925476505025
0.722351758032472,0.722351758032472,True,0.00026503260267041195,0.9997349673973296
-1.3843670883058157,0.722351758032472,False,0.326633229916364,0.673366770083636
0.722351758032472,0.722351758032472,True,0.00048716458387421113,0.9995128354161258
0.722351758032472,0.722351758032472,True,0.00020212478530112765,0.9997978752146989
0.722351758032472,0.722351758032472,True,0.0006770776365044862,0.9993229223634955
-1.3843670883058157,-1.3843670883058157,True,0.9996553436217247,0.0003446563782752609
-1.3843670883058157,-1.3843670883058157,True,0.9997325436726232,0.00026745632737674416
0.722351758032472,0.722351758032472,True,0.0004572675958917083,0.9995427324041083
-1.3843670883058157,-1.3843670883058157,True,0.9996717195655228,0.0003282804344771392
0.722351758032472,0.722351758032472,True,0.00020431623583361258,0.9997956837641664
0.722351758032472,0.722351758032472,True,0.00041371360975483995,0.9995862863902452
0.722351758032472,0.722351758032472,True,0.000803015402602747,0.9991969845973973
-1.3843670883058157,-1.3843670883058157,True,0.9994064998041422,0.000593500195857832
-1.3843670883058157,-1.3843670883058157,True,0.9997288231303684,0.00027117686963163995
-1.3843670883058157,-1.3843670883058157,True,0.9994579275777065,0.0005420724222935908
-1.3843670883058157,-1.3843670883058157,True,0.9995924404093002,0.00040755959069983154
0.722351758032472,0.722351758032472,True,0.0002575245221942968,0.9997424754778057
0.722351758032472,0.722351758032472,True,0.0002927310726055232,0.9997072689273945
-1.3843670883058157,-1.3843670883058157,True,0.9996989547980791,0.0003010452019208882
0.722351758032472,0.722351758032472,True,0.0002942512984684953,0.9997057487015315
0.722351758032472,0.722351758032472,True,0.00035755123037306547,0.9996424487696269
0.722351758032472,0.722351758032472,True,0.00035787997094893775,0.9996421200290511
-1.3843670883058157,-1.3843670883058157,True,0.9995675785322671,0.0004324214677328732
-1.3843670883058157,-1.3843670883058157,True,0.9995203807649372,0.0004796192350628185
0.722351758032472,0.722351758032472,True,0.000506928895771197,0.9994930711042288
-1.3843670883058157,-1.3843670883058157,True,0.9996151487205152,0.0003848512794848706
0.722351758032472,0.722351758032472,True,0.00044834123925607816,0.9995516587607439
0.722351758032472,0.722351758032472,True,0.0003070935869677882,0.9996929064130322
-1.3843670883058157,-1.3843670883058157,True,0.999643543004224,0.0003564569957760019
0.722351758032472,0.722351758032472,True,0.00012648912827406544,0.9998735108717259
0.722351758032472,0.722351758032472,True,0.00016870245804401218,0.999831297541956
0.722351758032472,0.722351758032472,True,0.0001359621311721737,0.9998640378688278
0.722351758032472,0.722351758032472,True,0.0005057181527944321,0.9994942818472056
0.722351758032472,0.722351758032472,True,0.0006621696811971445,0.9993378303188029
-1.3843670883058157,-1.3843670883058157,True,0.9995675785322671,0.0004324214677328732
0.722351758032472,0.722351758032472,True,0.000983907541481699,0.9990160924585183
0.722351758032472,0.722351758032472,True,0.000874769201844039,0.999125230798156
0.722351758032472,0.722351758032472,True,0.0004578408983193505,0.9995421591016806
-1.3843670883058157,-1.3843670883058157,True,0.9996853611882324,0.00031463881176761196
0.722351758032472,0.722351758032472,True,0.00019371230056863808,0.9998062876994314
-1.3843670883058157,-1.3843670883058157,True,0.9996989547980791,0.0003010452019208882
0.722351758032472,0.722351758032472,True,0.00023842575686872092,0.9997615742431313
-1.3843670883058157,-1.3843670883058157,True,0.9996428933666799,0.0003571066333200803
0.722351758032472,0.722351758032472,True,0.0004139068268628199,0.9995860931731372
0.722351758032472,0.722351758032472,True,0.008118905452043967,0.991881094547956
-1.3843670883058157,-1.3843670883058157,True,0.9997288231303684,0.00027117686963163995
0.722351758032472,0.722351758032472,True,9.439579599501702e-05,0.999905604204005
0.722351758032472,0.722351758032472,True,0.000378395005857457,0.9996216049941425
0.722351758032472,0.722351758032472,True,0.00037270820148005424,0.99962729179852
-1.3843670883058157,-1.3843670883058157,True,0.9994763757160274,0.0005236242839725418
0.722351758032472,0.722351758032472,True,0.00011850549273006994,0.9998814945072699
0.722351758032472,0.722351758032472,True,0.00020326643279766632,0.9997967335672023
0.722351758032472,0.722351758032472,True,0.0002989275417181192,0.9997010724582819
0.722351758032472,0.722351758032472,True,0.00032795251333195274,0.999672047486668
0.722351758032472,0.722351758032472,True,0.0013228430384716328,0.9986771569615284
0.722351758032472,0.722351758032472,True,0.00014881050843718047,0.9998511894915628
0.722351758032472,0.722351758032472,True,0.0007338576807965902,0.9992661423192034
0.722351758032472,0.722351758032472,True,0.0004634059735121321,0.9995365940264879
-1.3843670883058157,-1.3843670883058157,True,0.9995242639940537,0.0004757360059463241
0.722351758032472,0.722351758032472,True,0.00020974044371280254,0.9997902595562872
0.722351758032472,0.722351758032472,True,0.0001521659295045108,0.9998478340704955
0.722351758032472,0.722351758032472,True,0.00041632812437797373,0.999583671875622
0.722351758032472,0.722351758032472,True,0.00023528689985008455,0.9997647131001499
0.722351758032472,0.722351758032472,True,0.03678881885313723,0.9632111811468628
0.722351758032472,0.722351758032472,True,0.00015665304686496295,0.999843346953135
0.722351758032472,0.722351758032472,True,0.00026668359627812777,0.9997333164037219
0.722351758032472,0.722351758032472,True,0.0020954690852029723,0.997904530914797
0.722351758032472,0.722351758032472,True,0.0014796379173283025,0.9985203620826717
-1.3843670883058157,-1.3843670883058157,True,0.9996974701312461,0.000302529868753942
0.722351758032472,0.722351758032472,True,0.0003010077397481714,0.9996989922602518
0.722351758032472,0.722351758032472,True,0.0003705280896195706,0.9996294719103804
0.722351758032472,0.722351758032472,True,0.0002680270468790047,0.999731972953121
0.722351758032472,0.722351758032472,True,0.00018495748566360604,0.9998150425143364
0.722351758032472,0.722351758032472,True,0.0004923835638174223,0.9995076164361826
-1.3843670883058157,-1.3843670883058157,True,0.9997760602896727,0.00022393971032731377
0.722351758032472,0.722351758032472,True,0.002618274973018364,0.9973817250269816
0.722351758032472,0.722351758032472,True,0.0005545855322830473,0.999445414467717
0.722351758032472,0.722351758032472,True,0.00019343322967202425,0.999806566770328
0.722351758032472,0.722351758032472,True,0.0007427771752215317,0.9992572228247785
0.722351758032472,0.722351758032472,True,0.0005223945863020996,0.9994776054136979
0.722351758032472,0.722351758032472,True,0.0007380149588586127,0.9992619850411414
-1.3843670883058157,-1.3843670883058157,True,0.9996274725071678,0.0003725274928322303
0.722351758032472,0.722351758032472,True,0.0004322030892540685,0.9995677969107459
0.722351758032472,0.722351758032472,True,0.0004991041266649843,0.999500895873335
0.722351758032472,0.722351758032472,True,0.00016626403959729696,0.9998337359604027
0.722351758032472,0.722351758032472,True,0.00036186261599269187,0.9996381373840073
-1.3843670883058157,-1.3843670883058157,True,0.9994350093160528,0.0005649906839472526
-1.3843670883058157,-1.3843670883058157,True,0.9995699817029464,0.0004300182970535354
-1.3843670883058157,-1.3843670883058157,True,0.9997325436726232,0.00026745632737674416
-1.3843670883058157,-1.3843670883058157,True,0.9996724881177964,0.0003275118822035389
0.722351758032472,0.722351758032472,True,0.00022669413408316075,0.9997733058659168
0.722351758032472,0.722351758032472,True,0.0007814599416109402,0.9992185400583891
0.722351758032472,0.722351758032472,True,0.0011814393791672595,0.9988185606208327
0.722351758032472,0.722351758032472,True,0.00018488559254481451,0.9998151144074552
0.722351758032472,0.722351758032472,True,0.0003779334809863588,0.9996220665190136
-1.3843670883058157,-1.3843670883058157,True,0.9993754454356633,0.0006245545643366935
-1.3843670883058157,-1.3843670883058157,True,0.999703085011662,0.00029691498833792193
-1.3843670883058157,-1.3843670883058157,True,0.9996222908889291,0.00037770911107095983
0.722351758032472,0.722351758032472,True,0.0008253848805169772,0.999174615119483
0.722351758032472,0.722351758032472,True,0.00011769095689617703,0.9998823090431038
0.722351758032472,0.722351758032472,True,0.00026668359627812777,0.9997333164037219
0.722351758032472,0.722351758032472,True,0.0003194537329950231,0.999680546267005
-1.3843670883058157,-1.3843670883058157,True,0.9994631081772744,0.0005368918227256192
-1.3843670883058157,-1.3843670883058157,True,0.9996274725071678,0.0003725274928322303
0.722351758032472,0.722351758032472,True,0.0002079336470646176,0.9997920663529354
0.722351758032472,0.722351758032472,True,0.00037756238300235,0.9996224376169976
-1.3843670883058157,-1.3843670883058157,True,0.9996859335938773,0.00031406640612276476
0.722351758032472,0.722351758032472,True,0.0004851257019350408,0.999514874298065
0.722351758032472,0.722351758032472,True,0.00017759362107006016,0.9998224063789299
-1.3843670883058157,-1.3843670883058157,True,0.9996600719588598,0.0003399280411402789
0.722351758032472,0.722351758032472,True,8.740602276824383e-05,0.9999125939772318
0.722351758032472,0.722351758032472,True,0.00010324852790499772,0.999896751472095
-1.3843670883058157,-1.3843670883058157,True,0.9996600719588598,0.0003399280411402789
0.722351758032472,0.722351758032472,True,0.00020642316435759422,0.9997935768356424
0.722351758032472,0.722351758032472,True,0.00019615355559443604,0.9998038464444056
-1.3843670883058157,-1.3843670883058157,True,0.9995735104040263,0.00042648959597366593
-1.3843670883058157,-1.3843670883058157,True,0.999703085011662,0.00029691498833792193
0.722351758032472,0.722351758032472,True,0.002626740489236945,0.997373259510763
-1.3843670883058157,-1.3843670883058157,True,0.9996204282816854,0.00037957171831455924
-1.3843670883058157,-1.3843670883058157,True,0.999703085011662,0.00029691498833792193
0.722351758032472,0.722351758032472,True,0.0001420765047358552,0.9998579234952641
-1.3843670883058157,-1.3843670883058157,True,0.9993871494003043,0.0006128505996957407
-1.3843670883058157,-1.3843670883058157,True,0.9997158945811346,0.00028410541886540524
-1.3843670883058157,-1.3843670883058157,True,0.9997332465639379,0.00026675343606203647
0.722351758032472,0.722351758032472,True,0.00024883132848230183,0.9997511686715177
0.722351758032472,0.722351758032472,True,0.00023537679089924435,0.9997646232091008
0.722351758032472,0.722351758032472,True,0.0009976455167109988,0.999002354483289
0.722351758032472,0.722351758032472,True,0.00011376763232251452,0.9998862323676775
0.722351758032472,0.722351758032472,True,0.0022940204006607345,0.9977059795993393
0.722351758032472,0.722351758032472,True,0.003038368511484535,0.9969616314885155
0.722351758032472,0.722351758032472,True,0.00042892603843236454,0.9995710739615676
0.722351758032472,0.722351758032472,True,0.00013403124383593035,0.9998659687561641
0.722351758032472,0.722351758032472,True,0.072755254504554,0.927244745495446
0.722351758032472,0.722351758032472,True,0.00022156461838185315,0.9997784353816181
-1.3843670883058157,-1.3843670883058157,True,0.9997158945811346,0.00028410541886540524
0.722351758032472,0.722351758032472,True,0.00028985851624518943,0.9997101414837548
0.722351758032472,0.722351758032472,True,0.00011174357334120533,0.9998882564266588
0.722351758032472,0.722351758032472,True,0.00037777720505638435,0.9996222227949436
0.722351758032472,0.722351758032472,True,0.00039978043880029013,0.9996002195611997
-1.3843670883058157,-1.3843670883058157,True,0.9996093490839266,0.0003906509160734037
-1.3843670883058157,-1.3843670883058157,True,0.9996597628760218,0.0003402371239782435
0.722351758032472,0.722351758032472,True,0.0001961195742787858,0.9998038804257212
0.722351758032472,0.722351758032472,True,0.00013283185328916147,0.9998671681467108
-1.3843670883058157,-1.3843670883058157,True,0.9987299389119905,0.0012700610880095645
0.722351758032472,0.722351758032472,True,0.0002553897548237538,0.9997446102451762
0.722351758032472,0.722351758032472,True,0.0009095120379918331,0.9990904879620082
0.722351758032472,0.722351758032472,True,0.00012648912827406544,0.9998735108717259
-1.3843670883058157,-1.3843670883058157,True,0.9997325436726232,0.00026745632737674416
0.722351758032472,0.722351758032472,True,0.00020555449080228438,0.9997944455091977
0.722351758032472,0.722351758032472,True,0.00011769095689617703,0.9998823090431038
0.722351758032472,0.722351758032472,True,0.00010145267791761281,0.9998985473220824
-1.3843670883058157,-1.3843670883058157,True,0.999703085011662,0.00029691498833792193
0.722351758032472,0.722351758032472,True,0.00010324852790499772,0.999896751472095
0.722351758032472,0.722351758032472,True,0.0001624597574176878,0.9998375402425823
-1.3843670883058157,-1.3843670883058157,True,0.9996222908889291,0.00037770911107095983
0.722351758032472,0.722351758032472,True,0.00011769095689617703,0.9998823090431038
0.722351758032472,0.722351758032472,True,0.00011517825654283609,0.9998848217434572
-1.3843670883058157,-1.3843670883058157,True,0.9997288231303684,0.00027117686963163995
-1.3843670883058157,-1.3843670883058157,True,0.9997760602896727,0.00022393971032731377
0.722351758032472,0.722351758032472,True,0.00018146667772767078,0.9998185333222723
-1.3843670883058157,-1.3843670883058157,True,0.9996385848354636,0.0003614151645363154
-1.3843670883058157,-1.3843670883058157,True,0.9996277662001192,0.0003722337998808212
-1.3843670883058157,-1.3843670883058157,True,0.9993394718170433,0.0006605281829567302
0.722351758032472,0.722351758032472,True,0.00010967918678062016,0.9998903208132194
0.722351758032472,0.722351758032472,True,0.0002791834003990079,0.999720816599601
0.722351758032472,0.722351758032472,True,0.0008863009448540904,0.9991136990551459
-1.3843670883058157,-1.3843670883058157,True,0.9995646317476629,0.000435368252337181
0.722351758032472,0.722351758032472,True,0.00253466069600905,0.997465339303991
-1.3843670883058157,-1.3843670883058157,True,0.9995692335745276,0.00043076642547239886
0.722351758032472,0.722351758032472,True,0.0006621696811971445,0.9993378303188029
-1.3843670883058157,-1.3843670883058157,True,0.999643543004224,0.0003564569957760019
-1.3843670883058157,-1.3843670883058157,True,0.9996303454189036,0.00036965458109637726
0.722351758032472,0.722351758032472,True,0.0004423462596615524,0.9995576537403384
-1.3843670883058157,-1.3843670883058157,True,0.9997288231303684,0.00027117686963163995
0.722351758032472,0.722351758032472,True,0.0002800027363375479,0.9997199972636625
0.722351758032472,0.722351758032472,True,0.0003059652489730835,0.9996940347510269
0.722351758032472,0.722351758032472,True,0.00015705941653720856,0.9998429405834628
-1.3843670883058157,-1.3843670883058157,True,0.9995826556783369,0.0004173443216630827
0.722351758032472,0.722351758032472,True,0.00023328791072751986,0.9997667120892725
0.722351758032472,0.722351758032472,True,0.0001521659295045108,0.9998478340704955
0.722351758032472,0.722351758032472,True,0.0010811242080831507,0.9989188757919168
-1.3843670883058157,-1.3843670883058157,True,0.9995022010025242,0.0004977989974758517
0.722351758032472,0.722351758032472,True,0.0004194089421483138,0.9995805910578517
0.722351758032472,0.722351758032472,True,0.00032612891691574664,0.9996738710830843
0.722351758032472,0.722351758032472,True,0.0018980293196602105,0.9981019706803398
0.722351758032472,0.722351758032472,True,0.0011091024680905948,0.9988908975319094
0.722351758032472,0.722351758032472,True,0.00014881050843718047,0.9998511894915628
0.722351758032472,0.722351758032472,True,0.0008754384713871577,0.9991245615286128
-1.3843670883058157,-1.3843670883058157,True,0.9997192817400716,0.00028071825992836074
-1.3843670883058157,-1.3843670883058157,True,0.999703085011662,0.00029691498833792193
0.722351758032472,0.722351758032472,True,0.00047306429906313063,0.9995269357009369
0.722351758032472,0.722351758032472,True,0.00025628154178769513,0.9997437184582123
-1.3843670883058157,-1.3843670883058157,True,0.9996865411633712,0.00031345883662884294
-1.3843670883058157,-1.3843670883058157,True,0.9993061507110769,0.0006938492889230847
-1.3843670883058157,-1.3843670883058157,True,0.9995334061347503,0.0004665938652496737
0.722351758032472,0.722351758032472,True,0.0006666337638889797,0.999333366236111
0.722351758032472,0.722351758032472,True,0.0001227517487173424,0.9998772482512827
-1.3843670883058157,-1.3843670883058157,True,0.9996974701312461,0.000302529868753942
0.722351758032472,0.722351758032472,True,0.0003304237739246707,0.9996695762260753
0.722351758032472,0.722351758032472,True,0.0021882291554196076,0.9978117708445804
0.722351758032472,0.722351758032472,True,0.01328352521199927,0.9867164747880007
0.722351758032472,0.722351758032472,True,0.00030255578534532646,0.9996974442146547
0.722351758032472,0.722351758032472,True,0.00033348563415713794,0.9996665143658429
-1.3843670883058157,-1.3843670883058157,True,0.9992844202437035,0.0007155797562965813
0.722351758032472,0.722351758032472,True,0.0005457574798022335,0.9994542425201978
0.722351758032472,0.722351758032472,True,0.001170614883387211,0.9988293851166128
0.722351758032472,0.722351758032472,True,0.00010324852790499772,0.999896751472095
-1.3843670883058157,-1.3843670883058157,True,0.9995203807649372,0.0004796192350628185
0.722351758032472,0.722351758032472,True,0.000584124732737834,0.9994158752672622
0.722351758032472,0.722351758032472,True,0.0006013993011307894,0.9993986006988692
0.722351758032472,0.722351758032472,True,0.0018461388533144163,0.9981538611466856
0.722351758032472,0.722351758032472,True,0.00034776098533495503,0.999652239014665
0.722351758032472,0.722351758032472,True,0.000251059653306962,0.999748940346693
-1.3843670883058157,-1.3843670883058157,True,0.999643543004224,0.0003564569957760019
0.722351758032472,0.722351758032472,True,0.0002879182722866913,0.9997120817277133
0.722351758032472,0.722351758032472,True,0.00014563350284568788,0.9998543664971543
0.722351758032472,0.722351758032472,True,0.00045180862084970297,0.9995481913791503
0.722351758032472,0.722351758032472,True,0.00023399972566873206,0.9997660002743313
0.722351758032472,0.722351758032472,True,0.005343446317782163,0.9946565536822178
0.722351758032472,0.722351758032472,True,0.003764516015535402,0.9962354839844646
0.722351758032472,0.722351758032472,True,0.0002696260069658951,0.9997303739930341
-1.3843670883058157,-1.3843670883058157,True,0.9993394718170433,0.0006605281829567302
-1.3843670883058157,-1.3843670883058157,True,0.9995514237353034,0.0004485762646966866
0.722351758032472,0.722351758032472,True,0.03184323531341782,0.9681567646865822
-1.3843670883058157,-1.3843670883058157,True,0.9996274725071678,0.0003725274928322303
0.722351758032472,0.722351758032472,True,0.0003127624519027039,0.9996872375480973
-1.3843670883058157,-1.3843670883058157,True,0.999703085011662,0.00029691498833792193
0.722351758032472,0.722351758032472,True,0.0023718330272923804,0.9976281669727076
0.722351758032472,0.722351758032472,True,0.0001790051964726258,0.9998209948035274
0.722351758032472,0.722351758032472,True,0.00041914507270401913,0.999580854927296
0.722351758032472,0.722351758032472,True,0.0008217094112975554,0.9991782905887024
-1.3843670883058157,-1.3843670883058157,True,0.999703085011662,0.00029691498833792193
0.722351758032472,0.722351758032472,True,0.0003921810686003946,0.9996078189313996
-1.3843670883058157,-1.3843670883058157,True,0.9995566135667027,0.00044338643329730194
0.722351758032472,0.722351758032472,True,0.00039037019834320397,0.9996096298016568
0.722351758032472,0.722351758032472,True,0.0008440266730685986,0.9991559733269314
0.722351758032472,0.722351758032472,True,0.00027658883266590273,0.9997234111673341
-1.3843670883058157,-1.3843670883058157,True,0.999594723939796,0.0004052760602039734
0.722351758032472,0.722351758032472,True,0.0002860110507643121,0.9997139889492357
0.722351758032472,0.722351758032472,True,0.00028225116102897907,0.999717748838971
0.722351758032472,0.722351758032472,True,0.0003261902391580307,0.999673809760842
0.722351758032472,0.722351758032472,True,0.00019867094106329475,0.9998013290589367
-1.3843670883058157,-1.3843670883058157,True,0.9996204282816854,0.00037957171831455924
0.722351758032472,0.722351758032472,True,0.0004633289335885804,0.9995366710664114
0.722351758032472,0.722351758032472,True,0.0003439845124258989,0.9996560154875741
0.722351758032472,0.722351758032472,True,0.00016715261960476013,0.9998328473803952
0.722351758032472,0.722351758032472,True,0.0032903285614456212,0.9967096714385544
-1.3843670883058157,-1.3843670883058157,True,0.9995811256914161,0.0004188743085839381
-1.3843670883058157,-1.3843670883058157,True,0.9997228813940573,0.00027711860594271134
-1.3843670883058157,-1.3843670883058157,True,0.9997011006759129,0.0002988993240871197
0.722351758032472,0.722351758032472,True,0.00027005105559452236,0.9997299489444055
0.722351758032472,0.722351758032472,True,0.000803032492111666,0.9991969675078883
-1.3843670883058157,-1.3843670883058157,True,0.9997288231303684,0.00027117686963163995
0.722351758032472,0.722351758032472,True,0.0004765111058220306,0.999523488894178
0.722351758032472,0.722351758032472,True,0.0003370643627413905,0.9996629356372586
-1.3843670883058157,-1.3843670883058157,True,0.9996974701312461,0.000302529868753942
-1.3843670883058157,-1.3843670883058157,True,0.9997119425027599,0.0002880574972402001
-1.3843670883058157,-1.3843670883058157,True,0.9997325436726232,0.00026745632737674416
0.722351758032472,0.722351758032472,True,0.00020959879658744018,0.9997904012034126
0.722351758032472,0.722351758032472,True,0.0002699188114767548,0.9997300811885232
0.722351758032472,0.722351758032472,True,0.0010445188535247452,0.9989554811464753
-1.3843670883058157,-1.3843670883058157,True,0.999643543004224,0.0003564569957760019
0.722351758032472,0.722351758032472,True,0.00046189662149431765,0.9995381033785057
0.722351758032472,0.722351758032472,True,0.00012832964352749165,0.9998716703564725
0.722351758032472,0.722351758032472,True,0.0009699220638779149,0.9990300779361221
-1.3843670883058157,-1.3843670883058157,True,0.999703085011662,0.00029691498833792193
0.722351758032472,0.722351758032472,True,0.0005093702053681204,0.9994906297946319
0.722351758032472,0.722351758032472,True,0.00022370011198979967,0.9997762998880102
0.722351758032472,0.722351758032472,True,0.0042925084056412155,0.9957074915943588
0.722351758032472,0.722351758032472,True,0.000218315881840625,0.9997816841181594
-1.3843670883058157,-1.3843670883058157,True,0.9996553436217247,0.0003446563782752609
-1.3843670883058157,-1.3843670883058157,True,0.9997496704485835,0.00025032955141646304
0.722351758032472,0.722351758032472,True,0.0002162491021705515,0.9997837508978294
0.722351758032472,0.722351758032472,True,0.0002806447649843502,0.9997193552350156
0.722351758032472,0.722351758032472,True,0.0004757817596354741,0.9995242182403645
0.722351758032472,0.722351758032472,True,0.00020431623583361258,0.9997956837641664
0.722351758032472,0.722351758032472,True,0.000679255101085352,0.9993207448989146
-1.3843670883058157,-1.3843670883058157,True,0.9995507981501677,0.00044920184983235025
0.722351758032472,0.722351758032472,True,0.0005319887045860394,0.999468011295414
0.722351758032472,0.722351758032472,True,0.0005700818957747877,0.9994299181042252
0.722351758032472,0.722351758032472,True,0.0009041412553478789,0.9990958587446521
0.722351758032472,0.722351758032472,True,0.00026079364174336206,0.9997392063582566
0.722351758032472,0.722351758032472,True,0.000412737408923447,0.9995872625910766
0.722351758032472,0.722351758032472,True,0.0002322026272696398,0.9997677973727304
-1.3843670883058157,-1.3843670883058157,True,0.9996989547980791,0.0003010452019208882
0.722351758032472,0.722351758032472,True,0.0002879562261666191,0.9997120437738334
0.722351758032472,0.722351758032472,True,0.0003195373344251351,0.9996804626655749
-1.3843670883058157,-1.3843670883058157,True,0.9997653832769339,0.0002346167230661058
-1.3843670883058157,-1.3843670883058157,True,0.9997598813142657,0.0002401186857342628
0.722351758032472,0.722351758032472,True,0.0008807955060594619,0.9991192044939405
0.722351758032472,0.722351758032472,True,0.0012769868749137325,0.9987230131250863
-1.3843670883058157,-1.3843670883058157,True,0.9995867717185034,0.0004132282814966122
-1.3843670883058157,-1.3843670883058157,True,0.9996222908889291,0.00037770911107095983
0.722351758032472,0.722351758032472,True,0.0003035625299702138,0.9996964374700298
-1.3843670883058157,-1.3843670883058157,True,0.9996553436217247,0.0003446563782752609
0.722351758032472,0.722351758032472,True,0.00011769095689617703,0.9998823090431038
-1.3843670883058157,-1.3843670883058157,True,0.9996456799126209,0.0003543200873790689
0.722351758032472,0.722351758032472,True,0.0001488591463675304,0.9998511408536325
-1.3843670883058157,-1.3843670883058157,True,0.9994856677092357,0.0005143322907642246
-1.3843670883058157,-1.3843670883058157,True,0.9995286519312523,0.0004713480687477371
0.722351758032472,0.722351758032472,True,0.001661425930228333,0.9983385740697717
0.722351758032472,0.722351758032472,True,0.00010550099970974003,0.9998944990002903
0.722351758032472,0.722351758032472,True,0.0023852756735460723,0.9976147243264539
0.722351758032472,0.722351758032472,True,0.00017571898862289714,0.9998242810113771
-1.3843670883058157,-1.3843670883058157,True,0.9997325436726232,0.00026745632737674416
-1.3843670883058157,-1.3843670883058157,True,0.999703085011662,0.00029691498833792193
-1.3843670883058157,-1.3843670883058157,True,0.9996376011045266,0.0003623988954733889
0.722351758032472,0.722351758032472,True,0.00037458442334714626,0.9996254155766529
0.722351758032472,0.722351758032472,True,0.016477412656382917,0.9835225873436171
0.722351758032472,0.722351758032472,True,0.007052084156918492,0.9929479158430815
0.722351758032472,0.722351758032472,True,0.0003127624519027039,0.9996872375480973
0.722351758032472,0.722351758032472,True,0.00017653571550269032,0.9998234642844973
0.722351758032472,0.722351758032472,True,0.0002079336470646176,0.9997920663529354
-1.3843670883058157,-1.3843670883058157,True,0.999693261836257,0.000306738163743034
0.722351758032472,0.722351758032472,True,0.0005398601307842199,0.9994601398692158
0.722351758032472,0.722351758032472,True,0.0001604655755047535,0.9998395344244952
-1.3843670883058157,-1.3843670883058157,True,0.9996045412690997,0.00039545873090032183
-1.3843670883058157,-1.3843670883058157,True,0.9996742058202611,0.0003257941797388703
0.722351758032472,0.722351758032472,True,0.00014881050843718047,0.9998511894915628
0.722351758032472,0.722351758032472,True,0.03574523772689975,0.9642547622731003
0.722351758032472,0.722351758032472,True,0.0004108038309468265,0.9995891961690532
0.722351758032472,0.722351758032472,True,0.0003198492443012846,0.9996801507556987
0.722351758032472,0.722351758032472,True,0.00037591480056975435,0.9996240851994302
-1.3843670883058157,-1.3843670883058157,True,0.9996222908889291,0.00037770911107095983
0.722351758032472,0.722351758032472,True,0.0008788608716511215,0.9991211391283489
0.722351758032472,0.722351758032472,True,0.00032524928492794203,0.9996747507150721
0.722351758032472,0.722351758032472,True,0.0021690466186834456,0.9978309533813166
0.722351758032472,0.722351758032472,True,0.0004672464488590933,0.9995327535511409
-1.3843670883058157,-1.3843670883058157,True,0.9997548044759161,0.00024519552408380806
0.722351758032472,0.722351758032472,True,0.0001889187235719625,0.999811081276428
-1.3843670883058157,-1.3843670883058157,True,0.9995651816876382,0.00043481831236180565
0.722351758032472,0.722351758032472,True,0.00043371852810858424,0.9995662814718914
0.722351758032472,0.722351758032472,True,0.00011610430105168934,0.9998838956989483
0.722351758032472,0.722351758032472,True,0.00038219406815620527,0.9996178059318438
-1.3843670883058157,-1.3843670883058157,True,0.999750167404118,0.00024983259588192433
-1.3843670883058157,-1.3843670883058157,True,0.9996974701312461,0.00030252986875394254
0.722351758032472,0.722351758032472,True,0.00041371360975483995,0.9995862863902452
0.722351758032472,0.722351758032472,True,0.0005225675015093634,0.9994774324984906
-1.3843670883058157,-1.3843670883058157,True,0.9995257980806971,0.00047420191930294415
0.722351758032472,0.722351758032472,True,0.0007251472566995876,0.9992748527433004
0.722351758032472,0.722351758032472,True,0.0001310782408893152,0.9998689217591107
-1.3843670883058157,-1.3843670883058157,True,0.9996865411633712,0.00031345883662884294
0.722351758032472,0.722351758032472,True,0.00019259553495820647,0.9998074044650418
0.722351758032472,0.722351758032472,True,0.000258464279818571,0.9997415357201814
0.722351758032472,0.722351758032472,True,0.0005660372474307618,0.9994339627525692
0.722351758032472,0.722351758032472,True,0.00016396609079261104,0.9998360339092074
0.722351758032472,0.722351758032472,True,0.00016394200112612722,0.9998360579988739
-1.3843670883058157,-1.3843670883058157,True,0.9997158945811346,0.00028410541886540524
0.722351758032472,0.722351758032472,True,0.000506928895771197,0.9994930711042288
0.722351758032472,0.722351758032472,True,0.0013890816000172723,0.9986109183999827
0.722351758032472,0.722351758032472,True,0.0006609229135189354,0.9993390770864811
0.722351758032472,0.722351758032472,True,0.000584124732737834,0.9994158752672622
0.722351758032472,0.722351758032472,True,0.0009852847058072767,0.9990147152941927
0.722351758032472,0.722351758032472,True,0.00038894085359897357,0.999611059146401
-1.3843670883058157,-1.3843670883058157,True,0.999692358820339,0.00030764117966096155
-1.3843670883058157,-1.3843670883058157,True,0.999572724329605,0.0004272756703949961
-1.3843670883058157,-1.3843670883058157,True,0.999779132882049,0.000220867117950968
0.722351758032472,0.722351758032472,True,9.439579599501702e-05,0.999905604204005
-1.3843670883058157,-1.3843670883058157,True,0.9996592274022051,0.0003407725977948358
0.722351758032472,0.722351758032472,True,0.00026991357708272545,0.9997300864229173
0.722351758032472,0.722351758032472,True,0.00020176880954547727,0.9997982311904545
-1.3843670883058157,-1.3843670883058157,True,0.9997119425027599,0.0002880574972402001
0.722351758032472,0.722351758032472,True,0.00020431623583361258,0.9997956837641664
0.722351758032472,0.722351758032472,True,0.0039900939993098294,0.9960099060006902
-1.3843670883058157,-1.3843670883058157,True,0.9997288231303684,0.00027117686963163995
0.722351758032472,0.722351758032472,True,0.0003350790042314644,0.9996649209957685
-1.3843670883058157,-1.3843670883058157,True,0.9996151487205152,0.0003848512794848706
-1.3843670883058157,-1.3843670883058157,True,0.999666475648857,0.0003335243511429796
-1.3843670883058157,-1.3843670883058157,True,0.9996597628760218,0.0003402371239782435
-1.3843670883058157,-1.3843670883058157,True,0.999643543004224,0.0003564569957760019
0.722351758032472,0.722351758032472,True,0.001102182000726426,0.9988978179992736
-1.3843670883058157,-1.3843670883058157,True,0.9993768646861441,0.0006231353138559532
0.722351758032472,0.722351758032472,True,0.0004153122021297584,0.9995846877978702
-1.3843670883058157,-1.3843670883058157,True,0.999549681629021,0.00045031837097902154
0.722351758032472,0.722351758032472,True,0.0002767636313649735,0.999723236368635
0.722351758032472,0.722351758032472,True,0.0017776572859070638,0.9982223427140929
0.722351758032472,0.722351758032472,True,0.0003246741029203637,0.9996753258970796
-1.3843670883058157,-1.3843670883058157,True,0.9997325436726232,0.00026745632737674416
-1.3843670883058157,-1.3843670883058157,True,0.9997119425027599,0.0002880574972402001
0.722351758032472,0.722351758032472,True,0.00011517825654283609,0.9998848217434572
0.722351758032472,0.722351758032472,True,0.00010623117815278249,0.9998937688218472
0.722351758032472,0.722351758032472,True,0.00036459663812116183,0.9996354033618788
0.722351758032472,0.722351758032472,True,0.00011517825654283609,0.9998848217434572
0.722351758032472,0.722351758032472,True,0.0004166036820423269,0.9995833963179577
-1.3843670883058157,-1.3843670883058157,True,0.9997288231303684,0.00027117686963163995
0.722351758032472,0.722351758032472,True,0.01317322834642376,0.9868267716535762
0.722351758032472,0.722351758032472,True,0.0006109971106440515,0.999389002889356
-1.3843670883058157,-1.3843670883058157,True,0.99966442399354,0.000335576006459961
0.722351758032472,0.722351758032472,True,0.01889010563542326,0.9811098943645767
-1.3843670883058157,-1.3843670883058157,True,0.9996600719588598,0.0003399280411402789
-1.3843670883058157,-1.3843670883058157,True,0.9996204282816854,0.00037957171831455924
0.722351758032472,0.722351758032472,True,0.00018551959375034954,0.9998144804062497
0.722351758032472,0.722351758032472,True,0.00019743776371938804,0.9998025622362806
0.722351758032472,0.722351758032472,True,0.0018344011798665516,0.9981655988201334
-1.3843670883058157,-1.3843670883058157,True,0.9997288231303684,0.00027117686963163995
0.722351758032472,0.722351758032472,True,0.0001790051964726258,0.9998209948035274
0.722351758032472,0.722351758032472,True,9.549361149352453e-05,0.9999045063885065
0.722351758032472,0.722351758032472,True,0.0013664945060003486,0.9986335054939997
0.722351758032472,0.722351758032472,True,0.00013109969442381963,0.9998689003055762
0.722351758032472,0.722351758032472,True,0.0009538200069619807,0.999046179993038
-1.3843670883058157,-1.3843670883058157,True,0.9997119425027599,0.0002880574972402001
-1.3843670883058157,-1.3843670883058157,True,0.9997158945811346,0.00028410541886540524
0.722351758032472,0.722351758032472,True,0.0005430938642555505,0.9994569061357444
0.722351758032472,0.722351758032472,True,0.0002063262307470115,0.999793673769253
-1.3843670883058157,-1.3843670883058157,True,0.9995285410486376,0.0004714589513623652
-1.3843670883058157,-1.3843670883058157,True,0.9994812804222704,0.0005187195777296883
0.722351758032472,0.722351758032472,True,0.0005009651653159475,0.999499034834684
0.722351758032472,0.722351758032472,True,0.0005874893631141465,0.9994125106368859
0.722351758032472,0.722351758032472,True,0.0004839500255856555,0.9995160499744143
0.722351758032472,0.722351758032472,True,0.0005888050787453691,0.9994111949212546
-1.3843670883058157,-1.3843670883058157,True,0.9996466134196637,0.0003533865803363054
-1.3843670883058157,-1.3843670883058157,True,0.9997466919606595,0.0002533080393405124
0.722351758032472,0.722351758032472,True,0.0004222471777671766,0.9995777528222328
0.722351758032472,0.722351758032472,True,0.0002897998738486951,0.9997102001261513
-1.3843670883058157,-1.3843670883058157,True,0.9996890095570836,0.00031099044291641495
-1.3843670883058157,-1.3843670883058157,True,0.999594723939796,0.0004052760602039737
0.722351758032472,0.722351758032472,True,0.0005553478299457071,0.9994446521700543
0.722351758032472,0.722351758032472,True,0.00017622302241837584,0.9998237769775816
-1.3843670883058157,-1.3843670883058157,True,0.999703085011662,0.00029691498833792193
0.722351758032472,0.722351758032472,True,0.00028826927210845454,0.9997117307278915
-1.3843670883058157,-1.3843670883058157,True,0.9996974701312461,0.000302529868753942
0.722351758032472,0.722351758032472,True,0.00020764039288823088,0.9997923596071118
-1.3843670883058157,-1.3843670883058157,True,0.9996409162825695,0.0003590837174305724
0.722351758032472,0.722351758032472,True,0.0002052986527962819,0.9997947013472037
0.722351758032472,0.722351758032472,True,0.00011517825654283609,0.9998848217434572
-1.3843670883058157,-1.3843670883058157,True,0.999693261836257,0.000306738163743034
0.722351758032472,0.722351758032472,True,0.00011769095689617703,0.9998823090431038
-1.3843670883058157,-1.3843670883058157,True,0.9996989547980791,0.0003010452019208882
-1.3843670883058157,-1.3843670883058157,True,0.99962520641815,0.0003747935818500089
-1.3843670883058157,-1.3843670883058157,True,0.9996989547980791,0.0003010452019208882
-1.3843670883058157,-1.3843670883058157,True,0.9996989547980791,0.0003010452019208882
0.722351758032472,0.722351758032472,True,0.0005422063839358726,0.9994577936160641
-1.3843670883058157,-1.3843670883058157,True,0.9995022010025242,0.0004977989974758517
-1.3843670883058157,-1.3843670883058157,True,0.9997288231303684,0.00027117686963163995
-1.3843670883058157,-1.3843670883058157,True,0.9996229422606571,0.0003770577393429183
-1.3843670883058157,-1.3843670883058157,True,0.9997288231303684,0.00027117686963163995
0.722351758032472,0.722351758032472,True,0.00026668359627812777,0.9997333164037219
0.722351758032472,0.722351758032472,True,0.003889367051150394,0.9961106329488496
0.722351758032472,0.722351758032472,True,0.0006470540484604381,0.9993529459515396
0.722351758032472,0.722351758032472,True,0.00039510782236251707,0.9996048921776375
0.722351758032472,0.722351758032472,True,0.0002865757785460721,0.9997134242214539
0.722351758032472,0.722351758032472,True,0.0010426637205478428,0.9989573362794522
0.722351758032472,0.722351758032472,True,0.0003576205709686642,0.9996423794290313
0.722351758032472,0.722351758032472,True,0.00040398589121815043,0.9995960141087818
-1.3843670883058157,-1.3843670883058157,True,0.999564000773315,0.00043599922668504813
0.722351758032472,0.722351758032472,True,0.0020353690298708926,0.9979646309701291
0.722351758032472,0.722351758032472,True,0.00022944912586464472,0.9997705508741354
0.722351758032472,0.722351758032472,True,0.000272189088824093,0.9997278109111759
0.722351758032472,0.722351758032472,True,0.0007507371877447655,0.9992492628122552
0.722351758032472,0.722351758032472,True,0.0004964131181217635,0.9995035868818782
0.722351758032472,0.722351758032472,True,0.00047926672359011047,0.9995207332764099
0.722351758032472,0.722351758032472,True,0.0005600146492770186,0.999439985350723
0.722351758032472,0.722351758032472,True,0.0017736161601775713,0.9982263838398224
0.722351758032472,0.722351758032472,True,0.000745521285849704,0.9992544787141503
0.722351758032472,0.722351758032472,True,0.00034122841659389724,0.9996587715834061
0.722351758032472,0.722351758032472,True,0.0007452308923580064,0.999254769107642
-1.3843670883058157,-1.3843670883058157,True,0.9995885152580535,0.0004114847419465189
0.722351758032472,0.722351758032472,True,0.00021054187678071212,0.9997894581232193
-1.3843670883058157,-1.3843670883058157,True,0.9997288231303684,0.00027117686963163995
0.722351758032472,0.722351758032472,True,0.00044283160905711494,0.9995571683909429
-1.3843670883058157,-1.3843670883058157,True,0.9997325436726232,0.00026745632737674416
0.722351758032472,0.722351758032472,True,0.00045180862084970297,0.9995481913791503
0.722351758032472,0.722351758032472,True,0.004427993252572371,0.9955720067474276
-1.3843670883058157,-1.3843670883058157,True,0.9995476873290362,0.0004523126709638168
0.722351758032472,0.722351758032472,True,0.0004388295873190007,0.999561170412681
0.722351758032472,0.722351758032472,True,0.00016814440081580617,0.9998318555991842
0.722351758032472,0.722351758032472,True,0.0023563010996294764,0.9976436989003705
-1.3843670883058157,-1.3843670883058157,True,0.9995735104040263,0.00042648959597366593
0.722351758032472,0.722351758032472,True,0.00026146690216655166,0.9997385330978334
0.722351758032472,0.722351758032472,True,0.0001355234703308561,0.9998644765296691
0.722351758032472,0.722351758032472,True,0.0014543747731210477,0.998545625226879
0.722351758032472,0.722351758032472,True,0.00023127071538053823,0.9997687292846195
0.722351758032472,0.722351758032472,True,0.00028166886915070855,0.9997183311308493
0.722351758032472,0.722351758032472,True,0.00019615355559443604,0.9998038464444056
0.722351758032472,0.722351758032472,True,0.0002542437159379629,0.999745756284062
-1.3843670883058157,-1.3843670883058157,True,0.9994720211123727,0.0005279788876273801
0.722351758032472,0.722351758032472,True,0.0009336817531244712,0.9990663182468755
-1.3843670883058157,-1.3843670883058157,True,0.9996989547980791,0.0003010452019208882
0.722351758032472,0.722351758032472,True,0.008691842123449645,0.9913081578765504
-1.3843670883058157,-1.3843670883058157,True,0.9997192817400716,0.00028071825992836074
0.722351758032472,0.722351758032472,True,0.00038380219939382343,0.9996161978006062
0.722351758032472,0.722351758032472,True,0.00024140817085005484,0.99975859182915
0.722351758032472,0.722351758032472,True,0.0004356666816169863,0.999564333318383
-1.3843670883058157,-1.3843670883058157,True,0.9996274725071678,0.0003725274928322303
0.722351758032472,0.722351758032472,True,0.0003740678210931714,0.9996259321789068
-1.3843670883058157,-1.3843670883058157,True,0.9995269597798868,0.0004730402201131882
0.722351758032472,0.722351758032472,True,0.0002434348111547413,0.9997565651888453
-1.3843670883058157,-1.3843670883058157,True,0.9995334061347503,0.0004665938652496737
-1.3843670883058157,-1.3843670883058157,True,0.9996724881177964,0.0003275118822035389
-1.3843670883058157,-1.3843670883058157,True,0.9996204282816854,0.00037957171831455924
0.722351758032472,0.722351758032472,True,0.0004465249559265638,0.9995534750440734
-1.3843670883058157,-1.3843670883058157,True,0.9996687432178762,0.00033125678212375843
-1.3843670883058157,-1.3843670883058157,True,0.999759073940558,0.0002409260594420312
0.722351758032472,0.722351758032472,True,0.00029858308815455814,0.9997014169118454
-1.3843670883058157,-1.3843670883058157,True,0.9994114395908857,0.000588560409114225
0.722351758032472,0.722351758032472,True,0.0030569089470779964,0.996943091052922
0.722351758032472,0.722351758032472,True,0.00546769966281313,0.9945323003371869
-1.3843670883058157,-1.3843670883058157,True,0.9996974701312461,0.000302529868753942
0.722351758032472,0.722351758032472,True,9.947252182340716e-05,0.9999005274781766
-1.3843670883058157,-1.3843670883058157,True,0.9995098634708094,0.0004901365291906593
0.722351758032472,0.722351758032472,True,0.0019376505204055094,0.9980623494795945
0.722351758032472,0.722351758032472,True,0.00307183382590126,0.9969281661740987
0.722351758032472,0.722351758032472,True,0.0003357679998081675,0.9996642320001918
0.722351758032472,0.722351758032472,True,0.0009174936561833213,0.9990825063438167
-1.3843670883058157,-1.3843670883058157,True,0.9997325436726232,0.00026745632737674416
-1.3843670883058157,-1.3843670883058157,True,0.9995735104040263,0.00042648959597366593
0.722351758032472,0.722351758032472,True,0.00037062864480641444,0.9996293713551936
0.722351758032472,0.722351758032472,True,0.00019699015589069724,0.9998030098441093
0.722351758032472,0.722351758032472,True,0.0005400618916563404,0.9994599381083437
-1.3843670883058157,-1.3843670883058157,True,0.9996242262819655,0.00037577371803449464
0.722351758032472,0.722351758032472,True,0.00015361223594290152,0.9998463877640571
-1.3843670883058157,-1.3843670883058157,True,0.9996742058202611,0.0003257941797388703
-1.3843670883058157,-1.3843670883058157,True,0.9996359215905088,0.00036407840949118466
0.722351758032472,0.722351758032472,True,0.0001624597574176878,0.9998375402425823
0.722351758032472,0.722351758032472,True,0.0210713572889486,0.9789286427110514
0.722351758032472,0.722351758032472,True,0.0023862814704288526,0.9976137185295711
0.722351758032472,0.722351758032472,True,0.00021655519048369154,0.9997834448095163
0.722351758032472,0.722351758032472,True,0.00044268277880077367,0.9995573172211992
0.722351758032472,0.722351758032472,True,0.00042441488236732994,0.9995755851176327
0.722351758032472,0.722351758032472,True,0.0001369551799613733,0.9998630448200386
0.722351758032472,0.722351758032472,True,0.00022644945392069626,0.9997735505460793
0.722351758032472,0.722351758032472,True,0.0010141769030733716,0.9989858230969266
0.722351758032472,0.722351758032472,True,0.00015993469840080987,0.9998400653015992
0.722351758032472,0.722351758032472,True,0.0004725176762739869,0.999527482323726
0.722351758032472,0.722351758032472,True,0.0005866155526436101,0.9994133844473564
-1.3843670883058157,-1.3843670883058157,True,0.9996896778425344,0.0003103221574656454
-1.3843670883058157,-1.3843670883058157,True,0.999693261836257,0.0003067381637430345
-1.3843670883058157,-1.3843670883058157,True,0.9995677755223656,0.00043222447763434076
-1.3843670883058157,-1.3843670883058157,True,0.9997158945811346,0.00028410541886540524
-1.3843670883058157,-1.3843670883058157,True,0.999640751456687,0.00035924854331305985
0.722351758032472,0.722351758032472,True,0.00011769095689617703,0.9998823090431038
0.722351758032472,0.722351758032472,True,0.0004436496824060665,0.9995563503175939
0.722351758032472,0.722351758032472,True,0.0004899093596814064,0.9995100906403186
0.722351758032472,0.722351758032472,True,0.00013904324566171855,0.9998609567543383
0.722351758032472,0.722351758032472,True,0.0002614477405089577,0.999738552259491
0.722351758032472,0.722351758032472,True,0.0008003943123099377,0.9991996056876901
0.722351758032472,0.722351758032472,True,0.0014484775990663001,0.9985515224009337
0.722351758032472,0.722351758032472,True,0.0003513435276335519,0.9996486564723664
0.722351758032472,0.722351758032472,True,0.0001356874469331526,0.9998643125530668
0.722351758032472,0.722351758032472,True,0.0003182455389503236,0.9996817544610497
-1.3843670883058157,-1.3843670883058157,True,0.9997158945811346,0.00028410541886540524
0.722351758032472,0.722351758032472,True,0.00013600605270713828,0.9998639939472929
0.722351758032472,0.722351758032472,True,0.0002304041937719603,0.999769595806228
0.722351758032472,0.722351758032472,True,0.0043475634784646555,0.9956524365215353
-1.3843670883058157,-1.3843670883058157,True,0.9997288231303684,0.00027117686963163995
0.722351758032472,0.722351758032472,True,0.00037838935004130825,0.9996216106499587
-1.3843670883058157,-1.3843670883058157,True,0.9997288231303684,0.00027117686963163995
-1.3843670883058157,-1.3843670883058157,True,0.9996597628760218,0.0003402371239782435
0.722351758032472,0.722351758032472,True,0.0002403267950668031,0.9997596732049332
0.722351758032472,0.722351758032472,True,0.00037967766174651363,0.9996203223382535
-1.3843670883058157,-1.3843670883058157,True,0.9991062642702482,0.0008937357297518484
0.722351758032472,0.722351758032472,True,0.0015660660877235832,0.9984339339122764
0.722351758032472,0.722351758032472,True,0.00011517825654283609,0.9998848217434572
0.722351758032472,0.722351758032472,True,0.00011173093970640036,0.9998882690602936
0.722351758032472,0.722351758032472,True,0.0007311680395338804,0.9992688319604661
0.722351758032472,0.722351758032472,True,0.00026146690216655166,0.9997385330978334
-1.3843670883058157,-1.3843670883058157,True,0.9996599166598868,0.00034008334011315235
-1.3843670883058157,-1.3843670883058157,True,0.9995735104040263,0.00042648959597366593
0.722351758032472,0.722351758032472,True,0.003784713305155951,0.996215286694844
0.722351758032472,0.722351758032472,True,0.00044923522407536165,0.9995507647759246
0.722351758032472,0.722351758032472,True,0.0002840492990036081,0.9997159507009964
0.722351758032472,0.722351758032472,True,0.00014881050843718047,0.9998511894915628
-1.3843670883058157,-1.3843670883058157,True,0.9997288231303684,0.00027117686963163995
-1.3843670883058157,-1.3843670883058157,True,0.9997158945811346,0.00028410541886540524
0.722351758032472,0.722351758032472,True,0.00020642316435759422,0.9997935768356424
0.722351758032472,0.722351758032472,True,0.05825191021687004,0.94174808978313
0.722351758032472,0.722351758032472,True,0.00049226285029913,0.9995077371497009
-1.3843670883058157,-1.3843670883058157,True,0.99962051828281,0.00037948171719008334
-1.3843670883058157,-1.3843670883058157,True,0.999643543004224,0.0003564569957760019
0.722351758032472,0.722351758032472,True,0.00012866224547725125,0.9998713377545227
-1.3843670883058157,-1.3843670883058157,True,0.9997621194524706,0.000237880547529432
-1.3843670883058157,-1.3843670883058157,True,0.9993708998101235,0.0006291001898764425
-1.3843670883058157,-1.3843670883058157,True,0.9995735104040263,0.00042648959597366593
0.722351758032472,0.722351758032472,True,0.00014881050843718047,0.9998511894915628
0.722351758032472,0.722351758032472,True,0.00016600376804865036,0.9998339962319513
0.722351758032472,0.722351758032472,True,0.00012143194962521697,0.9998785680503748
0.722351758032472,0.722351758032472,True,0.0012777183479091292,0.9987222816520909
0.722351758032472,0.722351758032472,True,0.00024489195937071884,0.9997551080406293
-1.3843670883058157,-1.3843670883058157,True,0.9996600719588598,0.0003399280411402789
0.722351758032472,0.722351758032472,True,0.0003744148933377822,0.9996255851066622
-1.3843670883058157,-1.3843670883058157,True,0.9994240099449953,0.0005759900550047442
-1.3843670883058157,-1.3843670883058157,True,0.9996328727326589,0.0003671272673411154
0.722351758032472,0.722351758032472,True,0.0002701529942065184,0.9997298470057935
0.722351758032472,0.722351758032472,True,0.00022156461838185315,0.9997784353816181
0.722351758032472,0.722351758032472,True,0.00013859096583845876,0.9998614090341615
0.722351758032472,0.722351758032472,True,0.00043511636484161453,0.9995648836351584
-1.3843670883058157,-1.3843670883058157,True,0.9996600719588598,0.0003399280411402789
0.722351758032472,0.722351758032472,True,0.012618643363095816,0.9873813566369042
-1.3843670883058157,-1.3843670883058157,True,0.9997325436726232,0.00026745632737674416
-1.3843670883058157,-1.3843670883058157,True,0.9997158945811346,0.00028410541886540524
-1.3843670883058157,-1.3843670883058157,True,0.9996064983361809,0.0003935016638191132
0.722351758032472,0.722351758032472,True,0.0003519639518445583,0.9996480360481554
-1.3843670883058157,-1.3843670883058157,True,0.9997119425027599,0.0002880574972402001
-1.3843670883058157,-1.3843670883058157,True,0.9997051876778197,0.000294812322180342
0.722351758032472,0.722351758032472,True,0.00018488559254481451,0.9998151144074552
-1.3843670883058157,-1.3843670883058157,True,0.999618517628624,0.0003814823713760063
0.722351758032472,0.722351758032472,True,0.0006146940631911457,0.9993853059368089
0.722351758032472,0.722351758032472,True,0.00014563350284568788,0.9998543664971543
0.722351758032472,0.722351758032472,True,0.00026420322597042745,0.9997357967740296
-1.3843670883058157,-1.3843670883058157,True,0.9996644306058066,0.00033556939419346636
0.722351758032472,0.722351758032472,True,0.00014563350284568788,0.9998543664971543
0.722351758032472,0.722351758032472,True,0.00010760003596843593,0.9998923999640316
0.722351758032472,0.722351758032472,True,0.0003870978555542415,0.9996129021444458
-1.3843670883058157,-1.3843670883058157,True,0.999549681629021,0.00045031837097902154
0.722351758032472,0.722351758032472,True,0.0010543603878746532,0.9989456396121253
-1.3843670883058157,-1.3843670883058157,True,0.9995936454107299,0.00040635458927006606
0.722351758032472,0.722351758032472,True,0.00031915069810017904,0.9996808493018998
0.722351758032472,0.722351758032472,True,0.00020384722533683952,0.9997961527746632
-1.3843670883058157,-1.3843670883058157,True,0.9996204282816854,0.00037957171831455924
0.722351758032472,0.722351758032472,True,0.0003871936521411268,0.9996128063478589
0.722351758032472,0.722351758032472,True,0.001237828944904651,0.9987621710550953
0.722351758032472,0.722351758032472,True,0.00018488559254481451,0.9998151144074552
0.722351758032472,0.722351758032472,True,0.00039597011088521317,0.9996040298891148
0.722351758032472,0.722351758032472,True,0.0004542042778024058,0.9995457957221976
0.722351758032472,0.722351758032472,True,0.00027940875441268,0.9997205912455873
0.722351758032472,0.722351758032472,True,0.0015169701376203104,0.9984830298623797
0.722351758032472,0.722351758032472,True,0.00011517825654283609,0.9998848217434572
0.722351758032472,0.722351758032472,True,0.00027964597323748563,0.9997203540267625
0.722351758032472,0.722351758032472,True,0.0006298995159442766,0.9993701004840557
0.722351758032472,0.722351758032472,True,0.0017228637698453175,0.9982771362301547
0.722351758032472,0.722351758032472,True,0.0003137322565167633,0.9996862677434832
0.722351758032472,0.722351758032472,True,0.00020371448748235377,0.9997962855125176
-1.3843670883058157,-1.3843670883058157,True,0.999703085011662,0.00029691498833792193
0.722351758032472,0.722351758032472,True,0.00018718975400777715,0.9998128102459922
-1.3843670883058157,-1.3843670883058157,True,0.9997548044759161,0.00024519552408380806
0.722351758032472,0.722351758032472,True,0.00037685128673936585,0.9996231487132606
-1.3843670883058157,-1.3843670883058157,True,0.9996059550232305,0.0003940449767695478
0.722351758032472,0.722351758032472,True,0.03804722566826868,0.9619527743317313
-1.3843670883058157,-1.3843670883058157,True,0.9996274725071678,0.0003725274928322303
-1.3843670883058157,-1.3843670883058157,True,0.999703085011662,0.00029691498833792193
0.722351758032472,0.722351758032472,True,0.03360167661303548,0.9663983233869645
0.722351758032472,0.722351758032472,True,0.00019615355559443604,0.9998038464444056
0.722351758032472,0.722351758032472,True,0.004073090499080112,0.9959269095009199
0.722351758032472,0.722351758032472,True,0.00030237183383119426,0.9996976281661688
0.722351758032472,0.722351758032472,True,0.0004421486830767929,0.9995578513169232
0.722351758032472,0.722351758032472,True,0.0005182418561682223,0.9994817581438318
0.722351758032472,0.722351758032472,True,0.00033572004344850637,0.9996642799565515
-1.3843670883058157,-1.3843670883058157,True,0.9997325436726232,0.00026745632737674416
0.722351758032472,0.722351758032472,True,0.00014315692500088684,0.9998568430749991
0.722351758032472,0.722351758032472,True,0.000253334589685017,0.999746665410315
0.722351758032472,0.722351758032472,True,0.00032660363522019065,0.9996733963647798
-1.3843670883058157,-1.3843670883058157,True,0.9995098634708094,0.0004901365291906593
-1.3843670883058157,-1.3843670883058157,True,0.9997146290416147,0.0002853709583852814
-1.3843670883058157,-1.3843670883058157,True,0.9996974701312461,0.000302529868753942
0.722351758032472,0.722351758032472,True,0.00023252478873203586,0.999767475211268
-1.3843670883058157,-1.3843670883058157,True,0.9997158945811346,0.00028410541886540524
0.722351758032472,0.722351758032472,True,0.00012832964352749165,0.9998716703564725
0.722351758032472,0.722351758032472,True,0.0024968956645951,0.9975031043354049
0.722351758032472,0.722351758032472,True,0.00025608272587340775,0.9997439172741266
0.722351758032472,0.722351758032472,True,0.000590500672022265,0.9994094993279777
0.722351758032472,0.722351758032472,True,0.00031650069465116726,0.9996834993053488
-1.3843670883058157,-1.3843670883058157,True,0.9996066575098281,0.0003933424901718602
0.722351758032472,0.722351758032472,True,0.00011517825654283609,0.9998848217434572
-1.3843670883058157,-1.3843670883058157,True,0.9995883808099727,0.0004116191900272892
0.722351758032472,0.722351758032472,True,8.006199728693986e-05,0.9999199380027131
-1.3843670883058157,-1.3843670883058157,True,0.9997199538414546,0.0002800461585453525
-1.3843670883058157,-1.3843670883058157,True,0.9996989547980791,0.0003010452019208882
0.722351758032472,0.722351758032472,True,0.0009789675419950017,0.999021032458005
0.722351758032472,0.722351758032472,True,0.0001790051964726258,0.9998209948035274
0.722351758032472,0.722351758032472,True,0.00026146690216655166,0.9997385330978334
0.722351758032472,0.722351758032472,True,0.0005888050787453691,0.9994111949212546
0.722351758032472,0.722351758032472,True,0.0003574772329585363,0.9996425227670415
-1.3843670883058157,-1.3843670883058157,True,0.999703085011662,0.00029691498833792193
0.722351758032472,0.722351758032472,True,0.0002860110507643121,0.9997139889492357
-1.3843670883058157,-1.3843670883058157,True,0.999643543004224,0.0003564569957760019
-1.3843670883058157,-1.3843670883058157,True,0.9997146290416147,0.0002853709583852814
-1.3843670883058157,0.722351758032472,False,0.003170624111348941,0.9968293758886511
0.722351758032472,0.722351758032472,True,0.00029771737145156685,0.9997022826285484
0.722351758032472,0.722351758032472,True,8.42102313579618e-05,0.999915789768642
0.722351758032472,0.722351758032472,True,0.0005754745143662365,0.9994245254856338
-1.3843670883058157,-1.3843670883058157,True,0.9995735104040263,0.00042648959597366593
0.722351758032472,0.722351758032472,True,0.00025798879914529227,0.9997420112008547
0.722351758032472,0.722351758032472,True,0.00022869046441631458,0.9997713095355837
-1.3843670883058157,-1.3843670883058157,True,0.9996724881177964,0.0003275118822035389
0.722351758032472,0.722351758032472,True,0.0005448799340029842,0.999455120065997
-1.3843670883058157,-1.3843670883058157,True,0.9996204282816854,0.00037957171831455924
0.722351758032472,0.722351758032472,True,0.00011324305229909459,0.9998867569477009
-1.3843670883058157,-1.3843670883058157,True,0.9994785147062737,0.0005214852937263519
-1.3843670883058157,-1.3843670883058157,True,0.9996551861633165,0.0003448138366834462
-1.3843670883058157,-1.3843670883058157,True,0.9996274725071678,0.0003725274928322303
-1.3843670883058157,-1.3843670883058157,True,0.999558576440788,0.00044142355921190544
0.722351758032472,0.722351758032472,True,0.0005545855322830473,0.999445414467717
0.722351758032472,0.722351758032472,True,0.00026196192797833806,0.9997380380720217
-1.3843670883058157,-1.3843670883058157,True,0.9997325436726232,0.00026745632737674416
-1.3843670883058157,-1.3843670883058157,True,0.9996724881177964,0.0003275118822035389
0.722351758032472,0.722351758032472,True,0.0002699188114767548,0.9997300811885232
0.722351758032472,0.722351758032472,True,0.007307853116191976,0.992692146883808
-1.3843670883058157,-1.3843670883058157,True,0.9993411896217447,0.0006588103782553242
-1.3843670883058157,-1.3843670883058157,True,0.9996553436217247,0.0003446563782752609
0.722351758032472,0.722351758032472,True,0.000375736120443837,0.9996242638795562
-1.3843670883058157,-1.3843670883058157,True,0.999461980286504,0.0005380197134959918
0.722351758032472,0.722351758032472,True,0.00018542524169973262,0.9998145747583003
0.722351758032472,0.722351758032472,True,0.0009026436973855745,0.9990973563026144
0.722351758032472,0.722351758032472,True,0.0002524814981005319,0.9997475185018995
-1.3843670883058157,-1.3843670883058157,True,0.9996974701312461,0.000302529868753942
-1.3843670883058157,-1.3843670883058157,True,0.9996974701312461,0.000302529868753942
0.722351758032472,0.722351758032472,True,0.000510699751347099,0.9994893002486529
0.722351758032472,0.722351758032472,True,0.00047545667154269555,0.9995245433284573
0.722351758032472,0.722351758032472,True,0.002374018738707906,0.9976259812612921
0.722351758032472,0.722351758032472,True,0.0010445188535247452,0.9989554811464753
0.722351758032472,0.722351758032472,True,0.011422109798021163,0.9885778902019788
-1.3843670883058157,-1.3843670883058157,True,0.9997325436726232,0.00026745632737674416
-1.3843670883058157,-1.3843670883058157,True,0.9996151487205152,0.0003848512794848706
0.722351758032472,0.722351758032472,True,0.00019456538251705346,0.999805434617483
0.722351758032472,0.722351758032472,True,0.00025090796902871304,0.9997490920309713
0.722351758032472,0.722351758032472,True,0.0003244950796090773,0.9996755049203909
-1.3843670883058157,-1.3843670883058157,True,0.9996706520001348,0.0003293479998652156
0.722351758032472,0.722351758032472,True,0.0003392904035245392,0.9996607095964755
0.722351758032472,0.722351758032472,True,0.000159778866643423,0.9998402211333566
0.722351758032472,0.722351758032472,True,0.0002191999008771539,0.9997808000991228
-1.3843670883058157,-1.3843670883058157,True,0.999779132882049,0.000220867117950968
0.722351758032472,0.722351758032472,True,0.0006497195353298846,0.9993502804646701
0.722351758032472,0.722351758032472,True,0.00010145267791761281,0.9998985473220824
-1.3843670883058157,-1.3843670883058157,True,0.9996989547980791,0.0003010452019208882
0.722351758032472,0.722351758032472,True,0.0006524314781484186,0.9993475685218516
-1.3843670883058157,-1.3843670883058157,True,0.9996687432178762,0.00033125678212375843
0.722351758032472,0.722351758032472,True,0.0018382685427701384,0.9981617314572299
-1.3843670883058157,-1.3843670883058157,True,0.9994303392233328,0.000569660776667174
-1.3843670883058157,-1.3843670883058157,True,0.9997158945811346,0.00028410541886540524
0.722351758032472,0.722351758032472,True,0.00026755292675917364,0.9997324470732408
-1.3843670883058157,-1.3843670883058157,True,0.999750167404118,0.00024983259588192433
0.722351758032472,0.722351758032472,True,0.00026260513473497227,0.999737394865265
0.722351758032472,0.722351758032472,True,0.0005712605846596164,0.9994287394153404
-1.3843670883058157,-1.3843670883058157,True,0.9997106593639141,0.0002893406360858378
-1.3843670883058157,-1.3843670883058157,True,0.9996720417386219,0.00032795826137807673
-1.3843670883058157,-1.3843670883058157,True,0.9997548044759161,0.00024519552408380806
-1.3843670883058157,-1.3843670883058157,True,0.9996151487205152,0.0003848512794848706
0.722351758032472,0.722351758032472,True,0.00011142990108536921,0.9998885700989146
0.722351758032472,0.722351758032472,True,0.00012430481926073433,0.9998756951807393
0.722351758032472,0.722351758032472,True,0.0003875450733822339,0.9996124549266178
0.722351758032472,0.722351758032472,True,0.00025284333733133213,0.9997471566626687
-1.3843670883058157,-1.3843670883058157,True,0.9995285410486376,0.0004714589513623652
0.722351758032472,0.722351758032472,True,0.0005580477772226811,0.9994419522227773
0.722351758032472,0.722351758032472,True,0.00018921491588519412,0.9998107850841148
-1.3843670883058157,-1.3843670883058157,True,0.999693261836257,0.000306738163743034
-1.3843670883058157,-1.3843670883058157,True,0.9996274725071678,0.0003725274928322303
0.722351758032472,0.722351758032472,True,0.00019371230056863808,0.9998062876994314
-1.3843670883058157,-1.3843670883058157,True,0.9996222908889291,0.00037770911107095983
0.722351758032472,0.722351758032472,True,0.00014563350284568788,0.9998543664971543
0.722351758032472,0.722351758032472,True,0.00014190410028147582,0.9998580958997185
-1.3843670883058157,-1.3843670883058157,True,0.9996644306058066,0.00033556939419346636
-1.3843670883058157,-1.3843670883058157,True,0.9995334061347503,0.0004665938652496737
-1.3843670883058157,-1.3843670883058157,True,0.9996769813257766,0.0003230186742233366
-1.3843670883058157,-1.3843670883058157,True,0.999643543004224,0.0003564569957760019
-1.3843670883058157,-1.3843670883058157,True,0.9997325436726232,0.00026745632737674416
0.722351758032472,0.722351758032472,True,0.0003102756567806564,0.9996897243432193
0.722351758032472,0.722351758032472,True,0.00022156461838185315,0.9997784353816181
-1.3843670883058157,-1.3843670883058157,True,0.9995860664531553,0.00041393354684471795
0.722351758032472,0.722351758032472,True,0.0005120816976246223,0.9994879183023754
0.722351758032472,0.722351758032472,True,0.0006171616041034111,0.9993828383958966
0.722351758032472,0.722351758032472,True,0.00030697195139950395,0.9996930280486005
0.722351758032472,0.722351758032472,True,0.00021825379977724602,0.9997817462002228
-1.3843670883058157,-1.3843670883058157,True,0.999750167404118,0.00024983259588192433
0.722351758032472,0.722351758032472,True,0.0003857726404917772,0.9996142273595082
0.722351758032472,0.722351758032472,True,0.0005156979322513688,0.9994843020677486
0.722351758032472,0.722351758032472,True,0.0005033115156686252,0.9994966884843314
-1.3843670883058157,-1.3843670883058157,True,0.9997548044759161,0.00024519552408380806
0.722351758032472,0.722351758032472,True,0.00014563350284568788,0.9998543664971543
0.722351758032472,0.722351758032472,True,0.0003601906413046585,0.9996398093586953
-1.3843670883058157,-1.3843670883058157,True,0.9993811277682701,0.000618872231729851
0.722351758032472,0.722351758032472,True,0.0003563617479641623,0.9996436382520358
0.722351758032472,0.722351758032472,True,0.00016291864436124293,0.9998370813556388
0.722351758032472,0.722351758032472,True,0.00028269820392679,0.9997173017960732
0.722351758032472,0.722351758032472,True,0.00027461234472370144,0.9997253876552763
-1.3843670883058157,-1.3843670883058157,True,0.9998229901764829,0.00017700982351714117
0.722351758032472,0.722351758032472,True,0.0002495411552410065,0.999750458844759
0.722351758032472,0.722351758032472,True,0.002279391494930394,0.9977206085050696
-1.3843670883058157,-1.3843670883058157,True,0.9996497133940847,0.0003502866059153036
0.722351758032472,0.722351758032472,True,0.000256501569876999,0.999743498430123
0.722351758032472,0.722351758032472,True,0.00023127071538053823,0.9997687292846195
0.722351758032472,0.722351758032472,True,0.0003192468095267742,0.9996807531904732
-1.3843670883058157,-1.3843670883058157,True,0.9996644306058066,0.00033556939419346636
-1.3843670883058157,-1.3843670883058157,True,0.9996974701312461,0.000302529868753942
0.722351758032472,0.722351758032472,True,0.00014881050843718047,0.9998511894915628
0.722351758032472,0.722351758032472,True,0.0004460589510114632,0.9995539410489885
0.722351758032472,0.722351758032472,True,0.0008320265331202004,0.9991679734668798
0.722351758032472,0.722351758032472,True,0.0002464658246781326,0.9997535341753219
0.722351758032472,0.722351758032472,True,0.48950487053032865,0.5104951294696713
0.722351758032472,0.722351758032472,True,0.0006543702209556024,0.9993456297790444
0.722351758032472,0.722351758032472,True,0.00017841299466392346,0.9998215870053361
-1.3843670883058157,-1.3843670883058157,True,0.9997158945811346,0.00028410541886540524
-1.3843670883058157,-1.3843670883058157,True,0.9996724881177964,0.0003275118822035389
0.722351758032472,0.722351758032472,True,0.0002545101188431431,0.9997454898811569
0.722351758032472,0.722351758032472,True,0.000694598976031302,0.9993054010239687
0.722351758032472,0.722351758032472,True,0.00026698745373909816,0.9997330125462609
-1.3843670883058157,-1.3843670883058157,True,0.999703085011662,0.00029691498833792193
-1.3843670883058157,-1.3843670883058157,True,0.9995277098311861,0.0004722901688138386
-1.3843670883058157,-1.3843670883058157,True,0.9992825100768321,0.0007174899231678989
-1.3843670883058157,-1.3843670883058157,True,0.9997745057018785,0.00022549429812146945
-1.3843670883058157,-1.3843670883058157,True,0.999488738478053,0.0005112615219470558
0.722351758032472,0.722351758032472,True,0.00019870600563853813,0.9998012939943615
0.722351758032472,0.722351758032472,True,0.00030282082135091315,0.9996971791786491
0.722351758032472,0.722351758032472,True,0.0006203812607550319,0.999379618739245
0.722351758032472,0.722351758032472,True,0.0008666313538439052,0.9991333686461561
-1.3843670883058157,-1.3843670883058157,True,0.9997158945811346,0.00028410541886540524
-1.3843670883058157,-1.3843670883058157,True,0.9995472589884706,0.0004527410115293494
-1.3843670883058157,-1.3843670883058157,True,0.9996769813257766,0.0003230186742233366
0.722351758032472,0.722351758032472,True,0.00035982702277947975,0.9996401729772205
0.722351758032472,0.722351758032472,True,0.0005220984107332516,0.9994779015892667
0.722351758032472,0.722351758032472,True,0.00019890930052568478,0.9998010906994743
0.722351758032472,0.722351758032472,True,0.00019866339320750992,0.9998013366067925
0.722351758032472,0.722351758032472,True,0.00013322911242830138,0.9998667708875717
0.722351758032472,0.722351758032472,True,0.0002146515169975105,0.9997853484830025
-1.3843670883058157,-1.3843670883058157,True,0.9996597628760218,0.0003402371239782435
-1.3843670883058157,-1.3843670883058157,True,0.9995936454107299,0.00040635458927006606
-1.3843670883058157,-1.3843670883058157,True,0.9997325436726232,0.00026745632737674416
-1.3843670883058157,-1.3843670883058157,True,0.9997325436726232,0.00026745632737674416
0.722351758032472,0.722351758032472,True,0.00017670399568237016,0.9998232960043176
0.722351758032472,0.722351758032472,True,0.0025466201201772565,0.9974533798798227
0.722351758032472,0.722351758032472,True,0.0001109671527584899,0.9998890328472415
0.722351758032472,0.722351758032472,True,0.0019808033033879013,0.9980191966966121
0.722351758032472,0.722351758032472,True,0.0005060038096016406,0.9994939961903984
0.722351758032472,0.722351758032472,True,0.0009293796225171569,0.9990706203774828
0.722351758032472,0.722351758032472,True,0.0004264568464421581,0.9995735431535578
0.722351758032472,0.722351758032472,True,0.004550425475572939,0.9954495745244271
0.722351758032472,0.722351758032472,True,0.00035123869148490083,0.9996487613085151
0.722351758032472,0.722351758032472,True,0.00016875804785765336,0.9998312419521423
-1.3843670883058157,-1.3843670883058157,True,0.999398251560826,0.0006017484391740726
0.722351758032472,0.722351758032472,True,0.0005235586146102866,0.9994764413853897
0.722351758032472,0.722351758032472,True,0.0002098353029660327,0.999790164697034
-1.3843670883058157,-1.3843670883058157,True,0.9997325436726232,0.00026745632737674416
-1.3843670883058157,-1.3843670883058157,True,0.9996274725071678,0.0003725274928322303
0.722351758032472,0.722351758032472,True,0.0003480648155370636,0.9996519351844629
0.722351758032472,0.722351758032472,True,0.0026233438408750365,0.997376656159125
0.722351758032472,0.722351758032472,True,0.0002512827507080706,0.9997487172492919
-1.3843670883058157,-1.3843670883058157,True,0.9995675785322671,0.0004324214677328732
0.722351758032472,0.722351758032472,True,0.00024104972109029177,0.9997589502789097
0.722351758032472,0.722351758032472,True,0.00020392474768182733,0.9997960752523182
0.722351758032472,0.722351758032472,True,0.002444004965460045,0.99755599503454
0.722351758032472,0.722351758032472,True,0.0001429378688605487,0.9998570621311395
-1.3843670883058157,-1.3843670883058157,True,0.9997158945811346,0.00028410541886540524
0.722351758032472,0.722351758032472,True,0.00029370127053285344,0.9997062987294671
0.722351758032472,0.722351758032472,True,0.0004331546617702964,0.9995668453382297
0.722351758032472,0.722351758032472,True,0.00014767536485127408,0.9998523246351487
0.722351758032472,0.722351758032472,True,0.00030322077768918376,0.9996967792223108
-1.3843670883058157,-1.3843670883058157,True,0.9996779079912811,0.0003220920087188561
-1.3843670883058157,-1.3843670883058157,True,0.9995068550237236,0.0004931449762764062
-1.3843670883058157,-1.3843670883058157,True,0.9996989547980791,0.0003010452019208882
0.722351758032472,0.722351758032472,True,0.00025798879914529227,0.9997420112008547
-1.3843670883058157,-1.3843670883058157,True,0.999643543004224,0.0003564569957760019
-1.3843670883058157,-1.3843670883058157,True,0.9996610079358743,0.00033899206412573113
-1.3843670883058157,-1.3843670883058157,True,0.9995789476028418,0.0004210523971581744
0.722351758032472,0.722351758032472,True,0.011492014521688798,0.9885079854783112
-1.3843670883058157,-1.3843670883058157,True,0.9995339743434661,0.0004660256565338548
-1.3843670883058157,-1.3843670883058157,True,0.9996385848354636,0.0003614151645363154
0.722351758032472,0.722351758032472,True,0.0006576587772457732,0.9993423412227542
-1.3843670883058157,-1.3843670883058157,True,0.9995235118586554,0.0004764881413445598
0.722351758032472,0.722351758032472,True,0.0004965502129209431,0.9995034497870791
0.722351758032472,0.722351758032472,True,0.01569166108538833,0.9843083389146117
-1.3843670883058157,-1.3843670883058157,True,0.9994704573724705,0.0005295426275294178
0.722351758032472,0.722351758032472,True,0.0005295082890257596,0.9994704917109742
-1.3843670883058157,-1.3843670883058157,True,0.9997119425027599,0.0002880574972402001
0.722351758032472,0.722351758032472,True,0.00024688396963290504,0.9997531160303671
0.722351758032472,0.722351758032472,True,0.0005584569771932557,0.9994415430228067
0.722351758032472,0.722351758032472,True,0.009257950715450769,0.9907420492845492
-1.3843670883058157,-1.3843670883058157,True,0.9995890869972572,0.00041091300274279015
0.722351758032472,0.722351758032472,True,0.00041204490127244586,0.9995879550987276
0.722351758032472,0.722351758032472,True,0.0003954018175719165,0.9996045981824281
0.722351758032472,0.722351758032472,True,0.0011441194088643858,0.9988558805911356
0.722351758032472,0.722351758032472,True,0.0002729268607232216,0.9997270731392768
0.722351758032472,0.722351758032472,True,0.00010324852790499772,0.999896751472095
0.722351758032472,0.722351758032472,True,0.0003124059144016256,0.9996875940855984
0.722351758032472,0.722351758032472,True,0.0002447132291969467,0.999755286770803
0.722351758032472,0.722351758032472,True,0.00011517825654283609,0.9998848217434572
0.722351758032472,0.722351758032472,True,0.0002816482274047294,0.9997183517725953
-1.3843670883058157,-1.3843670883058157,True,0.9997158945811346,0.00028410541886540524
0.722351758032472,0.722351758032472,True,0.0003034302643157849,0.9996965697356842
0.722351758032472,0.722351758032472,True,0.00021435144317316634,0.9997856485568268
0.722351758032472,0.722351758032472,True,0.00024420250924572784,0.9997557974907543
0.722351758032472,0.722351758032472,True,0.000846354292226903,0.9991536457077731
0.722351758032472,0.722351758032472,True,0.000646363557837093,0.9993536364421629
-1.3843670883058157,-1.3843670883058157,True,0.9995735104040263,0.00042648959597366593
0.722351758032472,0.722351758032472,True,0.00020900803207313245,0.9997909919679269
-1.3843670883058157,-1.3843670883058157,True,0.999693261836257,0.000306738163743034
0.722351758032472,0.722351758032472,True,0.0003531216499758072,0.9996468783500242
0.722351758032472,0.722351758032472,True,0.00020075571957989258,0.9997992442804201
0.722351758032472,0.722351758032472,True,0.0003109181463342159,0.9996890818536658
0.722351758032472,0.722351758032472,True,0.00040552434451990305,0.9995944756554801
0.722351758032472,0.722351758032472,True,0.00015665304686496295,0.999843346953135
-1.3843670883058157,-1.3843670883058157,True,0.9996974701312461,0.000302529868753942
0.722351758032472,0.722351758032472,True,0.0016378575323779954,0.998362142467622
-1.3843670883058157,-1.3843670883058157,True,0.9994910418846447,0.0005089581153553245
-1.3843670883058157,-1.3843670883058157,True,0.999653485717205,0.0003465142827949249
-1.3843670883058157,-1.3843670883058157,True,0.9997289457081351,0.00027105429186493463
-1.3843670883058157,-1.3843670883058157,True,0.9997288231303684,0.00027117686963163995
0.722351758032472,0.722351758032472,True,0.0001944310006136707,0.9998055689993863
0.722351758032472,0.722351758032472,True,9.035161228621025e-05,0.9999096483877138
0.722351758032472,0.722351758032472,True,0.0009329758237490715,0.9990670241762509
0.722351758032472,0.722351758032472,True,0.0005607000281510066,0.999439299971849
0.722351758032472,0.722351758032472,True,0.00012583095907958697,0.9998741690409204
-1.3843670883058157,-1.3843670883058157,True,0.9997146290416147,0.0002853709583852814
0.722351758032472,0.722351758032472,True,0.00011855481327938122,0.9998814451867206
0.722351758032472,0.722351758032472,True,0.00034184806661796685,0.999658151933382
0.722351758032472,0.722351758032472,True,0.00011476956774281177,0.9998852304322572
-1.3843670883058157,-1.3843670883058157,True,0.9995857173190361,0.0004142826809638874
0.722351758032472,0.722351758032472,True,0.00015477878689629243,0.9998452212131037
0.722351758032472,0.722351758032472,True,0.0012733823815972434,0.9987266176184028
0.722351758032472,0.722351758032472,True,0.00027588813035028803,0.9997241118696497
0.722351758032472,0.722351758032472,True,0.00018835914456871716,0.9998116408554313
-1.3843670883058157,-1.3843670883058157,True,0.9996157260112472,0.0003842739887528076
-1.3843670883058157,-1.3843670883058157,True,0.9994319247851192,0.0005680752148808137
0.722351758032472,0.722351758032472,True,0.00010288216519105386,0.999897117834809
-1.3843670883058157,-1.3843670883058157,True,0.9997251751289297,0.00027482487107033783
0.722351758032472,0.722351758032472,True,0.0003455748958731686,0.9996544251041268
0.722351758032472,0.722351758032472,True,0.0001532781217196133,0.9998467218782804
0.722351758032472,0.722351758032472,True,0.00018878693469903673,0.999811213065301
0.722351758032472,0.722351758032472,True,0.00016600376804865036,0.9998339962319513
0.722351758032472,0.722351758032472,True,0.0004484370202222365,0.9995515629797778
0.722351758032472,0.722351758032472,True,0.0021735014765377203,0.9978264985234623
0.722351758032472,0.722351758032472,True,0.0016873571355626726,0.9983126428644373
0.722351758032472,0.722351758032472,True,0.00010324852790499772,0.999896751472095
-1.3843670883058157,-1.3843670883058157,True,0.9995658041259453,0.0004341958740546635
-1.3843670883058157,-1.3843670883058157,True,0.9997158945811346,0.00028410541886540524
-1.3843670883058157,-1.3843670883058157,True,0.9995723494480043,0.0004276505519956339
0.722351758032472,0.722351758032472,True,0.0003825665701854275,0.9996174334298146
0.722351758032472,0.722351758032472,True,0.00427441019449859,0.9957255898055014
0.722351758032472,0.722351758032472,True,0.00014563350284568788,0.9998543664971543
0.722351758032472,0.722351758032472,True,0.015304916585577422,0.9846950834144226
0.722351758032472,0.722351758032472,True,0.00010324852790499772,0.999896751472095
0.722351758032472,0.722351758032472,True,0.0040416320176558385,0.9959583679823442
-1.3843670883058157,-1.3843670883058157,True,0.9995022010025242,0.0004977989974758517
-1.3843670883058157,-1.3843670883058157,True,0.9996644306058066,0.0003355693941934657
-1.3843670883058157,-1.3843670883058157,True,0.9996600719588598,0.0003399280411402789
-1.3843670883058157,-1.3843670883058157,True,0.999610021569605,0.000389978430394987
0.722351758032472,0.722351758032472,True,0.00026216352676899923,0.999737836473231
0.722351758032472,0.722351758032472,True,0.0015510291718627833,0.9984489708281372
-1.3843670883058157,-1.3843670883058157,True,0.9996974701312461,0.00030252986875394254
0.722351758032472,0.722351758032472,True,0.00047906038752965063,0.9995209396124703
0.722351758032472,0.722351758032472,True,0.0005782832217035017,0.9994217167782965
0.722351758032472,0.722351758032472,True,0.0003288314320620822,0.9996711685679379
0.722351758032472,0.722351758032472,True,0.00018112569322348282,0.9998188743067765
0.722351758032472,0.722351758032472,True,0.00044834123925607816,0.9995516587607439
-1.3843670883058157,-1.3843670883058157,True,0.9997288231303684,0.00027117686963163995
0.722351758032472,0.722351758032472,True,0.00026844192792996324,0.99973155807207
-1.3843670883058157,-1.3843670883058157,True,0.9997158945811346,0.00028410541886540524
-1.3843670883058157,-1.3843670883058157,True,0.9995941600405791,0.00040583995942085907
0.722351758032472,0.722351758032472,True,0.00032744673395579404,0.9996725532660442
0.722351758032472,0.722351758032472,True,0.0006968205344017875,0.9993031794655982
0.722351758032472,0.722351758032472,True,0.0011061477465228453,0.9988938522534772
0.722351758032472,0.722351758032472,True,0.0021093634406416095,0.9978906365593584
0.722351758032472,0.722351758032472,True,0.0005038713785510129,0.999496128621449
0.722351758032472,0.722351758032472,True,0.0004844738401061921,0.9995155261598938
-1.3843670883058157,-1.3843670883058157,True,0.9993195679218183,0.0006804320781816962
-1.3843670883058157,-1.3843670883058157,True,0.9996600719588598,0.0003399280411402789
0.722351758032472,0.722351758032472,True,0.001356302125036457,0.9986436978749635
-1.3843670883058157,-1.3843670883058157,True,0.9996553436217247,0.0003446563782752609
0.722351758032472,0.722351758032472,True,0.00013708063388673253,0.9998629193661133
0.722351758032472,0.722351758032472,True,0.0003541593566261936,0.9996458406433738
-1.3843670883058157,-1.3843670883058157,True,0.9995683550773657,0.00043164492263430063
0.722351758032472,0.722351758032472,True,0.00023864155582598023,0.999761358444174
0.722351758032472,0.722351758032472,True,0.00035670648638097546,0.999643293513619
0.722351758032472,0.722351758032472,True,0.00026668359627812777,0.9997333164037219
0.722351758032472,0.722351758032472,True,0.0003035625299702138,0.9996964374700298
-1.3843670883058157,-1.3843670883058157,True,0.9995646317476629,0.000435368252337181
0.722351758032472,0.722351758032472,True,0.000154418221178787,0.9998455817788212
0.722351758032472,0.722351758032472,True,0.00010550099970974003,0.9998944990002903
0.722351758032472,0.722351758032472,True,0.00027447609883368695,0.9997255239011663
0.722351758032472,0.722351758032472,True,0.0006659677800661123,0.9993340322199339
0.722351758032472,0.722351758032472,True,0.00028775678315529074,0.9997122432168447
0.722351758032472,0.722351758032472,True,0.00011769095689617703,0.9998823090431038
-1.3843670883058157,-1.3843670883058157,True,0.9996974701312461,0.000302529868753942
0.722351758032472,0.722351758032472,True,0.00013643717869671335,0.9998635628213033
0.722351758032472,0.722351758032472,True,0.001587943842255135,0.9984120561577449
-1.3843670883058157,-1.3843670883058157,True,0.9996724881177964,0.0003275118822035389
0.722351758032472,0.722351758032472,True,0.00025233912516864354,0.9997476608748314
0.722351758032472,0.722351758032472,True,0.00036463517026663617,0.9996353648297334
0.722351758032472,0.722351758032472,True,0.0010565844843608563,0.9989434155156391
0.722351758032472,0.722351758032472,True,0.00017310546513726877,0.9998268945348627
-1.3843670883058157,-1.3843670883058157,True,0.9996655668014385,0.0003344331985615757
-1.3843670883058157,-1.3843670883058157,True,0.999703085011662,0.00029691498833792193
-1.3843670883058157,-1.3843670883058157,True,0.9994857329769837,0.0005142670230162215
-1.3843670883058157,-1.3843670883058157,True,0.9994350093160528,0.0005649906839472526
-1.3843670883058157,-1.3843670883058157,True,0.999693261836257,0.000306738163743034
0.722351758032472,0.722351758032472,True,8.427995998327997e-05,0.9999157200400167
0.722351758032472,0.722351758032472,True,0.000182910074839171,0.9998170899251608
0.722351758032472,0.722351758032472,True,0.00019449579731700695,0.999805504202683
-1.3843670883058157,-1.3843670883058157,True,0.9996204282816854,0.00037957171831455924
0.722351758032472,0.722351758032472,True,0.00038403657658525603,0.9996159634234147
0.722351758032472,0.722351758032472,True,0.00011517825654283609,0.9998848217434572
0.722351758032472,0.722351758032472,True,0.00029071226211752066,0.9997092877378825
-1.3843670883058157,-1.3843670883058157,True,0.9995459774700307,0.00045402252996926395
0.722351758032472,0.722351758032472,True,0.0005182418561682223,0.9994817581438318
-1.3843670883058157,-1.3843670883058157,True,0.9997119425027599,0.0002880574972402001
-1.3843670883058157,-1.3843670883058157,True,0.9997228813940573,0.00027711860594271134
0.722351758032472,0.722351758032472,True,0.015010033671068457,0.9849899663289315
-1.3843670883058157,-1.3843670883058157,True,0.9997325436726232,0.00026745632737674416
0.722351758032472,0.722351758032472,True,0.001570305919108006,0.998429694080892
-1.3843670883058157,-1.3843670883058157,True,0.9997325436726232,0.00026745632737674416
-1.3843670883058157,-1.3843670883058157,True,0.9994979278969702,0.0005020721030297292
-1.3843670883058157,-1.3843670883058157,True,0.9997288231303684,0.00027117686963163995
-1.3843670883058157,-1.3843670883058157,True,0.9995488963396372,0.0004511036603628022
-1.3843670883058157,-1.3843670883058157,True,0.9997513935231349,0.0002486064768650395
-1.3843670883058157,-1.3843670883058157,True,0.9996644306058066,0.00033556939419346636
0.722351758032472,0.722351758032472,True,0.00022237318043383247,0.9997776268195662
-1.3843670883058157,-1.3843670883058157,True,0.9997288231303684,0.00027117686963163995
0.722351758032472,0.722351758032472,True,0.0006065604491447552,0.9993934395508552
0.722351758032472,0.722351758032472,True,0.0018015140665395002,0.9981984859334605
0.722351758032472,0.722351758032472,True,0.0001224539996900198,0.99987754600031
0.722351758032472,0.722351758032472,True,0.00038219406815620527,0.9996178059318438
0.722351758032472,0.722351758032472,True,0.0001604655755047535,0.9998395344244952
0.722351758032472,0.722351758032472,True,0.00033583891684296763,0.999664161083157
-1.3843670883058157,-1.3843670883058157,True,0.9995345629906313,0.00046543700936874457
0.722351758032472,0.722351758032472,True,0.00025102600882520587,0.9997489739911748
0.722351758032472,0.722351758032472,True,0.00014238751476347566,0.9998576124852365
0.722351758032472,0.722351758032472,True,0.00027404088798888004,0.9997259591120111
-1.3843670883058157,-1.3843670883058157,True,0.9996274725071678,0.0003725274928322303
0.722351758032472,0.722351758032472,True,0.000175807723838739,0.9998241922761613
-1.3843670883058157,-1.3843670883058157,True,0.9996989547980791,0.0003010452019208882
-1.3843670883058157,-1.3843670883058157,True,0.9997119425027599,0.0002880574972402001
0.722351758032472,0.722351758032472,True,0.00036917091893229337,0.9996308290810677
0.722351758032472,0.722351758032472,True,0.0003325724994761581,0.9996674275005238
0.722351758032472,0.722351758032472,True,0.0003177055258054562,0.9996822944741945
-1.3843670883058157,-1.3843670883058157,True,0.9997119425027599,0.0002880574972402001
0.722351758032472,0.722351758032472,True,0.0005715314454993736,0.9994284685545006
0.722351758032472,0.722351758032472,True,0.00023665394557503827,0.999763346054425
0.722351758032472,0.722351758032472,True,0.00023921575583174537,0.9997607842441683
-1.3843670883058157,-1.3843670883058157,True,0.9997158945811346,0.00028410541886540524
0.722351758032472,0.722351758032472,True,0.0006968205344017875,0.9993031794655982
0.722351758032472,0.722351758032472,True,0.0004762935061350948,0.9995237064938649
0.722351758032472,0.722351758032472,True,0.00027658883266590273,0.9997234111673341
-1.3843670883058157,-1.3843670883058157,True,0.9997548044759161,0.00024519552408380806
0.722351758032472,0.722351758032472,True,0.0007789404706625147,0.9992210595293375
-1.3843670883058157,-1.3843670883058157,True,0.999630019174088,0.0003699808259120485
-1.3843670883058157,-1.3843670883058157,True,0.9995180137901559,0.0004819862098440706
-1.3843670883058157,-1.3843670883058157,True,0.9995661281380236,0.0004338718619763945
0.722351758032472,0.722351758032472,True,0.0003311666100787036,0.9996688333899213
0.722351758032472,0.722351758032472,True,9.757691840772686e-05,0.9999024230815923
0.722351758032472,0.722351758032472,True,0.002363078651955508,0.9976369213480445
-1.3843670883058157,-1.3843670883058157,True,0.9996989547980791,0.0003010452019208882
-1.3843670883058157,-1.3843670883058157,True,0.9996109998463815,0.000389000153618499
0.722351758032472,0.722351758032472,True,0.002294339841388271,0.9977056601586117
-1.3843670883058157,-1.3843670883058157,True,0.9995961296195846,0.0004038703804154765
0.722351758032472,0.722351758032472,True,0.0010248997872116528,0.9989751002127883
0.722351758032472,0.722351758032472,True,0.14616379638630594,0.8538362036136941
0.722351758032472,0.722351758032472,True,0.0003039009720193775,0.9996960990279806
-1.3843670883058157,-1.3843670883058157,True,0.999693261836257,0.000306738163743034
0.722351758032472,0.722351758032472,True,0.0003902001243611952,0.9996097998756388
0.722351758032472,0.722351758032472,True,0.00027298926878116525,0.9997270107312188
-1.3843670883058157,-1.3843670883058157,True,0.9997197602981903,0.00028023970180966897
-1.3843670883058157,-1.3843670883058157,True,0.9996600719588598,0.0003399280411402789
0.722351758032472,0.722351758032472,True,0.002163750654163521,0.9978362493458365
0.722351758032472,0.722351758032472,True,0.0002633800563066613,0.9997366199436933
0.722351758032472,0.722351758032472,True,0.00021816722940948274,0.9997818327705905
0.722351758032472,0.722351758032472,True,0.00013864750866943165,0.9998613524913306
-1.3843670883058157,-1.3843670883058157,True,0.9994350093160528,0.0005649906839472526
0.722351758032472,0.722351758032472,True,0.0003158307511887948,0.9996841692488112
0.722351758032472,0.722351758032472,True,0.00018572717663134508,0.9998142728233687
0.722351758032472,0.722351758032472,True,0.00035810586932605304,0.999641894130674
0.722351758032472,0.722351758032472,True,0.00043190737974507787,0.9995680926202549
0.722351758032472,0.722351758032472,True,0.0003127624519027039,0.9996872375480973
0.722351758032472,0.722351758032472,True,0.0008416066619177931,0.9991583933380822
-1.3843670883058157,-1.3843670883058157,True,0.9997760602896727,0.00022393971032731377
-1.3843670883058157,-1.3843670883058157,True,0.999643543004224,0.0003564569957760019
-1.3843670883058157,-1.3843670883058157,True,0.9997325436726232,0.00026745632737674416
-1.3843670883058157,-1.3843670883058157,True,0.9995457593021714,0.00045424069782862194
-1.3843670883058157,-1.3843670883058157,True,0.9996769813257766,0.000323018674223336
-1.3843670883058157,-1.3843670883058157,True,0.9996466134196637,0.0003533865803363054
-1.3843670883058157,-1.3843670883058157,True,0.9996204282816854,0.00037957171831455924
0.722351758032472,0.722351758032472,True,0.0002677184024507673,0.9997322815975492
0.722351758032472,0.722351758032472,True,0.0002524814981005319,0.9997475185018995
0.722351758032472,0.722351758032472,True,0.0001981025998435415,0.9998018974001565
0.722351758032472,0.722351758032472,True,0.00026988713859610325,0.9997301128614039
-1.3843670883058157,-1.3843670883058157,True,0.999643543004224,0.0003564569957760019
0.722351758032472,0.722351758032472,True,0.00010652740297900642,0.999893472597021
0.722351758032472,0.722351758032472,True,0.0004498971436340815,0.9995501028563659
0.722351758032472,0.722351758032472,True,0.00032741157227167417,0.9996725884277283
0.722351758032472,0.722351758032472,True,0.0003264430039595645,0.9996735569960404
-1.3843670883058157,-1.3843670883058157,True,0.999594723939796,0.0004052760602039734
0.722351758032472,0.722351758032472,True,0.011932423340550224,0.9880675766594498
0.722351758032472,0.722351758032472,True,0.00036117342337183,0.9996388265766282
0.722351758032472,0.722351758032472,True,0.0003392904035245392,0.9996607095964755
0.722351758032472,0.722351758032472,True,0.0007183392465910377,0.999281660753409
-1.3843670883058157,-1.3843670883058157,True,0.9997325436726232,0.00026745632737674416
-1.3843670883058157,-1.3843670883058157,True,0.9994671474701836,0.0005328525298164358
0.722351758032472,0.722351758032472,True,0.00025962687600455947,0.9997403731239954
0.722351758032472,0.722351758032472,True,0.000241903805767274,0.9997580961942327
-1.3843670883058157,-1.3843670883058157,True,0.9997325436726232,0.00026745632737674416
0.722351758032472,0.722351758032472,True,0.0002464658246781326,0.9997535341753219
0.722351758032472,0.722351758032472,True,0.00015604023641679898,0.9998439597635832
0.722351758032472,0.722351758032472,True,0.00028708923513276474,0.9997129107648672
-1.3843670883058157,-1.3843670883058157,True,0.999703085011662,0.00029691498833792193
0.722351758032472,0.722351758032472,True,0.0002942512984684953,0.9997057487015315
0.722351758032472,0.722351758032472,True,0.000511421103000842,0.9994885788969992
-1.3843670883058157,-1.3843670883058157,True,0.9996023669338368,0.0003976330661632283
-1.3843670883058157,-1.3843670883058157,True,0.9995519903516403,0.0004480096483597111
0.722351758032472,0.722351758032472,True,0.00040230029021248725,0.9995976997097875
0.722351758032472,0.722351758032472,True,0.00036552872601358644,0.9996344712739864
0.722351758032472,0.722351758032472,True,0.00020913308890235793,0.9997908669110976
-1.3843670883058157,-1.3843670883058157,True,0.9996376011045266,0.0003623988954733889
-1.3843670883058157,-1.3843670883058157,True,0.9996989547980791,0.0003010452019208882
0.722351758032472,0.722351758032472,True,0.0001506523161313167,0.9998493476838687
-1.3843670883058157,-1.3843670883058157,True,0.9995519903516403,0.0004480096483597111
0.722351758032472,0.722351758032472,True,0.0008682064006493295,0.9991317935993507
0.722351758032472,0.722351758032472,True,0.00033713660215628494,0.9996628633978437
-1.3843670883058157,-1.3843670883058157,True,0.9995494661469995,0.00045053385300056675
0.722351758032472,0.722351758032472,True,0.00038125222887919197,0.9996187477711208
-1.3843670883058157,-1.3843670883058157,True,0.9995313824349111,0.0004686175650888509
0.722351758032472,0.722351758032472,True,0.03888881386851528,0.9611111861314847
0.722351758032472,0.722351758032472,True,0.00031549461537849766,0.9996845053846215
0.722351758032472,0.722351758032472,True,0.00019800276296033648,0.9998019972370397
-1.3843670883058157,-1.3843670883058157,True,0.9995269597798868,0.0004730402201131878
0.722351758032472,0.722351758032472,True,0.00169491441575087,0.9983050855842491
0.722351758032472,0.722351758032472,True,0.0027014542623935434,0.9972985457376065
0.722351758032472,0.722351758032472,True,0.00030819693056494124,0.9996918030694351
-1.3843670883058157,-1.3843670883058157,True,0.9996633632187432,0.00033663678125688446
0.722351758032472,0.722351758032472,True,0.0001227234739085148,0.9998772765260915
0.722351758032472,0.722351758032472,True,0.00012434497545799061,0.999875655024542
0.722351758032472,0.722351758032472,True,0.00042275554801562976,0.9995772444519844
0.722351758032472,0.722351758032472,True,0.0001790051964726258,0.9998209948035274
-1.3843670883058157,-1.3843670883058157,True,0.9997288231303684,0.00027117686963163995
0.722351758032472,0.722351758032472,True,0.00013337304167881925,0.9998666269583212
0.722351758032472,0.722351758032472,True,0.0005946107240435428,0.9994053892759565
0.722351758032472,0.722351758032472,True,0.002253765613695613,0.9977462343863044
0.722351758032472,0.722351758032472,True,0.0005939665281240458,0.999406033471876
0.722351758032472,0.722351758032472,True,0.0003764381077341339,0.9996235618922659
0.722351758032472,0.722351758032472,True,0.0008556173588996074,0.9991443826411004
-1.3843670883058157,-1.3843670883058157,True,0.9995735104040263,0.00042648959597366593
-1.3843670883058157,-1.3843670883058157,True,0.9995391880284924,0.0004608119715075953
0.722351758032472,0.722351758032472,True,0.0003288314320620822,0.9996711685679379
-1.3843670883058157,-1.3843670883058157,True,0.9996385848354636,0.0003614151645363154
0.722351758032472,0.722351758032472,True,0.000359800005071631,0.9996401999949284
-1.3843670883058157,-1.3843670883058157,True,0.9996439424679989,0.00035605753200108794
-1.3843670883058157,-1.3843670883058157,True,0.9997288231303684,0.00027117686963163995
0.722351758032472,0.722351758032472,True,0.0018952595245486092,0.9981047404754514
-1.3843670883058157,-1.3843670883058157,True,0.9996429181178724,0.00035708188212753007
-1.3843670883058157,-1.3843670883058157,True,0.9996716269063602,0.0003283730936397998
0.722351758032472,0.722351758032472,True,0.00017588507327204184,0.999824114926728
0.722351758032472,0.722351758032472,True,0.00031934575206338245,0.9996806542479366
0.722351758032472,0.722351758032472,True,0.0003809695359408005,0.9996190304640592
-1.3843670883058157,-1.3843670883058157,True,0.9996974701312461,0.000302529868753942
0.722351758032472,0.722351758032472,True,0.0006024441697606298,0.9993975558302394
-1.3843670883058157,-1.3843670883058157,True,0.9997158945811346,0.00028410541886540524
0.722351758032472,0.722351758032472,True,0.0003805882619875023,0.9996194117380125
0.722351758032472,0.722351758032472,True,0.0001109671527584899,0.9998890328472415
0.722351758032472,0.722351758032472,True,0.0005560935798035738,0.9994439064201964
0.722351758032472,0.722351758032472,True,0.0006344699450488989,0.9993655300549511
0.722351758032472,0.722351758032472,True,0.00021644566312617464,0.9997835543368738
0.722351758032472,0.722351758032472,True,0.0004172741105196165,0.9995827258894804
0.722351758032472,0.722351758032472,True,0.00047630418802946384,0.9995236958119705
0.722351758032472,0.722351758032472,True,0.00013112921365987518,0.9998688707863401
0.722351758032472,0.722351758032472,True,0.00027835625177841106,0.9997216437482216
0.722351758032472,0.722351758032472,True,0.0002887832164788495,0.9997112167835212
0.722351758032472,0.722351758032472,True,0.0030445658049256252,0.9969554341950744
0.722351758032472,0.722351758032472,True,0.000159778866643423,0.9998402211333566
-1.3843670883058157,-1.3843670883058157,True,0.9996204282816854,0.00037957171831455924
0.722351758032472,0.722351758032472,True,0.0003047871116983458,0.9996952128883017
0.722351758032472,0.722351758032472,True,0.0010939381034948958,0.9989060618965051
0.722351758032472,0.722351758032472,True,0.00024360706816628497,0.9997563929318337
0.722351758032472,0.722351758032472,True,0.0003034302643157849,0.9996965697356842
0.722351758032472,0.722351758032472,True,0.00015823719289942417,0.9998417628071006
-1.3843670883058157,-1.3843670883058157,True,0.999693261836257,0.000306738163743034
-1.3843670883058157,-1.3843670883058157,True,0.9997158945811346,0.00028410541886540524
0.722351758032472,0.722351758032472,True,0.00017460410600378395,0.9998253958939962
-1.3843670883058157,-1.3843670883058157,True,0.9993398160736207,0.0006601839263793016
-1.3843670883058157,-1.3843670883058157,True,0.999643543004224,0.0003564569957760022
-1.3843670883058157,-1.3843670883058157,True,0.9996600719588598,0.0003399280411402789
0.722351758032472,0.722351758032472,True,0.00027720475027359637,0.9997227952497264
0.722351758032472,0.722351758032472,True,0.00011517825654283609,0.9998848217434572
-1.3843670883058157,-1.3843670883058157,True,0.9996328727326589,0.0003671272673411154
0.722351758032472,0.722351758032472,True,0.0001624597574176878,0.9998375402425823
-1.3843670883058157,-1.3843670883058157,True,0.999543418483829,0.00045658151617106077
0.722351758032472,0.722351758032472,True,0.000492466823633908,0.9995075331763661
-1.3843670883058157,-1.3843670883058157,True,0.9995924404093002,0.00040755959069983154
0.722351758032472,0.722351758032472,True,0.0006801068584705305,0.9993198931415295
0.722351758032472,0.722351758032472,True,0.0002699188114767548,0.9997300811885232
0.722351758032472,0.722351758032472,True,0.00018417590722841215,0.9998158240927716
0.722351758032472,0.722351758032472,True,0.00024845953295715706,0.9997515404670428
-1.3843670883058157,-1.3843670883058157,True,0.9996151487205152,0.0003848512794848706
0.722351758032472,0.722351758032472,True,0.0004083326337460669,0.9995916673662539
-1.3843670883058157,-1.3843670883058157,True,0.9995462711997813,0.0004537288002186973
0.722351758032472,0.722351758032472,True,0.000853438405253093,0.9991465615947469
0.722351758032472,0.722351758032472,True,0.00018941998228583223,0.9998105800177142
0.722351758032472,0.722351758032472,True,0.00011317493068607742,0.9998868250693139
0.722351758032472,0.722351758032472,True,0.00015150153825793655,0.9998484984617421
0.722351758032472,0.722351758032472,True,0.00039226042019402385,0.999607739579806
0.722351758032472,0.722351758032472,True,0.00038568791196602614,0.999614312088034
-1.3843670883058157,-1.3843670883058157,True,0.9993368048681909,0.0006631951318091796
0.722351758032472,0.722351758032472,True,0.00037549467406605697,0.9996245053259339
0.722351758032472,0.722351758032472,True,0.00015310915462507513,0.9998468908453749
0.722351758032472,0.722351758032472,True,0.00042871116099751916,0.9995712888390025
0.722351758032472,0.722351758032472,True,0.0003329087965706634,0.9996670912034293
0.722351758032472,0.722351758032472,True,0.00022156461838185315,0.9997784353816181
-1.3843670883058157,-1.3843670883058157,True,0.9995169472507536,0.00048305274924640345
0.722351758032472,0.722351758032472,True,0.0001224539996900198,0.99987754600031
0.722351758032472,0.722351758032472,True,0.00038430766783936754,0.9996156923321606
-1.3843670883058157,-1.3843670883058157,True,0.9994631081772744,0.0005368918227256192
0.722351758032472,0.722351758032472,True,0.00010550099970974003,0.9998944990002903
0.722351758032472,0.722351758032472,True,0.0007292243777401453,0.9992707756222599
-1.3843670883058157,-1.3843670883058157,True,0.9995013669397489,0.0004986330602511124
0.722351758032472,0.722351758032472,True,0.00011517825654283609,0.9998848217434572
0.722351758032472,0.722351758032472,True,0.0007263522465768002,0.9992736477534232
0.722351758032472,0.722351758032472,True,0.00028672429530207655,0.9997132757046979
-1.3843670883058157,-1.3843670883058157,True,0.9997158945811346,0.00028410541886540524
0.722351758032472,0.722351758032472,True,0.0030977572454772284,0.9969022427545228
0.722351758032472,0.722351758032472,True,0.0004166036820423269,0.9995833963179577
-1.3843670883058157,-1.3843670883058157,True,0.9996989547980791,0.0003010452019208882
0.722351758032472,0.722351758032472,True,0.0002182529194894034,0.9997817470805106
-1.3843670883058157,-1.3843670883058157,True,0.999583182860689,0.000416817139310969
0.722351758032472,0.722351758032472,True,0.0003338730388150468,0.999666126961185
-1.3843670883058157,-1.3843670883058157,True,0.9997288231303684,0.00027117686963163995
0.722351758032472,0.722351758032472,True,0.002209087703078927,0.9977909122969211
-1.3843670883058157,-1.3843670883058157,True,0.9996724881177964,0.0003275118822035389
0.722351758032472,0.722351758032472,True,0.0002868847805342911,0.9997131152194657
0.722351758032472,0.722351758032472,True,0.0002940359026925021,0.9997059640973075
0.722351758032472,0.722351758032472,True,0.001236866735161768,0.9987631332648382
-1.3843670883058157,-1.3843670883058157,True,0.9996989547980791,0.0003010452019208882
0.722351758032472,0.722351758032472,True,0.0004139068268628199,0.9995860931731372
-1.3843670883058157,-1.3843670883058157,True,0.9995476873290362,0.0004523126709638168
-1.3843670883058157,-1.3843670883058157,True,0.9997033275736575,0.00029667242634249895
-1.3843670883058157,-1.3843670883058157,True,0.9996600719588598,0.0003399280411402789
0.722351758032472,0.722351758032472,True,0.0005287392830336524,0.9994712607169663
0.722351758032472,0.722351758032472,True,0.00028792130281118933,0.9997120786971888
0.722351758032472,0.722351758032472,True,9.366869235771791e-05,0.9999063313076423
0.722351758032472,0.722351758032472,True,0.00014563350284568788,0.9998543664971543
0.722351758032472,0.722351758032472,True,0.00011069974331956445,0.9998893002566804
0.722351758032472,0.722351758032472,True,0.000982435526360903,0.9990175644736391
-1.3843670883058157,-1.3843670883058157,True,0.9997466919606595,0.0002533080393405124
0.722351758032472,0.722351758032472,True,0.0005042304961123678,0.9994957695038876
0.722351758032472,0.722351758032472,True,0.00017841299466392346,0.9998215870053361
-1.3843670883058157,0.722351758032472,False,0.17204129863052253,0.8279587013694775
0.722351758032472,0.722351758032472,True,0.0006059461923064724,0.9993940538076935
0.722351758032472,0.722351758032472,True,0.00036204008666118614,0.9996379599133388
-1.3843670883058157,-1.3843670883058157,True,0.999620997655889,0.0003790023441110659
-1.3843670883058157,-1.3843670883058157,True,0.9996821808909946,0.0003178191090053954
0.722351758032472,0.722351758032472,True,0.004753895877801617,0.9952461041221984
0.722351758032472,0.722351758032472,True,0.00040817267651904743,0.999591827323481
0.722351758032472,0.722351758032472,True,0.0002614477405089577,0.999738552259491
-1.3843670883058157,-1.3843670883058157,True,0.9997288231303684,0.00027117686963163995
0.722351758032472,0.722351758032472,True,0.00036985670337807974,0.9996301432966219
-1.3843670883058157,-1.3843670883058157,True,0.9996072205992179,0.0003927794007820897
0.722351758032472,0.722351758032472,True,0.00046577528063107554,0.9995342247193689
0.722351758032472,0.722351758032472,True,0.0006968205344017875,0.9993031794655982
-1.3843670883058157,-1.3843670883058157,True,0.9996204282816854,0.00037957171831455924
0.722351758032472,0.722351758032472,True,0.0026738285701422004,0.9973261714298578
0.722351758032472,0.722351758032472,True,0.0015508459931057317,0.9984491540068943
0.722351758032472,0.722351758032472,True,0.0007212461254024749,0.9992787538745975
0.722351758032472,0.722351758032472,True,8.740602276824383e-05,0.9999125939772318
0.722351758032472,0.722351758032472,True,0.0006484592878399642,0.99935154071216
0.722351758032472,0.722351758032472,True,0.0003047871116983458,0.9996952128883017
-1.3843670883058157,-1.3843670883058157,True,0.9996553436217247,0.0003446563782752609
0.722351758032472,0.722351758032472,True,0.00020095235277983736,0.9997990476472202
-1.3843670883058157,-1.3843670883058157,True,0.9995092436010223,0.0004907563989776325
0.722351758032472,0.722351758032472,True,0.00035446307138198296,0.999645536928618
0.722351758032472,0.722351758032472,True,0.00010550099970974003,0.9998944990002903
0.722351758032472,0.722351758032472,True,0.00015665304686496295,0.999843346953135
0.722351758032472,0.722351758032472,True,0.0012965038838121945,0.9987034961161878
0.722351758032472,0.722351758032472,True,0.0005643208010691625,0.9994356791989308
0.722351758032472,0.722351758032472,True,0.00024845953295715706,0.9997515404670428
-1.3843670883058157,-1.3843670883058157,True,0.9994842103397248,0.0005157896602752637
-1.3843670883058157,-1.3843670883058157,True,0.999703085011662,0.00029691498833792193
0.722351758032472,0.722351758032472,True,0.0022329004794395813,0.9977670995205604
0.722351758032472,0.722351758032472,True,0.00012742911692820158,0.9998725708830718
-1.3843670883058157,-1.3843670883058157,True,0.9997158945811346,0.00028410541886540524
-1.3843670883058157,-1.3843670883058157,True,0.9996204282816854,0.00037957171831455924
0.722351758032472,0.722351758032472,True,0.0003269314560035985,0.9996730685439964
0.722351758032472,0.722351758032472,True,0.00037640161415908313,0.9996235983858409
0.722351758032472,0.722351758032472,True,0.00014555137214056213,0.9998544486278594
0.722351758032472,0.722351758032472,True,0.00024392673719242364,0.9997560732628076
-1.3843670883058157,-1.3843670883058157,True,0.9996594864959164,0.00034051350408358815
0.722351758032472,0.722351758032472,True,0.00011849624897186661,0.9998815037510281
-1.3843670883058157,-1.3843670883058157,True,0.9996644306058066,0.00033556939419346636
0.722351758032472,0.722351758032472,True,9.439579599501702e-05,0.999905604204005
0.722351758032472,0.722351758032472,True,0.00017687792704668137,0.9998231220729533
0.722351758032472,0.722351758032472,True,0.009312507536602954,0.990687492463397
0.722351758032472,0.722351758032472,True,0.0005776758294918638,0.9994223241705081
-1.3843670883058157,-1.3843670883058157,True,0.9997325436726232,0.00026745632737674416
0.722351758032472,0.722351758032472,True,8.931290505787004e-05,0.9999106870949421
-1.3843670883058157,-1.3843670883058157,True,0.9993485307719813,0.0006514692280187083
0.722351758032472,0.722351758032472,True,0.0003406068249208749,0.9996593931750791
0.722351758032472,0.722351758032472,True,0.00024401241158023002,0.9997559875884198
0.722351758032472,0.722351758032472,True,0.00028269820392679,0.9997173017960732
0.722351758032472,0.722351758032472,True,0.0007182827823479787,0.999281717217652
0.722351758032472,0.722351758032472,True,0.0003402133193871615,0.9996597866806128
0.722351758032472,0.722351758032472,True,0.00010760003596843593,0.9998923999640316
-1.3843670883058157,-1.3843670883058157,True,0.9997653832769339,0.0002346167230661058
0.722351758032472,0.722351758032472,True,0.00031528115725132366,0.9996847188427487
0.722351758032472,0.722351758032472,True,0.00047630418802946384,0.9995236958119705
0.722351758032472,0.722351758032472,True,0.0002540464805089737,0.999745953519491
-1.3843670883058157,-1.3843670883058157,True,0.9995297547969528,0.00047024520304719944
0.722351758032472,0.722351758032472,True,0.0005223945863020996,0.9994776054136979
0.722351758032472,0.722351758032472,True,0.00026612443636375716,0.9997338755636362
0.722351758032472,0.722351758032472,True,0.0004108038309468265,0.9995891961690532
0.722351758032472,0.722351758032472,True,0.00027860034735749384,0.9997213996526425
0.722351758032472,0.722351758032472,True,0.00030071160045730405,0.9996992883995427
-1.3843670883058157,-1.3843670883058157,True,0.9997288231303684,0.00027117686963163995
0.722351758032472,0.722351758032472,True,0.000580009396891068,0.9994199906031089
-1.3843670883058157,-1.3843670883058157,True,0.999693261836257,0.000306738163743034
0.722351758032472,0.722351758032472,True,0.0008102439384575222,0.9991897560615425
0.722351758032472,0.722351758032472,True,0.00024845953295715706,0.9997515404670428
-1.3843670883058157,-1.3843670883058157,True,0.9995735104040263,0.00042648959597366593
0.722351758032472,0.722351758032472,True,0.00021481817371915568,0.9997851818262808
0.722351758032472,0.722351758032472,True,0.0002540464805089737,0.999745953519491
0.722351758032472,0.722351758032472,True,0.0002444460212482902,0.9997555539787517
0.722351758032472,0.722351758032472,True,0.0002079336470646176,0.9997920663529354
0.722351758032472,0.722351758032472,True,0.0004926298374855476,0.9995073701625145
-1.3843670883058157,-1.3843670883058157,True,0.9995488963396372,0.0004511036603628022
-1.3843670883058157,-1.3843670883058157,True,0.9996385848354636,0.0003614151645363154
0.722351758032472,0.722351758032472,True,0.0003221497988665778,0.9996778502011334
0.722351758032472,0.722351758032472,True,0.00020695823980287908,0.9997930417601971
0.722351758032472,0.722351758032472,True,0.0002974002773488138,0.9997025997226512
-1.3843670883058157,-1.3843670883058157,True,0.999594723939796,0.0004052760602039734
0.722351758032472,0.722351758032472,True,0.00014563350284568788,0.9998543664971543
0.722351758032472,0.722351758032472,True,0.00039037019834320397,0.9996096298016568
-1.3843670883058157,-1.3843670883058157,True,0.9997288231303684,0.00027117686963163995
0.722351758032472,0.722351758032472,True,0.00021435144317316634,0.9997856485568268
-1.3843670883058157,-1.3843670883058157,True,0.999740311793938,0.0002596882060620604
0.722351758032472,0.722351758032472,True,0.00012394730535869591,0.9998760526946413
-1.3843670883058157,-1.3843670883058157,True,0.9996852213778542,0.0003147786221457402
0.722351758032472,0.722351758032472,True,0.00023775494391964358,0.9997622450560804
-1.3843670883058157,-1.3843670883058157,True,0.999703085011662,0.00029691498833792193
0.722351758032472,0.722351758032472,True,0.0019281988084894897,0.9980718011915105
-1.3843670883058157,-1.3843670883058157,True,0.9995566135667027,0.00044338643329730194
-1.3843670883058157,-1.3843670883058157,True,0.9994646784229613,0.0005353215770386907
-1.3843670883058157,-1.3843670883058157,True,0.9997288231303684,0.00027117686963163995
0.722351758032472,0.722351758032472,True,0.0007485975899497177,0.9992514024100503
0.722351758032472,0.722351758032472,True,0.001578130879625106,0.9984218691203749
0.722351758032472,0.722351758032472,True,0.00224964446252629,0.9977503555374737
-1.3843670883058157,-1.3843670883058157,True,0.9995605629127452,0.00043943708725483746
-1.3843670883058157,-1.3843670883058157,True,0.9997325436726232,0.00026745632737674416
0.722351758032472,0.722351758032472,True,0.00017460410600378395,0.9998253958939962
-1.3843670883058157,-1.3843670883058157,True,0.9997288231303684,0.00027117686963163995
0.722351758032472,0.722351758032472,True,0.00035528066693935045,0.9996447193330606
0.722351758032472,0.722351758032472,True,0.00024845953295715706,0.9997515404670428
0.722351758032472,0.722351758032472,True,0.00017588507327204184,0.999824114926728
0.722351758032472,0.722351758032472,True,0.0002079336470646176,0.9997920663529354
0.722351758032472,0.722351758032472,True,0.0003503776039285311,0.9996496223960715
0.722351758032472,0.722351758032472,True,0.00019615355559443604,0.9998038464444056
0.722351758032472,0.722351758032472,True,0.0002051084514365087,0.9997948915485635
0.722351758032472,0.722351758032472,True,0.00046549927290606696,0.9995345007270939
0.722351758032472,0.722351758032472,True,0.00029922397756498853,0.999700776022435
0.722351758032472,0.722351758032472,True,0.00012648912827406544,0.9998735108717259
-1.3843670883058157,-1.3843670883058157,True,0.9997073978121576,0.0002926021878424824
0.722351758032472,0.722351758032472,True,0.00014315692500088684,0.9998568430749991
-1.3843670883058157,-1.3843670883058157,True,0.9994250685863406,0.000574931413659396
0.722351758032472,0.722351758032472,True,0.00026900586814593286,0.9997309941318541
-1.3843670883058157,-1.3843670883058157,True,0.9997158945811346,0.00028410541886540524
-1.3843670883058157,-1.3843670883058157,True,0.999549681629021,0.00045031837097902154
0.722351758032472,0.722351758032472,True,0.0001530119113158923,0.9998469880886841
-1.3843670883058157,-1.3843670883058157,True,0.9995022010025242,0.0004977989974758517
0.722351758032472,0.722351758032472,True,0.00044662976196718773,0.9995533702380328
0.722351758032472,0.722351758032472,True,0.0010194716214108057,0.9989805283785892
0.722351758032472,0.722351758032472,True,0.000489738843906351,0.9995102611560936
0.722351758032472,0.722351758032472,True,0.00030996403302185893,0.9996900359669781
-1.3843670883058157,-1.3843670883058157,True,0.9995495494853044,0.0004504505146956579
0.722351758032472,0.722351758032472,True,0.0026497459156566983,0.9973502540843433
-1.3843670883058157,-1.3843670883058157,True,0.9996385848354636,0.0003614151645363154
0.722351758032472,0.722351758032472,True,0.0007738389529552414,0.9992261610470448
0.722351758032472,0.722351758032472,True,0.00030773776726367164,0.9996922622327363
0.722351758032472,0.722351758032472,True,0.0001624597574176878,0.9998375402425823
0.722351758032472,0.722351758032472,True,0.00019615355559443604,0.9998038464444056
-1.3843670883058157,-1.3843670883058157,True,0.9997146290416147,0.0002853709583852814
0.722351758032472,0.722351758032472,True,0.0003790343233069926,0.999620965676693
0.722351758032472,0.722351758032472,True,0.0005946371785578997,0.9994053628214421
-1.3843670883058157,-1.3843670883058157,True,0.9997288231303684,0.00027117686963163995
0.722351758032472,0.722351758032472,True,0.0001624597574176878,0.9998375402425823
-1.3843670883058157,-1.3843670883058157,True,0.9995617639214212,0.0004382360785788671
0.722351758032472,0.722351758032472,True,0.0006146940631911457,0.9993853059368089
-1.3843670883058157,-1.3843670883058157,True,0.999337311019927,0.0006626889800730336
0.722351758032472,0.722351758032472,True,0.0017816570006680132,0.998218342999332
-1.3843670883058157,-1.3843670883058157,True,0.999739366725307,0.00026063327469291986
0.722351758032472,0.722351758032472,True,0.000159778866643423,0.9998402211333566
-1.3843670883058157,-1.3843670883058157,True,0.9994867501149153,0.0005132498850847382
-1.3843670883058157,-1.3843670883058157,True,0.9996989547980791,0.0003010452019208882
0.722351758032472,0.722351758032472,True,0.0004109147245313638,0.9995890852754686
0.722351758032472,0.722351758032472,True,0.00022156461838185315,0.9997784353816181
-1.3843670883058157,-1.3843670883058157,True,0.9995743748741528,0.00042562512584724403
0.722351758032472,0.722351758032472,True,0.0002619351937765968,0.9997380648062234
0.722351758032472,0.722351758032472,True,0.0002508482485329422,0.9997491517514671
0.722351758032472,0.722351758032472,True,0.00027716832914403966,0.999722831670856
0.722351758032472,0.722351758032472,True,0.0002524814981005319,0.9997475185018995
0.722351758032472,0.722351758032472,True,0.0004531971303766147,0.9995468028696234
0.722351758032472,0.722351758032472,True,9.712273278339456e-05,0.9999028772672166
0.722351758032472,0.722351758032472,True,0.0004277754909893794,0.9995722245090106
-1.3843670883058157,-1.3843670883058157,True,0.9994350093160528,0.0005649906839472526
-1.3843670883058157,-1.3843670883058157,True,0.999739366725307,0.00026063327469291986
0.722351758032472,0.722351758032472,True,0.00025636412872742653,0.9997436358712726
0.722351758032472,0.722351758032472,True,0.001624902731015565,0.9983750972689844
0.722351758032472,0.722351758032472,True,0.00017964771052270123,0.9998203522894773
0.722351758032472,0.722351758032472,True,0.0003330507717975717,0.9996669492282024
0.722351758032472,0.722351758032472,True,0.011294647697838833,0.9887053523021612
0.722351758032472,0.722351758032472,True,0.0009686354434742528,0.9990313645565257
0.722351758032472,0.722351758032472,True,0.0003365927539075164,0.9996634072460925
0.722351758032472,0.722351758032472,True,0.0002433760577010835,0.9997566239422989
0.722351758032472,0.722351758032472,True,0.00015580166566742104,0.9998441983343326
0.722351758032472,0.722351758032472,True,0.00014563350284568788,0.9998543664971543
0.722351758032472,0.722351758032472,True,0.0003822267328512652,0.9996177732671487
-1.3843670883058157,-1.3843670883058157,True,0.999594723939796,0.0004052760602039737
0.722351758032472,0.722351758032472,True,0.0003605451389739889,0.999639454861026
0.722351758032472,0.722351758032472,True,0.00029006314653767795,0.9997099368534623
0.722351758032472,0.722351758032472,True,0.000194904237249105,0.9998050957627509
-1.3843670883058157,-1.3843670883058157,True,0.9995242639940537,0.0004757360059463241
0.722351758032472,0.722351758032472,True,0.00038638476004737576,0.9996136152399526
0.722351758032472,0.722351758032472,True,0.00011727335328826083,0.9998827266467117
-1.3843670883058157,-1.3843670883058157,True,0.9995458159118601,0.0004541840881399284
-1.3843670883058157,-1.3843670883058157,True,0.9995661281380236,0.0004338718619763945
0.722351758032472,0.722351758032472,True,0.00013113304459289044,0.9998688669554071
0.722351758032472,0.722351758032472,True,0.003424861269342938,0.9965751387306571
0.722351758032472,0.722351758032472,True,0.00023372879610861208,0.9997662712038914
0.722351758032472,0.722351758032472,True,0.00012648912827406544,0.9998735108717259
0.722351758032472,0.722351758032472,True,0.00045767059194168347,0.9995423294080583
0.722351758032472,0.722351758032472,True,0.000492466823633908,0.9995075331763661
0.722351758032472,0.722351758032472,True,0.0002452939637469509,0.999754706036253
0.722351758032472,0.722351758032472,True,0.00011220110918896964,0.999887798890811
0.722351758032472,0.722351758032472,True,0.000379165131312309,0.9996208348686877
0.722351758032472,0.722351758032472,True,0.0004498322594870263,0.999550167740513
-1.3843670883058157,-1.3843670883058157,True,0.9992378727779232,0.0007621272220768165
0.722351758032472,0.722351758032472,True,0.00022156461838185315,0.9997784353816181
0.722351758032472,0.722351758032472,True,0.00037915542700117655,0.9996208445729988
0.722351758032472,0.722351758032472,True,0.00412695720190237,0.9958730427980976
0.722351758032472,0.722351758032472,True,0.00019731339843531703,0.9998026866015647
0.722351758032472,0.722351758032472,True,0.0002974975048213313,0.9997025024951787
-1.3843670883058157,-1.3843670883058157,True,0.9996571512111365,0.00034284878886344113
-1.3843670883058157,-1.3843670883058157,True,0.999594723939796,0.0004052760602039734
0.722351758032472,0.722351758032472,True,0.00018488559254481451,0.9998151144074552
0.722351758032472,0.722351758032472,True,0.00014215442940268552,0.9998578455705973
0.722351758032472,0.722351758032472,True,0.0007978498555591962,0.9992021501444408
-1.3843670883058157,-1.3843670883058157,True,0.9997015361968695,0.00029846380313046817
-1.3843670883058157,-1.3843670883058157,True,0.9997243577785891,0.0002756422214108852
0.722351758032472,0.722351758032472,True,9.439579599501702e-05,0.999905604204005
0.722351758032472,0.722351758032472,True,0.0004235246324534314,0.9995764753675466
0.722351758032472,0.722351758032472,True,0.001199844248353732,0.9988001557516463
0.722351758032472,0.722351758032472,True,0.00019615355559443604,0.9998038464444056
0.722351758032472,0.722351758032472,True,0.0006968205344017875,0.9993031794655982
0.722351758032472,0.722351758032472,True,0.00030612452130773793,0.9996938754786923
-1.3843670883058157,-1.3843670883058157,True,0.9996989547980791,0.0003010452019208882
0.722351758032472,0.722351758032472,True,8.006199728693986e-05,0.9999199380027131
0.722351758032472,0.722351758032472,True,0.00021254351910382496,0.9997874564808962
-1.3843670883058157,-1.3843670883058157,True,0.9993723190910151,0.0006276809089849614
0.722351758032472,0.722351758032472,True,0.000927255285058326,0.9990727447149417
0.722351758032472,0.722351758032472,True,0.00019615355559443604,0.9998038464444056
0.722351758032472,0.722351758032472,True,0.0005989647980177981,0.9994010352019822
-1.3843670883058157,-1.3843670883058157,True,0.9994379388765062,0.0005620611234937591
-1.3843670883058157,-1.3843670883058157,True,0.9996769813257766,0.000323018674223336
0.722351758032472,0.722351758032472,True,0.000642971863712094,0.9993570281362879
0.722351758032472,0.722351758032472,True,0.00035911292668033834,0.9996408870733197
-1.3843670883058157,-1.3843670883058157,True,0.9996189995280282,0.0003810004719718122
0.722351758032472,0.722351758032472,True,7.83526117631439e-05,0.9999216473882369
-1.3843670883058157,-1.3843670883058157,True,0.9996274725071678,0.0003725274928322303
-1.3843670883058157,-1.3843670883058157,True,0.9997158945811346,0.00028410541886540524
0.722351758032472,0.722351758032472,True,0.0012608190577948486,0.9987391809422052
0.722351758032472,0.722351758032472,True,0.000560858668629205,0.9994391413313708
0.722351758032472,0.722351758032472,True,0.00015665304686496295,0.999843346953135
0.722351758032472,0.722351758032472,True,9.810571337709462e-05,0.9999018942866229
0.722351758032472,0.722351758032472,True,0.0004226878204095508,0.9995773121795904
-1.3843670883058157,-1.3843670883058157,True,0.9996301104411128,0.0003698895588871733
0.722351758032472,0.722351758032472,True,0.0007954680915337464,0.9992045319084663
0.722351758032472,0.722351758032472,True,0.0002079336470646176,0.9997920663529354
0.722351758032472,0.722351758032472,True,0.0001310782408893152,0.9998689217591107
0.722351758032472,0.722351758032472,True,0.00018331741739385787,0.9998166825826061
-1.3843670883058157,-1.3843670883058157,True,0.9996974701312461,0.000302529868753942
0.722351758032472,0.722351758032472,True,0.00032628561203884576,0.9996737143879612
0.722351758032472,0.722351758032472,True,0.041155740189937284,0.9588442598100627
0.722351758032472,0.722351758032472,True,0.00011517825654283609,0.9998848217434572
0.722351758032472,0.722351758032472,True,0.0002633800563066613,0.9997366199436933
0.722351758032472,0.722351758032472,True,0.00048142016823593536,0.9995185798317641
0.722351758032472,0.722351758032472,True,0.0005108051845124084,0.9994891948154876
0.722351758032472,0.722351758032472,True,0.0018952595245486092,0.9981047404754514
0.722351758032472,0.722351758032472,True,0.00028854181503346066,0.9997114581849665
-1.3843670883058157,-1.3843670883058157,True,0.999703085011662,0.00029691498833792193
-1.3843670883058157,-1.3843670883058157,True,0.9995924404093002,0.00040755959069983154
-1.3843670883058157,-1.3843670883058157,True,0.9997158945811346,0.00028410541886540524
-1.3843670883058157,-1.3843670883058157,True,0.9996769813257766,0.000323018674223336
0.722351758032472,0.722351758032472,True,0.00018817888135469474,0.9998118211186453
-1.3843670883058157,-1.3843670883058157,True,0.9994094040784094,0.000590595921590582
0.722351758032472,0.722351758032472,True,8.740602276824383e-05,0.9999125939772318
0.722351758032472,0.722351758032472,True,0.00014058150795359659,0.9998594184920464
-1.3843670883058157,0.722351758032472,False,0.0756550624310931,0.9243449375689069
0.722351758032472,0.722351758032472,True,0.0025498132052564904,0.9974501867947435
0.722351758032472,0.722351758032472,True,0.00027251743800138506,0.9997274825619986
0.722351758032472,0.722351758032472,True,0.00027964597323748563,0.9997203540267625
0.722351758032472,0.722351758032472,True,0.00011769095689617703,0.9998823090431038
-1.3843670883058157,-1.3843670883058157,True,0.999703085011662,0.00029691498833792193
-1.3843670883058157,-1.3843670883058157,True,0.9993723190910151,0.0006276809089849614
-1.3843670883058157,-1.3843670883058157,True,0.999703085011662,0.00029691498833792193
0.722351758032472,0.722351758032472,True,0.00019615355559443604,0.9998038464444056
-1.3843670883058157,-1.3843670883058157,True,0.999557309480059,0.000442690519940999
-1.3843670883058157,-1.3843670883058157,True,0.9997092324037852,0.00029076759621478554
0.722351758032472,0.722351758032472,True,0.00019466750969909796,0.9998053324903009
0.722351758032472,0.722351758032472,True,0.0005584569771932557,0.9994415430228067
0.722351758032472,0.722351758032472,True,0.0001873163463457228,0.9998126836536543
0.722351758032472,0.722351758032472,True,0.0015705753423943536,0.9984294246576056
0.722351758032472,0.722351758032472,True,0.016584130888244952,0.983415869111755
0.722351758032472,0.722351758032472,True,0.0001051947762641392,0.9998948052237359
0.722351758032472,0.722351758032472,True,0.00024845953295715706,0.9997515404670428
-1.3843670883058157,-1.3843670883058157,True,0.9994065048471658,0.0005934951528342051
0.722351758032472,0.722351758032472,True,9.598983449055076e-05,0.9999040101655094
0.722351758032472,0.722351758032472,True,0.0014541291231504605,0.9985458708768495
0.722351758032472,0.722351758032472,True,0.0003357253930361681,0.9996642746069638
0.722351758032472,0.722351758032472,True,0.00038219406815620527,0.9996178059318438
0.722351758032472,0.722351758032472,True,0.0004054145580598689,0.9995945854419401
-1.3843670883058157,-1.3843670883058157,True,0.9995720798974851,0.00042792010251486724
0.722351758032472,0.722351758032472,True,0.0002131910404357118,0.9997868089595643
-1.3843670883058157,-1.3843670883058157,True,0.999703085011662,0.00029691498833792193
0.722351758032472,0.722351758032472,True,0.0002575245221942968,0.9997424754778057
0.722351758032472,0.722351758032472,True,0.00022156461838185315,0.9997784353816181
0.722351758032472,0.722351758032472,True,0.0002472904493665551,0.9997527095506334
0.722351758032472,0.722351758032472,True,0.0013831317688214328,0.9986168682311786
-1.3843670883058157,-1.3843670883058157,True,0.9997158945811346,0.00028410541886540524
0.722351758032472,0.722351758032472,True,0.0002662577411349787,0.999733742258865
-1.3843670883058157,-1.3843670883058157,True,0.9996260746293076,0.0003739253706923567
-1.3843670883058157,-1.3843670883058157,True,0.9996989547980791,0.0003010452019208882
0.722351758032472,0.722351758032472,True,0.0004804514450399422,0.9995195485549601
0.722351758032472,0.722351758032472,True,0.0008024745673607114,0.9991975254326393
-1.3843670883058157,-1.3843670883058157,True,0.9994306081679719,0.0005693918320280448
0.722351758032472,0.722351758032472,True,0.000175807723838739,0.9998241922761613
-1.3843670883058157,-1.3843670883058157,True,0.9996553436217247,0.0003446563782752609
0.722351758032472,0.722351758032472,True,0.00011517825654283609,0.9998848217434572
0.722351758032472,0.722351758032472,True,0.0003122968392021974,0.9996877031607978
0.722351758032472,0.722351758032472,True,0.00023473479943170172,0.9997652652005683
0.722351758032472,0.722351758032472,True,0.00022237318043383247,0.9997776268195662
-1.3843670883058157,-1.3843670883058157,True,0.999693261836257,0.000306738163743034
0.722351758032472,0.722351758032472,True,0.0006296768039721901,0.9993703231960278
0.722351758032472,0.722351758032472,True,0.00029370127053285344,0.9997062987294671
0.722351758032472,0.722351758032472,True,0.00011517825654283609,0.9998848217434572
0.722351758032472,0.722351758032472,True,0.0001624597574176878,0.9998375402425823
0.722351758032472,0.722351758032472,True,0.000584529467019923,0.9994154705329801
0.722351758032472,0.722351758032472,True,0.0026033574117180214,0.997396642588282
0.722351758032472,0.722351758032472,True,0.0003364944861029562,0.999663505513897
-1.3843670883058157,-1.3843670883058157,True,0.9996974701312461,0.000302529868753942
-1.3843670883058157,-1.3843670883058157,True,0.999703085011662,0.00029691498833792193
-1.3843670883058157,-1.3843670883058157,True,0.9997114045852643,0.00028859541473566394
0.722351758032472,0.722351758032472,True,0.00010324852790499772,0.999896751472095
0.722351758032472,0.722351758032472,True,0.00030819823955563486,0.9996918017604444
-1.3843670883058157,-1.3843670883058157,True,0.9995993211448545,0.0004006788551454787
-1.3843670883058157,-1.3843670883058157,True,0.9996600719588598,0.0003399280411402789
0.722351758032472,0.722351758032472,True,0.00027322378068861397,0.9997267762193114
0.722351758032472,0.722351758032472,True,0.00033829606710467086,0.9996617039328953
0.722351758032472,0.722351758032472,True,0.000803032492111666,0.9991969675078883
0.722351758032472,0.722351758032472,True,0.00034899680064781613,0.9996510031993522
0.722351758032472,0.722351758032472,True,0.0001796428640157277,0.9998203571359843
-1.3843670883058157,-1.3843670883058157,True,0.9995228991021776,0.00047710089782235015
-1.3843670883058157,-1.3843670883058157,True,0.9996204282816854,0.00037957171831455924
0.722351758032472,0.722351758032472,True,0.0004970332426714741,0.9995029667573285
-1.3843670883058157,-1.3843670883058157,True,0.9995476873290362,0.0004523126709638168
0.722351758032472,0.722351758032472,True,0.0002165671233708144,0.9997834328766292
-1.3843670883058157,-1.3843670883058157,True,0.9996974701312461,0.000302529868753942
-1.3843670883058157,-1.3843670883058157,True,0.9997653832769339,0.0002346167230661058
0.722351758032472,0.722351758032472,True,0.00022237318043383247,0.9997776268195662
0.722351758032472,0.722351758032472,True,0.002655914403331683,0.9973440855966683
0.722351758032472,0.722351758032472,True,0.0003726733981792574,0.9996273266018207
0.722351758032472,0.722351758032472,True,0.0001183073018050651,0.9998816926981949
-1.3843670883058157,-1.3843670883058157,True,0.9997325436726232,0.00026745632737674416
-1.3843670883058157,-1.3843670883058157,True,0.9996088549831634,0.00039114501683658445
0.722351758032472,0.722351758032472,True,0.00025938785555712496,0.9997406121444429
-1.3843670883058157,-1.3843670883058157,True,0.9996865411633712,0.00031345883662884294
0.722351758032472,0.722351758032472,True,0.0002540464805089737,0.999745953519491
-1.3843670883058157,-1.3843670883058157,True,0.999739366725307,0.00026063327469291986
0.722351758032472,0.722351758032472,True,0.000605648193283459,0.9993943518067165
-1.3843670883058157,-1.3843670883058157,True,0.9997119425027599,0.0002880574972402001
-1.3843670883058157,-1.3843670883058157,True,0.9996562143230613,0.0003437856769386607
0.722351758032472,0.722351758032472,True,0.0002425854632933655,0.9997574145367066
0.722351758032472,0.722351758032472,True,0.00025560359797427434,0.9997443964020257
0.722351758032472,0.722351758032472,True,0.0005506211802586147,0.9994493788197414
0.722351758032472,0.722351758032472,True,0.00048820178338659925,0.9995117982166134
0.722351758032472,0.722351758032472,True,0.00024844132431056654,0.9997515586756894
0.722351758032472,0.722351758032472,True,0.00017889926325775907,0.9998211007367422
-1.3843670883058157,-1.3843670883058157,True,0.9996597628760218,0.0003402371239782435
-1.3843670883058157,-1.3843670883058157,True,0.9997158945811346,0.00028410541886540524
0.722351758032472,0.722351758032472,True,0.0006985382082906888,0.9993014617917093
0.722351758032472,0.722351758032472,True,0.00033410679571099777,0.999665893204289
0.722351758032472,0.722351758032472,True,0.0010752441838212112,0.9989247558161788
0.722351758032472,0.722351758032472,True,0.00022379238155711967,0.9997762076184429
0.722351758032472,0.722351758032472,True,0.0002174622475992205,0.9997825377524008
-1.3843670883058157,-1.3843670883058157,True,0.9994979278969702,0.0005020721030297292
0.722351758032472,0.722351758032472,True,0.001288046099082063,0.9987119539009179
-1.3843670883058157,-1.3843670883058157,True,0.999703085011662,0.00029691498833792193
-1.3843670883058157,-1.3843670883058157,True,0.9995904436947692,0.0004095563052307103
-1.3843670883058157,-1.3843670883058157,True,0.999703085011662,0.00029691498833792193
0.722351758032472,0.722351758032472,True,0.00015911777041544006,0.9998408822295846
0.722351758032472,0.722351758032472,True,0.00024845953295715706,0.9997515404670428
0.722351758032472,0.722351758032472,True,0.00034018052372353225,0.9996598194762765
0.722351758032472,0.722351758032472,True,0.0004981731450474092,0.9995018268549526
0.722351758032472,0.722351758032472,True,0.0002146515169975105,0.9997853484830025
-1.3843670883058157,-1.3843670883058157,True,0.999703085011662,0.00029691498833792193
0.722351758032472,0.722351758032472,True,0.00021201876618071047,0.9997879812338193
0.722351758032472,0.722351758032472,True,0.00010546393789290232,0.9998945360621071
-1.3843670883058157,-1.3843670883058157,True,0.9995503437027927,0.00044965629720728433
-1.3843670883058157,-1.3843670883058157,True,0.9996553436217247,0.0003446563782752609
0.722351758032472,0.722351758032472,True,0.00013513325429992395,0.9998648667457001
-1.3843670883058157,-1.3843670883058157,True,0.999582462832814,0.0004175371671859167
-1.3843670883058157,-1.3843670883058157,True,0.9997158945811346,0.00028410541886540524
0.722351758032472,0.722351758032472,True,0.0004680733491430056,0.999531926650857
0.722351758032472,0.722351758032472,True,0.00019936814979215622,0.9998006318502078
0.722351758032472,0.722351758032472,True,0.0013166585278243659,0.9986833414721756
0.722351758032472,0.722351758032472,True,0.00018063581147287344,0.9998193641885271
0.722351758032472,0.722351758032472,True,0.0002887832164788495,0.9997112167835212
-1.3843670883058157,-1.3843670883058157,True,0.9997158945811346,0.00028410541886540524
-1.3843670883058157,-1.3843670883058157,True,0.9994065048471658,0.0005934951528342057
-1.3843670883058157,-1.3843670883058157,True,0.9996610079358743,0.00033899206412573113
0.722351758032472,0.722351758032472,True,0.00044863230140868016,0.9995513676985913
0.722351758032472,0.722351758032472,True,0.0003507621385154813,0.9996492378614845
0.722351758032472,0.722351758032472,True,0.0033281432713538894,0.9966718567286461
0.722351758032472,0.722351758032472,True,0.0005486179712488326,0.9994513820287512
0.722351758032472,0.722351758032472,True,0.00022237318043383247,0.9997776268195662
-1.3843670883058157,-1.3843670883058157,True,0.9997325436726232,0.00026745632737674416
0.722351758032472,0.722351758032472,True,0.011635521707244911,0.9883644782927551
-1.3843670883058157,-1.3843670883058157,True,0.999693261836257,0.000306738163743034
0.722351758032472,0.722351758032472,True,0.0013106052423724757,0.9986893947576275
0.722351758032472,0.722351758032472,True,0.00046274914505695097,0.999537250854943
-1.3843670883058157,-1.3843670883058157,True,0.9997466919606595,0.0002533080393405124
0.722351758032472,0.722351758032472,True,0.00024235401067518314,0.9997576459893248
0.722351758032472,0.722351758032472,True,0.00028166886915070855,0.9997183311308493
0.722351758032472,0.722351758032472,True,0.002549874368149574,0.9974501256318504
0.722351758032472,0.722351758032472,True,0.00025295824485493945,0.9997470417551451
-1.3843670883058157,-1.3843670883058157,True,0.999559668491889,0.0004403315081109034
-1.3843670883058157,-1.3843670883058157,True,0.9996083171778736,0.000391682822126459
-1.3843670883058157,-1.3843670883058157,True,0.999643543004224,0.0003564569957760019
-1.3843670883058157,-1.3843670883058157,True,0.9994773245503769,0.0005226754496231024
0.722351758032472,0.722351758032472,True,0.00035243673381790686,0.9996475632661821
0.722351758032472,0.722351758032472,True,0.0002172335681152049,0.9997827664318848
0.722351758032472,0.722351758032472,True,0.05085438736158532,0.9491456126384147
-1.3843670883058157,-1.3843670883058157,True,0.9996456799126209,0.0003543200873790689
-1.3843670883058157,-1.3843670883058157,True,0.9991490228135231,0.0008509771864768682
-1.3843670883058157,-1.3843670883058157,True,0.999703085011662,0.00029691498833792193
0.722351758032472,0.722351758032472,True,0.0003032277389694027,0.9996967722610306
0.722351758032472,0.722351758032472,True,0.00010530275395248534,0.9998946972460475
0.722351758032472,0.722351758032472,True,0.0006281664836714773,0.9993718335163285
0.722351758032472,0.722351758032472,True,0.00011240353104102763,0.999887596468959
0.722351758032472,0.722351758032472,True,0.00012109077045441285,0.9998789092295456
-1.3843670883058157,-1.3843670883058157,True,0.999705631005175,0.0002943689948250208
0.722351758032472,0.722351758032472,True,0.00024738327735496224,0.999752616722645
-1.3843670883058157,-1.3843670883058157,True,0.9996974701312461,0.000302529868753942
0.722351758032472,0.722351758032472,True,0.0001415720174329227,0.9998584279825671
-1.3843670883058157,-1.3843670883058157,True,0.9996549547889936,0.0003450452110064238
0.722351758032472,0.722351758032472,True,0.00022115261759136917,0.9997788473824086
0.722351758032472,0.722351758032472,True,0.0004157209127533257,0.9995842790872467
-1.3843670883058157,-1.3843670883058157,True,0.9996151487205152,0.0003848512794848709
-1.3843670883058157,-1.3843670883058157,True,0.9996644306058066,0.00033556939419346636
0.722351758032472,0.722351758032472,True,0.00012648912827406544,0.9998735108717259
0.722351758032472,0.722351758032472,True,0.00118523675093396,0.998814763249066
0.722351758032472,0.722351758032472,True,0.00031259428891272645,0.9996874057110873
-1.3843670883058157,-1.3843670883058157,True,0.999703085011662,0.00029691498833792193
0.722351758032472,0.722351758032472,True,0.0002848180723934446,0.9997151819276066
-1.3843670883058157,-1.3843670883058157,True,0.9996989547980791,0.0003010452019208882
-1.3843670883058157,-1.3843670883058157,True,0.999623310422318,0.00037668957768202167
0.722351758032472,0.722351758032472,True,0.00023168574330867386,0.9997683142566913
0.722351758032472,0.722351758032472,True,0.0003124059144016256,0.9996875940855984
-1.3843670883058157,-1.3843670883058157,True,0.999703085011662,0.00029691498833792193
0.722351758032472,0.722351758032472,True,0.0014495804717868932,0.9985504195282131
0.722351758032472,0.722351758032472,True,0.0003063774065814595,0.9996936225934185
0.722351758032472,0.722351758032472,True,0.0007115639917011363,0.9992884360082989
0.722351758032472,0.722351758032472,True,0.0002390068034933135,0.9997609931965067
0.722351758032472,0.722351758032472,True,0.00030996403302185893,0.9996900359669781
-1.3843670883058157,-1.3843670883058157,True,0.9996779079912811,0.0003220920087188561
0.722351758032472,0.722351758032472,True,0.0002512839204238393,0.9997487160795762
0.722351758032472,0.722351758032472,True,0.00031953997515032917,0.9996804600248497
0.722351758032472,0.722351758032472,True,0.0006257732967936969,0.9993742267032063
0.722351758032472,0.722351758032472,True,0.00017337320282173607,0.9998266267971783
0.722351758032472,0.722351758032472,True,0.0001068859625645846,0.9998931140374354
0.722351758032472,0.722351758032472,True,0.00011876942734834195,0.9998812305726517
0.722351758032472,0.722351758032472,True,0.0003906332918061084,0.9996093667081939
0.722351758032472,0.722351758032472,True,9.439579599501702e-05,0.999905604204005
-1.3843670883058157,-1.3843670883058157,True,0.9996222908889291,0.00037770911107095983
-1.3843670883058157,-1.3843670883058157,True,0.9996600719588598,0.0003399280411402789
0.722351758032472,0.722351758032472,True,0.0001420765047358552,0.9998579234952641
-1.3843670883058157,-1.3843670883058157,True,0.9996281149463498,0.0003718850536501127
0.722351758032472,0.722351758032472,True,0.00035911292668033834,0.9996408870733197
0.722351758032472,0.722351758032472,True,8.993105485055608e-05,0.9999100689451494
0.722351758032472,0.722351758032472,True,0.00014006371019814612,0.9998599362898019
0.722351758032472,0.722351758032472,True,0.00013569095897225658,0.9998643090410277
-1.3843670883058157,-1.3843670883058157,True,0.9997325436726232,0.00026745632737674416
0.722351758032472,0.722351758032472,True,0.0007152849025215957,0.9992847150974784
0.722351758032472,0.722351758032472,True,8.740602276824383e-05,0.9999125939772318
-1.3843670883058157,-1.3843670883058157,True,0.9996769813257766,0.000323018674223336
-1.3843670883058157,-1.3843670883058157,True,0.9995789581947057,0.0004210418052942956
0.722351758032472,0.722351758032472,True,0.00018517546276830554,0.9998148245372317
0.722351758032472,0.722351758032472,True,0.00037915542700117655,0.9996208445729988
-1.3843670883058157,-1.3843670883058157,True,0.9997325436726232,0.00026745632737674416
-1.3843670883058157,-1.3843670883058157,True,0.9996989547980791,0.0003010452019208882
0.722351758032472,0.722351758032472,True,0.00019312769976798094,0.999806872300232
0.722351758032472,0.722351758032472,True,0.0003412495533585691,0.9996587504466414
0.722351758032472,0.722351758032472,True,0.004521869897877173,0.9954781301021228
0.722351758032472,0.722351758032472,True,0.00022156461838185315,0.9997784353816181
0.722351758032472,0.722351758032472,True,0.00035329406608819447,0.9996467059339118
0.722351758032472,0.722351758032472,True,0.00019867094106329475,0.9998013290589367
0.722351758032472,0.722351758032472,True,0.0003304091794296138,0.9996695908205704
-1.3843670883058157,-1.3843670883058157,True,0.9996974701312461,0.000302529868753942
0.722351758032472,0.722351758032472,True,0.0003895707106258417,0.9996104292893742
0.722351758032472,0.722351758032472,True,0.0002880000707737862,0.9997119999292262
-1.3843670883058157,-1.3843670883058157,True,0.9997325436726232,0.00026745632737674416
0.722351758032472,0.722351758032472,True,0.000506928895771197,0.9994930711042288
0.722351758032472,0.722351758032472,True,0.00022156461838185315,0.9997784353816181
-1.3843670883058157,-1.3843670883058157,True,0.9995277740275592,0.0004722259724407713
0.722351758032472,0.722351758032472,True,0.00018234052431598258,0.999817659475684
0.722351758032472,0.722351758032472,True,0.0001624597574176878,0.9998375402425823
0.722351758032472,0.722351758032472,True,0.0007580235868426266,0.9992419764131574
-1.3843670883058157,-1.3843670883058157,True,0.999643543004224,0.0003564569957760019
0.722351758032472,0.722351758032472,True,0.00011769095689617703,0.9998823090431038
-1.3843670883058157,-1.3843670883058157,True,0.9994971559547383,0.0005028440452616766
-1.3843670883058157,-1.3843670883058157,True,0.9995261671808047,0.0004738328191953407
0.722351758032472,0.722351758032472,True,0.00024095344391350526,0.9997590465560865
-1.3843670883058157,-1.3843670883058157,True,0.9996716269063602,0.0003283730936397998
-1.3843670883058157,-1.3843670883058157,True,0.9992970439494888,0.000702956050511133
-1.3843670883058157,-1.3843670883058157,True,0.9992798565004879,0.0007201434995121104
0.722351758032472,0.722351758032472,True,0.0001085487124470319,0.999891451287553
0.722351758032472,0.722351758032472,True,0.0003782844535363816,0.9996217155464636
0.722351758032472,0.722351758032472,True,0.0003717153200898382,0.9996282846799102
0.722351758032472,0.722351758032472,True,0.0001624597574176878,0.9998375402425823
0.722351758032472,0.722351758032472,True,0.00011517825654283609,0.9998848217434572
-1.3843670883058157,-1.3843670883058157,True,0.999750167404118,0.00024983259588192433
0.722351758032472,0.722351758032472,True,0.00010324852790499772,0.999896751472095
0.722351758032472,0.722351758032472,True,0.00016221782644110228,0.9998377821735589
0.722351758032472,0.722351758032472,True,0.0003953808747394483,0.9996046191252606
0.722351758032472,0.722351758032472,True,0.00018878693469903673,0.999811213065301
0.722351758032472,0.722351758032472,True,0.0002806447649843502,0.9997193552350156
0.722351758032472,0.722351758032472,True,0.00029370127053285344,0.9997062987294671
0.722351758032472,0.722351758032472,True,0.00013988968192357731,0.9998601103180764
0.722351758032472,0.722351758032472,True,0.00016570893708611756,0.9998342910629139
-1.3843670883058157,-1.3843670883058157,True,0.999594723939796,0.0004052760602039737
0.722351758032472,0.722351758032472,True,0.0006118076253500693,0.9993881923746499
0.722351758032472,0.722351758032472,True,0.00011207193423468098,0.9998879280657653
0.722351758032472,0.722351758032472,True,0.00027363143548475577,0.9997263685645152
-1.3843670883058157,-1.3843670883058157,True,0.9997466919606595,0.0002533080393405124
0.722351758032472,0.722351758032472,True,0.00045412134941758,0.9995458786505824
0.722351758032472,0.722351758032472,True,0.0003569158090411806,0.9996430841909588
0.722351758032472,0.722351758032472,True,0.00029440709222694483,0.999705592907773
-1.3843670883058157,-1.3843670883058157,True,0.9996762127349632,0.00032378726503682514
0.722351758032472,0.722351758032472,True,0.00032916693711237954,0.9996708330628876
-1.3843670883058157,-1.3843670883058157,True,0.9996989547980791,0.0003010452019208882
0.722351758032472,0.722351758032472,True,0.00020222624726673466,0.9997977737527333
0.722351758032472,0.722351758032472,True,0.00019721285568441438,0.9998027871443156
0.722351758032472,0.722351758032472,True,0.0003988199800070147,0.999601180019993
-1.3843670883058157,-1.3843670883058157,True,0.9997325436726232,0.00026745632737674416
0.722351758032472,0.722351758032472,True,0.0006660942836401729,0.9993339057163598
0.722351758032472,0.722351758032472,True,0.00016814440081580617,0.9998318555991842
-1.3843670883058157,-1.3843670883058157,True,0.9997158945811346,0.00028410541886540524
0.722351758032472,0.722351758032472,True,0.00024040720614071365,0.9997595927938593
-1.3843670883058157,-1.3843670883058157,True,0.9996222908889291,0.00037770911107095983
0.722351758032472,0.722351758032472,True,0.0003375083342751495,0.9996624916657249
0.722351758032472,0.722351758032472,True,0.010964721492985552,0.9890352785070144
0.722351758032472,0.722351758032472,True,0.0002772722465146371,0.9997227277534854
-1.3843670883058157,-1.3843670883058157,True,0.9996848232111761,0.00031517678882390807
-1.3843670883058157,-1.3843670883058157,True,0.9997158945811346,0.00028410541886540524
0.722351758032472,0.722351758032472,True,0.0001624597574176878,0.9998375402425823
-1.3843670883058157,-1.3843670883058157,True,0.9994576995925917,0.0005423004074083766
0.722351758032472,0.722351758032472,True,0.0003139870383996879,0.9996860129616003
-1.3843670883058157,-1.3843670883058157,True,0.9996769813257766,0.000323018674223336
0.722351758032472,0.722351758032472,True,0.005755622350726686,0.9942443776492733
0.722351758032472,0.722351758032472,True,0.0003795363895066073,0.9996204636104934
0.722351758032472,0.722351758032472,True,0.0008291223109224699,0.9991708776890775
0.722351758032472,0.722351758032472,True,0.00022237318043383247,0.9997776268195662
0.722351758032472,0.722351758032472,True,0.00018014006790867398,0.9998198599320913
-1.3843670883058157,-1.3843670883058157,True,0.9993756143702006,0.0006243856297993431
-1.3843670883058157,-1.3843670883058157,True,0.999689147243903,0.0003108527560969693
0.722351758032472,0.722351758032472,True,0.00045180862084970297,0.9995481913791503
0.722351758032472,0.722351758032472,True,0.0008859007211153846,0.9991140992788846
0.722351758032472,0.722351758032472,True,7.83526117631439e-05,0.9999216473882369
0.722351758032472,0.722351758032472,True,0.0003985474567334002,0.9996014525432666
-1.3843670883058157,-1.3843670883058157,True,0.999427152192507,0.0005728478074930106
0.722351758032472,0.722351758032472,True,0.0013720483875933054,0.9986279516124067
0.722351758032472,0.722351758032472,True,0.00033053028467311396,0.9996694697153269
-1.3843670883058157,-1.3843670883058157,True,0.9996963673060668,0.00030363269393315266
0.722351758032472,0.722351758032472,True,0.00028269820392679,0.9997173017960732
0.722351758032472,0.722351758032472,True,0.0003598298447624604,0.9996401701552375
0.722351758032472,0.722351758032472,True,0.00013600605270713828,0.9998639939472929
-1.3843670883058157,-1.3843670883058157,True,0.9997288231303684,0.00027117686963163995
-1.3843670883058157,-1.3843670883058157,True,0.999661497430151,0.0003385025698490454
-1.3843670883058157,-1.3843670883058157,True,0.9994773245503769,0.0005226754496231024
0.722351758032472,0.722351758032472,True,0.0005626371010852838,0.9994373628989147
-1.3843670883058157,-1.3843670883058157,True,0.9996600719588598,0.0003399280411402789
0.722351758032472,0.722351758032472,True,0.0001873163463457228,0.9998126836536543
0.722351758032472,0.722351758032472,True,0.0002806447649843502,0.9997193552350156
0.722351758032472,0.722351758032472,True,0.0006906732861803322,0.9993093267138197
-1.3843670883058157,-1.3843670883058157,True,0.9997158945811346,0.00028410541886540524
-1.3843670883058157,-1.3843670883058157,True,0.9997325436726232,0.00026745632737674416
0.722351758032472,0.722351758032472,True,0.0003846056751765081,0.9996153943248235
-1.3843670883058157,-1.3843670883058157,True,0.999703085011662,0.00029691498833792193
0.722351758032472,0.722351758032472,True,0.0004736149124828781,0.9995263850875171
0.722351758032472,0.722351758032472,True,0.00046179861812289946,0.9995382013818771
0.722351758032472,0.722351758032472,True,0.00018166994709212236,0.9998183300529079
-1.3843670883058157,-1.3843670883058157,True,0.9996428933666799,0.0003571066333200803
-1.3843670883058157,-1.3843670883058157,True,0.9996974701312461,0.000302529868753942
0.722351758032472,0.722351758032472,True,0.005903257621775904,0.9940967423782241
-1.3843670883058157,-1.3843670883058157,True,0.9997548044759161,0.00024519552408380806
0.722351758032472,0.722351758032472,True,0.0002168679036582688,0.9997831320963417
0.722351758032472,0.722351758032472,True,0.0002806447649843502,0.9997193552350156
0.722351758032472,0.722351758032472,True,0.0003055480882646622,0.9996944519117353
-1.3843670883058157,-1.3843670883058157,True,0.9997119425027599,0.0002880574972402001
-1.3843670883058157,-1.3843670883058157,True,0.999684860360393,0.0003151396396070956
0.722351758032472,0.722351758032472,True,0.00013988968192357731,0.9998601103180764
-1.3843670883058157,-1.3843670883058157,True,0.9996706520001348,0.0003293479998652156
-1.3843670883058157,-1.3843670883058157,True,0.999643543004224,0.0003564569957760019
-1.3843670883058157,-1.3843670883058157,True,0.999261915228568,0.0007380847714320091
-1.3843670883058157,-1.3843670883058157,True,0.999705631005175,0.0002943689948250208
0.722351758032472,0.722351758032472,True,0.00010324852790499772,0.999896751472095
-1.3843670883058157,-1.3843670883058157,True,0.9995353637624621,0.00046463623753786567
0.722351758032472,0.722351758032472,True,0.0002633800563066613,0.9997366199436933
-1.3843670883058157,-1.3843670883058157,True,0.9994996231723465,0.0005003768276534978
0.722351758032472,0.722351758032472,True,8.931290505787004e-05,0.9999106870949421
-1.3843670883058157,-1.3843670883058157,True,0.999693261836257,0.000306738163743034
-1.3843670883058157,-1.3843670883058157,True,0.9997325436726232,0.00026745632737674416
0.722351758032472,0.722351758032472,True,0.0013258118611636505,0.9986741881388363
-1.3843670883058157,-1.3843670883058157,True,0.9996281149463498,0.0003718850536501127
-1.3843670883058157,-1.3843670883058157,True,0.9997288231303684,0.00027117686963163995
0.722351758032472,0.722351758032472,True,0.0017468292989477607,0.9982531707010522
0.722351758032472,0.722351758032472,True,0.00044000943761257627,0.9995599905623874
-1.3843670883058157,-1.3843670883058157,True,0.9992206925726547,0.0007793074273453765
-1.3843670883058157,-1.3843670883058157,True,0.9997653832769339,0.0002346167230661058
-1.3843670883058157,-1.3843670883058157,True,0.999703085011662,0.00029691498833792193
0.722351758032472,0.722351758032472,True,0.002352215829416804,0.9976477841705832
0.722351758032472,0.722351758032472,True,0.00045109132740384084,0.9995489086725962
-1.3843670883058157,-1.3843670883058157,True,0.9995745678691605,0.00042543213083946166
0.722351758032472,0.722351758032472,True,0.00019615355559443604,0.9998038464444056
-1.3843670883058157,-1.3843670883058157,True,0.9995269167328821,0.00047308326711791336
0.722351758032472,0.722351758032472,True,0.0003102756567806564,0.9996897243432193
-1.3843670883058157,-1.3843670883058157,True,0.9995554424215086,0.00044455757849139974
0.722351758032472,0.722351758032472,True,0.00019499606899142652,0.9998050039310086
0.722351758032472,0.722351758032472,True,0.00010530275395248534,0.9998946972460475
-1.3843670883058157,-1.3843670883058157,True,0.999703085011662,0.00029691498833792193
0.722351758032472,0.722351758032472,True,0.0005648756891089013,0.9994351243108911
-1.3843670883058157,-1.3843670883058157,True,0.9996204282816854,0.0003795717183145596
0.722351758032472,0.722351758032472,True,0.0004108038309468265,0.9995891961690532
0.722351758032472,0.722351758032472,True,0.0015012908476458309,0.9984987091523542
-1.3843670883058157,-1.3843670883058157,True,0.999703085011662,0.00029691498833792193
0.722351758032472,0.722351758032472,True,0.00044228341248286895,0.9995577165875171
-1.3843670883058157,-1.3843670883058157,True,0.999703085011662,0.00029691498833792193
0.722351758032472,0.722351758032472,True,0.0014339543758044027,0.9985660456241956
0.722351758032472,0.722351758032472,True,0.00014881050843718047,0.9998511894915628
0.722351758032472,0.722351758032472,True,0.00010623117815278249,0.9998937688218472
0.722351758032472,0.722351758032472,True,0.002975472748438679,0.9970245272515613
-1.3843670883058157,-1.3843670883058157,True,0.9997325436726232,0.00026745632737674416
0.722351758032472,0.722351758032472,True,0.001004222022652268,0.9989957779773477
0.722351758032472,0.722351758032472,True,0.003017875157809935,0.9969821248421901
0.722351758032472,0.722351758032472,True,0.0004143791556447951,0.9995856208443552
0.722351758032472,0.722351758032472,True,0.000182910074839171,0.9998170899251608
0.722351758032472,0.722351758032472,True,0.00011096074171956793,0.9998890392582804
0.722351758032472,0.722351758032472,True,0.0003982146169647649,0.9996017853830352
-1.3843670883058157,-1.3843670883058157,True,0.9995747615628365,0.0004252384371634595
0.722351758032472,0.722351758032472,True,0.0011600948980743375,0.9988399051019257
0.722351758032472,0.722351758032472,True,0.000194904237249105,0.9998050957627509
0.722351758032472,0.722351758032472,True,0.0020109537949276612,0.9979890462050723
0.722351758032472,0.722351758032472,True,0.00032528351919891563,0.9996747164808011
-1.3843670883058157,-1.3843670883058157,True,0.9996204282816854,0.00037957171831455924
0.722351758032472,0.722351758032472,True,0.0012885417947562372,0.9987114582052438
0.722351758032472,0.722351758032472,True,0.00030045067149930826,0.9996995493285007
0.722351758032472,0.722351758032472,True,0.0013125969771052848,0.9986874030228947
0.722351758032472,0.722351758032472,True,0.0005434030676048085,0.9994565969323952
0.722351758032472,0.722351758032472,True,0.00027716832914403966,0.999722831670856
-1.3843670883058157,-1.3843670883058157,True,0.999640751456687,0.00035924854331305985
0.722351758032472,0.722351758032472,True,0.0006573616823640771,0.9993426383176359
0.722351758032472,0.722351758032472,True,0.00046658418876599494,0.999533415811234
0.722351758032472,0.722351758032472,True,0.00014881050843718047,0.9998511894915628
0.722351758032472,0.722351758032472,True,0.00026668359627812777,0.9997333164037219
-1.3843670883058157,-1.3843670883058157,True,0.999703085011662,0.00029691498833792193
0.722351758032472,0.722351758032472,True,0.00019419014607191531,0.9998058098539281
-1.3843670883058157,-1.3843670883058157,True,0.9995675785322671,0.0004324214677328732
-1.3843670883058157,-1.3843670883058157,True,0.9997548044759161,0.00024519552408380806
-1.3843670883058157,-1.3843670883058157,True,0.9990553230401807,0.0009446769598192869
0.722351758032472,0.722351758032472,True,0.0019644330024074508,0.9980355669975925
0.722351758032472,0.722351758032472,True,0.005443763522736789,0.9945562364772632
0.722351758032472,0.722351758032472,True,0.00011338799513127551,0.9998866120048687
0.722351758032472,0.722351758032472,True,0.00041762840672399104,0.999582371593276
0.722351758032472,0.722351758032472,True,0.00010615956479165245,0.9998938404352083
0.722351758032472,0.722351758032472,True,0.0003136902164256883,0.9996863097835743
-1.3843670883058157,-1.3843670883058157,True,0.9996277662001192,0.0003722337998808212
0.722351758032472,0.722351758032472,True,0.02670871513150186,0.9732912848684981
-1.3843670883058157,-1.3843670883058157,True,0.999631620858668,0.0003683791413320025
0.722351758032472,0.722351758032472,True,0.00030308268567125207,0.9996969173143287
-1.3843670883058157,-1.3843670883058157,True,0.9996151487205152,0.0003848512794848706
0.722351758032472,0.722351758032472,True,0.00014006371019814612,0.9998599362898019
0.722351758032472,0.722351758032472,True,0.0006588487421709255,0.9993411512578291
-1.3843670883058157,-1.3843670883058157,True,0.9997153767657138,0.0002846232342862708
0.722351758032472,0.722351758032472,True,0.00030599553724031114,0.9996940044627597
0.722351758032472,0.722351758032472,True,0.00021481817371915568,0.9997851818262808
0.722351758032472,0.722351758032472,True,0.00031213067700386343,0.9996878693229961
0.722351758032472,0.722351758032472,True,0.009930097666874471,0.9900699023331255
0.722351758032472,0.722351758032472,True,0.0002079336470646176,0.9997920663529354
0.722351758032472,0.722351758032472,True,0.0001872317547432223,0.9998127682452568
0.722351758032472,0.722351758032472,True,0.0010458118258112048,0.9989541881741888
-1.3843670883058157,-1.3843670883058157,True,0.9997288231303684,0.00027117686963163995
-1.3843670883058157,-1.3843670883058157,True,0.999415580860548,0.000584419139451952
-1.3843670883058157,-1.3843670883058157,True,0.999703085011662,0.00029691498833792193
0.722351758032472,0.722351758032472,True,0.0015069526689664992,0.9984930473310335
0.722351758032472,0.722351758032472,True,0.0003495590658114667,0.9996504409341885
0.722351758032472,0.722351758032472,True,0.000566749495320984,0.999433250504679
0.722351758032472,0.722351758032472,True,0.0003445181097641026,0.9996554818902359
0.722351758032472,0.722351758032472,True,0.00035329406608819447,0.9996467059339118
-1.3843670883058157,-1.3843670883058157,True,0.9991624820374302,0.0008375179625697906
-1.3843670883058157,-1.3843670883058157,True,0.9996769813257766,0.000323018674223336
0.722351758032472,0.722351758032472,True,0.00010324852790499772,0.999896751472095
0.722351758032472,0.722351758032472,True,0.000490397586164204,0.9995096024138358
0.722351758032472,0.722351758032472,True,0.0003380946606804658,0.9996619053393195
-1.3843670883058157,-1.3843670883058157,True,0.999705631005175,0.0002943689948250208
0.722351758032472,0.722351758032472,True,0.0004260964265789813,0.999573903573421
0.722351758032472,0.722351758032472,True,0.00024068379717001598,0.99975931620283
-1.3843670883058157,-1.3843670883058157,True,0.9996742058202611,0.0003257941797388703
0.722351758032472,0.722351758032472,True,0.0016069658586554958,0.9983930341413445
-1.3843670883058157,-1.3843670883058157,True,0.999477037079209,0.000522962920791016
0.722351758032472,0.722351758032472,True,8.006199728693986e-05,0.9999199380027131
0.722351758032472,0.722351758032472,True,0.00016600376804865036,0.9998339962319513
0.722351758032472,0.722351758032472,True,0.0058703843915604015,0.9941296156084396
-1.3843670883058157,-1.3843670883058157,True,0.999643543004224,0.0003564569957760019
-1.3843670883058157,-1.3843670883058157,True,0.9996553436217247,0.0003446563782752609
-1.3843670883058157,-1.3843670883058157,True,0.9996891838836138,0.0003108161163862228
0.722351758032472,0.722351758032472,True,0.0005627455100642997,0.9994372544899357
0.722351758032472,0.722351758032472,True,0.003627249525067322,0.9963727504749327
-1.3843670883058157,-1.3843670883058157,True,0.9994008094004941,0.0005991905995058824
0.722351758032472,0.722351758032472,True,0.003232825028148145,0.9967671749718519
-1.3843670883058157,-1.3843670883058157,True,0.9996597628760218,0.0003402371239782435
0.722351758032472,0.722351758032472,True,0.00035730389290022924,0.9996426961070998
0.722351758032472,0.722351758032472,True,0.002704029184642409,0.9972959708153576
-1.3843670883058157,-1.3843670883058157,True,0.999570771017049,0.0004292289829509258
0.722351758032472,0.722351758032472,True,0.001628625701169506,0.9983713742988305
0.722351758032472,0.722351758032472,True,0.001427957940321023,0.998572042059679
-1.3843670883058157,-1.3843670883058157,True,0.9995297117100524,0.0004702882899475374
-1.3843670883058157,-1.3843670883058157,True,0.9996274725071678,0.0003725274928322303
0.722351758032472,0.722351758032472,True,0.00016232656449366445,0.9998376734355063
-1.3843670883058157,-1.3843670883058157,True,0.9994343258329615,0.0005656741670384031
0.722351758032472,0.722351758032472,True,0.0002506119443987931,0.9997493880556012
0.722351758032472,0.722351758032472,True,0.0004499862302904667,0.9995500137697095
0.722351758032472,0.722351758032472,True,0.00014274652553569744,0.9998572534744643
-1.3843670883058157,-1.3843670883058157,True,0.9994565015264849,0.0005434984735150565
-1.3843670883058157,-1.3843670883058157,True,0.9995953692439976,0.0004046307560024231
0.722351758032472,0.722351758032472,True,0.0002830877884846261,0.9997169122115154
-1.3843670883058157,-1.3843670883058157,True,0.9996989547980791,0.0003010452019208882
0.722351758032472,0.722351758032472,True,0.0004966465826564681,0.9995033534173435
-1.3843670883058157,-1.3843670883058157,True,0.9996895399496745,0.0003104600503255846
0.722351758032472,0.722351758032472,True,0.00011517825654283609,0.9998848217434572
0.722351758032472,0.722351758032472,True,0.0003223920878986375,0.9996776079121014
0.722351758032472,0.722351758032472,True,0.0003052604890734223,0.9996947395109266
-1.3843670883058157,-1.3843670883058157,True,0.9994605473241658,0.0005394526758341626
0.722351758032472,0.722351758032472,True,0.0013449363309711027,0.9986550636690289
0.722351758032472,0.722351758032472,True,0.0007469601665921477,0.9992530398334079
0.722351758032472,0.722351758032472,True,0.0007950083668407659,0.9992049916331592
-1.3843670883058157,-1.3843670883058157,True,0.999779132882049,0.000220867117950968
-1.3843670883058157,-1.3843670883058157,True,0.9995334061347503,0.0004665938652496737
-1.3843670883058157,-1.3843670883058157,True,0.9996600719588598,0.0003399280411402789
0.722351758032472,0.722351758032472,True,0.0006933945789429075,0.9993066054210571
-1.3843670883058157,-1.3843670883058157,True,0.9997051876778197,0.000294812322180342
0.722351758032472,0.722351758032472,True,0.00040508887412826766,0.9995949111258717
0.722351758032472,0.722351758032472,True,0.001603993303670892,0.9983960066963291
0.722351758032472,0.722351758032472,True,0.00011850549273006994,0.9998814945072699
0.722351758032472,0.722351758032472,True,8.931290505787004e-05,0.9999106870949421
0.722351758032472,0.722351758032472,True,0.0005572209398192474,0.9994427790601808
-1.3843670883058157,-1.3843670883058157,True,0.9996600719588598,0.0003399280411402789
-1.3843670883058157,0.722351758032472,False,0.05518187432102761,0.9448181256789724
-1.3843670883058157,-1.3843670883058157,True,0.9997621194524706,0.000237880547529432
0.722351758032472,0.722351758032472,True,0.0005453766159977391,0.9994546233840023
0.722351758032472,0.722351758032472,True,0.0003625088207250826,0.9996374911792749
-1.3843670883058157,-1.3843670883058157,True,0.9996690277983966,0.000330972201603354
0.722351758032472,0.722351758032472,True,0.00017128060012616686,0.9998287193998738
-1.3843670883058157,-1.3843670883058157,True,0.999571039833085,0.00042896016691496377
0.722351758032472,0.722351758032472,True,0.0005294062795727639,0.9994705937204272
0.722351758032472,0.722351758032472,True,0.0011157178418823577,0.9988842821581176
-1.3843670883058157,-1.3843670883058157,True,0.999779132882049,0.000220867117950968
-1.3843670883058157,-1.3843670883058157,True,0.9997158945811346,0.00028410541886540524
-1.3843670883058157,-1.3843670883058157,True,0.9995243826057533,0.00047561739424676426
-1.3843670883058157,-1.3843670883058157,True,0.9996974701312461,0.000302529868753942
-1.3843670883058157,-1.3843670883058157,True,0.9997325436726232,0.00026745632737674416
-1.3843670883058157,-1.3843670883058157,True,0.9995117028988175,0.0004882971011824577
-1.3843670883058157,-1.3843670883058157,True,0.999703085011662,0.00029691498833792193
0.722351758032472,0.722351758032472,True,0.0001785452683296107,0.9998214547316704
0.722351758032472,0.722351758032472,True,0.0024243355602927563,0.9975756644397072
0.722351758032472,0.722351758032472,True,0.00038263827588502775,0.999617361724115
-1.3843670883058157,-1.3843670883058157,True,0.999739366725307,0.00026063327469291986
0.722351758032472,0.722351758032472,True,0.00034610346151175975,0.9996538965384882
0.722351758032472,0.722351758032472,True,0.0003541593566261936,0.9996458406433738
0.722351758032472,0.722351758032472,True,8.42102313579618e-05,0.999915789768642
0.722351758032472,0.722351758032472,True,0.0014407731202416008,0.9985592268797584
0.722351758032472,0.722351758032472,True,0.0003536745213484904,0.9996463254786515
-1.3843670883058157,-1.3843670883058157,True,0.9997325436726232,0.00026745632737674416
0.722351758032472,0.722351758032472,True,0.00027732898776955395,0.9997226710122304
0.722351758032472,0.722351758032472,True,0.00017653928169913957,0.9998234607183009
0.722351758032472,0.722351758032472,True,0.00252905494561273,0.9974709450543873
-1.3843670883058157,-1.3843670883058157,True,0.9995839382355218,0.00041606176447817175
-1.3843670883058157,-1.3843670883058157,True,0.9996644306058066,0.00033556939419346636
-1.3843670883058157,-1.3843670883058157,True,0.9994910418846447,0.0005089581153553245
-1.3843670883058157,-1.3843670883058157,True,0.9990920548594332,0.0009079451405668327
-1.3843670883058157,-1.3843670883058157,True,0.9995735104040263,0.00042648959597366593
0.722351758032472,0.722351758032472,True,0.00058502109548908,0.9994149789045109
-1.3843670883058157,-1.3843670883058157,True,0.9996974701312461,0.000302529868753942
0.722351758032472,0.722351758032472,True,0.00021957992530241555,0.9997804200746976
-1.3843670883058157,-1.3843670883058157,True,0.9997686384500081,0.00023136154999187284
0.722351758032472,0.722351758032472,True,0.0017250620333240096,0.998274937966676
-1.3843670883058157,-1.3843670883058157,True,0.9996989547980791,0.0003010452019208882
-1.3843670883058157,-1.3843670883058157,True,0.9996428933666799,0.0003571066333200803
-1.3843670883058157,-1.3843670883058157,True,0.9997158945811346,0.00028410541886540524
0.722351758032472,0.722351758032472,True,0.0003041484680572637,0.9996958515319427
0.722351758032472,0.722351758032472,True,0.00020095235277983736,0.9997990476472202
0.722351758032472,0.722351758032472,True,0.0001420765047358552,0.9998579234952641
0.722351758032472,0.722351758032472,True,0.0015422025477866974,0.9984577974522133
-1.3843670883058157,-1.3843670883058157,True,0.9996989547980791,0.0003010452019208882
0.722351758032472,0.722351758032472,True,0.002235096158647365,0.9977649038413526
0.722351758032472,0.722351758032472,True,0.0003954163730137683,0.9996045836269862
0.722351758032472,0.722351758032472,True,0.00020039771649527083,0.9997996022835047
-1.3843670883058157,-1.3843670883058157,True,0.9996151487205152,0.0003848512794848706
0.722351758032472,0.722351758032472,True,0.00012877077532547077,0.9998712292246745
-1.3843670883058157,-1.3843670883058157,True,0.999594723939796,0.0004052760602039734
0.722351758032472,0.722351758032472,True,0.0011635922000017285,0.9988364077999983
0.722351758032472,0.722351758032472,True,0.00030661890971184214,0.9996933810902882
0.722351758032472,0.722351758032472,True,0.0005485592754652657,0.9994514407245347
-1.3843670883058157,-1.3843670883058157,True,0.9997158945811346,0.00028410541886540524
-1.3843670883058157,-1.3843670883058157,True,0.9996644306058066,0.00033556939419346636
0.722351758032472,0.722351758032472,True,0.00022318587256631162,0.9997768141274337
-1.3843670883058157,-1.3843670883058157,True,0.9996054566313061,0.00039454336869396833
0.722351758032472,0.722351758032472,True,0.010267671219880592,0.9897323287801194
0.722351758032472,0.722351758032472,True,0.00044125625301905114,0.999558743746981
0.722351758032472,0.722351758032472,True,9.103872660864987e-05,0.9999089612733914
0.722351758032472,0.722351758032472,True,0.014408876368728563,0.9855911236312714
0.722351758032472,0.722351758032472,True,0.0002972040072174442,0.9997027959927826
0.722351758032472,0.722351758032472,True,0.003550418556703905,0.9964495814432961
0.722351758032472,0.722351758032472,True,0.0006968205344017875,0.9993031794655982
0.722351758032472,0.722351758032472,True,0.0002540464805089737,0.999745953519491
0.722351758032472,0.722351758032472,True,0.0005334050648631017,0.9994665949351369
0.722351758032472,0.722351758032472,True,0.00033181784357605437,0.999668182156424
-1.3843670883058157,-1.3843670883058157,True,0.9996989547980791,0.0003010452019208882
0.722351758032472,0.722351758032472,True,0.0008655685764495935,0.9991344314235504
0.722351758032472,0.722351758032472,True,0.00018509372319430728,0.9998149062768057
0.722351758032472,0.722351758032472,True,0.00012515274227831164,0.9998748472577217
0.722351758032472,0.722351758032472,True,0.00055614114279956,0.9994438588572004
0.722351758032472,0.722351758032472,True,0.00043884825255358084,0.9995611517474464
-1.3843670883058157,-1.3843670883058157,True,0.9996063239236075,0.00039367607639253
0.722351758032472,0.722351758032472,True,9.947252182340716e-05,0.9999005274781766
0.722351758032472,0.722351758032472,True,0.001434673266521913,0.9985653267334781
-1.3843670883058157,-1.3843670883058157,True,0.9996419552920859,0.000358044707914154
0.722351758032472,0.722351758032472,True,0.0002768181657201163,0.9997231818342799
0.722351758032472,0.722351758032472,True,0.0005304050854135767,0.9994695949145864
0.722351758032472,0.722351758032472,True,0.000467894005056535,0.9995321059949435
0.722351758032472,0.722351758032472,True,0.0003261459572888592,0.9996738540427111
0.722351758032472,0.722351758032472,True,0.00022116943979511028,0.9997788305602049
0.722351758032472,0.722351758032472,True,0.00017150368305052233,0.9998284963169495
0.722351758032472,0.722351758032472,True,0.0016926599126844133,0.9983073400873156
0.722351758032472,0.722351758032472,True,0.0016081233004229256,0.9983918766995771
-1.3843670883058157,-1.3843670883058157,True,0.9996600719588598,0.0003399280411402789
0.722351758032472,0.722351758032472,True,0.0004366302743884498,0.9995633697256116
-1.3843670883058157,-1.3843670883058157,True,0.9995334061347503,0.0004665938652496737
-1.3843670883058157,-1.3843670883058157,True,0.9997466919606595,0.0002533080393405124
-1.3843670883058157,-1.3843670883058157,True,0.9997158945811346,0.00028410541886540524
0.722351758032472,0.722351758032472,True,0.00040169421070246347,0.9995983057892975
-1.3843670883058157,-1.3843670883058157,True,0.9997288231303684,0.00027117686963163995
0.722351758032472,0.722351758032472,True,0.00030985925300441863,0.9996901407469956
-1.3843670883058157,-1.3843670883058157,True,0.9997119425027599,0.0002880574972402001
0.722351758032472,0.722351758032472,True,0.0004054145580598689,0.9995945854419401
0.722351758032472,0.722351758032472,True,0.0015792707760055036,0.9984207292239945
0.722351758032472,0.722351758032472,True,0.0003242313832073629,0.9996757686167926
0.722351758032472,0.722351758032472,True,0.00014563350284568788,0.9998543664971543
0.722351758032472,0.722351758032472,True,0.0002451061931542098,0.9997548938068458
-1.3843670883058157,-1.3843670883058157,True,0.9997006347472358,0.0002993652527642099
0.722351758032472,0.722351758032472,True,0.001565104877731649,0.9984348951222684
0.722351758032472,0.722351758032472,True,0.00011769095689617703,0.9998823090431038
0.722351758032472,0.722351758032472,True,0.0001306131412971423,0.9998693868587029
0.722351758032472,0.722351758032472,True,0.00026420322597042745,0.9997357967740296
0.722351758032472,0.722351758032472,True,0.00021134094425956373,0.9997886590557404
-1.3843670883058157,-1.3843670883058157,True,0.9996553436217247,0.0003446563782752609
0.722351758032472,0.722351758032472,True,0.016229701289246834,0.9837702987107532
0.722351758032472,0.722351758032472,True,0.0003483798185569542,0.999651620181443
-1.3843670883058157,-1.3843670883058157,True,0.999703085011662,0.00029691498833792193
-1.3843670883058157,-1.3843670883058157,True,0.9996204282816854,0.00037957171831455924
0.722351758032472,0.722351758032472,True,0.00022633363761181968,0.9997736663623882
-1.3843670883058157,-1.3843670883058157,True,0.9995735104040263,0.00042648959597366593
-1.3843670883058157,-1.3843670883058157,True,0.9996769813257766,0.000323018674223336
0.722351758032472,0.722351758032472,True,0.0004884641585476412,0.9995115358414524
0.722351758032472,0.722351758032472,True,0.0002524814981005319,0.9997475185018995
0.722351758032472,0.722351758032472,True,0.0005627455100642997,0.9994372544899357
0.722351758032472,0.722351758032472,True,0.00021054187678071212,0.9997894581232193
0.722351758032472,0.722351758032472,True,0.00042277004804447404,0.9995772299519555
-1.3843670883058157,-1.3843670883058157,True,0.999779132882049,0.000220867117950968
-1.3843670883058157,-1.3843670883058157,True,0.9997288231303684,0.00027117686963163995
0.722351758032472,0.722351758032472,True,0.00046420981761807756,0.9995357901823819
-1.3843670883058157,-1.3843670883058157,True,0.9996974701312461,0.000302529868753942
-1.3843670883058157,-1.3843670883058157,True,0.9995904436947692,0.0004095563052307103
0.722351758032472,0.722351758032472,True,0.0003122407254607662,0.9996877592745392
0.722351758032472,0.722351758032472,True,0.00035032006808199956,0.999649679931918
0.722351758032472,0.722351758032472,True,0.00041835057324790537,0.9995816494267521
0.722351758032472,0.722351758032472,True,0.0005564270746714062,0.9994435729253286
0.722351758032472,0.722351758032472,True,0.0002577061067983166,0.9997422938932017
0.722351758032472,0.722351758032472,True,0.0003595417143722468,0.9996404582856278
0.722351758032472,0.722351758032472,True,0.00034604497963242054,0.9996539550203676
0.722351758032472,0.722351758032472,True,0.00028775678315529074,0.9997122432168447
0.722351758032472,0.722351758032472,True,0.0007738389529552414,0.9992261610470448
0.722351758032472,0.722351758032472,True,0.00033258995277540837,0.9996674100472246
0.722351758032472,0.722351758032472,True,0.0005228145287539121,0.9994771854712461
-1.3843670883058157,-1.3843670883058157,True,0.9995857173190361,0.0004142826809638874
-1.3843670883058157,-1.3843670883058157,True,0.999703085011662,0.00029691498833792193
-1.3843670883058157,-1.3843670883058157,True,0.999643543004224,0.0003564569957760019
0.722351758032472,0.722351758032472,True,0.001917207830522294,0.9980827921694777
0.722351758032472,0.722351758032472,True,0.0001759679454576002,0.9998240320545424
0.722351758032472,0.722351758032472,True,0.00020263071212600625,0.999797369287874
0.722351758032472,0.722351758032472,True,0.00037915542700117655,0.9996208445729988
0.722351758032472,0.722351758032472,True,9.88591834478747e-05,0.9999011408165521
0.722351758032472,0.722351758032472,True,0.0001542944637409338,0.9998457055362591
-1.3843670883058157,-1.3843670883058157,True,0.9996011864838498,0.0003988135161502044
0.722351758032472,0.722351758032472,True,0.0003702539178441766,0.9996297460821558
0.722351758032472,0.722351758032472,True,0.00014358518277834964,0.9998564148172217
-1.3843670883058157,-1.3843670883058157,True,0.9997288231303684,0.00027117686963163995
-1.3843670883058157,-1.3843670883058157,True,0.9994052581160988,0.000594741883901209
-1.3843670883058157,-1.3843670883058157,True,0.9996653124424307,0.0003346875575693059
0.722351758032472,0.722351758032472,True,0.0001488591463675304,0.9998511408536325
0.722351758032472,0.722351758032472,True,0.0005346552287304185,0.9994653447712696
0.722351758032472,0.722351758032472,True,0.0001790051964726258,0.9998209948035274
0.722351758032472,0.722351758032472,True,0.0005688301686201935,0.9994311698313798
0.722351758032472,0.722351758032472,True,0.0002853909807882804,0.9997146090192117
-1.3843670883058157,-1.3843670883058157,True,0.9993670532395144,0.0006329467604856946
0.722351758032472,0.722351758032472,True,0.00012736111205047251,0.9998726388879495
-1.3843670883058157,-1.3843670883058157,True,0.9996274725071678,0.0003725274928322303
-1.3843670883058157,-1.3843670883058157,True,0.9995890869972572,0.00041091300274279015
0.722351758032472,0.722351758032472,True,0.0019526921829369215,0.9980473078170631
-1.3843670883058157,-1.3843670883058157,True,0.999693261836257,0.000306738163743034
-1.3843670883058157,-1.3843670883058157,True,0.9995261671808047,0.0004738328191953407
0.722351758032472,0.722351758032472,True,0.0004491829794420754,0.9995508170205579
0.722351758032472,0.722351758032472,True,0.00023487042434655603,0.9997651295756534
0.722351758032472,0.722351758032472,True,0.0018436120568585679,0.9981563879431414
-1.3843670883058157,-1.3843670883058157,True,0.9995735104040263,0.0004264895959736655
0.722351758032472,0.722351758032472,True,0.0003238474690929749,0.999676152530907
0.722351758032472,0.722351758032472,True,0.0018444167247080312,0.998155583275292
-1.3843670883058157,-1.3843670883058157,True,0.9996066575098281,0.0003933424901718602
-1.3843670883058157,-1.3843670883058157,True,0.9996274725071678,0.0003725274928322303
0.722351758032472,0.722351758032472,True,0.00034122841659389724,0.9996587715834061
-1.3843670883058157,-1.3843670883058157,True,0.9996385848354636,0.0003614151645363154
0.722351758032472,0.722351758032472,True,0.00011769095689617703,0.9998823090431038
0.722351758032472,0.722351758032472,True,0.026611274022931286,0.9733887259770687
0.722351758032472,0.722351758032472,True,0.0022930559823302055,0.9977069440176698
-1.3843670883058157,-1.3843670883058157,True,0.9994065048471658,0.0005934951528342051
0.722351758032472,0.722351758032472,True,0.00031931454557387884,0.9996806854544261
0.722351758032472,0.722351758032472,True,0.0006060945615231628,0.9993939054384768
-1.3843670883058157,-1.3843670883058157,True,0.999501571446938,0.0004984285530620617
0.722351758032472,0.722351758032472,True,0.00018266964512259065,0.9998173303548774
0.722351758032472,0.722351758032472,True,0.0002062797869790689,0.9997937202130209
0.722351758032472,0.722351758032472,True,0.00024845953295715706,0.9997515404670428
0.722351758032472,0.722351758032472,True,0.0003942230054296836,0.9996057769945703
-1.3843670883058157,-1.3843670883058157,True,0.999703085011662,0.00029691498833792193
0.722351758032472,0.722351758032472,True,0.00021415270004854214,0.9997858472999515
-1.3843670883058157,-1.3843670883058157,True,0.9993754454356633,0.0006245545643366935
0.722351758032472,0.722351758032472,True,0.00034759183221344525,0.9996524081677866
0.722351758032472,0.722351758032472,True,0.00023473479943170172,0.9997652652005683
-1.3843670883058157,-1.3843670883058157,True,0.9997325436726232,0.00026745632737674416
-1.3843670883058157,-1.3843670883058157,True,0.999693261836257,0.000306738163743034
0.722351758032472,0.722351758032472,True,0.00018909201445327373,0.9998109079855467
-1.3843670883058157,-1.3843670883058157,True,0.9993098882814953,0.0006901117185047416
0.722351758032472,0.722351758032472,True,0.0001604655755047535,0.9998395344244952
0.722351758032472,0.722351758032472,True,0.00014984038954402035,0.999850159610456
0.722351758032472,0.722351758032472,True,0.0022682458788726434,0.9977317541211274
0.722351758032472,0.722351758032472,True,0.0005629317741056017,0.9994370682258944
0.722351758032472,0.722351758032472,True,0.00016600376804865036,0.9998339962319513
0.722351758032472,0.722351758032472,True,0.00029732572692331427,0.9997026742730767
-1.3843670883058157,-1.3843670883058157,True,0.9996274725071678,0.0003725274928322303
0.722351758032472,0.722351758032472,True,0.0017740501593201952,0.9982259498406798
0.722351758032472,0.722351758032472,True,0.0006012371661797689,0.9993987628338202
0.722351758032472,0.722351758032472,True,0.0007778830235470879,0.9992221169764529
0.722351758032472,0.722351758032472,True,0.00021054187678071212,0.9997894581232193
-1.3843670883058157,-1.3843670883058157,True,0.9995747615628365,0.0004252384371634595
0.722351758032472,0.722351758032472,True,0.00010550099970974003,0.9998944990002903
0.722351758032472,0.722351758032472,True,0.00017841299466392346,0.9998215870053361
0.722351758032472,0.722351758032472,True,0.00027363143548475577,0.9997263685645152
0.722351758032472,0.722351758032472,True,0.002655711081900436,0.9973442889180996
-1.3843670883058157,-1.3843670883058157,True,0.9996385848354636,0.0003614151645363154
-1.3843670883058157,-1.3843670883058157,True,0.999703085011662,0.00029691498833792193
0.722351758032472,0.722351758032472,True,0.0003529931809187481,0.9996470068190813
0.722351758032472,0.722351758032472,True,0.0002240931504560173,0.999775906849544
-1.3843670883058157,-1.3843670883058157,True,0.9995799551569878,0.0004200448430121579
-1.3843670883058157,-1.3843670883058157,True,0.9995889007634088,0.00041109923659123434
-1.3843670883058157,-1.3843670883058157,True,0.9997466919606595,0.0002533080393405124
-1.3843670883058157,-1.3843670883058157,True,0.999750167404118,0.00024983259588192433
-1.3843670883058157,-1.3843670883058157,True,0.9996896778425344,0.0003103221574656454
-1.3843670883058157,-1.3843670883058157,True,0.9996166908010069,0.0003833091989930863
0.722351758032472,0.722351758032472,True,0.00022606474660158415,0.9997739352533984
-1.3843670883058157,-1.3843670883058157,True,0.999703085011662,0.00029691498833792193
0.722351758032472,0.722351758032472,True,0.0012836923743470008,0.998716307625653
0.722351758032472,0.722351758032472,True,0.00030985925300441863,0.9996901407469956
0.722351758032472,0.722351758032472,True,0.00026668359627812777,0.9997333164037219
0.722351758032472,0.722351758032472,True,0.0004639971062655457,0.9995360028937345
0.722351758032472,0.722351758032472,True,0.00017933639254874567,0.9998206636074513
-1.3843670883058157,-1.3843670883058157,True,0.9995082066420979,0.0004917933579020405
0.722351758032472,0.722351758032472,True,0.00028366808218271977,0.9997163319178173
0.722351758032472,0.722351758032472,True,0.00026247356468589444,0.9997375264353141
-1.3843670883058157,-1.3843670883058157,True,0.9996690277983966,0.000330972201603354
0.722351758032472,0.722351758032472,True,0.0001085487124470319,0.999891451287553
0.722351758032472,0.722351758032472,True,0.00022156461838185315,0.9997784353816181
0.722351758032472,0.722351758032472,True,0.00026668359627812777,0.9997333164037219
-1.3843670883058157,-1.3843670883058157,True,0.9996656585903347,0.0003343414096652699
0.722351758032472,0.722351758032472,True,0.0014130102857415894,0.9985869897142584
-1.3843670883058157,-1.3843670883058157,True,0.9996751703900343,0.0003248296099657093
0.722351758032472,0.722351758032472,True,8.061612513676764e-05,0.9999193838748632
0.722351758032472,0.722351758032472,True,0.006088166688090424,0.9939118333119096
-1.3843670883058157,-1.3843670883058157,True,0.9993200033035385,0.0006799966964614226
0.722351758032472,0.722351758032472,True,0.00013581142717522532,0.9998641885728248
-1.3843670883058157,-1.3843670883058157,True,0.9997073978121576,0.0002926021878424824
0.722351758032472,0.722351758032472,True,0.0001610566002091529,0.9998389433997908
-1.3843670883058157,-1.3843670883058157,True,0.9997621194524706,0.000237880547529432
0.722351758032472,0.722351758032472,True,0.000128745640253225,0.9998712543597468
0.722351758032472,0.722351758032472,True,0.0002613346934685623,0.9997386653065314
-1.3843670883058157,-1.3843670883058157,True,0.999754385925121,0.00024561407487904395
0.722351758032472,0.722351758032472,True,0.0003052478857551444,0.9996947521142449
-1.3843670883058157,-1.3843670883058157,True,0.999594723939796,0.0004052760602039734
0.722351758032472,0.722351758032472,True,0.00032591757839794955,0.999674082421602
0.722351758032472,0.722351758032472,True,0.0004808090841225132,0.9995191909158775
0.722351758032472,0.722351758032472,True,0.0002970140988189929,0.999702985901181
0.722351758032472,0.722351758032472,True,0.0012384900999646842,0.9987615099000353
-1.3843670883058157,-1.3843670883058157,True,0.9997066309145282,0.0002933690854718207
0.722351758032472,0.722351758032472,True,0.012894938867024752,0.9871050611329752
0.722351758032472,0.722351758032472,True,8.740602276824383e-05,0.9999125939772318
-1.3843670883058157,-1.3843670883058157,True,0.999580534780357,0.0004194652196429456
0.722351758032472,0.722351758032472,True,0.0001109671527584899,0.9998890328472415
0.722351758032472,0.722351758032472,True,0.0003167756708258862,0.9996832243291741
-1.3843670883058157,-1.3843670883058157,True,0.9997119425027599,0.0002880574972402001
0.722351758032472,0.722351758032472,True,0.0002850882836006319,0.9997149117163994
0.722351758032472,0.722351758032472,True,0.00038146616764156427,0.9996185338323584
-1.3843670883058157,-1.3843670883058157,True,0.9997158945811346,0.00028410541886540524
0.722351758032472,0.722351758032472,True,0.00021501310937277474,0.9997849868906272
0.722351758032472,0.722351758032472,True,0.0005223945863020996,0.9994776054136979
0.722351758032472,0.722351758032472,True,0.00011416615746828729,0.9998858338425317
-1.3843670883058157,-1.3843670883058157,True,0.9996436574431677,0.00035634255683223803
-1.3843670883058157,-1.3843670883058157,True,0.9994052581160988,0.000594741883901209
0.722351758032472,0.722351758032472,True,0.0003939951064434455,0.9996060048935566
0.722351758032472,0.722351758032472,True,0.0005948091750553886,0.9994051908249446
0.722351758032472,0.722351758032472,True,0.0003782705574190137,0.999621729442581
-1.3843670883058157,-1.3843670883058157,True,0.9994972929399982,0.0005027070600017412
-1.3843670883058157,-1.3843670883058157,True,0.999703085011662,0.00029691498833792193
-1.3843670883058157,-1.3843670883058157,True,0.9996989547980791,0.0003010452019208882
0.722351758032472,0.722351758032472,True,0.0033060185055908686,0.9966939814944091
-1.3843670883058157,-1.3843670883058157,True,0.9995675785322671,0.0004324214677328732
0.722351758032472,0.722351758032472,True,0.0003503776039285311,0.9996496223960715
-1.3843670883058157,-1.3843670883058157,True,0.999703085011662,0.00029691498833792193
0.722351758032472,0.722351758032472,True,0.0010192762107438247,0.9989807237892562
0.722351758032472,0.722351758032472,True,0.00041061615639015336,0.9995893838436098
-1.3843670883058157,-1.3843670883058157,True,0.9996281149463498,0.0003718850536501127
0.722351758032472,0.722351758032472,True,0.0001624597574176878,0.9998375402425823
-1.3843670883058157,-1.3843670883058157,True,0.9996974701312461,0.000302529868753942
0.722351758032472,0.722351758032472,True,0.00014395031694380833,0.9998560496830562
0.722351758032472,0.722351758032472,True,0.00011769095689617703,0.9998823090431038
-1.3843670883058157,-1.3843670883058157,True,0.9996724881177964,0.0003275118822035389
0.722351758032472,0.722351758032472,True,0.00024827608895849895,0.9997517239110415
-1.3843670883058157,-1.3843670883058157,True,0.9996597628760218,0.0003402371239782435
-1.3843670883058157,-1.3843670883058157,True,0.9997325436726232,0.00026745632737674416
0.722351758032472,0.722351758032472,True,0.00035487331124262056,0.9996451266887574
0.722351758032472,0.722351758032472,True,0.00038206457288081364,0.9996179354271192
-1.3843670883058157,-1.3843670883058157,True,0.9996229422606571,0.0003770577393429183
0.722351758032472,0.722351758032472,True,0.00033288805303288704,0.9996671119469671
0.722351758032472,0.722351758032472,True,0.0005182418561682223,0.9994817581438318
-1.3843670883058157,-1.3843670883058157,True,0.9997051876778197,0.000294812322180342
-1.3843670883058157,-1.3843670883058157,True,0.9996151487205152,0.0003848512794848706
0.722351758032472,0.722351758032472,True,0.00011850549273006994,0.9998814945072699
-1.3843670883058157,-1.3843670883058157,True,0.9992358900225013,0.0007641099774986324
0.722351758032472,0.722351758032472,True,0.00022606474660158415,0.9997739352533984
0.722351758032472,0.722351758032472,True,0.0002821396341516902,0.9997178603658483
-1.3843670883058157,-1.3843670883058157,True,0.9994569704451169,0.0005430295548831096
0.722351758032472,0.722351758032472,True,0.002353604681722077,0.9976463953182779
0.722351758032472,0.722351758032472,True,0.0004725967379937135,0.9995274032620063
0.722351758032472,0.722351758032472,True,0.00016394200112612722,0.9998360579988739
0.722351758032472,0.722351758032472,True,0.000439899751424222,0.9995601002485758
0.722351758032472,0.722351758032472,True,0.0011781960001148173,0.9988218039998852
-1.3843670883058157,-1.3843670883058157,True,0.9992579323882288,0.0007420676117711897
0.722351758032472,0.722351758032472,True,0.0020515231639869347,0.9979484768360131
0.722351758032472,0.722351758032472,True,0.0014971625512385511,0.9985028374487614
-1.3843670883058157,-1.3843670883058157,True,0.9996769813257766,0.000323018674223336
0.722351758032472,0.722351758032472,True,0.00018283573722521762,0.9998171642627748
0.722351758032472,0.722351758032472,True,0.0006146940631911457,0.9993853059368089
0.722351758032472,0.722351758032472,True,0.00026668359627812777,0.9997333164037219
-1.3843670883058157,-1.3843670883058157,True,0.9996204282816854,0.00037957171831455924
0.722351758032472,0.722351758032472,True,0.003122894830155709,0.9968771051698443
0.722351758032472,0.722351758032472,True,0.00034423013410578296,0.9996557698658942
0.722351758032472,0.722351758032472,True,0.00023958952293112734,0.9997604104770689
0.722351758032472,0.722351758032472,True,0.00031241420087724237,0.9996875857991228
0.722351758032472,0.722351758032472,True,0.0011436829020983197,0.9988563170979017
0.722351758032472,0.722351758032472,True,0.0007738389529552414,0.9992261610470448
0.722351758032472,0.722351758032472,True,0.00024636325655447155,0.9997536367434455
0.722351758032472,0.722351758032472,True,0.00021054187678071212,0.9997894581232193
0.722351758032472,0.722351758032472,True,0.00018878693469903673,0.999811213065301
0.722351758032472,0.722351758032472,True,0.0008232200118452049,0.9991767799881548
-1.3843670883058157,-1.3843670883058157,True,0.9997119425027599,0.0002880574972402001
-1.3843670883058157,-1.3843670883058157,True,0.9995675785322671,0.0004324214677328732
-1.3843670883058157,-1.3843670883058157,True,0.9994658671679343,0.0005341328320657671
-1.3843670883058157,-1.3843670883058157,True,0.9995507981501677,0.00044920184983235063
0.722351758032472,0.722351758032472,True,0.000317860613307408,0.9996821393866926
0.722351758032472,0.722351758032472,True,0.00017974157680944458,0.9998202584231906
-1.3843670883058157,-1.3843670883058157,True,0.9996385848354636,0.00036141516453631575
0.722351758032472,0.722351758032472,True,0.00023401519493126965,0.9997659848050687
0.722351758032472,0.722351758032472,True,0.00021825379977724602,0.9997817462002228
-1.3843670883058157,-1.3843670883058157,True,0.9997325436726232,0.00026745632737674416
-1.3843670883058157,-1.3843670883058157,True,0.9994319701074521,0.000568029892547937
-1.3843670883058157,0.722351758032472,False,0.09860088505243181,0.9013991149475682
-1.3843670883058157,-1.3843670883058157,True,0.9996151487205152,0.0003848512794848706
0.722351758032472,0.722351758032472,True,0.00042641996506920243,0.9995735800349308
0.722351758032472,0.722351758032472,True,0.00024401241158023002,0.9997559875884198
-1.3843670883058157,-1.3843670883058157,True,0.9997158945811346,0.00028410541886540524
0.722351758032472,0.722351758032472,True,0.0015649006170033175,0.9984350993829967
-1.3843670883058157,-1.3843670883058157,True,0.9994477732781335,0.0005522267218665445
0.722351758032472,0.722351758032472,True,0.00024845953295715706,0.9997515404670428
-1.3843670883058157,-1.3843670883058157,True,0.9996690277983966,0.000330972201603354
-1.3843670883058157,-1.3843670883058157,True,0.999703085011662,0.00029691498833792193
0.722351758032472,0.722351758032472,True,0.0007132159754051903,0.9992867840245948
0.722351758032472,0.722351758032472,True,0.0001381350281786098,0.9998618649718214
0.722351758032472,0.722351758032472,True,0.00022633363761181968,0.9997736663623882
0.722351758032472,0.722351758032472,True,0.00013305939340380046,0.9998669406065962
0.722351758032472,0.722351758032472,True,0.00031753860905814335,0.9996824613909419
-1.3843670883058157,-1.3843670883058157,True,0.9996204282816854,0.00037957171831455924
-1.3843670883058157,-1.3843670883058157,True,0.9997653832769339,0.0002346167230661058
-1.3843670883058157,-1.3843670883058157,True,0.9997158945811346,0.00028410541886540524
-1.3843670883058157,-1.3843670883058157,True,0.999427152192507,0.0005728478074930106
0.722351758032472,0.722351758032472,True,0.00011769095689617703,0.9998823090431038
0.722351758032472,0.722351758032472,True,0.00023879910099933177,0.9997612008990007
0.722351758032472,0.722351758032472,True,0.00013904324566171855,0.9998609567543383
-1.3843670883058157,-1.3843670883058157,True,0.9997146290416147,0.0002853709583852814
0.722351758032472,0.722351758032472,True,0.0013248089106058236,0.9986751910893942
0.722351758032472,0.722351758032472,True,0.0003035625299702138,0.9996964374700298
0.722351758032472,0.722351758032472,True,0.0034766962005065016,0.9965233037994935
0.722351758032472,0.722351758032472,True,0.0022287988619567045,0.9977712011380433
-1.3843670883058157,-1.3843670883058157,True,0.9996110667650077,0.00038893323499236953
0.722351758032472,0.722351758032472,True,0.00044979026474645245,0.9995502097352535
0.722351758032472,0.722351758032472,True,0.00042396931680732663,0.9995760306831927
-1.3843670883058157,-1.3843670883058157,True,0.9996553436217247,0.0003446563782752609
-1.3843670883058157,-1.3843670883058157,True,0.9996385848354636,0.0003614151645363154
0.722351758032472,0.722351758032472,True,0.0003194537329950231,0.999680546267005
0.722351758032472,0.722351758032472,True,0.0042342956903577145,0.9957657043096423
-1.3843670883058157,-1.3843670883058157,True,0.9997548044759161,0.00024519552408380806
0.722351758032472,0.722351758032472,True,0.00039037019834320397,0.9996096298016568
-1.3843670883058157,-1.3843670883058157,True,0.9993659597677603,0.0006340402322396432
0.722351758032472,0.722351758032472,True,0.00027610570076264107,0.9997238942992374
0.722351758032472,0.722351758032472,True,0.0004011400756742667,0.9995988599243257
0.722351758032472,0.722351758032472,True,0.00031957267314286497,0.9996804273268571
0.722351758032472,0.722351758032472,True,0.00011769095689617703,0.9998823090431038
0.722351758032472,0.722351758032472,True,0.00021054187678071212,0.9997894581232193
0.722351758032472,0.722351758032472,True,0.0006465160760369404,0.9993534839239631
-1.3843670883058157,-1.3843670883058157,True,0.9996093490839266,0.0003906509160734037
0.722351758032472,0.722351758032472,True,0.0002964143001651376,0.9997035856998349
0.722351758032472,0.722351758032472,True,0.00039732586668239644,0.9996026741333176
0.722351758032472,0.722351758032472,True,0.0008651023157822957,0.9991348976842177
-1.3843670883058157,-1.3843670883058157,True,0.9996644306058066,0.00033556939419346636
0.722351758032472,0.722351758032472,True,0.000579122751983574,0.9994208772480164
0.722351758032472,0.722351758032472,True,0.0001177985097526868,0.9998822014902473
0.722351758032472,0.722351758032472,True,0.00035730389290022924,0.9996426961070998
0.722351758032472,0.722351758032472,True,0.00017079898612137878,0.9998292010138786
0.722351758032472,0.722351758032472,True,0.0009531140975482799,0.9990468859024517
-1.3843670883058157,-1.3843670883058157,True,0.9995735104040263,0.00042648959597366593
-1.3843670883058157,-1.3843670883058157,True,0.9995219840153612,0.0004780159846388444
-1.3843670883058157,-1.3843670883058157,True,0.9995699817029464,0.0004300182970535354
0.722351758032472,0.722351758032472,True,0.00014881050843718047,0.9998511894915628
0.722351758032472,0.722351758032472,True,0.00018645014996498954,0.999813549850035
-1.3843670883058157,-1.3843670883058157,True,0.9996066575098281,0.0003933424901718602
-1.3843670883058157,-1.3843670883058157,True,0.9995947690571785,0.00040523094282155425
0.722351758032472,0.722351758032472,True,0.00046179861812289946,0.9995382013818771
0.722351758032472,0.722351758032472,True,0.00034440481362740805,0.9996555951863726
0.722351758032472,0.722351758032472,True,0.0012888004797104724,0.9987111995202895
0.722351758032472,0.722351758032472,True,0.00040398589121815043,0.9995960141087818
0.722351758032472,0.722351758032472,True,0.0016179100521349632,0.998382089947865
0.722351758032472,0.722351758032472,True,0.00042345116749842315,0.9995765488325016
0.722351758032472,0.722351758032472,True,0.0010796107072077454,0.9989203892927923
0.722351758032472,0.722351758032472,True,0.00014004230424935482,0.9998599576957506
0.722351758032472,0.722351758032472,True,0.00018488559254481451,0.9998151144074552
0.722351758032472,0.722351758032472,True,0.014097348798320586,0.9859026512016794
0.722351758032472,0.722351758032472,True,0.00017963369835827248,0.9998203663016417
0.722351758032472,0.722351758032472,True,0.00013691055389097873,0.999863089446109
0.722351758032472,0.722351758032472,True,0.0003529356246237958,0.9996470643753762
-1.3843670883058157,-1.3843670883058157,True,0.9996989547980791,0.0003010452019208882
0.722351758032472,0.722351758032472,True,0.0002524814981005319,0.9997475185018995
0.722351758032472,0.722351758032472,True,0.0002522048388799991,0.99974779516112
0.722351758032472,0.722351758032472,True,0.0005184133975142391,0.9994815866024858
-1.3843670883058157,-1.3843670883058157,True,0.9996277662001192,0.0003722337998808212
0.722351758032472,0.722351758032472,True,0.00017688166758811352,0.9998231183324119
-1.3843670883058157,-1.3843670883058157,True,0.9997325436726232,0.00026745632737674416
0.722351758032472,0.722351758032472,True,0.00022156461838185315,0.9997784353816181
0.722351758032472,0.722351758032472,True,0.00016103897690777913,0.9998389610230922
0.722351758032472,0.722351758032472,True,0.000711594104667701,0.9992884058953323
0.722351758032472,0.722351758032472,True,0.0003033475553889664,0.999696652444611
0.722351758032472,0.722351758032472,True,0.00017323939284230594,0.9998267606071577
0.722351758032472,0.722351758032472,True,0.00013346252033319406,0.9998665374796668
-1.3843670883058157,-1.3843670883058157,True,0.9996222908889291,0.00037770911107095983
0.722351758032472,0.722351758032472,True,0.0002621959540243246,0.9997378040459757
0.722351758032472,0.722351758032472,True,0.0003805882619875023,0.9996194117380125
-1.3843670883058157,-1.3843670883058157,True,0.9996687432178762,0.00033125678212375843
0.722351758032472,0.722351758032472,True,0.00034329364378649085,0.9996567063562135
0.722351758032472,0.722351758032472,True,0.0012111001246265518,0.9987888998753734
0.722351758032472,0.722351758032472,True,0.0005629317741056017,0.9994370682258944
0.722351758032472,0.722351758032472,True,0.00026668359627812777,0.9997333164037219
0.722351758032472,0.722351758032472,True,0.000262784079952727,0.9997372159200473
-1.3843670883058157,-1.3843670883058157,True,0.9997158945811346,0.00028410541886540524
0.722351758032472,0.722351758032472,True,8.006199728693986e-05,0.9999199380027131
0.722351758032472,0.722351758032472,True,0.0001882859781918711,0.9998117140218081
0.722351758032472,0.722351758032472,True,0.0011243850048584525,0.9988756149951415
0.722351758032472,0.722351758032472,True,0.0006258845134967661,0.9993741154865032
0.722351758032472,0.722351758032472,True,0.004875206770942553,0.9951247932290574
0.722351758032472,0.722351758032472,True,0.0001790051964726258,0.9998209948035274
0.722351758032472,0.722351758032472,True,0.0025185362224142693,0.9974814637775857
0.722351758032472,0.722351758032472,True,0.00019556142165311208,0.9998044385783469
-1.3843670883058157,-1.3843670883058157,True,0.9997325436726232,0.00026745632737674416
-1.3843670883058157,-1.3843670883058157,True,0.9996989547980791,0.0003010452019208882
0.722351758032472,0.722351758032472,True,0.0002719161324615804,0.9997280838675384
-1.3843670883058157,-1.3843670883058157,True,0.9997325436726232,0.00026745632737674416
0.722351758032472,0.722351758032472,True,0.00031615625600200925,0.999683843743998
-1.3843670883058157,-1.3843670883058157,True,0.9997325436726232,0.00026745632737674416
-1.3843670883058157,-1.3843670883058157,True,0.9996821808909946,0.0003178191090053954
0.722351758032472,0.722351758032472,True,0.00019699015589069724,0.9998030098441093
-1.3843670883058157,-1.3843670883058157,True,0.9996989547980791,0.0003010452019208882
0.722351758032472,0.722351758032472,True,0.001846586312453824,0.9981534136875462
0.722351758032472,0.722351758032472,True,0.00019615355559443604,0.9998038464444056
0.722351758032472,0.722351758032472,True,0.00042016726390892156,0.9995798327360911
-1.3843670883058157,-1.3843670883058157,True,0.9996865411633712,0.0003134588366288435
0.722351758032472,0.722351758032472,True,0.00010530275395248534,0.9998946972460475
0.722351758032472,0.722351758032472,True,0.00018433160363973133,0.9998156683963603
0.722351758032472,0.722351758032472,True,0.00029110753947936274,0.9997088924605206
-1.3843670883058157,-1.3843670883058157,True,0.9996729907160252,0.00032700928397480945
0.722351758032472,0.722351758032472,True,0.00023328791072751986,0.9997667120892725
0.722351758032472,0.722351758032472,True,0.0002515412983952192,0.9997484587016048
0.722351758032472,0.722351758032472,True,0.00026634915016576777,0.9997336508498342
-1.3843670883058157,-1.3843670883058157,True,0.9995890869972572,0.00041091300274279053
0.722351758032472,0.722351758032472,True,0.00012378861033479627,0.9998762113896652
0.722351758032472,0.722351758032472,True,0.00023572753220535425,0.9997642724677946
0.722351758032472,0.722351758032472,True,0.000506808003523096,0.9994931919964769
0.722351758032472,0.722351758032472,True,0.0001624597574176878,0.9998375402425823
-1.3843670883058157,-1.3843670883058157,True,0.9993636660128778,0.0006363339871221682
0.722351758032472,0.722351758032472,True,0.002246968600500332,0.9977530313994997
0.722351758032472,0.722351758032472,True,0.00029222464862055375,0.9997077753513794
0.722351758032472,0.722351758032472,True,0.00015954044911614673,0.9998404595508839
0.722351758032472,0.722351758032472,True,0.00035861067952291936,0.9996413893204771
0.722351758032472,0.722351758032472,True,0.00014315692500088684,0.9998568430749991
-1.3843670883058157,-1.3843670883058157,True,0.9997288231303684,0.00027117686963163995
0.722351758032472,0.722351758032472,True,0.00018488559254481451,0.9998151144074552
0.722351758032472,0.722351758032472,True,0.0015611628011634737,0.9984388371988365
0.722351758032472,0.722351758032472,True,0.00027716832914403966,0.999722831670856
-1.3843670883058157,-1.3843670883058157,True,0.9997033275736575,0.00029667242634249895
-1.3843670883058157,-1.3843670883058157,True,0.9996385848354636,0.0003614151645363154
0.722351758032472,0.722351758032472,True,0.00020196948253181635,0.9997980305174682
-1.3843670883058157,-1.3843670883058157,True,0.9997429426468059,0.0002570573531941688
0.722351758032472,0.722351758032472,True,0.00022267176386825405,0.9997773282361317
0.722351758032472,0.722351758032472,True,0.0003511686982864415,0.9996488313017136
0.722351758032472,0.722351758032472,True,0.00014004230424935482,0.9998599576957506
-1.3843670883058157,-1.3843670883058157,True,0.999703085011662,0.0002969149883379214
0.722351758032472,0.722351758032472,True,0.0001790051964726258,0.9998209948035274
-1.3843670883058157,-1.3843670883058157,True,0.999692358820339,0.00030764117966096155
-1.3843670883058157,-1.3843670883058157,True,0.9996769813257766,0.000323018674223336
0.722351758032472,0.722351758032472,True,0.0003158980568394032,0.9996841019431606
-1.3843670883058157,-1.3843670883058157,True,0.9995285410486376,0.0004714589513623652
0.722351758032472,0.722351758032472,True,0.0002964143001651376,0.9997035856998349
0.722351758032472,0.722351758032472,True,0.03664447519360303,0.963355524806397
-1.3843670883058157,-1.3843670883058157,True,0.999626164316199,0.0003738356838009912
0.722351758032472,0.722351758032472,True,0.00019615355559443604,0.9998038464444056
0.722351758032472,0.722351758032472,True,0.0002098353029660327,0.999790164697034
-1.3843670883058157,-1.3843670883058157,True,0.999779132882049,0.000220867117950968
-1.3843670883058157,-1.3843670883058157,True,0.9995063049635345,0.0004936950364654983
0.722351758032472,0.722351758032472,True,0.0004050504517711939,0.9995949495482288
0.722351758032472,0.722351758032472,True,0.00017197532735846455,0.9998280246726415
0.722351758032472,0.722351758032472,True,0.00015637872500606775,0.9998436212749939
-1.3843670883058157,-1.3843670883058157,True,0.9996004742302261,0.0003995257697738575
0.722351758032472,0.722351758032472,True,0.00033572004344850637,0.9996642799565515
-1.3843670883058157,-1.3843670883058157,True,0.9997158945811346,0.00028410541886540524
0.722351758032472,0.722351758032472,True,0.00019238612770189345,0.9998076138722981
-1.3843670883058157,-1.3843670883058157,True,0.9997033275736575,0.00029667242634249895
0.722351758032472,0.722351758032472,True,0.0006482729493166861,0.9993517270506833
0.722351758032472,0.722351758032472,True,0.0005702225056659627,0.999429777494334
-1.3843670883058157,-1.3843670883058157,True,0.9994350093160528,0.0005649906839472526
0.722351758032472,0.722351758032472,True,0.0002672141296631292,0.9997327858703369
-1.3843670883058157,-1.3843670883058157,True,0.9997288231303684,0.00027117686963163995
0.722351758032472,0.722351758032472,True,0.0013041644665552354,0.9986958355334448
0.722351758032472,0.722351758032472,True,0.00021602738625126072,0.9997839726137487
0.722351758032472,0.722351758032472,True,0.00021675323996850349,0.9997832467600315
0.722351758032472,0.722351758032472,True,0.000319051120109326,0.9996809488798907
0.722351758032472,0.722351758032472,True,0.0012411737482759255,0.9987588262517241
0.722351758032472,0.722351758032472,True,0.0004621137133065112,0.9995378862866935
-1.3843670883058157,-1.3843670883058157,True,0.9997158945811346,0.00028410541886540524
-1.3843670883058157,-1.3843670883058157,True,0.9995889007634088,0.00041109923659123434
0.722351758032472,0.722351758032472,True,0.00010550099970974003,0.9998944990002903
0.722351758032472,0.722351758032472,True,0.0001902261310086084,0.9998097738689914
0.722351758032472,0.722351758032472,True,0.0017280023622823215,0.9982719976377177
0.722351758032472,0.722351758032472,True,0.0005754363416763386,0.9994245636583237
-1.3843670883058157,-1.3843670883058157,True,0.9997429426468059,0.0002570573531941688
-1.3843670883058157,-1.3843670883058157,True,0.9996066575098281,0.0003933424901718602
-1.3843670883058157,-1.3843670883058157,True,0.9996600719588598,0.0003399280411402789
0.722351758032472,0.722351758032472,True,0.0002524814981005319,0.9997475185018995
0.722351758032472,0.722351758032472,True,0.0004995071047098065,0.9995004928952902
-1.3843670883058157,-1.3843670883058157,True,0.9996074304813677,0.00039256951863233337
-1.3843670883058157,-1.3843670883058157,True,0.9996700898477676,0.0003299101522323701
-1.3843670883058157,-1.3843670883058157,True,0.9997325436726232,0.00026745632737674416
-1.3843670883058157,-1.3843670883058157,True,0.9995924404093002,0.00040755959069983154
-1.3843670883058157,-1.3843670883058157,True,0.9999444473796221,5.555262037795149e-05
0.722351758032472,0.722351758032472,True,9.439579599501702e-05,0.999905604204005
-1.3843670883058157,-1.3843670883058157,True,0.9997325436726232,0.00026745632737674416
0.722351758032472,0.722351758032472,True,0.0001565202359150586,0.9998434797640849
-1.3843670883058157,-1.3843670883058157,True,0.9997269407121293,0.0002730592878707204
-1.3843670883058157,-1.3843670883058157,True,0.9997010129449819,0.00029898705501810944
0.722351758032472,0.722351758032472,True,0.0003278867200372515,0.9996721132799627
0.722351758032472,0.722351758032472,True,0.00020837136586848715,0.9997916286341315
-1.3843670883058157,-1.3843670883058157,True,0.999363635878006,0.0006363641219940156
0.722351758032472,0.722351758032472,True,0.0002524814981005319,0.9997475185018995
-1.3843670883058157,-1.3843670883058157,True,0.999703085011662,0.00029691498833792193
-1.3843670883058157,-1.3843670883058157,True,0.999584944147098,0.00041505585290204034
0.722351758032472,0.722351758032472,True,0.0004499862302904667,0.9995500137697095
-1.3843670883058157,-1.3843670883058157,True,0.999703085011662,0.00029691498833792193
-1.3843670883058157,-1.3843670883058157,True,0.9997325436726232,0.00026745632737674416
0.722351758032472,0.722351758032472,True,0.00040634567380404274,0.999593654326196
0.722351758032472,0.722351758032472,True,0.0005305515632137991,0.9994694484367862
0.722351758032472,0.722351758032472,True,0.0003034302643157849,0.9996965697356842
0.722351758032472,0.722351758032472,True,0.0005696920422553209,0.9994303079577447
-1.3843670883058157,-1.3843670883058157,True,0.9996644306058066,0.00033556939419346636
-1.3843670883058157,-1.3843670883058157,True,0.9997325436726232,0.00026745632737674416
0.722351758032472,0.722351758032472,True,0.00024029525150981446,0.9997597047484902
-1.3843670883058157,-1.3843670883058157,True,0.999543418483829,0.00045658151617106077
-1.3843670883058157,-1.3843670883058157,True,0.9995554424215086,0.00044455757849139974
0.722351758032472,0.722351758032472,True,0.00024845953295715706,0.9997515404670428
-1.3843670883058157,-1.3843670883058157,True,0.999759073940558,0.0002409260594420312
0.722351758032472,0.722351758032472,True,0.000270708241664086,0.9997292917583359
-1.3843670883058157,-1.3843670883058157,True,0.9996974701312461,0.000302529868753942
0.722351758032472,0.722351758032472,True,0.00012426112556573887,0.9998757388744343
0.722351758032472,0.722351758032472,True,0.0003587864935220564,0.9996412135064779
0.722351758032472,0.722351758032472,True,0.0007601093576271589,0.9992398906423728
0.722351758032472,0.722351758032472,True,0.00043361258765228783,0.9995663874123477
-1.3843670883058157,-1.3843670883058157,True,0.9996644306058066,0.00033556939419346636
0.722351758032472,0.722351758032472,True,0.0006146940631911457,0.9993853059368089
0.722351758032472,0.722351758032472,True,0.0003290418479928725,0.9996709581520071
0.722351758032472,0.722351758032472,True,0.000503049501139774,0.9994969504988602
0.722351758032472,0.722351758032472,True,0.0001624597574176878,0.9998375402425823
0.722351758032472,0.722351758032472,True,0.00019193181958321315,0.9998080681804168
-1.3843670883058157,-1.3843670883058157,True,0.9995675785322671,0.0004324214677328732
0.722351758032472,0.722351758032472,True,0.0003121825387024657,0.9996878174612975
0.722351758032472,0.722351758032472,True,0.000506928895771197,0.9994930711042288
0.722351758032472,0.722351758032472,True,0.0006195687856240806,0.9993804312143759
0.722351758032472,0.722351758032472,True,0.0002806447649843502,0.9997193552350156
0.722351758032472,0.722351758032472,True,0.00037056265657930965,0.9996294373434207
-1.3843670883058157,-1.3843670883058157,True,0.999750167404118,0.00024983259588192433
0.722351758032472,0.722351758032472,True,0.0005344295850990832,0.9994655704149009
0.722351758032472,0.722351758032472,True,0.0003047871116983458,0.9996952128883017
0.722351758032472,0.722351758032472,True,0.0004322030892540685,0.9995677969107459
0.722351758032472,0.722351758032472,True,0.000220577969841651,0.9997794220301583
-1.3843670883058157,-1.3843670883058157,True,0.9996724881177964,0.0003275118822035389
-1.3843670883058157,-1.3843670883058157,True,0.9994545364365788,0.0005454635634212393
-1.3843670883058157,-1.3843670883058157,True,0.9995312624076906,0.0004687375923093795
-1.3843670883058157,-1.3843670883058157,True,0.9998661850564082,0.00013381494359171497
-1.3843670883058157,-1.3843670883058157,True,0.9995269597798868,0.0004730402201131878
0.722351758032472,0.722351758032472,True,0.0006390937108923245,0.9993609062891077
0.722351758032472,0.722351758032472,True,0.0001851809334376675,0.9998148190665623
0.722351758032472,0.722351758032472,True,0.0001462799117682989,0.9998537200882317
-1.3843670883058157,-1.3843670883058157,True,0.9995269597798868,0.0004730402201131878
0.722351758032472,0.722351758032472,True,0.00023053340607781525,0.9997694665939222
0.722351758032472,0.722351758032472,True,0.0003307566523164107,0.9996692433476836
0.722351758032472,0.722351758032472,True,0.00018166994709212236,0.9998183300529079
0.722351758032472,0.722351758032472,True,0.00025073633911376625,0.9997492636608862
0.722351758032472,0.722351758032472,True,0.0005888050787453691,0.9994111949212546
0.722351758032472,0.722351758032472,True,0.0038283297655339332,0.9961716702344661
0.722351758032472,0.722351758032472,True,0.0002758072810689072,0.9997241927189311
0.722351758032472,0.722351758032472,True,0.0003023093507603658,0.9996976906492396
0.722351758032472,0.722351758032472,True,0.022754116843377914,0.9772458831566221
0.722351758032472,0.722351758032472,True,0.001978944837361274,0.9980210551626387
0.722351758032472,0.722351758032472,True,0.00032756736635630723,0.9996724326336437
0.722351758032472,0.722351758032472,True,0.0003485601690161877,0.9996514398309838
0.722351758032472,0.722351758032472,True,0.0016138853631340044,0.998386114636866
-1.3843670883058157,-1.3843670883058157,True,0.999460220036967,0.0005397799630330221
-1.3843670883058157,-1.3843670883058157,True,0.9997051149299839,0.0002948850700160624
0.722351758032472,0.722351758032472,True,0.00016570893708611756,0.9998342910629139
0.722351758032472,0.722351758032472,True,0.00028730368702389875,0.9997126963129761
0.722351758032472,0.722351758032472,True,0.0007489559547871893,0.9992510440452128
-1.3843670883058157,-1.3843670883058157,True,0.9993921900155954,0.0006078099844045988
0.722351758032472,0.722351758032472,True,0.00040129626016771613,0.9995987037398323
-1.3843670883058157,-1.3843670883058157,True,0.9996204282816854,0.00037957171831455924
0.722351758032472,0.722351758032472,True,0.00016713958186975741,0.9998328604181302
0.722351758032472,0.722351758032472,True,0.00017614631435947103,0.9998238536856405
0.722351758032472,0.722351758032472,True,0.003643586746783112,0.9963564132532169
0.722351758032472,0.722351758032472,True,0.00011298565802586591,0.9998870143419741
0.722351758032472,0.722351758032472,True,0.00031465474715508535,0.9996853452528449
-1.3843670883058157,-1.3843670883058157,True,0.999703085011662,0.00029691498833792193
-1.3843670883058157,-1.3843670883058157,True,0.9997106593639141,0.0002893406360858378
0.722351758032472,0.722351758032472,True,0.00010623117815278249,0.9998937688218472
-1.3843670883058157,-1.3843670883058157,True,0.999427152192507,0.0005728478074930106
-1.3843670883058157,-1.3843670883058157,True,0.9995693917030556,0.0004306082969444329
0.722351758032472,0.722351758032472,True,0.0003503776039285311,0.9996496223960715
0.722351758032472,0.722351758032472,True,0.0011937573345675023,0.9988062426654325
-1.3843670883058157,-1.3843670883058157,True,0.9996667870374903,0.00033321296250969813
0.722351758032472,0.722351758032472,True,0.00029732572692331427,0.9997026742730767
-1.3843670883058157,-1.3843670883058157,True,0.9995180137901559,0.0004819862098440706
-1.3843670883058157,-1.3843670883058157,True,0.9995277740275592,0.0004722259724407717
-1.3843670883058157,-1.3843670883058157,True,0.9996072205992179,0.0003927794007820897
0.722351758032472,0.722351758032472,True,0.0015697967419358028,0.9984302032580642
0.722351758032472,0.722351758032472,True,0.0006280560224065646,0.9993719439775934
0.722351758032472,0.722351758032472,True,0.001821045360383411,0.9981789546396166
0.722351758032472,0.722351758032472,True,0.0004344707701049444,0.9995655292298951
0.722351758032472,0.722351758032472,True,0.0002633800563066613,0.9997366199436933
0.722351758032472,0.722351758032472,True,0.0001711132547087546,0.9998288867452912
0.722351758032472,0.722351758032472,True,0.0006258845134967661,0.9993741154865032
0.722351758032472,0.722351758032472,True,0.00014881050843718047,0.9998511894915628
0.722351758032472,0.722351758032472,True,0.000556327078416019,0.999443672921584
0.722351758032472,0.722351758032472,True,0.0001687007525550399,0.999831299247445
0.722351758032472,0.722351758032472,True,0.00017653928169913957,0.9998234607183009
-1.3843670883058157,-1.3843670883058157,True,0.9996604859688526,0.00033951403114735544
0.722351758032472,0.722351758032472,True,0.00022015349049742117,0.9997798465095026
0.722351758032472,0.722351758032472,True,0.0002614477405089577,0.999738552259491
-1.3843670883058157,-1.3843670883058157,True,0.9997158945811346,0.00028410541886540524
0.722351758032472,0.722351758032472,True,0.0004417520995567692,0.9995582479004432
-1.3843670883058157,-1.3843670883058157,True,0.9996600719588598,0.0003399280411402789
0.722351758032472,0.722351758032472,True,0.00642542723448114,0.9935745727655189
-1.3843670883058157,-1.3843670883058157,True,0.9996600719588598,0.0003399280411402789
0.722351758032472,0.722351758032472,True,0.004153641305679079,0.9958463586943209
0.722351758032472,0.722351758032472,True,0.00026018046276798934,0.999739819537232
0.722351758032472,0.722351758032472,True,0.0002879562261666191,0.9997120437738334
0.722351758032472,0.722351758032472,True,0.00018878693469903673,0.999811213065301
0.722351758032472,0.722351758032472,True,0.00034134126846685486,0.9996586587315331
0.722351758032472,0.722351758032472,True,0.0001624597574176878,0.9998375402425823
-1.3843670883058157,-1.3843670883058157,True,0.9995720798974851,0.00042792010251486724
0.722351758032472,0.722351758032472,True,0.00031753860905814335,0.9996824613909419
-1.3843670883058157,-1.3843670883058157,True,0.999703085011662,0.00029691498833792193
-1.3843670883058157,-1.3843670883058157,True,0.9995906378983637,0.0004093621016363826
0.722351758032472,0.722351758032472,True,0.0022059306945595436,0.9977940693054405
0.722351758032472,0.722351758032472,True,0.0005415666345333081,0.9994584333654667
0.722351758032472,0.722351758032472,True,0.002534366039031344,0.9974656339609687
0.722351758032472,0.722351758032472,True,0.0022839257629835297,0.9977160742370165
-1.3843670883058157,-1.3843670883058157,True,0.9994842103397248,0.0005157896602752637
-1.3843670883058157,-1.3843670883058157,True,0.99973592037583,0.0002640796241700204
-1.3843670883058157,-1.3843670883058157,True,0.9994755461288918,0.0005244538711081833
-1.3843670883058157,-1.3843670883058157,True,0.999543418483829,0.00045658151617106077
-1.3843670883058157,-1.3843670883058157,True,0.9996974701312461,0.000302529868753942
0.722351758032472,0.722351758032472,True,0.000699724262650081,0.9993002757373499
0.722351758032472,0.722351758032472,True,0.0005552244550633967,0.9994447755449366
0.722351758032472,0.722351758032472,True,0.0012986689151285313,0.9987013310848715
-1.3843670883058157,-1.3843670883058157,True,0.9997158945811346,0.00028410541886540524
0.722351758032472,0.722351758032472,True,0.0002146515169975105,0.9997853484830025
-1.3843670883058157,-1.3843670883058157,True,0.9997234703806446,0.0002765296193554188
0.722351758032472,0.722351758032472,True,0.0004649553264999273,0.9995350446735001
-1.3843670883058157,-1.3843670883058157,True,0.9996204282816854,0.00037957171831455924
0.722351758032472,0.722351758032472,True,0.00013826831895658032,0.9998617316810434
-1.3843670883058157,-1.3843670883058157,True,0.9996974701312461,0.000302529868753942
0.722351758032472,0.722351758032472,True,0.00022873925618926982,0.9997712607438107
-1.3843670883058157,-1.3843670883058157,True,0.9999651400036448,3.4859996355198595e-05
0.722351758032472,0.722351758032472,True,0.00530867604529206,0.9946913239547079
0.722351758032472,0.722351758032472,True,0.0016651041400495004,0.9983348958599505
-1.3843670883058157,-1.3843670883058157,True,0.999703085011662,0.00029691498833792193
-1.3843670883058157,-1.3843670883058157,True,0.9996204282816854,0.00037957171831455924
0.722351758032472,0.722351758032472,True,0.00033596709615535403,0.9996640329038446
0.722351758032472,0.722351758032472,True,0.00038146616764156427,0.9996185338323584
0.722351758032472,0.722351758032472,True,0.0001607879863722017,0.9998392120136278
-1.3843670883058157,-1.3843670883058157,True,0.9997192817400716,0.00028071825992836074
0.722351758032472,0.722351758032472,True,0.0019356370781689058,0.9980643629218311
-1.3843670883058157,-1.3843670883058157,True,0.9996341261761134,0.00036587382388662663
0.722351758032472,0.722351758032472,True,0.0003154402074038165,0.9996845597925962
-1.3843670883058157,-1.3843670883058157,True,0.9996742058202611,0.0003257941797388703
0.722351758032472,0.722351758032472,True,0.0005049990164388563,0.9994950009835611
0.722351758032472,0.722351758032472,True,0.0001051266452604116,0.9998948733547396
-1.3843670883058157,-1.3843670883058157,True,0.9995735104040263,0.00042648959597366593
0.722351758032472,0.722351758032472,True,0.00021054187678071212,0.9997894581232193
-1.3843670883058157,-1.3843670883058157,True,0.9996600719588598,0.0003399280411402789
-1.3843670883058157,-1.3843670883058157,True,0.9997325436726232,0.00026745632737674416
0.722351758032472,0.722351758032472,True,0.000196020589097623,0.9998039794109024
-1.3843670883058157,-1.3843670883058157,True,0.9997325436726232,0.00026745632737674416
0.722351758032472,0.722351758032472,True,0.00015269737744849632,0.9998473026225515
0.722351758032472,0.722351758032472,True,0.00011517825654283609,0.9998848217434572
-1.3843670883058157,-1.3843670883058157,True,0.9996865411633712,0.00031345883662884294
0.722351758032472,0.722351758032472,True,0.00016600376804865036,0.9998339962319513
-1.3843670883058157,-1.3843670883058157,True,0.9995904036965763,0.00040959630342370893
0.722351758032472,0.722351758032472,True,0.0001306131412971423,0.9998693868587029
0.722351758032472,0.722351758032472,True,0.00019615355559443604,0.9998038464444056
-1.3843670883058157,-1.3843670883058157,True,0.999703085011662,0.00029691498833792193
0.722351758032472,0.722351758032472,True,0.00012473914157584698,0.9998752608584242
-1.3843670883058157,-1.3843670883058157,True,0.9996974701312461,0.000302529868753942
0.722351758032472,0.722351758032472,True,0.001630984605634267,0.9983690153943657
0.722351758032472,0.722351758032472,True,0.00018509372319430728,0.9998149062768057
0.722351758032472,0.722351758032472,True,0.0001306131412971423,0.9998693868587029
0.722351758032472,0.722351758032472,True,0.0002990345243605308,0.9997009654756395
-1.3843670883058157,-1.3843670883058157,True,0.999750167404118,0.00024983259588192433
0.722351758032472,0.722351758032472,True,0.0021483507874476837,0.9978516492125523
-1.3843670883058157,-1.3843670883058157,True,0.9994303392233328,0.000569660776667174
0.722351758032472,0.722351758032472,True,0.00012736111205047251,0.9998726388879495
0.722351758032472,0.722351758032472,True,0.00016600376804865036,0.9998339962319513
0.722351758032472,0.722351758032472,True,8.23748886987774e-05,0.9999176251113012
-1.3843670883058157,-1.3843670883058157,True,0.9997288231303684,0.00027117686963163995
0.722351758032472,0.722351758032472,True,0.00037915542700117655,0.9996208445729988
-1.3843670883058157,-1.3843670883058157,True,0.9996974701312461,0.000302529868753942
0.722351758032472,0.722351758032472,True,0.0003860769734752578,0.9996139230265247
0.722351758032472,0.722351758032472,True,0.0008005615018399359,0.9991994384981601
-1.3843670883058157,-1.3843670883058157,True,0.9996066575098281,0.0003933424901718602
0.722351758032472,0.722351758032472,True,0.0005582721929551226,0.9994417278070449
0.722351758032472,0.722351758032472,True,0.002471009587150741,0.9975289904128493
-1.3843670883058157,-1.3843670883058157,True,0.9997158945811346,0.00028410541886540524
0.722351758032472,0.722351758032472,True,0.0005874893631141465,0.9994125106368859
0.722351758032472,0.722351758032472,True,0.0002422347856124718,0.9997577652143875
-1.3843670883058157,-1.3843670883058157,True,0.9996644306058066,0.00033556939419346636
-1.3843670883058157,-1.3843670883058157,True,0.9996424664605084,0.0003575335394915856
0.722351758032472,0.722351758032472,True,0.0009159427206227866,0.9990840572793772
0.722351758032472,0.722351758032472,True,0.00011769095689617703,0.9998823090431038
-1.3843670883058157,-1.3843670883058157,True,0.9996600719588598,0.0003399280411402789
0.722351758032472,0.722351758032472,True,0.0004015098745780987,0.9995984901254219
-1.3843670883058157,-1.3843670883058157,True,0.999692358820339,0.00030764117966096155
0.722351758032472,0.722351758032472,True,0.00026668359627812777,0.9997333164037219
0.722351758032472,0.722351758032472,True,0.00013218752453758587,0.9998678124754624
0.722351758032472,0.722351758032472,True,0.000329217262686754,0.9996707827373132
-1.3843670883058157,-1.3843670883058157,True,0.9996385848354636,0.0003614151645363154
-1.3843670883058157,-1.3843670883058157,True,0.9994631081772744,0.0005368918227256192
-1.3843670883058157,-1.3843670883058157,True,0.9995098634708094,0.0004901365291906598
-1.3843670883058157,-1.3843670883058157,True,0.999643543004224,0.0003564569957760019
0.722351758032472,0.722351758032472,True,0.0003261459572888592,0.9996738540427111
-1.3843670883058157,-1.3843670883058157,True,0.9996600719588598,0.0003399280411402789
-1.3843670883058157,-1.3843670883058157,True,0.9997288231303684,0.00027117686963163995
0.722351758032472,0.722351758032472,True,0.00023694549309494217,0.9997630545069051
-1.3843670883058157,-1.3843670883058157,True,0.9997158945811346,0.00028410541886540524
0.722351758032472,0.722351758032472,True,0.00037756238300235,0.9996224376169976
-1.3843670883058157,-1.3843670883058157,True,0.9996222908889291,0.00037770911107095983
-1.3843670883058157,-1.3843670883058157,True,0.9997325436726232,0.00026745632737674416
0.722351758032472,0.722351758032472,True,0.0005494920502926437,0.9994505079497074
-1.3843670883058157,-1.3843670883058157,True,0.9996274725071678,0.0003725274928322303
-1.3843670883058157,-1.3843670883058157,True,0.999703085011662,0.00029691498833792193
0.722351758032472,0.722351758032472,True,8.740602276824383e-05,0.9999125939772318
-1.3843670883058157,-1.3843670883058157,True,0.9996644306058066,0.00033556939419346636
0.722351758032472,0.722351758032472,True,0.0002399262022273474,0.9997600737977727
0.722351758032472,0.722351758032472,True,0.00020039771649527083,0.9997996022835047
0.722351758032472,0.722351758032472,True,0.0005757616958518286,0.9994242383041482
0.722351758032472,0.722351758032472,True,0.00017359293515628593,0.9998264070648437
0.722351758032472,0.722351758032472,True,0.00025851658294673285,0.9997414834170533
-1.3843670883058157,-1.3843670883058157,True,0.9996011864838498,0.0003988135161502044
0.722351758032472,0.722351758032472,True,0.0002029970148914595,0.9997970029851085
0.722351758032472,0.722351758032472,True,0.0004194089421483138,0.9995805910578517
-1.3843670883058157,-1.3843670883058157,True,0.999779132882049,0.000220867117950968
-1.3843670883058157,-1.3843670883058157,True,0.9996385848354636,0.0003614151645363154
-1.3843670883058157,-1.3843670883058157,True,0.9996274725071678,0.0003725274928322303
0.722351758032472,0.722351758032472,True,0.00024844132431056654,0.9997515586756894
0.722351758032472,0.722351758032472,True,0.00016600376804865036,0.9998339962319513
0.722351758032472,0.722351758032472,True,0.00035923435601903364,0.999640765643981
0.722351758032472,0.722351758032472,True,0.000417020009412461,0.9995829799905875
-1.3843670883058157,-1.3843670883058157,True,0.9996222908889291,0.00037770911107095983
0.722351758032472,0.722351758032472,True,0.00026668359627812777,0.9997333164037219
0.722351758032472,0.722351758032472,True,0.00019459374510988336,0.9998054062548901
0.722351758032472,0.722351758032472,True,0.00038526727126309,0.9996147327287369
-1.3843670883058157,-1.3843670883058157,True,0.9996974701312461,0.000302529868753942
0.722351758032472,0.722351758032472,True,0.0001339377649035578,0.9998660622350964
0.722351758032472,0.722351758032472,True,0.00022644945392069626,0.9997735505460793
0.722351758032472,0.722351758032472,True,0.00016600376804865036,0.9998339962319513
0.722351758032472,0.722351758032472,True,0.0002860940670041945,0.9997139059329958
0.722351758032472,0.722351758032472,True,0.11901929245639264,0.8809807075436074
0.722351758032472,0.722351758032472,True,0.00040269324551600594,0.999597306754484
0.722351758032472,0.722351758032472,True,0.00041647862505056477,0.9995835213749494
-1.3843670883058157,-1.3843670883058157,True,0.9994773245503769,0.0005226754496231029
0.722351758032472,0.722351758032472,True,0.00014692595442855616,0.9998530740455714
-1.3843670883058157,-1.3843670883058157,True,0.9995030467996393,0.0004969532003606888
0.722351758032472,0.722351758032472,True,0.0002079024123338158,0.9997920975876662
0.722351758032472,0.722351758032472,True,0.010074946744821678,0.9899250532551783
0.722351758032472,0.722351758032472,True,0.0023256213525065794,0.9976743786474934
-1.3843670883058157,-1.3843670883058157,True,0.9997653832769339,0.0002346167230661058
0.722351758032472,0.722351758032472,True,0.00011517825654283609,0.9998848217434572
0.722351758032472,0.722351758032472,True,0.0013407397294926682,0.9986592602705073
0.722351758032472,0.722351758032472,True,0.0011795144850341721,0.9988204855149658
0.722351758032472,0.722351758032472,True,0.0027807480693117226,0.9972192519306883
0.722351758032472,0.722351758032472,True,0.0006127948948233541,0.9993872051051766
-1.3843670883058157,-1.3843670883058157,True,0.999643543004224,0.0003564569957760019
0.722351758032472,0.722351758032472,True,0.0037274224691554725,0.9962725775308445
0.722351758032472,0.722351758032472,True,0.000500222087560287,0.9994997779124397
-1.3843670883058157,-1.3843670883058157,True,0.9996242262819655,0.00037577371803449464
0.722351758032472,0.722351758032472,True,0.0008309539659444587,0.9991690460340555
0.722351758032472,0.722351758032472,True,0.0002524814981005319,0.9997475185018995
-1.3843670883058157,-1.3843670883058157,True,0.999693261836257,0.000306738163743034
0.722351758032472,0.722351758032472,True,0.0003332738446719663,0.999666726155328
-1.3843670883058157,-1.3843670883058157,True,0.9996974701312461,0.000302529868753942
-1.3843670883058157,-1.3843670883058157,True,0.999643543004224,0.0003564569957760019
0.722351758032472,0.722351758032472,True,0.00016804211659082746,0.9998319578834092
0.722351758032472,0.722351758032472,True,0.0004120813069663498,0.9995879186930337
0.722351758032472,0.722351758032472,True,0.0004333970627314887,0.9995666029372685
0.722351758032472,0.722351758032472,True,0.00030101764769696615,0.999698982352303
0.722351758032472,0.722351758032472,True,0.001182726413470614,0.9988172735865294
-1.3843670883058157,-1.3843670883058157,True,0.9993758315518623,0.0006241684481377054
0.722351758032472,0.722351758032472,True,0.00010116543770044562,0.9998988345622996
0.722351758032472,0.722351758032472,True,0.0003072169635460753,0.9996927830364539
0.722351758032472,0.722351758032472,True,0.000554469352982756,0.9994455306470172
0.722351758032472,0.722351758032472,True,0.0006293450026620961,0.9993706549973379
-1.3843670883058157,-1.3843670883058157,True,0.9995683550773657,0.00043164492263430063
0.722351758032472,0.722351758032472,True,0.0001026325559602137,0.9998973674440398
0.722351758032472,0.722351758032472,True,0.00012736111205047251,0.9998726388879495
0.722351758032472,0.722351758032472,True,0.00027846482049043164,0.9997215351795096
-1.3843670883058157,-1.3843670883058157,True,0.9995488963396372,0.0004511036603628022
0.722351758032472,0.722351758032472,True,0.00041409600481678854,0.9995859039951832
0.722351758032472,0.722351758032472,True,0.0006348559981177448,0.9993651440018823
0.722351758032472,0.722351758032472,True,0.0020004060406639823,0.997999593959336
0.722351758032472,0.722351758032472,True,0.0001310782408893152,0.9998689217591107
-1.3843670883058157,-1.3843670883058157,True,0.9996853611882324,0.00031463881176761196
-1.3843670883058157,-1.3843670883058157,True,0.9993969875028776,0.0006030124971223096
-1.3843670883058157,-1.3843670883058157,True,0.9995215974930044,0.00047840250699558614
0.722351758032472,0.722351758032472,True,0.0002441327160709328,0.9997558672839291
0.722351758032472,0.722351758032472,True,0.00016875804785765336,0.9998312419521423
0.722351758032472,0.722351758032472,True,0.00020192155063780692,0.9997980784493622
0.722351758032472,0.722351758032472,True,0.0004787451190547687,0.9995212548809452
-1.3843670883058157,-1.3843670883058157,True,0.9994563553582377,0.0005436446417622354
0.722351758032472,0.722351758032472,True,0.00012378861033479627,0.9998762113896652
0.722351758032472,0.722351758032472,True,0.003126259361794226,0.9968737406382058
-1.3843670883058157,-1.3843670883058157,True,0.9996989547980791,0.0003010452019208882
-1.3843670883058157,-1.3843670883058157,True,0.9992789459534938,0.0007210540465062907
-1.3843670883058157,-1.3843670883058157,True,0.9996974701312461,0.000302529868753942
0.722351758032472,0.722351758032472,True,0.0003619910006703586,0.9996380089993296
-1.3843670883058157,-1.3843670883058157,True,0.9996989547980791,0.0003010452019208882
-1.3843670883058157,-1.3843670883058157,True,0.9996769813257766,0.000323018674223336
-1.3843670883058157,-1.3843670883058157,True,0.999643543004224,0.0003564569957760019
-1.3843670883058157,-1.3843670883058157,True,0.9997288231303684,0.00027117686963163995
-1.3843670883058157,-1.3843670883058157,True,0.9995924404093002,0.00040755959069983154
-1.3843670883058157,-1.3843670883058157,True,0.9995269167328821,0.00047308326711791336
-1.3843670883058157,-1.3843670883058157,True,0.9996060545050719,0.00039394549492807295
0.722351758032472,0.722351758032472,True,0.00016814440081580617,0.9998318555991842
0.722351758032472,0.722351758032472,True,0.00021054187678071212,0.9997894581232193
-1.3843670883058157,-1.3843670883058157,True,0.9997228813940573,0.00027711860594271134
0.722351758032472,0.722351758032472,True,0.0003471089598378052,0.9996528910401622
0.722351758032472,0.722351758032472,True,0.00016396609079261104,0.9998360339092074
-1.3843670883058157,-1.3843670883058157,True,0.999703085011662,0.00029691498833792193
-1.3843670883058157,-1.3843670883058157,True,0.9996151487205152,0.0003848512794848706
-1.3843670883058157,-1.3843670883058157,True,0.9997622445225249,0.00023775547747506538
0.722351758032472,0.722351758032472,True,0.0002909097063545918,0.9997090902936454
0.722351758032472,0.722351758032472,True,0.0002901597117200838,0.9997098402882799
0.722351758032472,0.722351758032472,True,0.0005481521023811275,0.9994518478976189
0.722351758032472,0.722351758032472,True,0.0001109671527584899,0.9998890328472415
0.722351758032472,0.722351758032472,True,0.0004855368742855415,0.9995144631257145
0.722351758032472,0.722351758032472,True,0.00022220146663232132,0.9997777985333677
-1.3843670883058157,-1.3843670883058157,True,0.9996600719588598,0.0003399280411402789
0.722351758032472,0.722351758032472,True,0.00020529869490015784,0.9997947013050998
-1.3843670883058157,-1.3843670883058157,True,0.999643543004224,0.0003564569957760019
0.722351758032472,0.722351758032472,True,0.0020422477014314655,0.9979577522985685
0.722351758032472,0.722351758032472,True,0.00030282082135091315,0.9996971791786491
0.722351758032472,0.722351758032472,True,0.00039792078200096004,0.999602079217999
0.722351758032472,0.722351758032472,True,9.710618672786886e-05,0.9999028938132721
0.722351758032472,0.722351758032472,True,0.0002961445700057075,0.9997038554299943
0.722351758032472,0.722351758032472,True,0.000556327078416019,0.999443672921584
0.722351758032472,0.722351758032472,True,0.00011517825654283609,0.9998848217434572
-1.3843670883058157,-1.3843670883058157,True,0.9997621194524706,0.000237880547529432
0.722351758032472,0.722351758032472,True,0.00027958974562836136,0.9997204102543716
0.722351758032472,0.722351758032472,True,0.0001605476921353599,0.9998394523078646
0.722351758032472,0.722351758032472,True,0.0001921753059489495,0.999807824694051
0.722351758032472,0.722351758032472,True,0.0003541593566261936,0.9996458406433738
0.722351758032472,0.722351758032472,True,0.00013826831895658032,0.9998617316810434
0.722351758032472,0.722351758032472,True,0.00027184863457174746,0.9997281513654283
-1.3843670883058157,-1.3843670883058157,True,0.9996974701312461,0.000302529868753942
0.722351758032472,0.722351758032472,True,0.005950236006004972,0.994049763993995
0.722351758032472,0.722351758032472,True,0.00020316497097550013,0.9997968350290245
0.722351758032472,0.722351758032472,True,0.0003860769734752578,0.9996139230265247
-1.3843670883058157,-1.3843670883058157,True,0.9996989547980791,0.0003010452019208882
0.722351758032472,0.722351758032472,True,0.0012697987082568307,0.9987302012917432
0.722351758032472,0.722351758032472,True,0.00016543256526035943,0.9998345674347396
-1.3843670883058157,-1.3843670883058157,True,0.999693261836257,0.000306738163743034
0.722351758032472,0.722351758032472,True,0.0044459249528120415,0.995554075047188
-1.3843670883058157,-1.3843670883058157,True,0.9996974701312461,0.000302529868753942
0.722351758032472,0.722351758032472,True,0.001960064191316002,0.998039935808684
0.722351758032472,0.722351758032472,True,0.0002890451403108063,0.9997109548596892
0.722351758032472,0.722351758032472,True,0.0003870978555542415,0.9996129021444458
-1.3843670883058157,-1.3843670883058157,True,0.9996379512603506,0.00036204873964943584
-1.3843670883058157,-1.3843670883058157,True,0.9993473092562831,0.0006526907437168309
-1.3843670883058157,-1.3843670883058157,True,0.9996769813257766,0.000323018674223336
0.722351758032472,0.722351758032472,True,0.00011976007351399698,0.999880239926486
-1.3843670883058157,-1.3843670883058157,True,0.9997158945811346,0.00028410541886540524
-1.3843670883058157,-1.3843670883058157,True,0.9994441378380424,0.0005558621619576297
-1.3843670883058157,-1.3843670883058157,True,0.9996974701312461,0.000302529868753942
0.722351758032472,0.722351758032472,True,0.0002660722858749409,0.9997339277141251
-1.3843670883058157,-1.3843670883058157,True,0.9996769813257766,0.000323018674223336
0.722351758032472,0.722351758032472,True,0.002584768860290021,0.99741523113971
0.722351758032472,0.722351758032472,True,0.00024978405000830595,0.9997502159499917
-1.3843670883058157,-1.3843670883058157,True,0.9997106593639141,0.0002893406360858378
-1.3843670883058157,-1.3843670883058157,True,0.9993670532395144,0.0006329467604856946
-1.3843670883058157,-1.3843670883058157,True,0.9996385848354636,0.0003614151645363154
-1.3843670883058157,-1.3843670883058157,True,0.999608691805517,0.00039130819448300163
0.722351758032472,0.722351758032472,True,0.0003102756567806564,0.9996897243432193
-1.3843670883058157,-1.3843670883058157,True,0.9998242105646089,0.00017578943539110474
-1.3843670883058157,-1.3843670883058157,True,0.9993667605033478,0.0006332394966521705
-1.3843670883058157,-1.3843670883058157,True,0.999663756538511,0.0003362434614889698
-1.3843670883058157,-1.3843670883058157,True,0.9995228991021776,0.00047710089782235015
0.722351758032472,0.722351758032472,True,0.0008676611133812129,0.9991323388866188
0.722351758032472,0.722351758032472,True,8.006199728693986e-05,0.9999199380027131
0.722351758032472,0.722351758032472,True,0.0005307808573918882,0.9994692191426081
-1.3843670883058157,-1.3843670883058157,True,0.9995890869972572,0.00041091300274279015
-1.3843670883058157,-1.3843670883058157,True,0.999643543004224,0.0003564569957760019
0.722351758032472,0.722351758032472,True,0.00044125625301905114,0.999558743746981
0.722351758032472,0.722351758032472,True,0.0010125995119120157,0.998987400488088
-1.3843670883058157,-1.3843670883058157,True,0.999703085011662,0.00029691498833792193
0.722351758032472,0.722351758032472,True,0.0029856911339196657,0.9970143088660803
0.722351758032472,0.722351758032472,True,0.0004142087870268041,0.9995857912129732
-1.3843670883058157,-1.3843670883058157,True,0.9997158945811346,0.00028410541886540524
0.722351758032472,0.722351758032472,True,0.0002818956610056711,0.9997181043389943
-1.3843670883058157,-1.3843670883058157,True,0.9997653832769339,0.0002346167230661058
0.722351758032472,0.722351758032472,True,0.00017588507327204184,0.999824114926728
-1.3843670883058157,-1.3843670883058157,True,0.9994300471009869,0.0005699528990130425
0.722351758032472,0.722351758032472,True,0.0002806447649843502,0.9997193552350156
-1.3843670883058157,-1.3843670883058157,True,0.9993801692443702,0.0006198307556297381
0.722351758032472,0.722351758032472,True,0.00028166886915070855,0.9997183311308493
0.722351758032472,0.722351758032472,True,0.0003779655031745932,0.9996220344968254
0.722351758032472,0.722351758032472,True,0.0011164064643991445,0.9988835935356009
-1.3843670883058157,-1.3843670883058157,True,0.9996890095570836,0.00031099044291641495
0.722351758032472,0.722351758032472,True,0.00025798879914529227,0.9997420112008547
0.722351758032472,0.722351758032472,True,0.00011517825654283609,0.9998848217434572
-1.3843670883058157,-1.3843670883058157,True,0.9995334061347503,0.0004665938652496737
0.722351758032472,0.722351758032472,True,0.00016875804785765336,0.9998312419521423
0.722351758032472,0.722351758032472,True,0.00011883938862011778,0.9998811606113799
-1.3843670883058157,-1.3843670883058157,True,0.9995992198456037,0.00040078015439626996
0.722351758032472,0.722351758032472,True,0.0007645710141093165,0.9992354289858907
0.722351758032472,0.722351758032472,True,0.0014449818909122447,0.9985550181090878
0.722351758032472,0.722351758032472,True,0.0004969851249825297,0.9995030148750175
0.722351758032472,0.722351758032472,True,0.00028269820392679,0.9997173017960732
0.722351758032472,0.722351758032472,True,0.0003126738340559765,0.999687326165944
0.722351758032472,0.722351758032472,True,0.0010642564212538508,0.9989357435787461
0.722351758032472,0.722351758032472,True,0.00037915542700117655,0.9996208445729988
0.722351758032472,0.722351758032472,True,9.645515506628843e-05,0.9999035448449337
0.722351758032472,0.722351758032472,True,0.015846145353295205,0.9841538546467048
0.722351758032472,0.722351758032472,True,0.00047926672359011047,0.9995207332764099
0.722351758032472,0.722351758032472,True,0.00030322077768918376,0.9996967792223108
-1.3843670883058157,-1.3843670883058157,True,0.9996989547980791,0.0003010452019208882
-1.3843670883058157,-1.3843670883058157,True,0.9997513935231349,0.0002486064768650395
0.722351758032472,0.722351758032472,True,0.0006576587772457732,0.9993423412227542
-1.3843670883058157,-1.3843670883058157,True,0.9994052581160988,0.000594741883901209
0.722351758032472,0.722351758032472,True,7.926386111267725e-05,0.9999207361388873
0.722351758032472,0.722351758032472,True,0.00021673656044085554,0.9997832634395591
-1.3843670883058157,-1.3843670883058157,True,0.9996724881177964,0.0003275118822035389
-1.3843670883058157,-1.3843670883058157,True,0.999409396382117,0.0005906036178829447
0.722351758032472,0.722351758032472,True,0.00016510084265597413,0.999834899157344
-1.3843670883058157,-1.3843670883058157,True,0.9996974701312461,0.000302529868753942
-1.3843670883058157,-1.3843670883058157,True,0.9994970319264554,0.0005029680735445315
0.722351758032472,0.722351758032472,True,0.0003976656348156915,0.9996023343651843
-1.3843670883058157,-1.3843670883058157,True,0.9995992198456037,0.00040078015439626996
0.722351758032472,0.722351758032472,True,0.0004907374097168349,0.9995092625902832
0.722351758032472,0.722351758032472,True,0.000916258201920428,0.9990837417980796
0.722351758032472,0.722351758032472,True,0.00016433125184056596,0.9998356687481594
0.722351758032472,0.722351758032472,True,0.0002844444723928419,0.9997155555276072
0.722351758032472,0.722351758032472,True,0.00024738327735496224,0.999752616722645
0.722351758032472,0.722351758032472,True,0.0009785252774228148,0.9990214747225772
0.722351758032472,0.722351758032472,True,0.00019615355559443604,0.9998038464444056
0.722351758032472,0.722351758032472,True,9.645515506628843e-05,0.9999035448449337
0.722351758032472,0.722351758032472,True,0.0006033705121977206,0.9993966294878023
-1.3843670883058157,-1.3843670883058157,True,0.9996222908889291,0.00037770911107095983
0.722351758032472,0.722351758032472,True,0.00033265267538917787,0.9996673473246108
-1.3843670883058157,-1.3843670883058157,True,0.9992974971774338,0.0007025028225662083
-1.3843670883058157,-1.3843670883058157,True,0.9996456799126209,0.0003543200873790689
-1.3843670883058157,-1.3843670883058157,True,0.9997324816212627,0.000267518378737278
0.722351758032472,0.722351758032472,True,0.0059324696606922744,0.9940675303393077
0.722351758032472,0.722351758032472,True,0.00016600376804865036,0.9998339962319513
0.722351758032472,0.722351758032472,True,0.00029928940434276186,0.9997007105956572
0.722351758032472,0.722351758032472,True,0.0004444237859576594,0.9995555762140423
0.722351758032472,0.722351758032472,True,0.0005850833758072049,0.9994149166241928
0.722351758032472,0.722351758032472,True,0.0002666640524160435,0.999733335947584
0.722351758032472,0.722351758032472,True,0.0011777733166900006,0.99882222668331
-1.3843670883058157,-1.3843670883058157,True,0.9994157513397519,0.0005842486602480887
0.722351758032472,0.722351758032472,True,0.0001339377649035578,0.9998660622350964
0.722351758032472,0.722351758032472,True,0.0005280210373765915,0.9994719789626234
-1.3843670883058157,-1.3843670883058157,True,0.9996274725071678,0.00037252749283223
-1.3843670883058157,-1.3843670883058157,True,0.9997158945811346,0.00028410541886540524
0.722351758032472,0.722351758032472,True,0.00022515604555173319,0.9997748439544483
0.722351758032472,0.722351758032472,True,0.0001888121865707415,0.9998111878134293
0.722351758032472,0.722351758032472,True,0.00030996403302185893,0.9996900359669781
0.722351758032472,0.722351758032472,True,0.0002540464805089737,0.999745953519491
-1.3843670883058157,-1.3843670883058157,True,0.9997158945811346,0.00028410541886540524
0.722351758032472,0.722351758032472,True,0.003181153366771494,0.9968188466332285
-1.3843670883058157,-1.3843670883058157,True,0.9997119425027599,0.0002880574972402001
0.722351758032472,0.722351758032472,True,0.0071389525746479165,0.9928610474253521
0.722351758032472,0.722351758032472,True,0.00010530275395248534,0.9998946972460475
-1.3843670883058157,-1.3843670883058157,True,0.9996724881177964,0.0003275118822035389
0.722351758032472,0.722351758032472,True,0.00035360315677557264,0.9996463968432244
-1.3843670883058157,-1.3843670883058157,True,0.9997158945811346,0.00028410541886540524
0.722351758032472,0.722351758032472,True,0.00018331741739385787,0.9998166825826061
-1.3843670883058157,-1.3843670883058157,True,0.9996222908889291,0.00037770911107095983
-1.3843670883058157,-1.3843670883058157,True,0.9996989547980791,0.0003010452019208882
0.722351758032472,0.722351758032472,True,0.0004055688593311846,0.9995944311406688
0.722351758032472,0.722351758032472,True,0.0021190858293007597,0.9978809141706992
0.722351758032472,0.722351758032472,True,0.00023326622572572564,0.9997667337742743
-1.3843670883058157,-1.3843670883058157,True,0.9996724881177964,0.0003275118822035389
0.722351758032472,0.722351758032472,True,0.0005616948002772348,0.9994383051997228
0.722351758032472,0.722351758032472,True,0.00032403160123806174,0.9996759683987619
0.722351758032472,0.722351758032472,True,0.00012123330987534597,0.9998787666901247
-1.3843670883058157,-1.3843670883058157,True,0.9997288231303684,0.00027117686963163995
0.722351758032472,0.722351758032472,True,0.00010550099970974003,0.9998944990002903
0.722351758032472,0.722351758032472,True,0.00046275472188928024,0.9995372452781107
-1.3843670883058157,-1.3843670883058157,True,0.999643543004224,0.0003564569957760022
0.722351758032472,0.722351758032472,True,0.00022458999813490532,0.9997754100018651
-1.3843670883058157,-1.3843670883058157,True,0.9996988040637814,0.0003011959362185974
0.722351758032472,0.722351758032472,True,0.0006621696811971445,0.9993378303188029
-1.3843670883058157,-1.3843670883058157,True,0.9994544542669559,0.0005455457330440902
0.722351758032472,0.722351758032472,True,0.0004466689432299775,0.99955333105677
0.722351758032472,0.722351758032472,True,0.0001889187235719625,0.999811081276428
0.722351758032472,0.722351758032472,True,0.00013971028342329994,0.9998602897165767
0.722351758032472,0.722351758032472,True,0.00024959228331600247,0.999750407716684
0.722351758032472,0.722351758032472,True,0.00023001262030430958,0.9997699873796957
-1.3843670883058157,-1.3843670883058157,True,0.9996066575098281,0.0003933424901718602
0.722351758032472,0.722351758032472,True,0.00041858959878016133,0.9995814104012198
0.722351758032472,0.722351758032472,True,0.00021054187678071212,0.9997894581232193
-1.3843670883058157,-1.3843670883058157,True,0.9997158945811346,0.00028410541886540524
0.722351758032472,0.722351758032472,True,0.0002813061562150221,0.999718693843785
-1.3843670883058157,-1.3843670883058157,True,0.9993200033035385,0.0006799966964614226
-1.3843670883058157,-1.3843670883058157,True,0.9997073978121576,0.0002926021878424824
0.722351758032472,0.722351758032472,True,0.0004356666816169863,0.999564333318383
0.722351758032472,0.722351758032472,True,0.00036715014116939226,0.9996328498588306
0.722351758032472,0.722351758032472,True,0.0003537954646755104,0.9996462045353245
-1.3843670883058157,-1.3843670883058157,True,0.9995735104040263,0.00042648959597366593
0.722351758032472,0.722351758032472,True,0.0004108038309468265,0.9995891961690532
-1.3843670883058157,-1.3843670883058157,True,0.9996238846183643,0.00037611538163572937
0.722351758032472,0.722351758032472,True,0.00015425552249892505,0.9998457444775011
0.722351758032472,0.722351758032472,True,0.000492466823633908,0.9995075331763661
-1.3843670883058157,-1.3843670883058157,True,0.9997325436726232,0.00026745632737674416
0.722351758032472,0.722351758032472,True,0.017464997547478767,0.9825350024525212
0.722351758032472,0.722351758032472,True,0.00020872924015791217,0.9997912707598421
-1.3843670883058157,-1.3843670883058157,True,0.9997325436726232,0.00026745632737674416
0.722351758032472,0.722351758032472,True,0.0002672141296631292,0.9997327858703369
-1.3843670883058157,-1.3843670883058157,True,0.9997325436726232,0.00026745632737674416
0.722351758032472,0.722351758032472,True,0.0003299081514456237,0.9996700918485544
0.722351758032472,0.722351758032472,True,0.00045600377493892896,0.9995439962250611
0.722351758032472,0.722351758032472,True,0.0012566854227901159,0.9987433145772099
0.722351758032472,0.722351758032472,True,0.00032531195606899654,0.999674688043931
-1.3843670883058157,-1.3843670883058157,True,0.9996989547980791,0.0003010452019208882
-1.3843670883058157,-1.3843670883058157,True,0.999693261836257,0.0003067381637430345
-1.3843670883058157,-1.3843670883058157,True,0.999693261836257,0.000306738163743034
0.722351758032472,0.722351758032472,True,0.000159778866643423,0.9998402211333566
0.722351758032472,0.722351758032472,True,0.00022237318043383247,0.9997776268195662
0.722351758032472,0.722351758032472,True,0.0017572701614645414,0.9982427298385355
0.722351758032472,0.722351758032472,True,0.0018621877515241358,0.9981378122484759
-1.3843670883058157,-1.3843670883058157,True,0.9997158945811346,0.00028410541886540524
0.722351758032472,0.722351758032472,True,0.0006346659562525003,0.9993653340437475
0.722351758032472,0.722351758032472,True,0.0002602583189244001,0.9997397416810756
-1.3843670883058157,-1.3843670883058157,True,0.9997288231303684,0.00027117686963163995
0.722351758032472,0.722351758032472,True,7.83526117631439e-05,0.9999216473882369
0.722351758032472,0.722351758032472,True,0.00014563350284568788,0.9998543664971543
0.722351758032472,0.722351758032472,True,0.0018980293196602105,0.9981019706803398
0.722351758032472,0.722351758032472,True,0.0008707245908979866,0.999129275409102
0.722351758032472,0.722351758032472,True,0.0002173486925618473,0.9997826513074382
0.722351758032472,0.722351758032472,True,0.005484190734485028,0.994515809265515
0.722351758032472,0.722351758032472,True,0.00016001379059549237,0.9998399862094045
0.722351758032472,0.722351758032472,True,0.0005900366907424237,0.9994099633092576
0.722351758032472,0.722351758032472,True,0.00016600376804865036,0.9998339962319513
0.722351758032472,0.722351758032472,True,0.0003861562766575011,0.9996138437233425
0.722351758032472,0.722351758032472,True,0.0002539723058561094,0.9997460276941439
0.722351758032472,0.722351758032472,True,0.0021478751302866916,0.9978521248697133
0.722351758032472,0.722351758032472,True,0.00029006314653767795,0.9997099368534623
0.722351758032472,0.722351758032472,True,0.00018280190002784025,0.9998171980999722
-1.3843670883058157,-1.3843670883058157,True,0.9996274725071678,0.0003725274928322303
-1.3843670883058157,-1.3843670883058157,True,0.9997325436726232,0.00026745632737674416
-1.3843670883058157,-1.3843670883058157,True,0.9996204282816854,0.00037957171831455924
0.722351758032472,0.722351758032472,True,0.002086035929693364,0.9979139640703066
0.722351758032472,0.722351758032472,True,0.0008907480608456586,0.9991092519391543
0.722351758032472,0.722351758032472,True,0.0002537055196455418,0.9997462944803545
-1.3843670883058157,-1.3843670883058157,True,0.9996597628760218,0.0003402371239782435
0.722351758032472,0.722351758032472,True,0.0004808090841225132,0.9995191909158775
0.722351758032472,0.722351758032472,True,0.000355168205235068,0.9996448317947649
0.722351758032472,0.722351758032472,True,0.0007906999018048033,0.9992093000981952
-1.3843670883058157,-1.3843670883058157,True,0.999255320645044,0.0007446793549559883
0.722351758032472,0.722351758032472,True,0.0020403638994465068,0.9979596361005535
0.722351758032472,0.722351758032472,True,0.000634946403035408,0.9993650535969646
-1.3843670883058157,-1.3843670883058157,True,0.999692358820339,0.00030764117966096155
0.722351758032472,0.722351758032472,True,0.00019615355559443604,0.9998038464444056
0.722351758032472,0.722351758032472,True,0.0003066124275455939,0.9996933875724544
-1.3843670883058157,-1.3843670883058157,True,0.9996989547980791,0.0003010452019208882
0.722351758032472,0.722351758032472,True,0.000302229999154191,0.9996977700008458
0.722351758032472,0.722351758032472,True,0.0008863009448540904,0.9991136990551459
0.722351758032472,0.722351758032472,True,0.0004061233886312188,0.9995938766113688
0.722351758032472,0.722351758032472,True,0.0004836608172178458,0.9995163391827822
0.722351758032472,0.722351758032472,True,0.0009026436973855745,0.9990973563026144
0.722351758032472,0.722351758032472,True,0.000177361588796221,0.9998226384112038
0.722351758032472,0.722351758032472,True,0.0005390893533960828,0.9994609106466039
0.722351758032472,0.722351758032472,True,0.0003206396290851288,0.9996793603709149
-1.3843670883058157,-1.3843670883058157,True,0.9996774706756991,0.00032252932430093084
0.722351758032472,0.722351758032472,True,0.00047960703046767694,0.9995203929695323
0.722351758032472,0.722351758032472,True,0.00022237318043383247,0.9997776268195662
-1.3843670883058157,-1.3843670883058157,True,0.9995799551569878,0.0004200448430121579
-1.3843670883058157,-1.3843670883058157,True,0.999693261836257,0.000306738163743034
0.722351758032472,0.722351758032472,True,0.00026950568896044746,0.9997304943110396
0.722351758032472,0.722351758032472,True,0.00014563350284568788,0.9998543664971543
-1.3843670883058157,-1.3843670883058157,True,0.9997192817400716,0.00028071825992836074
0.722351758032472,0.722351758032472,True,0.00020393136262841782,0.9997960686373716
0.722351758032472,0.722351758032472,True,0.008898812100939901,0.9911011878990601
0.722351758032472,0.722351758032472,True,0.00032591757839794955,0.999674082421602
0.722351758032472,0.722351758032472,True,0.0004499862302904667,0.9995500137697095
0.722351758032472,0.722351758032472,True,0.000584124732737834,0.9994158752672622
0.722351758032472,0.722351758032472,True,0.00030612452130773793,0.9996938754786923
-1.3843670883058157,-1.3843670883058157,True,0.9997325436726232,0.00026745632737674416
0.722351758032472,0.722351758032472,True,0.0002292289431968797,0.9997707710568031
-1.3843670883058157,-1.3843670883058157,True,0.999549681629021,0.00045031837097902154
0.722351758032472,0.722351758032472,True,0.0002271839169839529,0.999772816083016
0.722351758032472,0.722351758032472,True,8.006199728693986e-05,0.9999199380027131
-1.3843670883058157,-1.3843670883058157,True,0.9997043379341567,0.0002956620658433058
0.722351758032472,0.722351758032472,True,0.00024907469130475146,0.9997509253086952
0.722351758032472,0.722351758032472,True,0.00014391944516012334,0.9998560805548399
-1.3843670883058157,-1.3843670883058157,True,0.999703085011662,0.00029691498833792193
0.722351758032472,0.722351758032472,True,0.000584124732737834,0.9994158752672622
0.722351758032472,0.722351758032472,True,0.00033572004344850637,0.9996642799565515
0.722351758032472,0.722351758032472,True,9.712273278339456e-05,0.9999028772672166
0.722351758032472,0.722351758032472,True,0.00037162548211666646,0.9996283745178833
0.722351758032472,0.722351758032472,True,0.00010324852790499772,0.999896751472095
0.722351758032472,0.722351758032472,True,0.00024845953295715706,0.9997515404670428
0.722351758032472,0.722351758032472,True,0.0002524814981005319,0.9997475185018995
-1.3843670883058157,-1.3843670883058157,True,0.9994350093160528,0.0005649906839472526
0.722351758032472,0.722351758032472,True,0.00014563350284568788,0.9998543664971543
0.722351758032472,0.722351758032472,True,0.00022900073633513873,0.9997709992636649
0.722351758032472,0.722351758032472,True,0.0005285789236584293,0.9994714210763416
-1.3843670883058157,-1.3843670883058157,True,0.9996204282816854,0.00037957171831455924
-1.3843670883058157,-1.3843670883058157,True,0.999703085011662,0.00029691498833792193
-1.3843670883058157,-1.3843670883058157,True,0.9997288231303684,0.00027117686963163995
0.722351758032472,0.722351758032472,True,0.0013000936874936198,0.9986999063125064
0.722351758032472,0.722351758032472,True,0.00012832964352749165,0.9998716703564725
0.722351758032472,0.722351758032472,True,0.0007398408988187333,0.9992601591011813
-1.3843670883058157,-1.3843670883058157,True,0.999703085011662,0.00029691498833792193
-1.3843670883058157,-1.3843670883058157,True,0.9997153767657138,0.0002846232342862708
0.722351758032472,0.722351758032472,True,0.00014828627500274028,0.9998517137249973
0.722351758032472,0.722351758032472,True,0.004916272530410826,0.9950837274695892
-1.3843670883058157,-1.3843670883058157,True,0.9993662528738589,0.0006337471261410642
-1.3843670883058157,-1.3843670883058157,True,0.9996974701312461,0.000302529868753942
0.722351758032472,0.722351758032472,True,0.07576383403201514,0.9242361659679849
0.722351758032472,0.722351758032472,True,0.0007253611591745424,0.9992746388408255
0.722351758032472,0.722351758032472,True,0.00022407062680440681,0.9997759293731956
0.722351758032472,0.722351758032472,True,0.0001851809334376675,0.9998148190665623
0.722351758032472,0.722351758032472,True,0.0003519639518445583,0.9996480360481554
-1.3843670883058157,-1.3843670883058157,True,0.99966442399354,0.000335576006459961
0.722351758032472,0.722351758032472,True,0.0016606533293577197,0.9983393466706423
0.722351758032472,0.722351758032472,True,0.000506928895771197,0.9994930711042288
0.722351758032472,0.722351758032472,True,0.0005447963595250904,0.9994552036404749
0.722351758032472,0.722351758032472,True,0.0012085249713853496,0.9987914750286147
0.722351758032472,0.722351758032472,True,0.0008957171422746546,0.9991042828577253
0.722351758032472,0.722351758032472,True,0.000194904237249105,0.9998050957627509
0.722351758032472,0.722351758032472,True,0.0008642203607092114,0.9991357796392908
-1.3843670883058157,-1.3843670883058157,True,0.9996274725071678,0.0003725274928322303
0.722351758032472,0.722351758032472,True,0.0003634654315181063,0.9996365345684819
-1.3843670883058157,-1.3843670883058157,True,0.999703085011662,0.00029691498833792193
-1.3843670883058157,-1.3843670883058157,True,0.999661497430151,0.0003385025698490454
0.722351758032472,0.722351758032472,True,0.00029137024285041946,0.9997086297571496
0.722351758032472,0.722351758032472,True,0.00017705670981094102,0.9998229432901891
0.722351758032472,0.722351758032472,True,0.00022454932609417,0.9997754506739058
0.722351758032472,0.722351758032472,True,7.83526117631439e-05,0.9999216473882369
-1.3843670883058157,-1.3843670883058157,True,0.9994556416017165,0.0005443583982835053
0.722351758032472,0.722351758032472,True,0.00033445607137727595,0.9996655439286227
-1.3843670883058157,-1.3843670883058157,True,0.999610021569605,0.000389978430394987
0.722351758032472,0.722351758032472,True,0.0002124221948515137,0.9997875778051485
0.722351758032472,0.722351758032472,True,0.000884236016483575,0.9991157639835164
0.722351758032472,0.722351758032472,True,0.00032041273735716747,0.9996795872626428
0.722351758032472,0.722351758032472,True,0.00015954044911614673,0.9998404595508839
-1.3843670883058157,-1.3843670883058157,True,0.9995467405216868,0.0004532594783131982
0.722351758032472,0.722351758032472,True,0.00034179088500130295,0.9996582091149987
-1.3843670883058157,-1.3843670883058157,True,0.9995890869972572,0.00041091300274279015
-1.3843670883058157,0.722351758032472,False,0.04960405373213683,0.9503959462678632
0.722351758032472,0.722351758032472,True,0.011242973866077421,0.9887570261339226
-1.3843670883058157,-1.3843670883058157,True,0.9996553436217247,0.0003446563782752609
0.722351758032472,0.722351758032472,True,0.0007535028003454736,0.9992464971996545
-1.3843670883058157,-1.3843670883058157,True,0.999480813964302,0.0005191860356980124
0.722351758032472,0.722351758032472,True,0.00033242348026707447,0.9996675765197329
0.722351758032472,0.722351758032472,True,0.0012963361532923878,0.9987036638467076
0.722351758032472,0.722351758032472,True,0.0004021998996109888,0.999597800100389
-1.3843670883058157,-1.3843670883058157,True,0.9997192817400716,0.00028071825992836074
0.722351758032472,0.722351758032472,True,0.0002694067345969664,0.999730593265403
-1.3843670883058157,-1.3843670883058157,True,0.999398251560826,0.0006017484391740726
0.722351758032472,0.722351758032472,True,0.00022156461838185315,0.9997784353816181
0.722351758032472,0.722351758032472,True,0.00033242348026707447,0.9996675765197329
-1.3843670883058157,-1.3843670883058157,True,0.9997513935231349,0.0002486064768650395
-1.3843670883058157,-1.3843670883058157,True,0.999703085011662,0.00029691498833792193
0.722351758032472,0.722351758032472,True,0.00021491938616247097,0.9997850806138375
0.722351758032472,0.722351758032472,True,0.00031753860905814335,0.9996824613909419
-1.3843670883058157,-1.3843670883058157,True,0.9997325436726232,0.00026745632737674416
-1.3843670883058157,-1.3843670883058157,True,0.9996989547980791,0.0003010452019208882
0.722351758032472,0.722351758032472,True,0.005719129502189113,0.9942808704978109
0.722351758032472,0.722351758032472,True,0.00034376327034735255,0.9996562367296526
0.722351758032472,0.722351758032472,True,0.00047457275607165617,0.9995254272439283
0.722351758032472,0.722351758032472,True,0.040395612323582464,0.9596043876764175
-1.3843670883058157,-1.3843670883058157,True,0.9997153767657138,0.0002846232342862708
-1.3843670883058157,-1.3843670883058157,True,0.999764595634345,0.00023540436565498983
0.722351758032472,0.722351758032472,True,0.0004018162615421206,0.9995981837384579
0.722351758032472,0.722351758032472,True,0.00029373071436755716,0.9997062692856324
0.722351758032472,0.722351758032472,True,0.0022529755012085095,0.9977470244987915
0.722351758032472,0.722351758032472,True,0.00023532336429943346,0.9997646766357006
0.722351758032472,0.722351758032472,True,0.00027363143548475577,0.9997263685645152
0.722351758032472,0.722351758032472,True,0.00047388161121497685,0.999526118388785
0.722351758032472,0.722351758032472,True,0.00029732572692331427,0.9997026742730767
-1.3843670883058157,-1.3843670883058157,True,0.9997288231303684,0.00027117686963163995
0.722351758032472,0.722351758032472,True,0.00014663627012823088,0.9998533637298718
0.722351758032472,0.722351758032472,True,0.00027246077206510844,0.9997275392279349
0.722351758032472,0.722351758032472,True,7.83526117631439e-05,0.9999216473882369
-1.3843670883058157,-1.3843670883058157,True,0.9995889007634088,0.00041109923659123434
-1.3843670883058157,-1.3843670883058157,True,0.999703085011662,0.00029691498833792193
-1.3843670883058157,-1.3843670883058157,True,0.9996600719588598,0.0003399280411402789
-1.3843670883058157,-1.3843670883058157,True,0.9996779079912811,0.0003220920087188561
0.722351758032472,0.722351758032472,True,0.0006771977096917681,0.9993228022903082
-1.3843670883058157,-1.3843670883058157,True,0.9993188161382551,0.0006811838617449106
0.722351758032472,0.722351758032472,True,0.022834625993456203,0.9771653740065438
0.722351758032472,0.722351758032472,True,0.028280155357724657,0.9717198446422753
-1.3843670883058157,-1.3843670883058157,True,0.999594723939796,0.0004052760602039734
-1.3843670883058157,-1.3843670883058157,True,0.9996644306058066,0.00033556939419346636
0.722351758032472,0.722351758032472,True,0.00011517825654283609,0.9998848217434572
-1.3843670883058157,-1.3843670883058157,True,0.9996989547980791,0.0003010452019208882
0.722351758032472,0.722351758032472,True,0.00017890204474657612,0.9998210979552534
0.722351758032472,0.722351758032472,True,0.013601173883195594,0.9863988261168044
-1.3843670883058157,-1.3843670883058157,True,0.9995630705241845,0.0004369294758155252
0.722351758032472,0.722351758032472,True,0.0002786029641382859,0.9997213970358617
-1.3843670883058157,-1.3843670883058157,True,0.9995566135667027,0.00044338643329730194
0.722351758032472,0.722351758032472,True,0.0028022899219014574,0.9971977100780985
0.722351758032472,0.722351758032472,True,0.0002941509920084684,0.9997058490079915
0.722351758032472,0.722351758032472,True,0.0001420765047358552,0.9998579234952641
-1.3843670883058157,-1.3843670883058157,True,0.999693261836257,0.000306738163743034
-1.3843670883058157,-1.3843670883058157,True,0.9996222908889291,0.0003777091110709595
0.722351758032472,0.722351758032472,True,8.740602276824383e-05,0.9999125939772318
-1.3843670883058157,-1.3843670883058157,True,0.9995277740275592,0.0004722259724407713
0.722351758032472,0.722351758032472,True,0.0005087633837025374,0.9994912366162975
0.722351758032472,0.722351758032472,True,0.00013307199386003443,0.99986692800614
0.722351758032472,0.722351758032472,True,8.931290505787004e-05,0.9999106870949421
0.722351758032472,0.722351758032472,True,0.0008169673819622414,0.9991830326180378
-1.3843670883058157,-1.3843670883058157,True,0.9996597628760218,0.0003402371239782435
0.722351758032472,0.722351758032472,True,0.0006695009957975451,0.9993304990042025
0.722351758032472,0.722351758032472,True,0.000492871022618524,0.9995071289773815
-1.3843670883058157,-1.3843670883058157,True,0.9997158945811346,0.00028410541886540524
-1.3843670883058157,-1.3843670883058157,True,0.9996644306058066,0.00033556939419346636
-1.3843670883058157,-1.3843670883058157,True,0.9994300379690771,0.0005699620309228845
-1.3843670883058157,-1.3843670883058157,True,0.9993636660128778,0.0006363339871221682
0.722351758032472,0.722351758032472,True,0.0001462111253647258,0.9998537888746353
0.722351758032472,0.722351758032472,True,0.0002832515330801755,0.9997167484669198
0.722351758032472,0.722351758032472,True,0.00019556142165311208,0.9998044385783469
-1.3843670883058157,-1.3843670883058157,True,0.9997295357968466,0.0002704642031533663
0.722351758032472,0.722351758032472,True,0.000319051120109326,0.9996809488798907
-1.3843670883058157,-1.3843670883058157,True,0.9997119425027599,0.0002880574972402001
-1.3843670883058157,-1.3843670883058157,True,0.9997325436726232,0.00026745632737674416
0.722351758032472,0.722351758032472,True,0.0002678762769470211,0.999732123723053
0.722351758032472,0.722351758032472,True,0.0008651384990441269,0.9991348615009559
-1.3843670883058157,-1.3843670883058157,True,0.9996974701312461,0.000302529868753942
0.722351758032472,0.722351758032472,True,0.00023264159150615527,0.9997673584084938
0.722351758032472,0.722351758032472,True,9.439579599501702e-05,0.999905604204005
-1.3843670883058157,-1.3843670883058157,True,0.9994830466051483,0.000516953394851663
0.722351758032472,0.722351758032472,True,0.00014563350284568788,0.9998543664971543
-1.3843670883058157,-1.3843670883058157,True,0.9996769813257766,0.0003230186742233366
-1.3843670883058157,-1.3843670883058157,True,0.9995964233341157,0.000403576665884337
0.722351758032472,0.722351758032472,True,0.0005567676436556424,0.9994432323563444
0.722351758032472,0.722351758032472,True,0.0014135973659598067,0.9985864026340402
0.722351758032472,0.722351758032472,True,0.00011317493068607742,0.9998868250693139
0.722351758032472,0.722351758032472,True,9.302485394280247e-05,0.9999069751460572
0.722351758032472,0.722351758032472,True,0.0004554292565834839,0.9995445707434165
0.722351758032472,0.722351758032472,True,0.0007252744938103239,0.9992747255061897
0.722351758032472,0.722351758032472,True,0.00025831878579241074,0.9997416812142076
0.722351758032472,0.722351758032472,True,0.00011317493068607742,0.9998868250693139
-1.3843670883058157,-1.3843670883058157,True,0.999703085011662,0.00029691498833792193
0.722351758032472,0.722351758032472,True,0.0004756163236155908,0.9995243836763844
-1.3843670883058157,-1.3843670883058157,True,0.999641697943799,0.0003583020562010136
0.722351758032472,0.722351758032472,True,0.003163766720557626,0.9968362332794424
0.722351758032472,0.722351758032472,True,0.00011769095689617703,0.9998823090431038
-1.3843670883058157,-1.3843670883058157,True,0.9997192817400716,0.00028071825992836074
0.722351758032472,0.722351758032472,True,0.00027412011132987857,0.9997258798886701
-1.3843670883058157,-1.3843670883058157,True,0.9996028692271536,0.0003971307728464274
0.722351758032472,0.722351758032472,True,0.00023494443910954121,0.9997650555608905
-1.3843670883058157,-1.3843670883058157,True,0.9993659597677603,0.0006340402322396432
0.722351758032472,0.722351758032472,True,9.712273278339456e-05,0.9999028772672166
0.722351758032472,0.722351758032472,True,0.0002512839204238393,0.9997487160795762
0.722351758032472,0.722351758032472,True,0.00021881986689498145,0.999781180133105
0.722351758032472,0.722351758032472,True,0.00040950522831417757,0.9995904947716858
-1.3843670883058157,-1.3843670883058157,True,0.9995720798974851,0.00042792010251486724
-1.3843670883058157,-1.3843670883058157,True,0.9996228792774597,0.0003771207225402425
-1.3843670883058157,-1.3843670883058157,True,0.9997325436726232,0.00026745632737674416
0.722351758032472,0.722351758032472,True,0.0001488591463675304,0.9998511408536325
0.722351758032472,0.722351758032472,True,0.00034667046684799807,0.999653329533152
-1.3843670883058157,-1.3843670883058157,True,0.9997158945811346,0.00028410541886540524
0.722351758032472,0.722351758032472,True,0.00012066110472097602,0.999879338895279
0.722351758032472,0.722351758032472,True,0.00017481696325849505,0.9998251830367415
0.722351758032472,0.722351758032472,True,0.00043361258765228783,0.9995663874123477
0.722351758032472,0.722351758032472,True,0.002333522414757483,0.9976664775852425
0.722351758032472,0.722351758032472,True,0.0002974975048213313,0.9997025024951787
0.722351758032472,0.722351758032472,True,0.0025229599165395022,0.9974770400834605
-1.3843670883058157,-1.3843670883058157,True,0.9997466919606595,0.0002533080393405124
0.722351758032472,0.722351758032472,True,0.00034434916740766486,0.9996556508325923
0.722351758032472,0.722351758032472,True,0.00045656010934336244,0.9995434398906566
0.722351758032472,0.722351758032472,True,0.001379513268950916,0.9986204867310491
-1.3843670883058157,-1.3843670883058157,True,0.9996204282816854,0.00037957171831455924
0.722351758032472,0.722351758032472,True,0.00044834123925607816,0.9995516587607439
-1.3843670883058157,-1.3843670883058157,True,0.9994065048471658,0.0005934951528342051
0.722351758032472,0.722351758032472,True,0.00028092377594746143,0.9997190762240525
-1.3843670883058157,-1.3843670883058157,True,0.9997119425027599,0.0002880574972402001
0.722351758032472,0.722351758032472,True,0.0006773547314605777,0.9993226452685394
0.722351758032472,0.722351758032472,True,0.0002618262287065187,0.9997381737712935
-1.3843670883058157,-1.3843670883058157,True,0.9995269167328821,0.00047308326711791336
0.722351758032472,0.722351758032472,True,0.00011517825654283609,0.9998848217434572
0.722351758032472,0.722351758032472,True,0.00022237318043383247,0.9997776268195662
-1.3843670883058157,-1.3843670883058157,True,0.999703085011662,0.00029691498833792193
0.722351758032472,0.722351758032472,True,0.0008697197716155403,0.9991302802283845
-1.3843670883058157,-1.3843670883058157,True,0.9996974701312461,0.000302529868753942
0.722351758032472,0.722351758032472,True,0.00045847023689560285,0.9995415297631044
0.722351758032472,0.722351758032472,True,0.000620612422689848,0.9993793875773102
0.722351758032472,0.722351758032472,True,0.000291306619158882,0.9997086933808411
0.722351758032472,0.722351758032472,True,0.0033260906604374307,0.9966739093395626
0.722351758032472,0.722351758032472,True,0.00041182066276967966,0.9995881793372303
-1.3843670883058157,-1.3843670883058157,True,0.9997325436726232,0.00026745632737674416
0.722351758032472,0.722351758032472,True,0.010868007247098355,0.9891319927529016
0.722351758032472,0.722351758032472,True,0.0004291317352778101,0.9995708682647222
-1.3843670883058157,-1.3843670883058157,True,0.9996295512074562,0.00037044879254372775
0.722351758032472,0.722351758032472,True,0.0015883235785147942,0.9984116764214852
0.722351758032472,0.722351758032472,True,0.0002285895103592006,0.9997714104896408
0.722351758032472,0.722351758032472,True,0.31355787947291514,0.6864421205270849
0.722351758032472,0.722351758032472,True,0.00022547647753834443,0.9997745235224617
0.722351758032472,0.722351758032472,True,0.00018817888135469474,0.9998118211186453
-1.3843670883058157,-1.3843670883058157,True,0.9996281149463498,0.0003718850536501127
-1.3843670883058157,-1.3843670883058157,True,0.9995269167328821,0.00047308326711791336
0.722351758032472,0.722351758032472,True,0.00399523237415178,0.9960047676258482
-1.3843670883058157,-1.3843670883058157,True,0.9997325436726232,0.00026745632737674416
0.722351758032472,0.722351758032472,True,0.0004774731627141815,0.9995225268372858
0.722351758032472,0.722351758032472,True,0.0005017541005180037,0.999498245899482
-1.3843670883058157,-1.3843670883058157,True,0.999543418483829,0.00045658151617106077
-1.3843670883058157,-1.3843670883058157,True,0.9996122455978723,0.00038775440212773484
-1.3843670883058157,-1.3843670883058157,True,0.9996600719588598,0.0003399280411402789
0.722351758032472,0.722351758032472,True,0.0005709436013707769,0.9994290563986292
0.722351758032472,0.722351758032472,True,0.00029237242589996715,0.9997076275741
0.722351758032472,0.722351758032472,True,0.0002699188114767548,0.9997300811885232
-1.3843670883058157,-1.3843670883058157,True,0.9996026115526887,0.0003973884473113522
0.722351758032472,0.722351758032472,True,0.00041548656633194625,0.999584513433668
0.722351758032472,0.722351758032472,True,0.003065550560110819,0.9969344494398892
0.722351758032472,0.722351758032472,True,0.005851523072246567,0.9941484769277534
0.722351758032472,0.722351758032472,True,0.0005270038809059852,0.999472996119094
-1.3843670883058157,-1.3843670883058157,True,0.999703085011662,0.00029691498833792193
0.722351758032472,0.722351758032472,True,0.0003332738446719663,0.999666726155328
-1.3843670883058157,-1.3843670883058157,True,0.9995876697575553,0.0004123302424447399
-1.3843670883058157,-1.3843670883058157,True,0.9993061507110769,0.0006938492889230842
0.722351758032472,0.722351758032472,True,0.000622016239886003,0.999377983760114
0.722351758032472,0.722351758032472,True,0.0005264028061119363,0.9994735971938881
-1.3843670883058157,-1.3843670883058157,True,0.9994057543386835,0.0005942456613164758
0.722351758032472,0.722351758032472,True,0.0002703734794946566,0.9997296265205053
0.722351758032472,0.722351758032472,True,0.0004108038309468265,0.9995891961690532
0.722351758032472,0.722351758032472,True,0.00015045985104011894,0.9998495401489599
0.722351758032472,0.722351758032472,True,0.0005888050787453691,0.9994111949212546
-1.3843670883058157,-1.3843670883058157,True,0.9997429426468059,0.0002570573531941688
0.722351758032472,0.722351758032472,True,0.004430076588251786,0.9955699234117482
0.722351758032472,0.722351758032472,True,0.0001624597574176878,0.9998375402425823
-1.3843670883058157,-1.3843670883058157,True,0.9996600719588598,0.0003399280411402789
0.722351758032472,0.722351758032472,True,0.0009729785737139229,0.9990270214262861
-1.3843670883058157,-1.3843670883058157,True,0.9996242262819655,0.00037577371803449464
0.722351758032472,0.722351758032472,True,0.0034210831741924297,0.9965789168258076
0.722351758032472,0.722351758032472,True,0.0006114097828024967,0.9993885902171975
-1.3843670883058157,-1.3843670883058157,True,0.9997158945811346,0.00028410541886540524
-1.3843670883058157,-1.3843670883058157,True,0.9995735104040263,0.00042648959597366593
0.722351758032472,0.722351758032472,True,0.00043536581682324105,0.9995646341831768
-1.3843670883058157,-1.3843670883058157,True,0.9994952778178672,0.0005047221821328367
-1.3843670883058157,-1.3843670883058157,True,0.999703085011662,0.00029691498833792193
0.722351758032472,0.722351758032472,True,0.00019810073782200455,0.999801899262178
-1.3843670883058157,-1.3843670883058157,True,0.9994364099958734,0.0005635900041266596
0.722351758032472,0.722351758032472,True,0.00030839841525542866,0.9996916015847446
-1.3843670883058157,-1.3843670883058157,True,0.9996222908889291,0.00037770911107095983
-1.3843670883058157,-1.3843670883058157,True,0.9996751703900343,0.0003248296099657093
0.722351758032472,0.722351758032472,True,0.00027394316726292445,0.9997260568327371
0.722351758032472,0.722351758032472,True,0.001070757192553451,0.9989292428074465
-1.3843670883058157,-1.3843670883058157,True,0.9996104661028622,0.0003895338971378219
-1.3843670883058157,-1.3843670883058157,True,0.999750167404118,0.00024983259588192433
0.722351758032472,0.722351758032472,True,0.00035822291634524106,0.9996417770836548
-1.3843670883058157,-1.3843670883058157,True,0.999703085011662,0.00029691498833792193
0.722351758032472,0.722351758032472,True,0.00022869046441631458,0.9997713095355837
0.722351758032472,0.722351758032472,True,0.0004530807570273243,0.9995469192429727
0.722351758032472,0.722351758032472,True,0.0003782844535363816,0.9996217155464636
-1.3843670883058157,-1.3843670883058157,True,0.9995596088818788,0.000440391118121236
0.722351758032472,0.722351758032472,True,0.0005813817567370538,0.999418618243263
0.722351758032472,0.722351758032472,True,0.0001790051964726258,0.9998209948035274
0.722351758032472,0.722351758032472,True,0.00041335856997759546,0.9995866414300224
0.722351758032472,0.722351758032472,True,0.00010530275395248534,0.9998946972460475
0.722351758032472,0.722351758032472,True,0.00018709401034211481,0.9998129059896579
0.722351758032472,0.722351758032472,True,0.0025693366781054383,0.9974306633218946
-1.3843670883058157,-1.3843670883058157,True,0.9994468674077345,0.0005531325922655138
0.722351758032472,0.722351758032472,True,0.000515598313640897,0.9994844016863591
0.722351758032472,0.722351758032472,True,0.0003487140025014712,0.9996512859974985
-1.3843670883058157,-1.3843670883058157,True,0.9996385848354636,0.00036141516453631575
0.722351758032472,0.722351758032472,True,0.003194676637713112,0.9968053233622869
0.722351758032472,0.722351758032472,True,0.0003024144192700362,0.99969758558073
-1.3843670883058157,-1.3843670883058157,True,0.9997288231303684,0.00027117686963163995
0.722351758032472,0.722351758032472,True,0.00034434916740766486,0.9996556508325923
-1.3843670883058157,-1.3843670883058157,True,0.999703085011662,0.00029691498833792193
0.722351758032472,0.722351758032472,True,0.0005260831985494097,0.9994739168014506
-1.3843670883058157,-1.3843670883058157,True,0.999643543004224,0.0003564569957760019
0.722351758032472,0.722351758032472,True,0.00035048511438351415,0.9996495148856165
0.722351758032472,0.722351758032472,True,0.0002801013420260512,0.999719898657974
0.722351758032472,0.722351758032472,True,0.0003226435365089042,0.9996773564634911
0.722351758032472,0.722351758032472,True,0.00048521839413628864,0.9995147816058637
0.722351758032472,0.722351758032472,True,9.645515506628843e-05,0.9999035448449337
-1.3843670883058157,-1.3843670883058157,True,0.9995675785322671,0.0004324214677328732
0.722351758032472,0.722351758032472,True,0.00026668359627812777,0.9997333164037219
0.722351758032472,0.722351758032472,True,0.0004235557801014478,0.9995764442198986
0.722351758032472,0.722351758032472,True,0.00026216352676899923,0.999737836473231
0.722351758032472,0.722351758032472,True,0.00025322763475466026,0.9997467723652453
-1.3843670883058157,-1.3843670883058157,True,0.999543418483829,0.00045658151617106077
0.722351758032472,0.722351758032472,True,0.10395215109714129,0.8960478489028587
0.722351758032472,0.722351758032472,True,0.004523979109809062,0.9954760208901909
-1.3843670883058157,-1.3843670883058157,True,0.999703085011662,0.00029691498833792193
0.722351758032472,0.722351758032472,True,0.00024845953295715706,0.9997515404670428
-1.3843670883058157,-1.3843670883058157,True,0.9996989547980791,0.0003010452019208882
0.722351758032472,0.722351758032472,True,0.00034000889677399115,0.999659991103226
0.722351758032472,0.722351758032472,True,0.00016715261960476013,0.9998328473803952
0.722351758032472,0.722351758032472,True,0.00016791608170174666,0.9998320839182983
-1.3843670883058157,-1.3843670883058157,True,0.9997288231303684,0.00027117686963163995
0.722351758032472,0.722351758032472,True,0.00044093500236597194,0.999559064997634
0.722351758032472,0.722351758032472,True,0.0004870465764363896,0.9995129534235636
-1.3843670883058157,-1.3843670883058157,True,0.9994842103397248,0.0005157896602752637
0.722351758032472,0.722351758032472,True,0.00016600376804865036,0.9998339962319513
0.722351758032472,0.722351758032472,True,0.00019939597323115343,0.9998006040267688
0.722351758032472,0.722351758032472,True,0.00010550099970974003,0.9998944990002903
0.722351758032472,0.722351758032472,True,0.00020299762699482748,0.9997970023730052
-1.3843670883058157,-1.3843670883058157,True,0.999703085011662,0.00029691498833792193
-1.3843670883058157,-1.3843670883058157,True,0.9997119425027599,0.0002880574972402001
0.722351758032472,0.722351758032472,True,0.009155626692787688,0.9908443733072123
0.722351758032472,0.722351758032472,True,0.0002677725777522344,0.9997322274222478
0.722351758032472,0.722351758032472,True,0.00014881050843718047,0.9998511894915628
0.722351758032472,0.722351758032472,True,0.0003921728347464626,0.9996078271652535
0.722351758032472,0.722351758032472,True,0.00011517825654283609,0.9998848217434572
-1.3843670883058157,-1.3843670883058157,True,0.999703085011662,0.00029691498833792193
0.722351758032472,0.722351758032472,True,0.001267314473224479,0.9987326855267755
0.722351758032472,0.722351758032472,True,0.00040219137624031287,0.9995978086237597
-1.3843670883058157,-1.3843670883058157,True,0.9995683911619321,0.00043160883806793974
0.722351758032472,0.722351758032472,True,0.0026587474536704514,0.9973412525463295
0.722351758032472,0.722351758032472,True,0.00011850549273006994,0.9998814945072699
0.722351758032472,0.722351758032472,True,0.0001790051964726258,0.9998209948035274
-1.3843670883058157,-1.3843670883058157,True,0.9998298570152302,0.00017014298476976112
0.722351758032472,0.722351758032472,True,0.00018488559254481451,0.9998151144074552
0.722351758032472,0.722351758032472,True,0.00033333402548108015,0.9996666659745189
0.722351758032472,0.722351758032472,True,0.00010885139899630136,0.9998911486010037
0.722351758032472,0.722351758032472,True,0.0019932660277556247,0.9980067339722444
-1.3843670883058157,-1.3843670883058157,True,0.9997002067175147,0.0002997932824853491
0.722351758032472,0.722351758032472,True,0.00034560783027415276,0.9996543921697258
-1.3843670883058157,-1.3843670883058157,True,0.9997325436726232,0.00026745632737674416
0.722351758032472,0.722351758032472,True,0.0001521659295045108,0.9998478340704955
0.722351758032472,0.722351758032472,True,0.00020644240893463728,0.9997935575910654
-1.3843670883058157,-1.3843670883058157,True,0.999524689632172,0.0004753103678280388
0.722351758032472,0.722351758032472,True,0.00278521521356645,0.9972147847864336
0.722351758032472,0.722351758032472,True,0.00041057961796531206,0.9995894203820347
0.722351758032472,0.722351758032472,True,8.931290505787004e-05,0.9999106870949421
0.722351758032472,0.722351758032472,True,0.00011769095689617703,0.9998823090431038
-1.3843670883058157,-1.3843670883058157,True,0.999693261836257,0.000306738163743034
0.722351758032472,0.722351758032472,True,0.0019340399125310492,0.998065960087469
-1.3843670883058157,-1.3843670883058157,True,0.999703085011662,0.00029691498833792193
0.722351758032472,0.722351758032472,True,0.0005052462592276541,0.9994947537407723
0.722351758032472,0.722351758032472,True,0.0011423927989426819,0.9988576072010573
0.722351758032472,0.722351758032472,True,7.83526117631439e-05,0.9999216473882369
0.722351758032472,0.722351758032472,True,0.00033445607137727595,0.9996655439286227
-1.3843670883058157,-1.3843670883058157,True,0.9995085689022815,0.0004914310977185951
0.722351758032472,0.722351758032472,True,0.00010690889124220782,0.9998930911087578
0.722351758032472,0.722351758032472,True,0.000337424499890715,0.9996625755001093
-1.3843670883058157,-1.3843670883058157,True,0.999703085011662,0.00029691498833792193
-1.3843670883058157,-1.3843670883058157,True,0.9995943462645304,0.0004056537354696811
-1.3843670883058157,-1.3843670883058157,True,0.9995591340262143,0.00044086597378570043
0.722351758032472,0.722351758032472,True,0.002087304384189248,0.9979126956158108
-1.3843670883058157,-1.3843670883058157,True,0.9995566135667027,0.00044338643329730194
0.722351758032472,0.722351758032472,True,0.0006674749509351097,0.9993325250490649
0.722351758032472,0.722351758032472,True,0.0057261772712206005,0.9942738227287794
0.722351758032472,0.722351758032472,True,0.00011338799513127551,0.9998866120048687
-1.3843670883058157,-1.3843670883058157,True,0.9996066575098281,0.0003933424901718602
0.722351758032472,0.722351758032472,True,0.0004277754909893794,0.9995722245090106
0.722351758032472,0.722351758032472,True,0.0006380039460550657,0.9993619960539449
0.722351758032472,0.722351758032472,True,0.00011476956774281177,0.9998852304322572
0.722351758032472,0.722351758032472,True,0.00020788658176584818,0.9997921134182342
0.722351758032472,0.722351758032472,True,0.00016997077881442113,0.9998300292211856
0.722351758032472,0.722351758032472,True,9.439579599501702e-05,0.999905604204005
-1.3843670883058157,-1.3843670883058157,True,0.9997146290416147,0.0002853709583852814
0.722351758032472,0.722351758032472,True,0.0005562429617207432,0.9994437570382793
0.722351758032472,0.722351758032472,True,0.0020418235980312893,0.9979581764019687
0.722351758032472,0.722351758032472,True,0.00037915542700117655,0.9996208445729988
0.722351758032472,0.722351758032472,True,0.0010272818808518824,0.9989727181191481
0.722351758032472,0.722351758032472,True,0.00014460137526817185,0.9998553986247318
0.722351758032472,0.722351758032472,True,0.0003384160934732927,0.9996615839065267
0.722351758032472,0.722351758032472,True,0.00019615355559443604,0.9998038464444056
-1.3843670883058157,-1.3843670883058157,True,0.9996690277983966,0.000330972201603354
0.722351758032472,0.722351758032472,True,0.0014698721123928005,0.9985301278876072
-1.3843670883058157,-1.3843670883058157,True,0.9996597628760218,0.0003402371239782435
0.722351758032472,0.722351758032472,True,0.000159778866643423,0.9998402211333566
-1.3843670883058157,-1.3843670883058157,True,0.9997158945811346,0.00028410541886540524
-1.3843670883058157,-1.3843670883058157,True,0.9995735104040263,0.00042648959597366593
0.722351758032472,0.722351758032472,True,0.0009875910191224913,0.9990124089808775
0.722351758032472,0.722351758032472,True,0.0004214423915099852,0.99957855760849
0.722351758032472,0.722351758032472,True,0.00011517825654283609,0.9998848217434572
-1.3843670883058157,-1.3843670883058157,True,0.999705631005175,0.0002943689948250208
-1.3843670883058157,-1.3843670883058157,True,0.9995219840153612,0.0004780159846388444
0.722351758032472,0.722351758032472,True,0.00034021627629077233,0.9996597837237092
0.722351758032472,0.722351758032472,True,0.0007845304431473021,0.9992154695568527
-1.3843670883058157,-1.3843670883058157,True,0.9997288231303684,0.00027117686963163995
-1.3843670883058157,-1.3843670883058157,True,0.9997325436726232,0.00026745632737674416
-1.3843670883058157,-1.3843670883058157,True,0.999703085011662,0.00029691498833792193
-1.3843670883058157,-1.3843670883058157,True,0.9996644306058066,0.00033556939419346636
-1.3843670883058157,-1.3843670883058157,True,0.9996151487205152,0.0003848512794848709
-1.3843670883058157,-1.3843670883058157,True,0.9996974701312461,0.000302529868753942
0.722351758032472,0.722351758032472,True,0.000207914551347943,0.9997920854486521
-1.3843670883058157,-1.3843670883058157,True,0.9996769813257766,0.000323018674223336
0.722351758032472,0.722351758032472,True,0.00025284333733133213,0.9997471566626687
-1.3843670883058157,-1.3843670883058157,True,0.9997119425027599,0.0002880574972402001
0.722351758032472,0.722351758032472,True,0.00017571898862289714,0.9998242810113771
-1.3843670883058157,-1.3843670883058157,True,0.9995113104157505,0.0004886895842495125
0.722351758032472,0.722351758032472,True,0.0003991272923893341,0.9996008727076107
0.722351758032472,0.722351758032472,True,0.0003510495016454396,0.9996489504983546
0.722351758032472,0.722351758032472,True,0.0003259482406612335,0.9996740517593388
0.722351758032472,0.722351758032472,True,0.00035470873183574003,0.9996452912681643
-1.3843670883058157,-1.3843670883058157,True,0.999643543004224,0.0003564569957760022
0.722351758032472,0.722351758032472,True,0.00011517825654283609,0.9998848217434572
-1.3843670883058157,-1.3843670883058157,True,0.9995030467996393,0.0004969532003606888
0.722351758032472,0.722351758032472,True,0.0010500014838346061,0.9989499985161654
0.722351758032472,0.722351758032472,True,0.0007024032298789118,0.9992975967701211
0.722351758032472,0.722351758032472,True,0.0008410918187479188,0.9991589081812521
0.722351758032472,0.722351758032472,True,0.0008043330074368749,0.9991956669925631
0.722351758032472,0.722351758032472,True,0.00016600376804865036,0.9998339962319513
-1.3843670883058157,-1.3843670883058157,True,0.9997119425027599,0.0002880574972402001
0.722351758032472,0.722351758032472,True,0.0001514274368047408,0.9998485725631953
0.722351758032472,0.722351758032472,True,0.000683347857513672,0.9993166521424863
0.722351758032472,0.722351758032472,True,0.00019615355559443604,0.9998038464444056
-1.3843670883058157,-1.3843670883058157,True,0.9995789581947057,0.0004210418052942956
0.722351758032472,0.722351758032472,True,0.0003755290256125532,0.9996244709743874
0.722351758032472,0.722351758032472,True,0.00035243673381790686,0.9996475632661821
0.722351758032472,0.722351758032472,True,0.0018225385904837577,0.9981774614095162
0.722351758032472,0.722351758032472,True,0.0003455805884234886,0.9996544194115765
-1.3843670883058157,-1.3843670883058157,True,0.9995675785322671,0.0004324214677328732
0.722351758032472,0.722351758032472,True,0.0010868420668544987,0.9989131579331455
0.722351758032472,0.722351758032472,True,0.0002469699087854771,0.9997530300912145
-1.3843670883058157,-1.3843670883058157,True,0.9997325436726232,0.00026745632737674416
0.722351758032472,0.722351758032472,True,0.0002197557024050667,0.9997802442975949
0.722351758032472,0.722351758032472,True,0.0004830652480081188,0.9995169347519919
0.722351758032472,0.722351758032472,True,8.579851024415053e-05,0.9999142014897558
0.722351758032472,0.722351758032472,True,0.0008332809410844799,0.9991667190589155
0.722351758032472,0.722351758032472,True,0.0002432515864815299,0.9997567484135185
0.722351758032472,0.722351758032472,True,0.0005260461428601149,0.9994739538571399
0.722351758032472,0.722351758032472,True,0.00017252546671220337,0.9998274745332878
0.722351758032472,0.722351758032472,True,0.0025109270961964913,0.9974890729038035
0.722351758032472,0.722351758032472,True,0.00020617572050296573,0.999793824279497
-1.3843670883058157,-1.3843670883058157,True,0.9995514237353034,0.0004485762646966866
0.722351758032472,0.722351758032472,True,0.00026468030320647706,0.9997353196967935
-1.3843670883058157,-1.3843670883058157,True,0.9997119425027599,0.0002880574972402001
-1.3843670883058157,-1.3843670883058157,True,0.999703085011662,0.00029691498833792193
0.722351758032472,0.722351758032472,True,0.0007403024300360883,0.9992596975699639
0.722351758032472,0.722351758032472,True,0.00016784364030930643,0.9998321563596907
0.722351758032472,0.722351758032472,True,0.0004692196260290826,0.9995307803739709
0.722351758032472,0.722351758032472,True,0.00017622302241837584,0.9998237769775816
0.722351758032472,0.722351758032472,True,0.0003477833330725044,0.9996522166669275
0.722351758032472,0.722351758032472,True,0.0001129697552595399,0.9998870302447405
-1.3843670883058157,-1.3843670883058157,True,0.9996600719588598,0.0003399280411402789
-1.3843670883058157,-1.3843670883058157,True,0.9995219840153612,0.0004780159846388444
0.722351758032472,0.722351758032472,True,0.0018324496046457917,0.9981675503953542
0.722351758032472,0.722351758032472,True,0.0003737111357967615,0.9996262888642032
0.722351758032472,0.722351758032472,True,0.00011517825654283609,0.9998848217434572
0.722351758032472,0.722351758032472,True,0.00013857821158036465,0.9998614217884196
0.722351758032472,0.722351758032472,True,0.0010169342198661502,0.9989830657801338
0.722351758032472,0.722351758032472,True,0.0005235586146102866,0.9994764413853897
0.722351758032472,0.722351758032472,True,0.00016954093521770464,0.9998304590647823
0.722351758032472,0.722351758032472,True,0.00017964771052270123,0.9998203522894773
-1.3843670883058157,-1.3843670883058157,True,0.9996644306058066,0.00033556939419346636
0.722351758032472,0.722351758032472,True,0.0007781190569514651,0.9992218809430485
0.722351758032472,0.722351758032472,True,0.0037543873141500095,0.99624561268585
0.722351758032472,0.722351758032472,True,0.0017585618644853085,0.9982414381355147
-1.3843670883058157,-1.3843670883058157,True,0.9997325436726232,0.00026745632737674416
0.722351758032472,0.722351758032472,True,0.001510722834193956,0.998489277165806
0.722351758032472,0.722351758032472,True,0.00035600488948817066,0.9996439951105118
-1.3843670883058157,-1.3843670883058157,True,0.9997158945811346,0.00028410541886540524
0.722351758032472,0.722351758032472,True,0.00013698843855280973,0.9998630115614472
0.722351758032472,0.722351758032472,True,0.00015496464018815992,0.9998450353598118
-1.3843670883058157,-1.3843670883058157,True,0.9996419552920859,0.000358044707914154
0.722351758032472,0.722351758032472,True,0.00028662453805694543,0.999713375461943
-1.3843670883058157,-1.3843670883058157,True,0.9994005263892469,0.0005994736107530407
0.722351758032472,0.722351758032472,True,0.0006766440184040601,0.9993233559815959
-1.3843670883058157,-1.3843670883058157,True,0.9997288231303684,0.00027117686963163995
-1.3843670883058157,-1.3843670883058157,True,0.9997325436726232,0.00026745632737674416
0.722351758032472,0.722351758032472,True,7.83526117631439e-05,0.9999216473882369
-1.3843670883058157,-1.3843670883058157,True,0.9995661281380236,0.0004338718619763945
0.722351758032472,0.722351758032472,True,0.00021054187678071212,0.9997894581232193
0.722351758032472,0.722351758032472,True,0.0003701928352121131,0.9996298071647879
0.722351758032472,0.722351758032472,True,0.00010760003596843593,0.9998923999640316
0.722351758032472,0.722351758032472,True,0.0005775738637278094,0.9994224261362722
-1.3843670883058157,-1.3843670883058157,True,0.9996204282816854,0.0003795717183145596
0.722351758032472,0.722351758032472,True,0.00033583891684296763,0.999664161083157
-1.3843670883058157,-1.3843670883058157,True,0.9997158945811346,0.00028410541886540524
0.722351758032472,0.722351758032472,True,0.000393498681944604,0.9996065013180554
-1.3843670883058157,-1.3843670883058157,True,0.9997231422495704,0.000276857750429614
0.722351758032472,0.722351758032472,True,0.00046179861812289946,0.9995382013818771
0.722351758032472,0.722351758032472,True,0.0005888050787453691,0.9994111949212546
0.722351758032472,0.722351758032472,True,0.001643068920102131,0.9983569310798979
0.722351758032472,0.722351758032472,True,0.0007763317079743093,0.9992236682920257
-1.3843670883058157,-1.3843670883058157,True,0.9996609586299425,0.0003390413700574188
0.722351758032472,0.722351758032472,True,0.0003189662570182161,0.9996810337429818
-1.3843670883058157,-1.3843670883058157,True,0.9994969313608754,0.000503068639124631
-1.3843670883058157,-1.3843670883058157,True,0.9997325436726232,0.00026745632737674416
0.722351758032472,0.722351758032472,True,0.00027396978063920496,0.9997260302193608
-1.3843670883058157,-1.3843670883058157,True,0.9997119425027599,0.0002880574972402001
0.722351758032472,0.722351758032472,True,0.00021054187678071212,0.9997894581232193
0.722351758032472,0.722351758032472,True,0.015284308022580073,0.9847156919774199
0.722351758032472,0.722351758032472,True,0.0005888050787453691,0.9994111949212546
-1.3843670883058157,-1.3843670883058157,True,0.999703085011662,0.00029691498833792193
0.722351758032472,0.722351758032472,True,0.000224129834485165,0.9997758701655148
-1.3843670883058157,-1.3843670883058157,True,0.9997192817400716,0.00028071825992836074
0.722351758032472,0.722351758032472,True,0.00015823719289942417,0.9998417628071006
0.722351758032472,0.722351758032472,True,0.000506928895771197,0.9994930711042288
0.722351758032472,0.722351758032472,True,0.00011517825654283609,0.9998848217434572
-1.3843670883058157,-1.3843670883058157,True,0.9997548044759161,0.00024519552408380806
0.722351758032472,0.722351758032472,True,0.00023696014713137092,0.9997630398528686
-1.3843670883058157,-1.3843670883058157,True,0.9996724881177964,0.0003275118822035389
0.722351758032472,0.722351758032472,True,0.00018923761098643688,0.9998107623890136
0.722351758032472,0.722351758032472,True,0.00017156476932700393,0.999828435230673
-1.3843670883058157,-1.3843670883058157,True,0.9997325436726232,0.00026745632737674416
0.722351758032472,0.722351758032472,True,0.00026092213999062697,0.9997390778600094
-1.3843670883058157,-1.3843670883058157,True,0.9996644306058066,0.00033556939419346636
0.722351758032472,0.722351758032472,True,0.0005539913999291768,0.9994460086000708
0.722351758032472,0.722351758032472,True,0.000584124732737834,0.9994158752672622
0.722351758032472,0.722351758032472,True,0.0016073107633425288,0.9983926892366575
0.722351758032472,0.722351758032472,True,0.0004985234173150443,0.999501476582685
-1.3843670883058157,-1.3843670883058157,True,0.9996274725071678,0.0003725274928322303
-1.3843670883058157,-1.3843670883058157,True,0.9996600719588598,0.00033992804114027833
0.722351758032472,0.722351758032472,True,0.00016001379059549237,0.9998399862094045
-1.3843670883058157,-1.3843670883058157,True,0.9996653124424307,0.0003346875575693059
-1.3843670883058157,-1.3843670883058157,True,0.9997158945811346,0.00028410541886540524
0.722351758032472,0.722351758032472,True,0.00026146690216655166,0.9997385330978334
-1.3843670883058157,-1.3843670883058157,True,0.9996066575098281,0.0003933424901718602
0.722351758032472,0.722351758032472,True,0.0005921966525167521,0.9994078033474832
-1.3843670883058157,0.722351758032472,False,0.004497126559075526,0.9955028734409245
0.722351758032472,0.722351758032472,True,0.00010322557598363424,0.9998967744240164
0.722351758032472,0.722351758032472,True,0.0002306256263135964,0.9997693743736864
0.722351758032472,0.722351758032472,True,0.001251447822217866,0.9987485521777821
0.722351758032472,0.722351758032472,True,0.0023998232739850245,0.997600176726015
0.722351758032472,0.722351758032472,True,0.0004557406574026146,0.9995442593425974
0.722351758032472,0.722351758032472,True,0.0002464658246781326,0.9997535341753219
0.722351758032472,0.722351758032472,True,0.00014984038954402035,0.999850159610456
0.722351758032472,0.722351758032472,True,0.00023430277332980864,0.9997656972266702
0.722351758032472,0.722351758032472,True,0.00030438533540733115,0.9996956146645927
-1.3843670883058157,-1.3843670883058157,True,0.9993394718170433,0.0006605281829567302
-1.3843670883058157,-1.3843670883058157,True,0.9997158945811346,0.00028410541886540524
-1.3843670883058157,-1.3843670883058157,True,0.9996976531078731,0.00030234689212688815
0.722351758032472,0.722351758032472,True,0.0001818555735244587,0.9998181444264755
0.722351758032472,0.722351758032472,True,0.0023629726539026175,0.9976370273460974
-1.3843670883058157,-1.3843670883058157,True,0.999692358820339,0.00030764117966096155
0.722351758032472,0.722351758032472,True,0.00038529846264134804,0.9996147015373587
0.722351758032472,0.722351758032472,True,0.00022663071689088543,0.9997733692831091
0.722351758032472,0.722351758032472,True,0.0003687186266139175,0.9996312813733861
0.722351758032472,0.722351758032472,True,0.0003342317406633821,0.9996657682593366
-1.3843670883058157,-1.3843670883058157,True,0.9996039154803912,0.0003960845196087693
0.722351758032472,0.722351758032472,True,0.0009655672906748736,0.9990344327093251
-1.3843670883058157,-1.3843670883058157,True,0.9995049117971864,0.0004950882028136296
-1.3843670883058157,-1.3843670883058157,True,0.999779132882049,0.000220867117950968
-1.3843670883058157,-1.3843670883058157,True,0.9995887773156088,0.0004112226843911682
0.722351758032472,0.722351758032472,True,0.00021054187678071212,0.9997894581232193
-1.3843670883058157,-1.3843670883058157,True,0.9997509691512654,0.00024903084873464693
0.722351758032472,0.722351758032472,True,0.0032333982294868724,0.9967666017705131
-1.3843670883058157,-1.3843670883058157,True,0.9995268209717114,0.00047317902828857884
0.722351758032472,0.722351758032472,True,0.00046740481803819733,0.9995325951819618
0.722351758032472,0.722351758032472,True,0.0024887986526315187,0.9975112013473685
0.722351758032472,0.722351758032472,True,0.00043966877700163387,0.9995603312229984
0.722351758032472,0.722351758032472,True,0.00016600376804865036,0.9998339962319513
-1.3843670883058157,-1.3843670883058157,True,0.9997325436726232,0.00026745632737674416
-1.3843670883058157,-1.3843670883058157,True,0.9997548044759161,0.00024519552408380806
-1.3843670883058157,-1.3843670883058157,True,0.9996599166598868,0.00034008334011315235
0.722351758032472,0.722351758032472,True,0.0002328006239189495,0.999767199376081
0.722351758032472,0.722351758032472,True,0.00029370127053285344,0.9997062987294671
0.722351758032472,0.722351758032472,True,0.0004217606714018718,0.9995782393285981
0.722351758032472,0.722351758032472,True,9.035161228621025e-05,0.9999096483877138
0.722351758032472,0.722351758032472,True,0.00012540075821343422,0.9998745992417866
0.722351758032472,0.722351758032472,True,0.00023168574330867386,0.9997683142566913
0.722351758032472,0.722351758032472,True,0.00029639257813929287,0.9997036074218607
0.722351758032472,0.722351758032472,True,0.00027298926878116525,0.9997270107312188
0.722351758032472,0.722351758032472,True,0.0018017758651412974,0.9981982241348587
0.722351758032472,0.722351758032472,True,0.00011769095689617703,0.9998823090431038
0.722351758032472,0.722351758032472,True,0.0009994927436738354,0.9990005072563262
0.722351758032472,0.722351758032472,True,0.0003321404148345364,0.9996678595851655
-1.3843670883058157,-1.3843670883058157,True,0.9996553436217247,0.0003446563782752609
-1.3843670883058157,-1.3843670883058157,True,0.9996880794474338,0.00031192055256627554
-1.3843670883058157,-1.3843670883058157,True,0.9995733109852659,0.00042668901473408484
0.722351758032472,0.722351758032472,True,0.0006196191965396336,0.9993803808034604
0.722351758032472,0.722351758032472,True,0.00025433441128341894,0.9997456655887166
0.722351758032472,0.722351758032472,True,0.0002816482274047294,0.9997183517725953
-1.3843670883058157,-1.3843670883058157,True,0.9996974701312461,0.000302529868753942
-1.3843670883058157,-1.3843670883058157,True,0.9992540881306642,0.000745911869335826
0.722351758032472,0.722351758032472,True,0.0005510439861472483,0.9994489560138528
0.722351758032472,0.722351758032472,True,0.0015479529299559092,0.9984520470700441
0.722351758032472,0.722351758032472,True,0.00025754558249901915,0.999742454417501
0.722351758032472,0.722351758032472,True,0.0001339377649035578,0.9998660622350964
-1.3843670883058157,-1.3843670883058157,True,0.9996724881177964,0.0003275118822035389
0.722351758032472,0.722351758032472,True,0.0005409303985980385,0.999459069601402
-1.3843670883058157,-1.3843670883058157,True,0.999643543004224,0.0003564569957760019
-1.3843670883058157,-1.3843670883058157,True,0.9997621194524706,0.000237880547529432
-1.3843670883058157,-1.3843670883058157,True,0.9995261671808047,0.0004738328191953407
-1.3843670883058157,-1.3843670883058157,True,0.999549681629021,0.00045031837097902154
0.722351758032472,0.722351758032472,True,0.00029484088184195123,0.999705159118158
0.722351758032472,0.722351758032472,True,0.00040947992991158255,0.9995905200700884
-1.3843670883058157,-1.3843670883058157,True,0.9994468674077345,0.0005531325922655138
-1.3843670883058157,-1.3843670883058157,True,0.9995889007634088,0.00041109923659123434
-1.3843670883058157,-1.3843670883058157,True,0.9996974701312461,0.000302529868753942
-1.3843670883058157,-1.3843670883058157,True,0.9996769813257766,0.0003230186742233366
0.722351758032472,0.722351758032472,True,0.0003990022652032854,0.9996009977347967
0.722351758032472,0.722351758032472,True,0.003695945346074203,0.9963040546539258
0.722351758032472,0.722351758032472,True,0.0003010533293570372,0.999698946670643
0.722351758032472,0.722351758032472,True,0.0003726982668232903,0.9996273017331767
0.722351758032472,0.722351758032472,True,0.0002680270468790047,0.999731972953121
0.722351758032472,0.722351758032472,True,0.0001624597574176878,0.9998375402425823
0.722351758032472,0.722351758032472,True,0.00016715261960476013,0.9998328473803952
0.722351758032472,0.722351758032472,True,0.0002629412363861494,0.9997370587636139
-1.3843670883058157,-1.3843670883058157,True,0.9993780112408962,0.0006219887591037548
0.722351758032472,0.722351758032472,True,0.0032799370603963096,0.9967200629396037
-1.3843670883058157,-1.3843670883058157,True,0.9996238846183643,0.00037611538163572937
0.722351758032472,0.722351758032472,True,0.00011517825654283609,0.9998848217434572
0.722351758032472,0.722351758032472,True,0.00022099530961428027,0.9997790046903857
-1.3843670883058157,-1.3843670883058157,True,0.9996936569913685,0.0003063430086314955
0.722351758032472,0.722351758032472,True,0.0020488683792397877,0.9979511316207602
0.722351758032472,0.722351758032472,True,0.0002879302112456239,0.9997120697887544
0.722351758032472,0.722351758032472,True,0.0334178881977093,0.9665821118022907
0.722351758032472,0.722351758032472,True,0.0021548797528682107,0.9978451202471318
-1.3843670883058157,-1.3843670883058157,True,0.9995285410486376,0.0004714589513623652
-1.3843670883058157,-1.3843670883058157,True,0.9995566135667027,0.00044338643329730194
0.722351758032472,0.722351758032472,True,0.0003122407254607662,0.9996877592745392
0.722351758032472,0.722351758032472,True,0.00010324852790499772,0.999896751472095
0.722351758032472,0.722351758032472,True,0.0006627956878846319,0.9993372043121154
-1.3843670883058157,-1.3843670883058157,True,0.9996551861633165,0.0003448138366834462
0.722351758032472,0.722351758032472,True,0.00019615355559443604,0.9998038464444056
-1.3843670883058157,-1.3843670883058157,True,0.999318234073672,0.0006817659263279633
0.722351758032472,0.722351758032472,True,0.00033720696234729175,0.9996627930376527
0.722351758032472,0.722351758032472,True,0.005644028899203124,0.9943559711007969
-1.3843670883058157,-1.3843670883058157,True,0.9996484300508173,0.0003515699491827301
-1.3843670883058157,-1.3843670883058157,True,0.9996724881177964,0.0003275118822035389
0.722351758032472,0.722351758032472,True,0.00035446307138198296,0.999645536928618
0.722351758032472,0.722351758032472,True,0.00023050317542183674,0.9997694968245782
0.722351758032472,0.722351758032472,True,0.01694351168726793,0.9830564883127321
-1.3843670883058157,-1.3843670883058157,True,0.9996644306058066,0.00033556939419346636
0.722351758032472,0.722351758032472,True,0.0005794741393418956,0.9994205258606581
0.722351758032472,0.722351758032472,True,0.00033123306892790527,0.9996687669310721
-1.3843670883058157,-1.3843670883058157,True,0.999779132882049,0.000220867117950968
0.722351758032472,0.722351758032472,True,0.0006180089283280843,0.9993819910716719
0.722351758032472,0.722351758032472,True,0.00023572753220535425,0.9997642724677946
0.722351758032472,0.722351758032472,True,0.00032420103667973876,0.9996757989633203
-1.3843670883058157,-1.3843670883058157,True,0.9995281527827286,0.0004718472172714558
-1.3843670883058157,-1.3843670883058157,True,0.9993195472183584,0.0006804527816415986
0.722351758032472,0.722351758032472,True,0.00047465216148445677,0.9995253478385155
0.722351758032472,0.722351758032472,True,0.001713942936450552,0.9982860570635494
-1.3843670883058157,-1.3843670883058157,True,0.9993723745135884,0.0006276254864116516
0.722351758032472,0.722351758032472,True,0.0006674749509351097,0.9993325250490649
0.722351758032472,0.722351758032472,True,0.0006279309172272374,0.9993720690827728
0.722351758032472,0.722351758032472,True,0.0001420765047358552,0.9998579234952641
0.722351758032472,0.722351758032472,True,0.0006146940631911457,0.9993853059368089
0.722351758032472,0.722351758032472,True,0.0018280917218477244,0.9981719082781523
0.722351758032472,0.722351758032472,True,0.0005772198588075428,0.9994227801411925
0.722351758032472,0.722351758032472,True,0.0006350192170205826,0.9993649807829794
0.722351758032472,0.722351758032472,True,0.00015433519167162846,0.9998456648083284
0.722351758032472,0.722351758032472,True,0.016784099102442163,0.9832159008975578
0.722351758032472,0.722351758032472,True,0.00047630418802946384,0.9995236958119705
0.722351758032472,0.722351758032472,True,0.0009378031679279086,0.9990621968320721
-1.3843670883058157,-1.3843670883058157,True,0.9995880037911439,0.0004119962088561539
0.722351758032472,0.722351758032472,True,0.00037815680988284583,0.9996218431901172
0.722351758032472,0.722351758032472,True,0.00022805928733116154,0.9997719407126688
0.722351758032472,0.722351758032472,True,0.0035807580601399103,0.9964192419398601
-1.3843670883058157,-1.3843670883058157,True,0.999693261836257,0.000306738163743034
0.722351758032472,0.722351758032472,True,0.00014563350284568788,0.9998543664971543
-1.3843670883058157,-1.3843670883058157,True,0.9997295357968466,0.0002704642031533663
0.722351758032472,0.722351758032472,True,0.0002702943316476025,0.9997297056683524
-1.3843670883058157,-1.3843670883058157,True,0.9994504194784475,0.0005495805215524987
-1.3843670883058157,-1.3843670883058157,True,0.9996644306058066,0.00033556939419346636
0.722351758032472,0.722351758032472,True,0.006606079068939952,0.99339392093106
-1.3843670883058157,-1.3843670883058157,True,0.9995720798974851,0.00042792010251486724
-1.3843670883058157,-1.3843670883058157,True,0.9995022010025242,0.0004977989974758517
0.722351758032472,0.722351758032472,True,0.00012123330987534597,0.9998787666901247
-1.3843670883058157,-1.3843670883058157,True,0.9996274725071678,0.0003725274928322303
-1.3843670883058157,-1.3843670883058157,True,0.9996101599390902,0.00038984006090983926
-1.3843670883058157,-1.3843670883058157,True,0.9997158945811346,0.00028410541886540524
0.722351758032472,0.722351758032472,True,0.00021054187678071212,0.9997894581232193
0.722351758032472,0.722351758032472,True,0.0003261902391580307,0.999673809760842
-1.3843670883058157,-1.3843670883058157,True,0.9997668872685191,0.00023311273148090748
-1.3843670883058157,-1.3843670883058157,True,0.9996989547980791,0.0003010452019208882
0.722351758032472,0.722351758032472,True,0.002003734571027871,0.9979962654289721
-1.3843670883058157,-1.3843670883058157,True,0.9996724881177964,0.0003275118822035389
0.722351758032472,0.722351758032472,True,0.0002539723058561094,0.9997460276941439
0.722351758032472,0.722351758032472,True,0.00014881050843718047,0.9998511894915628
0.722351758032472,0.722351758032472,True,0.00011146589855315359,0.9998885341014468
0.722351758032472,0.722351758032472,True,0.0011781960001148173,0.9988218039998852
0.722351758032472,0.722351758032472,True,0.0003652789431403125,0.9996347210568597
0.722351758032472,0.722351758032472,True,0.00011517825654283609,0.9998848217434572
0.722351758032472,0.722351758032472,True,0.0005831300096864611,0.9994168699903135
0.722351758032472,0.722351758032472,True,0.0005213329546052137,0.9994786670453948
0.722351758032472,0.722351758032472,True,0.0006640441671014186,0.9993359558328986
-1.3843670883058157,-1.3843670883058157,True,0.9994441578990432,0.0005558421009568644
-1.3843670883058157,-1.3843670883058157,True,0.9997325436726232,0.00026745632737674416
0.722351758032472,0.722351758032472,True,0.00020642316435759422,0.9997935768356424
0.722351758032472,0.722351758032472,True,0.00024579788255829627,0.9997542021174417
-1.3843670883058157,-1.3843670883058157,True,0.9996600719588598,0.0003399280411402789
0.722351758032472,0.722351758032472,True,0.0002615519085670259,0.999738448091433
0.722351758032472,0.722351758032472,True,0.00044126858540172176,0.9995587314145983
-1.3843670883058157,-1.3843670883058157,True,0.9996274725071678,0.0003725274928322303
0.722351758032472,0.722351758032472,True,0.0002864646272933147,0.9997135353727067
-1.3843670883058157,-1.3843670883058157,True,0.9997119425027599,0.0002880574972402001
-1.3843670883058157,-1.3843670883058157,True,0.999703085011662,0.00029691498833792193
0.722351758032472,0.722351758032472,True,0.0004033711792408301,0.9995966288207592
0.722351758032472,0.722351758032472,True,0.0004606484973496139,0.9995393515026504
0.722351758032472,0.722351758032472,True,0.000220577969841651,0.9997794220301583
0.722351758032472,0.722351758032472,True,0.0002796823011658178,0.9997203176988342
-1.3843670883058157,-1.3843670883058157,True,0.9995458159118601,0.0004541840881399284
-1.3843670883058157,-1.3843670883058157,True,0.9997653832769339,0.0002346167230661058
-1.3843670883058157,-1.3843670883058157,True,0.9995017342356177,0.0004982657643822485
0.722351758032472,0.722351758032472,True,0.0006465987981946197,0.9993534012018054
-1.3843670883058157,-1.3843670883058157,True,0.9996274725071678,0.0003725274928322303
-1.3843670883058157,-1.3843670883058157,True,0.9997325436726232,0.00026745632737674416
0.722351758032472,0.722351758032472,True,0.00047644932017465447,0.9995235506798253
0.722351758032472,0.722351758032472,True,0.00015955962063674,0.9998404403793633
-1.3843670883058157,-1.3843670883058157,True,0.9997119425027599,0.0002880574972402001
0.722351758032472,0.722351758032472,True,0.00026760981020690355,0.9997323901897931
0.722351758032472,0.722351758032472,True,0.000159778866643423,0.9998402211333566
-1.3843670883058157,-1.3843670883058157,True,0.9997325436726232,0.00026745632737674416
-1.3843670883058157,-1.3843670883058157,True,0.9997429426468059,0.0002570573531941688
0.722351758032472,0.722351758032472,True,0.0020605116201932727,0.9979394883798067
0.722351758032472,0.722351758032472,True,0.0002443311771869183,0.9997556688228131
-1.3843670883058157,-1.3843670883058157,True,0.9996769813257766,0.000323018674223336
-1.3843670883058157,-1.3843670883058157,True,0.9995212063316926,0.0004787936683073825
0.722351758032472,0.722351758032472,True,9.645515506628843e-05,0.9999035448449337
0.722351758032472,0.722351758032472,True,0.00029359752640589765,0.9997064024735941
0.722351758032472,0.722351758032472,True,0.00026587578493375563,0.9997341242150662
0.722351758032472,0.722351758032472,True,0.0003039009720193775,0.9996960990279806
0.722351758032472,0.722351758032472,True,0.00026146690216655166,0.9997385330978334
0.722351758032472,0.722351758032472,True,0.0001961195742787858,0.9998038804257212
0.722351758032472,0.722351758032472,True,0.00042892425764751163,0.9995710757423525
-1.3843670883058157,-1.3843670883058157,True,0.9996600719588598,0.0003399280411402789
0.722351758032472,0.722351758032472,True,0.00037777701082364334,0.9996222229891764
0.722351758032472,0.722351758032472,True,0.0004926298374855476,0.9995073701625145
-1.3843670883058157,-1.3843670883058157,True,0.9997033275736575,0.00029667242634249895
0.722351758032472,0.722351758032472,True,0.0002939037883209483,0.999706096211679
0.722351758032472,0.722351758032472,True,0.0005993015899771192,0.9994006984100229
0.722351758032472,0.722351758032472,True,0.001500628231447032,0.998499371768553
0.722351758032472,0.722351758032472,True,0.0005046235391654719,0.9994953764608345
0.722351758032472,0.722351758032472,True,0.000256439198565217,0.9997435608014348
0.722351758032472,0.722351758032472,True,0.00017291388263473983,0.9998270861173653
0.722351758032472,0.722351758032472,True,0.00041527245906036736,0.9995847275409396
0.722351758032472,0.722351758032472,True,0.00023684171023397038,0.999763158289766
0.722351758032472,0.722351758032472,True,0.00017359293515628593,0.9998264070648437
0.722351758032472,0.722351758032472,True,0.00018331741739385787,0.9998166825826061
0.722351758032472,0.722351758032472,True,0.0021369884064157407,0.9978630115935843
0.722351758032472,0.722351758032472,True,0.00036476602273904923,0.999635233977261
0.722351758032472,0.722351758032472,True,0.0003017426449807292,0.9996982573550193
0.722351758032472,0.722351758032472,True,0.0002433431416938303,0.9997566568583062
0.722351758032472,0.722351758032472,True,0.00036520504772030726,0.9996347949522797
-1.3843670883058157,-1.3843670883058157,True,0.9995519903516403,0.0004480096483597111
-1.3843670883058157,-1.3843670883058157,True,0.9995889007634088,0.00041109923659123434
0.722351758032472,0.722351758032472,True,0.0001920578852551147,0.9998079421147449
0.722351758032472,0.722351758032472,True,0.00017705536152956558,0.9998229446384704
0.722351758032472,0.722351758032472,True,0.0005305835530650116,0.999469416446935
-1.3843670883058157,-1.3843670883058157,True,0.9995646317476629,0.000435368252337181
-1.3843670883058157,-1.3843670883058157,True,0.999703085011662,0.00029691498833792193
-1.3843670883058157,-1.3843670883058157,True,0.999703085011662,0.00029691498833792193
0.722351758032472,0.722351758032472,True,0.00048342570077430924,0.9995165742992257
0.722351758032472,0.722351758032472,True,0.0002018760981575829,0.9997981239018424
0.722351758032472,0.722351758032472,True,0.00021583661233715024,0.9997841633876628
0.722351758032472,0.722351758032472,True,0.013664503879926682,0.9863354961200733
-1.3843670883058157,-1.3843670883058157,True,0.9996974701312461,0.000302529868753942
0.722351758032472,0.722351758032472,True,0.0016860108765942572,0.9983139891234057
0.722351758032472,0.722351758032472,True,0.006498741986449064,0.9935012580135509
0.722351758032472,0.722351758032472,True,0.0005798830876539984,0.999420116912346
0.722351758032472,0.722351758032472,True,0.00028567397633516567,0.9997143260236648
0.722351758032472,0.722351758032472,True,0.0003278959542152293,0.9996721040457848
0.722351758032472,0.722351758032472,True,0.00024313951217447283,0.9997568604878255
0.722351758032472,0.722351758032472,True,0.003146022144044025,0.996853977855956
0.722351758032472,0.722351758032472,True,0.00012055711630598598,0.999879442883694
-1.3843670883058157,-1.3843670883058157,True,0.9997288231303684,0.00027117686963163995
0.722351758032472,0.722351758032472,True,0.0015030751107084628,0.9984969248892915
0.722351758032472,0.722351758032472,True,0.00020631589480601953,0.999793684105194
0.722351758032472,0.722351758032472,True,0.0005841492125139292,0.9994158507874861
-1.3843670883058157,-1.3843670883058157,True,0.9997325436726232,0.00026745632737674416
-1.3843670883058157,-1.3843670883058157,True,0.9995113104157505,0.0004886895842495125
-1.3843670883058157,-1.3843670883058157,True,0.9995488963396372,0.0004511036603628022
0.722351758032472,0.722351758032472,True,0.00043863358078743975,0.9995613664192126
-1.3843670883058157,-1.3843670883058157,True,0.9996385848354636,0.0003614151645363154
0.722351758032472,0.722351758032472,True,0.0003595674534736526,0.9996404325465263
-1.3843670883058157,-1.3843670883058157,True,0.9996620261344672,0.0003379738655328388
0.722351758032472,0.722351758032472,True,0.00021088797665314019,0.9997891120233469
0.722351758032472,0.722351758032472,True,0.00022869046441631458,0.9997713095355837
0.722351758032472,0.722351758032472,True,7.83526117631439e-05,0.9999216473882369
0.722351758032472,0.722351758032472,True,9.198268415278044e-05,0.9999080173158472
0.722351758032472,0.722351758032472,True,0.013975431239015457,0.9860245687609845
0.722351758032472,0.722351758032472,True,0.00019514746808424466,0.9998048525319158
0.722351758032472,0.722351758032472,True,0.0002677725777522344,0.9997322274222478
-1.3843670883058157,-1.3843670883058157,True,0.9996229422606571,0.0003770577393429183
0.722351758032472,0.722351758032472,True,0.00030907640582489293,0.9996909235941751
-1.3843670883058157,-1.3843670883058157,True,0.9996821808909946,0.0003178191090053954
0.722351758032472,0.722351758032472,True,0.00012123330987534597,0.9998787666901247
-1.3843670883058157,-1.3843670883058157,True,0.999537392945481,0.0004626070545188935
0.722351758032472,0.722351758032472,True,0.00012045009739569679,0.9998795499026043
-1.3843670883058157,-1.3843670883058157,True,0.999641697943799,0.0003583020562010136
0.722351758032472,0.722351758032472,True,0.00030906987172107936,0.9996909301282789
-1.3843670883058157,-1.3843670883058157,True,0.999750167404118,0.00024983259588192433
0.722351758032472,0.722351758032472,True,0.0009544908606670122,0.999045509139333
-1.3843670883058157,-1.3843670883058157,True,0.9996769813257766,0.000323018674223336
-1.3843670883058157,-1.3843670883058157,True,0.9996974701312461,0.00030252986875394254
0.722351758032472,0.722351758032472,True,0.00010028707596843045,0.9998997129240316
0.722351758032472,0.722351758032472,True,0.0002399262022273474,0.9997600737977727
0.722351758032472,0.722351758032472,True,0.0007487783350890176,0.999251221664911
0.722351758032472,0.722351758032472,True,0.00022156461838185315,0.9997784353816181
0.722351758032472,0.722351758032472,True,0.0019378059128869474,0.998062194087113
0.722351758032472,0.722351758032472,True,0.00032560248875213027,0.9996743975112479
-1.3843670883058157,-1.3843670883058157,True,0.999693261836257,0.000306738163743034
0.722351758032472,0.722351758032472,True,0.0001604655755047535,0.9998395344244952
-1.3843670883058157,-1.3843670883058157,True,0.999779132882049,0.000220867117950968
0.722351758032472,0.722351758032472,True,9.302485394280247e-05,0.9999069751460572
0.722351758032472,0.722351758032472,True,0.001630984605634267,0.9983690153943657
-1.3843670883058157,-1.3843670883058157,True,0.9996974701312461,0.00030252986875394254
-1.3843670883058157,-1.3843670883058157,True,0.9997513935231349,0.0002486064768650395
-1.3843670883058157,-1.3843670883058157,True,0.9996501552978678,0.00034984470213213193
0.722351758032472,0.722351758032472,True,0.0017089478732262853,0.9982910521267737
-1.3843670883058157,-1.3843670883058157,True,0.999643543004224,0.0003564569957760019
0.722351758032472,0.722351758032472,True,0.00016806857480033965,0.9998319314251997
0.722351758032472,0.722351758032472,True,0.00034031370540588135,0.9996596862945941
0.722351758032472,0.722351758032472,True,0.0001624597574176878,0.9998375402425823
0.722351758032472,0.722351758032472,True,0.001424614705011984,0.998575385294988
-1.3843670883058157,-1.3843670883058157,True,0.999684860360393,0.0003151396396070956
0.722351758032472,0.722351758032472,True,0.005226343252083598,0.9947736567479164
-1.3843670883058157,-1.3843670883058157,True,0.999477037079209,0.000522962920791016
0.722351758032472,0.722351758032472,True,0.0009231320915934482,0.9990768679084066
-1.3843670883058157,-1.3843670883058157,True,0.9996974701312461,0.000302529868753942
0.722351758032472,0.722351758032472,True,0.0005921966525167521,0.9994078033474832
0.722351758032472,0.722351758032472,True,0.0002815451330315799,0.9997184548669684
-1.3843670883058157,-1.3843670883058157,True,0.9996989547980791,0.0003010452019208882
0.722351758032472,0.722351758032472,True,0.0006545604420098439,0.9993454395579902
0.722351758032472,0.722351758032472,True,0.00037160626032584076,0.9996283937396742
-1.3843670883058157,-1.3843670883058157,True,0.9997158945811346,0.00028410541886540524
0.722351758032472,0.722351758032472,True,0.000584124732737834,0.9994158752672622
0.722351758032472,0.722351758032472,True,0.0007839685921804396,0.9992160314078196
0.722351758032472,0.722351758032472,True,0.0001624597574176878,0.9998375402425823
0.722351758032472,0.722351758032472,True,0.0030255559416959565,0.996974444058304
0.722351758032472,0.722351758032472,True,0.0002816482274047294,0.9997183517725953
0.722351758032472,0.722351758032472,True,0.00012648912827406544,0.9998735108717259
-1.3843670883058157,-1.3843670883058157,True,0.9998615735597066,0.0001384264402933908
0.722351758032472,0.722351758032472,True,0.0003035625299702138,0.9996964374700298
0.722351758032472,0.722351758032472,True,0.0015324274972593477,0.9984675725027407
0.722351758032472,0.722351758032472,True,0.00019702527288734117,0.9998029747271127
0.722351758032472,0.722351758032472,True,0.000856045588719212,0.9991439544112808
0.722351758032472,0.722351758032472,True,0.00024092419035115498,0.9997590758096488
-1.3843670883058157,-1.3843670883058157,True,0.9994005263892469,0.0005994736107530407
0.722351758032472,0.722351758032472,True,0.0003519639518445583,0.9996480360481554
0.722351758032472,0.722351758032472,True,0.00011517825654283609,0.9998848217434572
0.722351758032472,0.722351758032472,True,0.00045917976336928845,0.9995408202366307
0.722351758032472,0.722351758032472,True,0.0002706271267501892,0.9997293728732498
-1.3843670883058157,-1.3843670883058157,True,0.9996751703900343,0.0003248296099657093
-1.3843670883058157,-1.3843670883058157,True,0.9993667605033478,0.0006332394966521705
0.722351758032472,0.722351758032472,True,0.0004388295873190007,0.999561170412681
-1.3843670883058157,-1.3843670883058157,True,0.9996600719588598,0.0003399280411402789
0.722351758032472,0.722351758032472,True,0.00039037019834320397,0.9996096298016568
0.722351758032472,0.722351758032472,True,0.0020815020481954605,0.9979184979518045
-1.3843670883058157,-1.3843670883058157,True,0.9996895399496745,0.0003104600503255846
0.722351758032472,0.722351758032472,True,0.00022156461838185315,0.9997784353816181
0.722351758032472,0.722351758032472,True,0.001795336150255178,0.9982046638497448
0.722351758032472,0.722351758032472,True,0.0004810292381179915,0.999518970761882
0.722351758032472,0.722351758032472,True,0.000253334589685017,0.999746665410315
0.722351758032472,0.722351758032472,True,0.00024071715751072809,0.9997592828424893
-1.3843670883058157,-1.3843670883058157,True,0.9997325436726232,0.00026745632737674416
-1.3843670883058157,-1.3843670883058157,True,0.9996597628760218,0.0003402371239782435
-1.3843670883058157,-1.3843670883058157,True,0.9997325436726232,0.00026745632737674416
0.722351758032472,0.722351758032472,True,0.0003384833310172697,0.9996615166689827
0.722351758032472,0.722351758032472,True,0.0003513435276335519,0.9996486564723664
0.722351758032472,0.722351758032472,True,0.00039978043880029013,0.9996002195611997
0.722351758032472,0.722351758032472,True,0.0008996736648603232,0.9991003263351397
0.722351758032472,0.722351758032472,True,0.0002279901882757951,0.9997720098117242
0.722351758032472,0.722351758032472,True,0.00048380998927333163,0.9995161900107267
-1.3843670883058157,-1.3843670883058157,True,0.9996151487205152,0.0003848512794848706
0.722351758032472,0.722351758032472,True,0.0004111694958752743,0.9995888305041247
0.722351758032472,0.722351758032472,True,0.026175106189721742,0.9738248938102783
-1.3843670883058157,-1.3843670883058157,True,0.9995064867819772,0.0004935132180227912
0.722351758032472,0.722351758032472,True,9.394040928034642e-05,0.9999060595907197
0.722351758032472,0.722351758032472,True,0.00032916693711237954,0.9996708330628876
-1.3843670883058157,-1.3843670883058157,True,0.9995574004495886,0.00044259955041137534
0.722351758032472,0.722351758032472,True,0.00017588507327204184,0.999824114926728
0.722351758032472,0.722351758032472,True,0.0002391153564151871,0.9997608846435848
-1.3843670883058157,-1.3843670883058157,True,0.9993045024147529,0.0006954975852471587
-1.3843670883058157,-1.3843670883058157,True,0.9996403033936277,0.00035969660637227504
-1.3843670883058157,-1.3843670883058157,True,0.9996653124424307,0.0003346875575693059
0.722351758032472,0.722351758032472,True,0.00025314454151259547,0.9997468554584874
0.722351758032472,0.722351758032472,True,0.00017588507327204184,0.999824114926728
-1.3843670883058157,-1.3843670883058157,True,0.9995881906088159,0.0004118093911840885
-1.3843670883058157,-1.3843670883058157,True,0.9995516350412145,0.00044836495878553814
0.722351758032472,0.722351758032472,True,0.0003513435276335519,0.9996486564723664
0.722351758032472,0.722351758032472,True,0.0002495411552410065,0.999750458844759
0.722351758032472,0.722351758032472,True,0.00012492644751882498,0.9998750735524812
-1.3843670883058157,-1.3843670883058157,True,0.999540962164037,0.00045903783596303797
0.722351758032472,0.722351758032472,True,0.0016825167225854587,0.9983174832774145
-1.3843670883058157,-1.3843670883058157,True,0.9997288231303684,0.00027117686963163995
0.722351758032472,0.722351758032472,True,0.0008552430510072595,0.9991447569489927
0.722351758032472,0.722351758032472,True,0.0001889187235719625,0.999811081276428
0.722351758032472,0.722351758032472,True,0.0002274990762242135,0.9997725009237758
0.722351758032472,0.722351758032472,True,0.0007487783350890176,0.999251221664911
0.722351758032472,0.722351758032472,True,0.00029460521292623554,0.9997053947870738
-1.3843670883058157,-1.3843670883058157,True,0.9997548044759161,0.00024519552408380806
0.722351758032472,0.722351758032472,True,0.00016265781208746333,0.9998373421879125
-1.3843670883058157,-1.3843670883058157,True,0.9995662336119516,0.00043376638804842757
-1.3843670883058157,-1.3843670883058157,True,0.9996526357555154,0.0003473642444845684
0.722351758032472,0.722351758032472,True,0.00038125222887919197,0.9996187477711208
-1.3843670883058157,-1.3843670883058157,True,0.9993066843867872,0.0006933156132128871
0.722351758032472,0.722351758032472,True,0.002660311470370047,0.99733968852963
0.722351758032472,0.722351758032472,True,0.134199107983907,0.865800892016093
0.722351758032472,0.722351758032472,True,0.004431906537866626,0.9955680934621334
0.722351758032472,0.722351758032472,True,0.0010371841894627476,0.9989628158105373
-1.3843670883058157,-1.3843670883058157,True,0.9997119425027599,0.0002880574972402001
0.722351758032472,0.722351758032472,True,0.00010324852790499772,0.999896751472095
0.722351758032472,0.722351758032472,True,0.00029484088184195123,0.999705159118158
-1.3843670883058157,-1.3843670883058157,True,0.9997158945811346,0.00028410541886540524
0.722351758032472,0.722351758032472,True,0.00011629322947381837,0.9998837067705262
-1.3843670883058157,-1.3843670883058157,True,0.9996052369092054,0.00039476309079455884
0.722351758032472,0.722351758032472,True,0.0035158759559523745,0.9964841240440476
-1.3843670883058157,-1.3843670883058157,True,0.999506011983326,0.0004939880166739874
0.722351758032472,0.722351758032472,True,0.0002084321436334191,0.9997915678563666
-1.3843670883058157,-1.3843670883058157,True,0.9997325436726232,0.00026745632737674416
0.722351758032472,0.722351758032472,True,0.007467389910770339,0.9925326100892297
0.722351758032472,0.722351758032472,True,0.00026146690216655166,0.9997385330978334
0.722351758032472,0.722351758032472,True,0.00011517825654283609,0.9998848217434572
0.722351758032472,0.722351758032472,True,0.0022840109087554072,0.9977159890912446
-1.3843670883058157,-1.3843670883058157,True,0.9995186929192403,0.0004813070807597089
-1.3843670883058157,-1.3843670883058157,True,0.999703085011662,0.00029691498833792193
0.722351758032472,0.722351758032472,True,0.00016018050238653103,0.9998398194976135
0.722351758032472,0.722351758032472,True,0.00016974680173742485,0.9998302531982626
-1.3843670883058157,-1.3843670883058157,True,0.9996989547980791,0.0003010452019208882
-1.3843670883058157,-1.3843670883058157,True,0.999703085011662,0.00029691498833792193
0.722351758032472,0.722351758032472,True,0.0019712994025881114,0.9980287005974119
0.722351758032472,0.722351758032472,True,0.0016027841639950635,0.9983972158360049
-1.3843670883058157,-1.3843670883058157,True,0.9997325436726232,0.00026745632737674416
-1.3843670883058157,-1.3843670883058157,True,0.9995602302424257,0.0004397697575743069
0.722351758032472,0.722351758032472,True,0.00020095235277983736,0.9997990476472202
0.722351758032472,0.722351758032472,True,0.0001462469823720891,0.9998537530176279
0.722351758032472,0.722351758032472,True,0.0003330507717975717,0.9996669492282024
0.722351758032472,0.722351758032472,True,0.0014822128385864053,0.9985177871614136
-1.3843670883058157,-1.3843670883058157,True,0.9997228813940573,0.00027711860594271134
0.722351758032472,0.722351758032472,True,0.0005549440094505531,0.9994450559905494
0.722351758032472,0.722351758032472,True,0.0004509577532356701,0.9995490422467643
-1.3843670883058157,-1.3843670883058157,True,0.9996066575098281,0.0003933424901718602
0.722351758032472,0.722351758032472,True,0.00040219137624031287,0.9995978086237597
-1.3843670883058157,-1.3843670883058157,True,0.9997092324037852,0.00029076759621478554
0.722351758032472,0.722351758032472,True,0.0008446667525164875,0.9991553332474835
-1.3843670883058157,-1.3843670883058157,True,0.9996274725071678,0.0003725274928322303
0.722351758032472,0.722351758032472,True,0.0005923926588610184,0.999407607341139
0.722351758032472,0.722351758032472,True,0.0003565277054499161,0.9996434722945501
-1.3843670883058157,-1.3843670883058157,True,0.9996974701312461,0.000302529868753942
0.722351758032472,0.722351758032472,True,0.00013608859126068573,0.9998639114087393
0.722351758032472,0.722351758032472,True,0.00023401519493126965,0.9997659848050687
0.722351758032472,0.722351758032472,True,0.0002664124568214632,0.9997335875431785
0.722351758032472,0.722351758032472,True,0.00020431623583361258,0.9997956837641664
-1.3843670883058157,-1.3843670883058157,True,0.9993938504969366,0.0006061495030633236
-1.3843670883058157,-1.3843670883058157,True,0.999703085011662,0.00029691498833792193
0.722351758032472,0.722351758032472,True,0.0001604655755047535,0.9998395344244952
0.722351758032472,0.722351758032472,True,0.0002806447649843502,0.9997193552350156
0.722351758032472,0.722351758032472,True,0.00026146690216655166,0.9997385330978334
-1.3843670883058157,-1.3843670883058157,True,0.9997119425027599,0.0002880574972402001
0.722351758032472,0.722351758032472,True,0.00031842989997976634,0.9996815701000202
0.722351758032472,0.722351758032472,True,0.00045847023689560285,0.9995415297631044
0.722351758032472,0.722351758032472,True,0.00014035624146468972,0.9998596437585353
0.722351758032472,0.722351758032472,True,0.00025698707176735613,0.9997430129282326
0.722351758032472,0.722351758032472,True,0.00016600376804865036,0.9998339962319513
0.722351758032472,0.722351758032472,True,0.00024845953295715706,0.9997515404670428
0.722351758032472,0.722351758032472,True,0.0009879001024931666,0.9990120998975068
-1.3843670883058157,-1.3843670883058157,True,0.9997548044759161,0.00024519552408380806
-1.3843670883058157,-1.3843670883058157,True,0.999693261836257,0.000306738163743034
0.722351758032472,0.722351758032472,True,0.00026119767057553034,0.9997388023294245
0.722351758032472,0.722351758032472,True,0.0010507074507276615,0.9989492925492723
-1.3843670883058157,-1.3843670883058157,True,0.9995409455952122,0.00045905440478777754
0.722351758032472,0.722351758032472,True,0.00012464197975037283,0.9998753580202496
-1.3843670883058157,-1.3843670883058157,True,0.9997288231303684,0.00027117686963163995
0.722351758032472,0.722351758032472,True,0.00039697193692156407,0.9996030280630784
0.722351758032472,0.722351758032472,True,0.0005763709946792206,0.9994236290053208
0.722351758032472,0.722351758032472,True,0.00022663071689088543,0.9997733692831091
0.722351758032472,0.722351758032472,True,0.000159778866643423,0.9998402211333566
0.722351758032472,0.722351758032472,True,0.00032531195606899654,0.999674688043931
0.722351758032472,0.722351758032472,True,0.00010622420090045104,0.9998937757990995
0.722351758032472,0.722351758032472,True,0.00024334544349990939,0.9997566545565001
-1.3843670883058157,-1.3843670883058157,True,0.9996204282816854,0.00037957171831455924
0.722351758032472,0.722351758032472,True,0.00024785232292423576,0.9997521476770758
-1.3843670883058157,-1.3843670883058157,True,0.9993868729743416,0.0006131270256583967
0.722351758032472,0.722351758032472,True,0.00018488559254481451,0.9998151144074552
-1.3843670883058157,-1.3843670883058157,True,0.9994996243111238,0.0005003756888761655
-1.3843670883058157,-1.3843670883058157,True,0.9996523822610602,0.0003476177389397518
0.722351758032472,0.722351758032472,True,0.0007024032298789118,0.9992975967701211
-1.3843670883058157,-1.3843670883058157,True,0.9993754454356633,0.0006245545643366935
0.722351758032472,0.722351758032472,True,0.00020288402984280918,0.9997971159701572
0.722351758032472,0.722351758032472,True,0.0008939073652763918,0.9991060926347236
0.722351758032472,0.722351758032472,True,0.0024389245321194686,0.9975610754678805
0.722351758032472,0.722351758032472,True,0.00020039771649527083,0.9997996022835047
0.722351758032472,0.722351758032472,True,0.000258464279818571,0.9997415357201814
0.722351758032472,0.722351758032472,True,0.0010297894232565996,0.9989702105767434
0.722351758032472,0.722351758032472,True,0.0006621696811971445,0.9993378303188029
-1.3843670883058157,-1.3843670883058157,True,0.9997119425027599,0.0002880574972402001
-1.3843670883058157,-1.3843670883058157,True,0.9996151487205152,0.0003848512794848706
0.722351758032472,0.722351758032472,True,0.00045180862084970297,0.9995481913791503
-1.3843670883058157,-1.3843670883058157,True,0.9997043379341567,0.0002956620658433058
0.722351758032472,0.722351758032472,True,0.00010550099970974003,0.9998944990002903
-1.3843670883058157,-1.3843670883058157,True,0.9996248729650581,0.00037512703494193195
0.722351758032472,0.722351758032472,True,0.0005059742755642027,0.9994940257244358
-1.3843670883058157,-1.3843670883058157,True,0.9997325436726232,0.00026745632737674416
0.722351758032472,0.722351758032472,True,0.0002944527583061962,0.9997055472416938
0.722351758032472,0.722351758032472,True,0.00014881050843718047,0.9998511894915628
-1.3843670883058157,-1.3843670883058157,True,0.9995920947707494,0.00040790522925059016
0.722351758032472,0.722351758032472,True,0.0006912520658453047,0.9993087479341547
-1.3843670883058157,-1.3843670883058157,True,0.9997158945811346,0.00028410541886540524
0.722351758032472,0.722351758032472,True,0.0001624597574176878,0.9998375402425823
0.722351758032472,0.722351758032472,True,0.0003595674534736526,0.9996404325465263
-1.3843670883058157,-1.3843670883058157,True,0.9997119425027599,0.0002880574972402001
0.722351758032472,0.722351758032472,True,0.00022095690401835455,0.9997790430959816
0.722351758032472,0.722351758032472,True,0.00010760003596843593,0.9998923999640316
0.722351758032472,0.722351758032472,True,0.00035243673381790686,0.9996475632661821
0.722351758032472,0.722351758032472,True,0.00026203329526319763,0.9997379667047368
0.722351758032472,0.722351758032472,True,0.000256439198565217,0.9997435608014348
-1.3843670883058157,-1.3843670883058157,True,0.9997320085343688,0.00026799146563115915
-1.3843670883058157,-1.3843670883058157,True,0.9993449575443032,0.0006550424556967738
-1.3843670883058157,-1.3843670883058157,True,0.9996989547980791,0.0003010452019208882
0.722351758032472,0.722351758032472,True,0.001995776436011343,0.9980042235639887
0.722351758032472,0.722351758032472,True,0.0004285276963377216,0.9995714723036623
0.722351758032472,0.722351758032472,True,0.00010031436070234712,0.9998996856392977
0.722351758032472,0.722351758032472,True,0.0002806447649843502,0.9997193552350156
-1.3843670883058157,-1.3843670883058157,True,0.999728804873451,0.0002711951265490226
0.722351758032472,0.722351758032472,True,0.00012736111205047251,0.9998726388879495
-1.3843670883058157,-1.3843670883058157,True,0.9994866090523397,0.0005133909476603279
0.722351758032472,0.722351758032472,True,0.00024579788255829627,0.9997542021174417
0.722351758032472,0.722351758032472,True,0.00012832964352749165,0.9998716703564725
0.722351758032472,0.722351758032472,True,0.0006771674187865395,0.9993228325812135
0.722351758032472,0.722351758032472,True,0.000226600695287682,0.9997733993047123
0.722351758032472,0.722351758032472,True,0.00013160819290714,0.9998683918070929
0.722351758032472,0.722351758032472,True,0.0006674749509351097,0.9993325250490649
-1.3843670883058157,-1.3843670883058157,True,0.999549681629021,0.00045031837097902154
-1.3843670883058157,-1.3843670883058157,True,0.9997158945811346,0.00028410541886540524
-1.3843670883058157,-1.3843670883058157,True,0.9995720798974851,0.00042792010251486724
0.722351758032472,0.722351758032472,True,0.00039598573184962405,0.9996040142681504
0.722351758032472,0.722351758032472,True,0.000182910074839171,0.9998170899251608
-1.3843670883058157,-1.3843670883058157,True,0.9996989547980791,0.0003010452019208882
0.722351758032472,0.722351758032472,True,0.000258740331815277,0.9997412596681847
0.722351758032472,0.722351758032472,True,0.0020968429801707655,0.9979031570198292
-1.3843670883058157,-1.3843670883058157,True,0.9994348357664974,0.0005651642335025949
-1.3843670883058157,-1.3843670883058157,True,0.9997158945811346,0.00028410541886540524
0.722351758032472,0.722351758032472,True,0.00020095235277983736,0.9997990476472202
0.722351758032472,0.722351758032472,True,0.0007267835566515668,0.9992732164433484
0.722351758032472,0.722351758032472,True,0.0002974975048213313,0.9997025024951787
-1.3843670883058157,-1.3843670883058157,True,0.9997777631817342,0.00022223681826580156
-1.3843670883058157,-1.3843670883058157,True,0.9997051876778197,0.000294812322180342
0.722351758032472,0.722351758032472,True,0.0003030930614535965,0.9996969069385464
-1.3843670883058157,-1.3843670883058157,True,0.9996290370717928,0.00037096292820717444
0.722351758032472,0.722351758032472,True,0.0005444185284664282,0.9994555814715336
-1.3843670883058157,-1.3843670883058157,True,0.9996974701312461,0.00030252986875394254
0.722351758032472,0.722351758032472,True,0.006882683072077067,0.9931173169279229
0.722351758032472,0.722351758032472,True,0.0007974802021828431,0.9992025197978172
-1.3843670883058157,-1.3843670883058157,True,0.9995634718812885,0.000436528118711498
0.722351758032472,0.722351758032472,True,0.00026366496677932005,0.9997363350332207
0.722351758032472,0.722351758032472,True,0.0003174730417540017,0.999682526958246
0.722351758032472,0.722351758032472,True,0.00021064265001335958,0.9997893573499866
-1.3843670883058157,-1.3843670883058157,True,0.9997548044759161,0.00024519552408380806
0.722351758032472,0.722351758032472,True,0.00015665304686496295,0.999843346953135
0.722351758032472,0.722351758032472,True,0.00027145568919972884,0.9997285443108003
-1.3843670883058157,-1.3843670883058157,True,0.9996597628760218,0.0003402371239782435
0.722351758032472,0.722351758032472,True,0.0002433431416938303,0.9997566568583062
0.722351758032472,0.722351758032472,True,0.00043123708040826436,0.9995687629195917
0.722351758032472,0.722351758032472,True,0.00031931454557387884,0.9996806854544261
0.722351758032472,0.722351758032472,True,0.0005219442786934536,0.9994780557213065
0.722351758032472,0.722351758032472,True,0.00037915542700117655,0.9996208445729988
0.722351758032472,0.722351758032472,True,0.0003361965091895902,0.9996638034908104
0.722351758032472,0.722351758032472,True,0.0003127624519027039,0.9996872375480973
-1.3843670883058157,-1.3843670883058157,True,0.9995494661469995,0.00045053385300056675
0.722351758032472,0.722351758032472,True,0.0003405857279527025,0.9996594142720473
0.722351758032472,0.722351758032472,True,0.0003870869793944909,0.9996129130206055
-1.3843670883058157,-1.3843670883058157,True,0.9997119425027599,0.0002880574972402001
0.722351758032472,0.722351758032472,True,0.00028269820392679,0.9997173017960732
0.722351758032472,0.722351758032472,True,0.00018163924677738752,0.9998183607532226
0.722351758032472,0.722351758032472,True,0.0003039413639452926,0.9996960586360547
0.722351758032472,0.722351758032472,True,0.00030900189881211126,0.9996909981011879
0.722351758032472,0.722351758032472,True,0.0002575245221942968,0.9997424754778057
-1.3843670883058157,-1.3843670883058157,True,0.9994808140391233,0.0005191859608767341
0.722351758032472,0.722351758032472,True,0.0028516528678489417,0.9971483471321511
0.722351758032472,0.722351758032472,True,0.0007445849979597075,0.9992554150020403
0.722351758032472,0.722351758032472,True,0.00023487042434655603,0.9997651295756534
0.722351758032472,0.722351758032472,True,0.00021054187678071212,0.9997894581232193
0.722351758032472,0.722351758032472,True,0.00014315692500088684,0.9998568430749991
0.722351758032472,0.722351758032472,True,0.003838909338834351,0.9961610906611656
-1.3843670883058157,-1.3843670883058157,True,0.9996644306058066,0.00033556939419346636
0.722351758032472,0.722351758032472,True,0.0002730716586498705,0.9997269283413501
0.722351758032472,0.722351758032472,True,0.00035688733244632065,0.9996431126675537
0.722351758032472,0.722351758032472,True,0.003350694721294567,0.9966493052787054
0.722351758032472,0.722351758032472,True,0.0004521175471704497,0.9995478824528296
-1.3843670883058157,-1.3843670883058157,True,0.9996204282816854,0.00037957171831455924
0.722351758032472,0.722351758032472,True,0.0006196191965396336,0.9993803808034604
0.722351758032472,0.722351758032472,True,0.0003464605827913081,0.9996535394172087
0.722351758032472,0.722351758032472,True,0.015628795856762023,0.984371204143238
0.722351758032472,0.722351758032472,True,0.0005701588816381387,0.9994298411183619
-1.3843670883058157,-1.3843670883058157,True,0.9997325436726232,0.00026745632737674416
0.722351758032472,0.722351758032472,True,0.0002310950166392045,0.9997689049833608
0.722351758032472,0.722351758032472,True,0.0005012337147844992,0.9994987662852155
0.722351758032472,0.722351758032472,True,0.000207914551347943,0.9997920854486521
-1.3843670883058157,-1.3843670883058157,True,0.9995735104040263,0.00042648959597366593
0.722351758032472,0.722351758032472,True,0.0013989110889082168,0.9986010889110918
-1.3843670883058157,-1.3843670883058157,True,0.9996108152988444,0.00038918470115558844
-1.3843670883058157,-1.3843670883058157,True,0.999693261836257,0.000306738163743034
0.722351758032472,0.722351758032472,True,0.0005362549213043799,0.9994637450786956
-1.3843670883058157,-1.3843670883058157,True,0.9994269762308438,0.0005730237691562323
0.722351758032472,0.722351758032472,True,0.0003350790042314644,0.9996649209957685
0.722351758032472,0.722351758032472,True,0.0013353374583875421,0.9986646625416125
-1.3843670883058157,-1.3843670883058157,True,0.999750167404118,0.00024983259588192433
0.722351758032472,0.722351758032472,True,0.0003236637035429757,0.999676336296457
0.722351758032472,0.722351758032472,True,0.000171281424174774,0.9998287185758252
0.722351758032472,0.722351758032472,True,0.00030071160045730405,0.9996992883995427
-1.3843670883058157,-1.3843670883058157,True,0.9996274725071678,0.0003725274928322303
0.722351758032472,0.722351758032472,True,0.0006021458541348723,0.9993978541458651
-1.3843670883058157,-1.3843670883058157,True,0.9992407534359964,0.0007592465640036607
0.722351758032472,0.722351758032472,True,0.00041603126096156906,0.9995839687390384
0.722351758032472,0.722351758032472,True,0.00042306798940394685,0.999576932010596
0.722351758032472,0.722351758032472,True,0.0032038790592597843,0.9967961209407402
0.722351758032472,0.722351758032472,True,0.0009104964732561394,0.9990895035267439
0.722351758032472,0.722351758032472,True,0.00047282619242505763,0.9995271738075749
0.722351758032472,0.722351758032472,True,0.00024826484784246095,0.9997517351521575
-1.3843670883058157,-1.3843670883058157,True,0.9997653832769339,0.0002346167230661058
0.722351758032472,0.722351758032472,True,0.00028166886915070855,0.9997183311308493
0.722351758032472,0.722351758032472,True,0.00012695054310440934,0.9998730494568956
0.722351758032472,0.722351758032472,True,0.0004396074842039077,0.9995603925157961
0.722351758032472,0.722351758032472,True,0.0005078731441852113,0.9994921268558148
0.722351758032472,0.722351758032472,True,0.00041681625670964007,0.9995831837432904
0.722351758032472,0.722351758032472,True,0.00026611016304967094,0.9997338898369503
0.722351758032472,0.722351758032472,True,0.0009144326756610477,0.999085567324339
0.722351758032472,0.722351758032472,True,0.0002677184024507673,0.9997322815975492
-1.3843670883058157,-1.3843670883058157,True,0.9997565409689679,0.00024345903103204202
-1.3843670883058157,-1.3843670883058157,True,0.9997429426468059,0.0002570573531941688
0.722351758032472,0.722351758032472,True,0.00026157742488874813,0.9997384225751113
0.722351758032472,0.722351758032472,True,0.0005790816423594247,0.9994209183576406
0.722351758032472,0.722351758032472,True,0.0003237362358988749,0.9996762637641011
-1.3843670883058157,-1.3843670883058157,True,0.9995554424215086,0.00044455757849139974
0.722351758032472,0.722351758032472,True,0.00027096480586719096,0.9997290351941328
0.722351758032472,0.722351758032472,True,0.000493204250562429,0.9995067957494376
0.722351758032472,0.722351758032472,True,0.000244454418500073,0.9997555455814999
0.722351758032472,0.722351758032472,True,0.0002784132686131091,0.9997215867313869
0.722351758032472,0.722351758032472,True,0.00024368188493140153,0.9997563181150686
0.722351758032472,0.722351758032472,True,0.00014391944516012334,0.9998560805548399
-1.3843670883058157,-1.3843670883058157,True,0.9997325436726232,0.00026745632737674416
0.722351758032472,0.722351758032472,True,0.0002806447649843502,0.9997193552350156
0.722351758032472,0.722351758032472,True,0.0002009206915576378,0.9997990793084424
0.722351758032472,0.722351758032472,True,0.00022900073633513873,0.9997709992636649
-1.3843670883058157,-1.3843670883058157,True,0.9996151487205152,0.0003848512794848706
-1.3843670883058157,-1.3843670883058157,True,0.9996597628760218,0.0003402371239782435
0.722351758032472,0.722351758032472,True,0.00017405134954207035,0.9998259486504579
0.722351758032472,0.722351758032472,True,0.00021881986689498145,0.999781180133105
-1.3843670883058157,-1.3843670883058157,True,0.999475778288692,0.0005242217113079102
-1.3843670883058157,-1.3843670883058157,True,0.9997073978121576,0.0002926021878424824
0.722351758032472,0.722351758032472,True,0.0016378575323779954,0.998362142467622
0.722351758032472,0.722351758032472,True,0.00011769095689617703,0.9998823090431038
0.722351758032472,0.722351758032472,True,0.00022161527576236573,0.9997783847242376
0.722351758032472,0.722351758032472,True,0.0004645854620743961,0.9995354145379256
0.722351758032472,0.722351758032472,True,0.00012439556363141868,0.9998756044363686
-1.3843670883058157,-1.3843670883058157,True,0.9997073978121576,0.0002926021878424824
0.722351758032472,0.722351758032472,True,0.0002513520080162923,0.9997486479919837
0.722351758032472,0.722351758032472,True,0.00041371360975483995,0.9995862863902452
-1.3843670883058157,-1.3843670883058157,True,0.999703085011662,0.00029691498833792193
0.722351758032472,0.722351758032472,True,0.00027862922195598383,0.999721370778044
-1.3843670883058157,-1.3843670883058157,True,0.999526361521351,0.0004736384786490161
0.722351758032472,0.722351758032472,True,0.0003009733224589306,0.9996990266775411
0.722351758032472,0.722351758032472,True,0.0001310782408893152,0.9998689217591107
0.722351758032472,0.722351758032472,True,0.00010623117815278249,0.9998937688218472
0.722351758032472,0.722351758032472,True,0.00018723259007813464,0.9998127674099219
0.722351758032472,0.722351758032472,True,0.00022318587256631162,0.9997768141274337
0.722351758032472,0.722351758032472,True,0.0001497280175111193,0.9998502719824889
0.722351758032472,0.722351758032472,True,0.0001420765047358552,0.9998579234952641
0.722351758032472,0.722351758032472,True,0.0004033711792408301,0.9995966288207592
0.722351758032472,0.722351758032472,True,0.012407801262708018,0.987592198737292
0.722351758032472,0.722351758032472,True,0.00029006314653767795,0.9997099368534623
-1.3843670883058157,-1.3843670883058157,True,0.9997060307802499,0.00029396921975011377
0.722351758032472,0.722351758032472,True,0.0003072169635460753,0.9996927830364539
0.722351758032472,0.722351758032472,True,0.00014881050843718047,0.9998511894915628
-1.3843670883058157,-1.3843670883058157,True,0.9996974701312461,0.000302529868753942
0.722351758032472,0.722351758032472,True,8.006199728693986e-05,0.9999199380027131
0.722351758032472,0.722351758032472,True,0.00037844133155484627,0.9996215586684452
-1.3843670883058157,-1.3843670883058157,True,0.9996222908889291,0.00037770911107095983
0.722351758032472,0.722351758032472,True,0.001206287239856385,0.9987937127601436
-1.3843670883058157,-1.3843670883058157,True,0.999703085011662,0.00029691498833792193
0.722351758032472,0.722351758032472,True,0.0013816329744120726,0.9986183670255879
-1.3843670883058157,-1.3843670883058157,True,0.999703085011662,0.00029691498833792193
0.722351758032472,0.722351758032472,True,0.0013642050942652695,0.9986357949057347
0.722351758032472,0.722351758032472,True,0.0003576205709686642,0.9996423794290313
-1.3843670883058157,-1.3843670883058157,True,0.9996281149463498,0.0003718850536501127
0.722351758032472,0.722351758032472,True,0.00029070614939230577,0.9997092938506077
0.722351758032472,0.722351758032472,True,0.0004951202950511657,0.9995048797049488
0.722351758032472,0.722351758032472,True,0.0003814461850314421,0.9996185538149686
0.722351758032472,0.722351758032472,True,0.0002267518530458812,0.9997732481469541
0.722351758032472,0.722351758032472,True,0.0003990022652032854,0.9996009977347967
-1.3843670883058157,-1.3843670883058157,True,0.9996769813257766,0.000323018674223336
0.722351758032472,0.722351758032472,True,0.0014449818909122447,0.9985550181090878
0.722351758032472,0.722351758032472,True,0.0043741943891332236,0.9956258056108668
-1.3843670883058157,-1.3843670883058157,True,0.9995269597798868,0.0004730402201131878
0.722351758032472,0.722351758032472,True,0.00011517825654283609,0.9998848217434572
0.722351758032472,0.722351758032472,True,0.0005763994969664177,0.9994236005030336
0.722351758032472,0.722351758032472,True,0.0004716434825906557,0.9995283565174093
-1.3843670883058157,-1.3843670883058157,True,0.9997251751289297,0.00027482487107033783
0.722351758032472,0.722351758032472,True,0.0007174536284669797,0.999282546371533
0.722351758032472,0.722351758032472,True,0.03216178394169211,0.9678382160583079
-1.3843670883058157,-1.3843670883058157,True,0.9994569704451169,0.0005430295548831096
0.722351758032472,0.722351758032472,True,0.0392963432909611,0.9607036567090389
-1.3843670883058157,-1.3843670883058157,True,0.9995847472434793,0.0004152527565206351
-1.3843670883058157,-1.3843670883058157,True,0.999548506411642,0.0004514935883580577
0.722351758032472,0.722351758032472,True,0.0002009206915576378,0.9997990793084424
-1.3843670883058157,-1.3843670883058157,True,0.9995675785322671,0.0004324214677328732
0.722351758032472,0.722351758032472,True,0.005962702053540991,0.994037297946459
-1.3843670883058157,-1.3843670883058157,True,0.999594723939796,0.0004052760602039734
-1.3843670883058157,-1.3843670883058157,True,0.9996690277983966,0.000330972201603354
0.722351758032472,0.722351758032472,True,0.00019615355559443604,0.9998038464444056
0.722351758032472,0.722351758032472,True,0.00026611016304967094,0.9997338898369503
0.722351758032472,0.722351758032472,True,0.00026185815685642044,0.9997381418431436
-1.3843670883058157,-1.3843670883058157,True,0.9993580085376749,0.0006419914623251
-1.3843670883058157,-1.3843670883058157,True,0.9996597628760218,0.0003402371239782435
0.722351758032472,0.722351758032472,True,0.000328759907752163,0.9996712400922478
0.722351758032472,0.722351758032472,True,0.0006489864711101134,0.9993510135288899
-1.3843670883058157,-1.3843670883058157,True,0.9996189995280282,0.0003810004719718122
0.722351758032472,0.722351758032472,True,0.003885690206604786,0.9961143097933952
-1.3843670883058157,-1.3843670883058157,True,0.9996974701312461,0.000302529868753942
0.722351758032472,0.722351758032472,True,0.00013632303006771984,0.9998636769699323
0.722351758032472,0.722351758032472,True,0.0007478987563721562,0.9992521012436278
0.722351758032472,0.722351758032472,True,7.83526117631439e-05,0.9999216473882369
0.722351758032472,0.722351758032472,True,0.0004993820733407706,0.9995006179266592
0.722351758032472,0.722351758032472,True,0.0004221007683421485,0.9995778992316579
0.722351758032472,0.722351758032472,True,0.00023401519493126965,0.9997659848050687
0.722351758032472,0.722351758032472,True,0.0003057081542178208,0.9996942918457822
0.722351758032472,0.722351758032472,True,0.0001851809334376675,0.9998148190665623
0.722351758032472,0.722351758032472,True,0.001427957940321023,0.998572042059679
-1.3843670883058157,-1.3843670883058157,True,0.9996371427243445,0.00036285727565551817
-1.3843670883058157,-1.3843670883058157,True,0.999467588867699,0.0005324111323009699
0.722351758032472,0.722351758032472,True,8.740602276824383e-05,0.9999125939772318
0.722351758032472,0.722351758032472,True,0.0005582721929551226,0.9994417278070449
0.722351758032472,0.722351758032472,True,0.016272692141638845,0.9837273078583612
0.722351758032472,0.722351758032472,True,0.00012108132506183367,0.9998789186749382
0.722351758032472,0.722351758032472,True,9.784466383788715e-05,0.9999021553361621
0.722351758032472,0.722351758032472,True,0.00011517825654283609,0.9998848217434572
0.722351758032472,0.722351758032472,True,0.0002478085303914135,0.9997521914696086
0.722351758032472,0.722351758032472,True,0.0001243077206449783,0.999875692279355
0.722351758032472,0.722351758032472,True,0.001591194611085367,0.9984088053889146
-1.3843670883058157,-1.3843670883058157,True,0.999703085011662,0.00029691498833792193
0.722351758032472,0.722351758032472,True,0.00040174144773608145,0.9995982585522639
0.722351758032472,0.722351758032472,True,0.00018878693469903673,0.999811213065301
0.722351758032472,0.722351758032472,True,0.00016600376804865036,0.9998339962319513
-1.3843670883058157,-1.3843670883058157,True,0.9996229422606571,0.0003770577393429183
-1.3843670883058157,-1.3843670883058157,True,0.9997146290416147,0.0002853709583852809
-1.3843670883058157,-1.3843670883058157,True,0.9997158945811346,0.00028410541886540524
0.722351758032472,0.722351758032472,True,0.0002354855780862808,0.9997645144219137
0.722351758032472,0.722351758032472,True,0.00019867094106329475,0.9998013290589367
0.722351758032472,0.722351758032472,True,0.00032835314026202767,0.999671646859738
-1.3843670883058157,-1.3843670883058157,True,0.9996815648727849,0.0003184351272151258
0.722351758032472,0.722351758032472,True,0.0011524035906210761,0.9988475964093789
0.722351758032472,0.722351758032472,True,0.00023187316121886514,0.9997681268387811
0.722351758032472,0.722351758032472,True,0.001879019632828438,0.9981209803671716
0.722351758032472,0.722351758032472,True,0.0007116198078218616,0.9992883801921781
0.722351758032472,0.722351758032472,True,0.00018488559254481451,0.9998151144074552
0.722351758032472,0.722351758032472,True,0.0002816482274047294,0.9997183517725953
0.722351758032472,0.722351758032472,True,0.00021735196503924747,0.9997826480349608
0.722351758032472,0.722351758032472,True,0.00028166886915070855,0.9997183311308493
0.722351758032472,0.722351758032472,True,0.00011081640112420299,0.9998891835988758
0.722351758032472,0.722351758032472,True,0.00028662453805694543,0.999713375461943
0.722351758032472,0.722351758032472,True,0.0002883871076027056,0.9997116128923973
0.722351758032472,0.722351758032472,True,0.00017841299466392346,0.9998215870053361
-1.3843670883058157,-1.3843670883058157,True,0.9995618791906018,0.0004381208093981707
0.722351758032472,0.722351758032472,True,0.0014094240545738934,0.9985905759454261
-1.3843670883058157,-1.3843670883058157,True,0.9996769813257766,0.000323018674223336
-1.3843670883058157,-1.3843670883058157,True,0.9994888345375513,0.0005111654624486633
0.722351758032472,0.722351758032472,True,0.0001821020476103774,0.9998178979523896
-1.3843670883058157,-1.3843670883058157,True,0.9994028664429333,0.0005971335570666728
-1.3843670883058157,-1.3843670883058157,True,0.9996769813257766,0.000323018674223336
0.722351758032472,0.722351758032472,True,0.00010324852790499772,0.999896751472095
-1.3843670883058157,-1.3843670883058157,True,0.9997548044759161,0.00024519552408380806
0.722351758032472,0.722351758032472,True,0.0008143286154154161,0.9991856713845846
-1.3843670883058157,-1.3843670883058157,True,0.9994763757160274,0.0005236242839725418
0.722351758032472,0.722351758032472,True,0.00035911292668033834,0.9996408870733197
-1.3843670883058157,-1.3843670883058157,True,0.999618517628624,0.0003814823713760063
0.722351758032472,0.722351758032472,True,0.0007616594948944844,0.9992383405051055
0.722351758032472,0.722351758032472,True,0.0005228145287539121,0.9994771854712461
0.722351758032472,0.722351758032472,True,0.0004489785593255746,0.9995510214406744
0.722351758032472,0.722351758032472,True,0.0010116448902171005,0.9989883551097829
0.722351758032472,0.722351758032472,True,0.00019615355559443604,0.9998038464444056
-1.3843670883058157,-1.3843670883058157,True,0.9997288231303684,0.00027117686963163995
0.722351758032472,0.722351758032472,True,0.001061999218994636,0.9989380007810054
-1.3843670883058157,-1.3843670883058157,True,0.9995617639214212,0.0004382360785788671
0.722351758032472,0.722351758032472,True,0.00029627587027480917,0.9997037241297252
0.722351758032472,0.722351758032472,True,0.0003926927895333554,0.9996073072104666
0.722351758032472,0.722351758032472,True,0.0003809062960006271,0.9996190937039994
0.722351758032472,0.722351758032472,True,0.00019360581620697648,0.999806394183793
-1.3843670883058157,-1.3843670883058157,True,0.9996600719588598,0.0003399280411402789
0.722351758032472,0.722351758032472,True,0.000428662413166081,0.9995713375868339
0.722351758032472,0.722351758032472,True,0.39092225272548553,0.6090777472745145
0.722351758032472,0.722351758032472,True,0.00021054187678071212,0.9997894581232193
0.722351758032472,0.722351758032472,True,0.0002585929368488227,0.9997414070631512
0.722351758032472,0.722351758032472,True,8.006199728693986e-05,0.9999199380027131
-1.3843670883058157,-1.3843670883058157,True,0.9997119425027599,0.0002880574972402001
0.722351758032472,0.722351758032472,True,0.0001790051964726258,0.9998209948035274
0.722351758032472,0.722351758032472,True,0.0003966020323479258,0.9996033979676521
-1.3843670883058157,-1.3843670883058157,True,0.9996989547980791,0.0003010452019208882
0.722351758032472,0.722351758032472,True,0.000258464279818571,0.9997415357201814
-1.3843670883058157,-1.3843670883058157,True,0.9996379512603506,0.00036204873964943584
-1.3843670883058157,-1.3843670883058157,True,0.9997288231303684,0.00027117686963163995
0.722351758032472,0.722351758032472,True,0.00026668359627812777,0.9997333164037219
0.722351758032472,0.722351758032472,True,0.00016600376804865036,0.9998339962319513
0.722351758032472,0.722351758032472,True,0.0005413594935361754,0.9994586405064638
0.722351758032472,0.722351758032472,True,0.00021054187678071212,0.9997894581232193
0.722351758032472,0.722351758032472,True,0.09579306287354894,0.9042069371264511
-1.3843670883058157,-1.3843670883058157,True,0.9996687432178762,0.00033125678212375843
0.722351758032472,0.722351758032472,True,0.0002633800563066613,0.9997366199436933
-1.3843670883058157,-1.3843670883058157,True,0.9996428933666799,0.0003571066333200803
0.722351758032472,0.722351758032472,True,0.0004448245080196367,0.9995551754919804
-1.3843670883058157,-1.3843670883058157,True,0.9992817125435386,0.0007182874564614284
0.722351758032472,0.722351758032472,True,0.00046429142718251715,0.9995357085728175
0.722351758032472,0.722351758032472,True,0.0002841587846770244,0.999715841215323
0.722351758032472,0.722351758032472,True,0.0011287570020032112,0.9988712429979968
-1.3843670883058157,-1.3843670883058157,True,0.9997190264791643,0.0002809735208357127
0.722351758032472,0.722351758032472,True,0.0003434703487479318,0.9996565296512521
0.722351758032472,0.722351758032472,True,0.0002382752988530079,0.999761724701147
0.722351758032472,0.722351758032472,True,0.00022872771770920952,0.9997712722822908
0.722351758032472,0.722351758032472,True,0.00033210677030548474,0.9996678932296945
0.722351758032472,0.722351758032472,True,0.00021054187678071212,0.9997894581232193
0.722351758032472,0.722351758032472,True,0.000832977400572088,0.9991670225994279
0.722351758032472,0.722351758032472,True,0.0002589824392318363,0.9997410175607682
0.722351758032472,0.722351758032472,True,0.00048038649249448895,0.9995196135075055
0.722351758032472,0.722351758032472,True,0.0002833097095569226,0.9997166902904431
0.722351758032472,0.722351758032472,True,0.00042566797207321816,0.9995743320279268
0.722351758032472,0.722351758032472,True,0.0003598836900993163,0.9996401163099007
0.722351758032472,0.722351758032472,True,0.003717835522565549,0.9962821644774345
-1.3843670883058157,-1.3843670883058157,True,0.9996989547980791,0.0003010452019208882
0.722351758032472,0.722351758032472,True,0.0005511998573116683,0.9994488001426883
0.722351758032472,0.722351758032472,True,0.0002623847909231092,0.9997376152090769
0.722351758032472,0.722351758032472,True,0.0001565202359150586,0.9998434797640849
0.722351758032472,0.722351758032472,True,0.0003513435276335519,0.9996486564723664
0.722351758032472,0.722351758032472,True,0.00019615355559443604,0.9998038464444056
0.722351758032472,0.722351758032472,True,0.0003623747372538677,0.9996376252627461
0.722351758032472,0.722351758032472,True,0.00027834220039724133,0.9997216577996028
0.722351758032472,0.722351758032472,True,0.00018230146865072516,0.9998176985313493
-1.3843670883058157,-1.3843670883058157,True,0.9997010129449819,0.00029898705501810944
0.722351758032472,0.722351758032472,True,0.00011517825654283609,0.9998848217434572
0.722351758032472,0.722351758032472,True,0.00036902324908894,0.9996309767509111
-1.3843670883058157,-1.3843670883058157,True,0.9998020884114758,0.00019791158852419804
0.722351758032472,0.722351758032472,True,0.0002806447649843502,0.9997193552350156
-1.3843670883058157,-1.3843670883058157,True,0.9994839635836716,0.0005160364163283086
0.722351758032472,0.722351758032472,True,0.0015069526689664992,0.9984930473310335
-1.3843670883058157,-1.3843670883058157,True,0.9996974701312461,0.000302529868753942
0.722351758032472,0.722351758032472,True,0.00026146690216655166,0.9997385330978334
-1.3843670883058157,-1.3843670883058157,True,0.9996600719588598,0.0003399280411402789
-1.3843670883058157,-1.3843670883058157,True,0.9995519903516403,0.0004480096483597111
-1.3843670883058157,-1.3843670883058157,True,0.9994545364365788,0.0005454635634212393
-1.3843670883058157,-1.3843670883058157,True,0.9996567768392979,0.0003432231607020822
0.722351758032472,0.722351758032472,True,0.0009231027125741198,0.9990768972874259
-1.3843670883058157,-1.3843670883058157,True,0.9996274725071678,0.00037252749283223
-1.3843670883058157,-1.3843670883058157,True,0.9997325436726232,0.00026745632737674416
0.722351758032472,0.722351758032472,True,0.00028166886915070855,0.9997183311308493
-1.3843670883058157,-1.3843670883058157,True,0.9996229422606571,0.0003770577393429183
0.722351758032472,0.722351758032472,True,0.0003236637035429757,0.999676336296457
-1.3843670883058157,-1.3843670883058157,True,0.9995465116938838,0.0004534883061162383
0.722351758032472,0.722351758032472,True,0.0003978954749866981,0.9996021045250133
-1.3843670883058157,-1.3843670883058157,True,0.9992572360196741,0.0007427639803259248
0.722351758032472,0.722351758032472,True,0.0003475448766636635,0.9996524551233363
-1.3843670883058157,-1.3843670883058157,True,0.999522295710518,0.0004777042894820537
-1.3843670883058157,-1.3843670883058157,True,0.9997325436726232,0.00026745632737674416
-1.3843670883058157,-1.3843670883058157,True,0.9996895399496745,0.0003104600503255846
-1.3843670883058157,-1.3843670883058157,True,0.9996229422606571,0.0003770577393429183
-1.3843670883058157,-1.3843670883058157,True,0.9997288231303684,0.00027117686963163995
0.722351758032472,0.722351758032472,True,0.0001889187235719625,0.999811081276428
-1.3843670883058157,-1.3843670883058157,True,0.9996600719588598,0.0003399280411402789
0.722351758032472,0.722351758032472,True,0.00018840170854106386,0.9998115982914589
-1.3843670883058157,-1.3843670883058157,True,0.9994714732717835,0.0005285267282164872
-1.3843670883058157,-1.3843670883058157,True,0.9996274725071678,0.0003725274928322303
-1.3843670883058157,-1.3843670883058157,True,0.9996385848354636,0.00036141516453631575
0.722351758032472,0.722351758032472,True,0.00035931985187087623,0.9996406801481291
0.722351758032472,0.722351758032472,True,9.439579599501702e-05,0.999905604204005
0.722351758032472,0.722351758032472,True,0.0004050334855608684,0.9995949665144391
-1.3843670883058157,-1.3843670883058157,True,0.9996204282816854,0.00037957171831455924
0.722351758032472,0.722351758032472,True,0.0008568076899566623,0.9991431923100433
0.722351758032472,0.722351758032472,True,0.00010967918678062016,0.9998903208132194
0.722351758032472,0.722351758032472,True,0.007559843425149704,0.9924401565748503
-1.3843670883058157,-1.3843670883058157,True,0.9996974701312461,0.000302529868753942
0.722351758032472,0.722351758032472,True,0.00018878693469903673,0.999811213065301
0.722351758032472,0.722351758032472,True,0.028711966242094378,0.9712880337579056
-1.3843670883058157,-1.3843670883058157,True,0.999461980286504,0.0005380197134959918
-1.3843670883058157,-1.3843670883058157,True,0.9997158945811346,0.00028410541886540524
0.722351758032472,0.722351758032472,True,0.00012389110699795314,0.999876108893002
0.722351758032472,0.722351758032472,True,0.001751809405796445,0.9982481905942036
0.722351758032472,0.722351758032472,True,0.0006022471523303707,0.9993977528476696
-1.3843670883058157,-1.3843670883058157,True,0.9996644306058066,0.00033556939419346636
-1.3843670883058157,-1.3843670883058157,True,0.9996106523920538,0.00038934760794619546
-1.3843670883058157,-1.3843670883058157,True,0.9996974701312461,0.000302529868753942
0.722351758032472,0.722351758032472,True,0.00033445607137727595,0.9996655439286227
-1.3843670883058157,-1.3843670883058157,True,0.999703085011662,0.00029691498833792193
0.722351758032472,0.722351758032472,True,0.00021054187678071212,0.9997894581232193
0.722351758032472,0.722351758032472,True,0.00021294464229737464,0.9997870553577026
-1.3843670883058157,-1.3843670883058157,True,0.9997158945811346,0.00028410541886540524
-1.3843670883058157,-1.3843670883058157,True,0.9996381354868805,0.0003618645131194538
0.722351758032472,0.722351758032472,True,0.00016600376804865036,0.9998339962319513
0.722351758032472,0.722351758032472,True,0.0003499367211942106,0.9996500632788058
-1.3843670883058157,-1.3843670883058157,True,0.9995092436010223,0.0004907563989776325
0.722351758032472,0.722351758032472,True,0.030636462542662612,0.9693635374573374
0.722351758032472,0.722351758032472,True,0.00016907816544553533,0.9998309218345545
-1.3843670883058157,-1.3843670883058157,True,0.9994768011758144,0.0005231988241856259
0.722351758032472,0.722351758032472,True,0.00390766500947437,0.9960923349905256
0.722351758032472,0.722351758032472,True,0.000516168757897062,0.9994838312421029
0.722351758032472,0.722351758032472,True,0.021846385237740518,0.9781536147622595
0.722351758032472,0.722351758032472,True,0.00017759362107006016,0.9998224063789299
0.722351758032472,0.722351758032472,True,0.0008147172263400781,0.9991852827736599
-1.3843670883058157,-1.3843670883058157,True,0.9995034576020525,0.0004965423979475459
-1.3843670883058157,-1.3843670883058157,True,0.999703085011662,0.00029691498833792193
0.722351758032472,0.722351758032472,True,9.849702050690468e-05,0.9999015029794931
0.722351758032472,0.722351758032472,True,0.0004351304545407997,0.9995648695454592
-1.3843670883058157,-1.3843670883058157,True,0.999692358820339,0.00030764117966096155
0.722351758032472,0.722351758032472,True,0.028408117848516268,0.9715918821514837
-1.3843670883058157,-1.3843670883058157,True,0.9997288231303684,0.00027117686963163995
0.722351758032472,0.722351758032472,True,0.0055014949129248425,0.9944985050870752
0.722351758032472,0.722351758032472,True,0.00023728708130710263,0.9997627129186929
-1.3843670883058157,-1.3843670883058157,True,0.9996409162825695,0.0003590837174305724
0.722351758032472,0.722351758032472,True,0.002056939607222974,0.997943060392777
0.722351758032472,0.722351758032472,True,0.0008299030982298339,0.9991700969017702
0.722351758032472,0.722351758032472,True,0.00023050317542183674,0.9997694968245782
0.722351758032472,0.722351758032472,True,0.00040776335672065844,0.9995922366432793
0.722351758032472,0.722351758032472,True,0.00027825026953109955,0.9997217497304689
0.722351758032472,0.722351758032472,True,9.439579599501702e-05,0.999905604204005
0.722351758032472,0.722351758032472,True,0.03490159893539657,0.9650984010646034
-1.3843670883058157,-1.3843670883058157,True,0.9996278320964491,0.00037216790355086603
-1.3843670883058157,-1.3843670883058157,True,0.999703085011662,0.00029691498833792193
0.722351758032472,0.722351758032472,True,0.002073866237744526,0.9979261337622555
0.722351758032472,0.722351758032472,True,0.0003809062960006271,0.9996190937039994
0.722351758032472,0.722351758032472,True,0.000392248951184615,0.9996077510488154
-1.3843670883058157,-1.3843670883058157,True,0.9999845106072665,1.548939273356388e-05
0.722351758032472,0.722351758032472,True,0.00030299076185968943,0.9996970092381403
0.722351758032472,0.722351758032472,True,0.0002825500720687879,0.9997174499279312
0.722351758032472,0.722351758032472,True,0.0003347697956674889,0.9996652302043325
0.722351758032472,0.722351758032472,True,0.0036801929716971937,0.9963198070283028
0.722351758032472,0.722351758032472,True,0.0001624597574176878,0.9998375402425823
0.722351758032472,0.722351758032472,True,0.00013826831895658032,0.9998617316810434
-1.3843670883058157,-1.3843670883058157,True,0.9997228813940573,0.00027711860594271134
0.722351758032472,0.722351758032472,True,0.0006427008212268603,0.9993572991787731
-1.3843670883058157,-1.3843670883058157,True,0.9996644306058066,0.00033556939419346636
0.722351758032472,0.722351758032472,True,0.0004117114736190697,0.9995882885263809
0.722351758032472,0.722351758032472,True,0.023258905028227583,0.9767410949717724
-1.3843670883058157,-1.3843670883058157,True,0.9997288231303684,0.00027117686963163995
-1.3843670883058157,-1.3843670883058157,True,0.9997466919606595,0.0002533080393405124
-1.3843670883058157,-1.3843670883058157,True,0.9996989547980791,0.0003010452019208882
0.722351758032472,0.722351758032472,True,9.947252182340716e-05,0.9999005274781766
-1.3843670883058157,-1.3843670883058157,True,0.9995623515336417,0.0004376484663582953
-1.3843670883058157,-1.3843670883058157,True,0.999750167404118,0.00024983259588192433
0.722351758032472,0.722351758032472,True,0.00031060822591721937,0.9996893917740828
-1.3843670883058157,-1.3843670883058157,True,0.9996724881177964,0.0003275118822035389
-1.3843670883058157,-1.3843670883058157,True,0.9997119425027599,0.0002880574972402001
-1.3843670883058157,-1.3843670883058157,True,0.9997192817400716,0.00028071825992836074
0.722351758032472,0.722351758032472,True,0.00041727646492839554,0.9995827235350716
0.722351758032472,0.722351758032472,True,0.0005173458484605264,0.9994826541515395
0.722351758032472,0.722351758032472,True,0.00021026898508358371,0.9997897310149164
0.722351758032472,0.722351758032472,True,0.00012736111205047251,0.9998726388879495
0.722351758032472,0.722351758032472,True,0.0026361618152473953,0.9973638381847526
0.722351758032472,0.722351758032472,True,0.0003167756708258862,0.9996832243291741
0.722351758032472,0.722351758032472,True,0.0006621696811971445,0.9993378303188029
0.722351758032472,0.722351758032472,True,0.0004388295873190007,0.999561170412681
0.722351758032472,0.722351758032472,True,0.00016194451465945114,0.9998380554853405
-1.3843670883058157,-1.3843670883058157,True,0.9996151487205152,0.0003848512794848706
0.722351758032472,0.722351758032472,True,0.0001790051964726258,0.9998209948035274
0.722351758032472,0.722351758032472,True,0.0008269043995591252,0.9991730956004409
0.722351758032472,0.722351758032472,True,0.0001310782408893152,0.9998689217591107
-1.3843670883058157,-1.3843670883058157,True,0.999643543004224,0.0003564569957760019
0.722351758032472,0.722351758032472,True,0.0002235530536528474,0.9997764469463472
0.722351758032472,0.722351758032472,True,0.00024213293814323578,0.9997578670618568
0.722351758032472,0.722351758032472,True,0.00022237318043383247,0.9997776268195662
0.722351758032472,0.722351758032472,True,0.00045075632382840514,0.9995492436761716
0.722351758032472,0.722351758032472,True,0.0001565202359150586,0.9998434797640849
-1.3843670883058157,-1.3843670883058157,True,0.9995683550773657,0.00043164492263430063
0.722351758032472,0.722351758032472,True,0.00018417590722841215,0.9998158240927716
0.722351758032472,0.722351758032472,True,0.023300183983095413,0.9766998160169046
0.722351758032472,0.722351758032472,True,0.00027856623626143495,0.9997214337637386
-1.3843670883058157,-1.3843670883058157,True,0.9997119425027599,0.0002880574972402001
0.722351758032472,0.722351758032472,True,0.00017573216542343673,0.9998242678345766
-1.3843670883058157,-1.3843670883058157,True,0.9995843888525335,0.00041561114746644837
0.722351758032472,0.722351758032472,True,0.0009528073656996927,0.9990471926343003
-1.3843670883058157,-1.3843670883058157,True,0.9990181116330618,0.0009818883669381908
0.722351758032472,0.722351758032472,True,0.00016600376804865036,0.9998339962319513
-1.3843670883058157,-1.3843670883058157,True,0.9996204282816854,0.00037957171831455924
0.722351758032472,0.722351758032472,True,0.000507792266920104,0.9994922077330799
-1.3843670883058157,-1.3843670883058157,True,0.9995735104040263,0.00042648959597366593
0.722351758032472,0.722351758032472,True,0.001020875704474955,0.998979124295525
0.722351758032472,0.722351758032472,True,0.0006038409517904464,0.9993961590482096
0.722351758032472,0.722351758032472,True,0.0003652789431403125,0.9996347210568597
-1.3843670883058157,-1.3843670883058157,True,0.9996402008435513,0.0003597991564486705
0.722351758032472,0.722351758032472,True,0.0003862363603023278,0.9996137636396977
0.722351758032472,0.722351758032472,True,0.0003547847514381308,0.9996452152485619
0.722351758032472,0.722351758032472,True,0.000255914049009931,0.9997440859509901
-1.3843670883058157,-1.3843670883058157,True,0.9996974701312461,0.000302529868753942
0.722351758032472,0.722351758032472,True,0.0017377040412416278,0.9982622959587584
-1.3843670883058157,-1.3843670883058157,True,0.9996553436217247,0.0003446563782752609
0.722351758032472,0.722351758032472,True,0.00020039771649527083,0.9997996022835047
0.722351758032472,0.722351758032472,True,0.0002540464805089737,0.999745953519491
0.722351758032472,0.722351758032472,True,0.00014364388558452124,0.9998563561144155
0.722351758032472,0.722351758032472,True,0.00037765463032812807,0.9996223453696719
0.722351758032472,0.722351758032472,True,0.0002212886157604288,0.9997787113842396
-1.3843670883058157,-1.3843670883058157,True,0.9997288231303684,0.00027117686963163995
-1.3843670883058157,-1.3843670883058157,True,0.9995494661469995,0.00045053385300056675
0.722351758032472,0.722351758032472,True,0.0007445234382876809,0.9992554765617123
-1.3843670883058157,-1.3843670883058157,True,0.9997653832769339,0.0002346167230661058
0.722351758032472,0.722351758032472,True,0.000404619653939009,0.999595380346061
0.722351758032472,0.722351758032472,True,0.00018966113274987428,0.9998103388672501
-1.3843670883058157,-1.3843670883058157,True,0.9996553436217247,0.0003446563782752609
0.722351758032472,0.722351758032472,True,0.0003990022652032854,0.9996009977347967
0.722351758032472,0.722351758032472,True,0.0026943035646871394,0.9973056964353129
0.722351758032472,0.722351758032472,True,0.00038961683369942435,0.9996103831663006
-1.3843670883058157,-1.3843670883058157,True,0.9996274725071678,0.0003725274928322303
0.722351758032472,0.722351758032472,True,0.000745521285849704,0.9992544787141503
0.722351758032472,0.722351758032472,True,0.00039064073448868974,0.9996093592655113
-1.3843670883058157,-1.3843670883058157,True,0.9993809278340645,0.0006190721659354346
0.722351758032472,0.722351758032472,True,0.00013014306712622048,0.9998698569328738
-1.3843670883058157,-1.3843670883058157,True,0.999594723939796,0.0004052760602039737
-1.3843670883058157,-1.3843670883058157,True,0.9996769813257766,0.000323018674223336
-1.3843670883058157,-1.3843670883058157,True,0.999363635878006,0.0006363641219940156
-1.3843670883058157,-1.3843670883058157,True,0.999703085011662,0.00029691498833792193
0.722351758032472,0.722351758032472,True,0.0004618431574793247,0.9995381568425207
0.722351758032472,0.722351758032472,True,0.0003324347979551945,0.9996675652020448
0.722351758032472,0.722351758032472,True,0.0005440198122603768,0.9994559801877396
-1.3843670883058157,-1.3843670883058157,True,0.9996701915500736,0.0003298084499263319
0.722351758032472,0.722351758032472,True,0.0006352694047214724,0.9993647305952785
0.722351758032472,0.722351758032472,True,0.0004725176762739869,0.999527482323726
-1.3843670883058157,-1.3843670883058157,True,0.9997548044759161,0.00024519552408380806
-1.3843670883058157,-1.3843670883058157,True,0.999703085011662,0.00029691498833792193
0.722351758032472,0.722351758032472,True,0.01596347453619351,0.9840365254638065
-1.3843670883058157,-1.3843670883058157,True,0.9997119425027599,0.0002880574972402001
-1.3843670883058157,-1.3843670883058157,True,0.999483558043494,0.00051644195650604
-1.3843670883058157,-1.3843670883058157,True,0.9996600719588598,0.0003399280411402789
-1.3843670883058157,-1.3843670883058157,True,0.999703085011662,0.00029691498833792193
-1.3843670883058157,-1.3843670883058157,True,0.999564455574888,0.00043554442511200045
0.722351758032472,0.722351758032472,True,0.0005444185284664282,0.9994555814715336
0.722351758032472,0.722351758032472,True,0.000791185322182475,0.9992088146778175
0.722351758032472,0.722351758032472,True,8.006199728693986e-05,0.9999199380027131
0.722351758032472,0.722351758032472,True,0.0020840471123481086,0.9979159528876519
0.722351758032472,0.722351758032472,True,9.439579599501702e-05,0.999905604204005
-1.3843670883058157,-1.3843670883058157,True,0.9996222908889291,0.00037770911107095983
-1.3843670883058157,-1.3843670883058157,True,0.999582462832814,0.0004175371671859167
-1.3843670883058157,-1.3843670883058157,True,0.999692358820339,0.00030764117966096155
0.722351758032472,0.722351758032472,True,0.0005486179712488326,0.9994513820287512
0.722351758032472,0.722351758032472,True,0.00020702886875312299,0.9997929711312469
0.722351758032472,0.722351758032472,True,0.0010244391226524874,0.9989755608773475
-1.3843670883058157,-1.3843670883058157,True,0.9992579323882288,0.0007420676117711897
-1.3843670883058157,-1.3843670883058157,True,0.9996553436217247,0.0003446563782752609
0.722351758032472,0.722351758032472,True,0.0001624597574176878,0.9998375402425823
-1.3843670883058157,-1.3843670883058157,True,0.999643543004224,0.0003564569957760019
0.722351758032472,0.722351758032472,True,0.000283690444903395,0.9997163095550966
0.722351758032472,0.722351758032472,True,0.002975472748438679,0.9970245272515613
-1.3843670883058157,-1.3843670883058157,True,0.9994032718133575,0.0005967281866424715
-1.3843670883058157,-1.3843670883058157,True,0.9996385848354636,0.0003614151645363154
0.722351758032472,0.722351758032472,True,0.0003093382107068887,0.9996906617892931
0.722351758032472,0.722351758032472,True,9.117771134525832e-05,0.9999088222886547
0.722351758032472,0.722351758032472,True,0.0004473834592928494,0.9995526165407072
0.722351758032472,0.722351758032472,True,0.0002326734981002998,0.9997673265018997
0.722351758032472,0.722351758032472,True,0.0005032386616110607,0.9994967613383889
-1.3843670883058157,-1.3843670883058157,True,0.9997548044759161,0.00024519552408380806
0.722351758032472,0.722351758032472,True,0.00025433441128341894,0.9997456655887166
-1.3843670883058157,-1.3843670883058157,True,0.9995285410486376,0.0004714589513623652
0.722351758032472,0.722351758032472,True,0.00018509372319430728,0.9998149062768057
0.722351758032472,0.722351758032472,True,0.0001603929958288175,0.9998396070041712
0.722351758032472,0.722351758032472,True,8.740602276824383e-05,0.9999125939772318
-1.3843670883058157,-1.3843670883058157,True,0.9996393944964573,0.0003606055035426871
0.722351758032472,0.722351758032472,True,0.00010924120887723099,0.9998907587911228
0.722351758032472,0.722351758032472,True,0.00025586843859937147,0.9997441315614006
-1.3843670883058157,-1.3843670883058157,True,0.9994842103397248,0.0005157896602752637
-1.3843670883058157,-1.3843670883058157,True,0.9997288231303684,0.00027117686963163995
-1.3843670883058157,-1.3843670883058157,True,0.9996974701312461,0.000302529868753942
0.722351758032472,0.722351758032472,True,0.0001624597574176878,0.9998375402425823
-1.3843670883058157,-1.3843670883058157,True,0.9997288231303684,0.00027117686963163995
0.722351758032472,0.722351758032472,True,0.0009814896765026893,0.9990185103234973
0.722351758032472,0.722351758032472,True,0.00010324852790499772,0.999896751472095
-1.3843670883058157,-1.3843670883058157,True,0.9996989547980791,0.0003010452019208882
-1.3843670883058157,-1.3843670883058157,True,0.9996385848354636,0.0003614151645363154
0.722351758032472,0.722351758032472,True,0.00013993305054826877,0.9998600669494517
0.722351758032472,0.722351758032472,True,0.0003477598375486446,0.9996522401624514
0.722351758032472,0.722351758032472,True,0.00014563350284568788,0.9998543664971543
0.722351758032472,0.722351758032472,True,0.001497683168665831,0.9985023168313342
0.722351758032472,0.722351758032472,True,0.010332015336831812,0.9896679846631682
0.722351758032472,0.722351758032472,True,0.0002432515864815299,0.9997567484135185
0.722351758032472,0.722351758032472,True,0.00033572004344850637,0.9996642799565515
-1.3843670883058157,-1.3843670883058157,True,0.9996974701312461,0.00030252986875394254
0.722351758032472,0.722351758032472,True,0.00011769095689617703,0.9998823090431038
0.722351758032472,0.722351758032472,True,0.00031284052556890263,0.9996871594744311
0.722351758032472,0.722351758032472,True,0.0002806447649843502,0.9997193552350156
-1.3843670883058157,-1.3843670883058157,True,0.9996644306058066,0.00033556939419346636
-1.3843670883058157,-1.3843670883058157,True,0.9996553436217247,0.0003446563782752609
-1.3843670883058157,-1.3843670883058157,True,0.9997618556611053,0.00023814433889467182
-1.3843670883058157,-1.3843670883058157,True,0.9995720798974851,0.00042792010251486724
-1.3843670883058157,-1.3843670883058157,True,0.9996597628760218,0.0003402371239782435
-1.3843670883058157,-1.3843670883058157,True,0.9996989547980791,0.0003010452019208882
0.722351758032472,0.722351758032472,True,0.0003985474567334002,0.9996014525432666
0.722351758032472,0.722351758032472,True,0.0005802870124577142,0.9994197129875423
0.722351758032472,0.722351758032472,True,0.0018125158617861015,0.9981874841382139
0.722351758032472,0.722351758032472,True,0.00013904324566171855,0.9998609567543383
0.722351758032472,0.722351758032472,True,0.000768907181193601,0.9992310928188064
0.722351758032472,0.722351758032472,True,0.00045584076247662253,0.9995441592375234
0.722351758032472,0.722351758032472,True,0.00020642316435759422,0.9997935768356424
0.722351758032472,0.722351758032472,True,0.00019867231569137278,0.9998013276843086
-1.3843670883058157,-1.3843670883058157,True,0.9994157513397519,0.0005842486602480887
-1.3843670883058157,-1.3843670883058157,True,0.9996765410685953,0.00032345893140471235
-1.3843670883058157,-1.3843670883058157,True,0.999779132882049,0.000220867117950968
0.722351758032472,0.722351758032472,True,0.00023532684977101148,0.999764673150229
0.722351758032472,0.722351758032472,True,0.00032583019511245315,0.9996741698048875
0.722351758032472,0.722351758032472,True,0.00043120361673865126,0.9995687963832613
-1.3843670883058157,-1.3843670883058157,True,0.9996724881177964,0.0003275118822035389
0.722351758032472,0.722351758032472,True,0.00011286596055748443,0.9998871340394425
-1.3843670883058157,-1.3843670883058157,True,0.9996204282816854,0.00037957171831455924
0.722351758032472,0.722351758032472,True,0.00026146690216655166,0.9997385330978334
-1.3843670883058157,-1.3843670883058157,True,0.9996564070267299,0.00034359297327011976
0.722351758032472,0.722351758032472,True,0.00032660363522019065,0.9996733963647798
0.722351758032472,0.722351758032472,True,0.0001310782408893152,0.9998689217591107
0.722351758032472,0.722351758032472,True,0.0002524814981005319,0.9997475185018995
-1.3843670883058157,-1.3843670883058157,True,0.9997158945811346,0.00028410541886540524
0.722351758032472,0.722351758032472,True,0.0001965828447216822,0.9998034171552783
-1.3843670883058157,-1.3843670883058157,True,0.999588704071107,0.00041129592889302646
-1.3843670883058157,-1.3843670883058157,True,0.9996106523920538,0.00038934760794619546
-1.3843670883058157,-1.3843670883058157,True,0.9995889007634088,0.00041109923659123434
0.722351758032472,0.722351758032472,True,0.0004194089421483138,0.9995805910578517
-1.3843670883058157,-1.3843670883058157,True,0.9994350093160528,0.0005649906839472526
0.722351758032472,0.722351758032472,True,0.000179918123332512,0.9998200818766675
0.722351758032472,0.722351758032472,True,0.00037334847412373584,0.9996266515258763
-1.3843670883058157,-1.3843670883058157,True,0.9995889007634088,0.00041109923659123434
0.722351758032472,0.722351758032472,True,0.00048010276032761645,0.9995198972396724
-1.3843670883058157,-1.3843670883058157,True,0.9997325436726232,0.00026745632737674416
-1.3843670883058157,-1.3843670883058157,True,0.9996724881177964,0.0003275118822035389
0.722351758032472,0.722351758032472,True,0.000507792266920104,0.9994922077330799
-1.3843670883058157,-1.3843670883058157,True,0.999703085011662,0.00029691498833792193
-1.3843670883058157,-1.3843670883058157,True,0.9996204282816854,0.00037957171831455924
0.722351758032472,0.722351758032472,True,0.0005679136901521886,0.9994320863098478
-1.3843670883058157,-1.3843670883058157,True,0.9996865411633712,0.00031345883662884294
0.722351758032472,0.722351758032472,True,0.00012163371225581976,0.9998783662877442
0.722351758032472,0.722351758032472,True,0.0005659137734561615,0.9994340862265438
0.722351758032472,0.722351758032472,True,0.0003783959108925039,0.9996216040891075
-1.3843670883058157,-1.3843670883058157,True,0.9997192817400716,0.00028071825992836074
0.722351758032472,0.722351758032472,True,0.0010935500952448107,0.9989064499047552
0.722351758032472,0.722351758032472,True,0.00024901635515972576,0.9997509836448403
-1.3843670883058157,-1.3843670883058157,True,0.9996597628760218,0.00034023712397824316
0.722351758032472,0.722351758032472,True,0.0008826138153218421,0.9991173861846782
0.722351758032472,0.722351758032472,True,0.000154418221178787,0.9998455817788212
-1.3843670883058157,-1.3843670883058157,True,0.9996769813257766,0.000323018674223336
0.722351758032472,0.722351758032472,True,0.00014093184132313308,0.9998590681586769
0.722351758032472,0.722351758032472,True,0.0011408368106758937,0.9988591631893241
-1.3843670883058157,-1.3843670883058157,True,0.9995745678691605,0.00042543213083946166
0.722351758032472,0.722351758032472,True,0.0036995382547919675,0.996300461745208
0.722351758032472,0.722351758032472,True,0.00015993469840080987,0.9998400653015992
0.722351758032472,0.722351758032472,True,0.00038125222887919197,0.9996187477711208
-1.3843670883058157,-1.3843670883058157,True,0.9997325436726232,0.00026745632737674416
-1.3843670883058157,-1.3843670883058157,True,0.9996989547980791,0.0003010452019208882
-1.3843670883058157,-1.3843670883058157,True,0.9997548044759161,0.00024519552408380806
0.722351758032472,0.722351758032472,True,0.0014398750554228679,0.9985601249445771
-1.3843670883058157,-1.3843670883058157,True,0.9996229422606571,0.0003770577393429183
-1.3843670883058157,-1.3843670883058157,True,0.9997158945811346,0.00028410541886540524
0.722351758032472,0.722351758032472,True,0.0002719161324615804,0.9997280838675384
0.722351758032472,0.722351758032472,True,0.000304925380139931,0.9996950746198601
-1.3843670883058157,-1.3843670883058157,True,0.9996614855207947,0.00033851447920525685
0.722351758032472,0.722351758032472,True,0.0001624597574176878,0.9998375402425823
0.722351758032472,0.722351758032472,True,0.0003365927539075164,0.9996634072460925
0.722351758032472,0.722351758032472,True,0.00016600376804865036,0.9998339962319513
-1.3843670883058157,-1.3843670883058157,True,0.9996274725071678,0.0003725274928322303
-1.3843670883058157,-1.3843670883058157,True,0.9995092436010223,0.0004907563989776325
-1.3843670883058157,-1.3843670883058157,True,0.9996222908889291,0.00037770911107095983
-1.3843670883058157,-1.3843670883058157,True,0.9993547868303402,0.0006452131696598597
-1.3843670883058157,-1.3843670883058157,True,0.9996553436217247,0.0003446563782752609
0.722351758032472,0.722351758032472,True,0.000175807723838739,0.9998241922761613
-1.3843670883058157,-1.3843670883058157,True,0.9996989547980791,0.0003010452019208882
0.722351758032472,0.722351758032472,True,0.00024401241158023002,0.9997559875884198
0.722351758032472,0.722351758032472,True,0.00013104023692345201,0.9998689597630765
0.722351758032472,0.722351758032472,True,0.0006171616041034111,0.9993828383958966
-1.3843670883058157,-1.3843670883058157,True,0.9997228813940573,0.00027711860594271086
0.722351758032472,0.722351758032472,True,0.0003387107494701169,0.9996612892505299
-1.3843670883058157,-1.3843670883058157,True,0.9996600719588598,0.0003399280411402789
0.722351758032472,0.722351758032472,True,0.0002887832164788495,0.9997112167835212
0.722351758032472,0.722351758032472,True,0.00047630418802946384,0.9995236958119705
0.722351758032472,0.722351758032472,True,0.002646682400643141,0.9973533175993569
0.722351758032472,0.722351758032472,True,0.004983291382978261,0.9950167086170217
0.722351758032472,0.722351758032472,True,0.00012540075821343422,0.9998745992417866
-1.3843670883058157,-1.3843670883058157,True,0.9996769813257766,0.0003230186742233366
0.722351758032472,0.722351758032472,True,0.00029280450012714176,0.9997071954998729
-1.3843670883058157,-1.3843670883058157,True,0.9995214461876347,0.00047855381236529547
0.722351758032472,0.722351758032472,True,0.000892734848270571,0.9991072651517294
0.722351758032472,0.722351758032472,True,0.0001310782408893152,0.9998689217591107
0.722351758032472,0.722351758032472,True,0.0007368156745009014,0.9992631843254991
-1.3843670883058157,-1.3843670883058157,True,0.9996385848354636,0.00036141516453631575
0.722351758032472,0.722351758032472,True,0.0002629624997626534,0.9997370375002373
-1.3843670883058157,-1.3843670883058157,True,0.9997158945811346,0.00028410541886540524
0.722351758032472,0.722351758032472,True,0.00021054187678071212,0.9997894581232193
0.722351758032472,0.722351758032472,True,0.0005917507607084982,0.9994082492392915
-1.3843670883058157,-1.3843670883058157,True,0.9997325436726232,0.00026745632737674416
0.722351758032472,0.722351758032472,True,0.0013947344069795697,0.9986052655930204
0.722351758032472,0.722351758032472,True,0.00019509171817055915,0.9998049082818294
0.722351758032472,0.722351758032472,True,0.0003133195674605016,0.9996866804325395
-1.3843670883058157,-1.3843670883058157,True,0.9997288231303684,0.00027117686963163995
-1.3843670883058157,-1.3843670883058157,True,0.9996106523920538,0.00038934760794619546
0.722351758032472,0.722351758032472,True,0.0004431179205963698,0.9995568820794036
0.722351758032472,0.722351758032472,True,0.00020642316435759422,0.9997935768356424
0.722351758032472,0.722351758032472,True,0.0002633800563066613,0.9997366199436933
0.722351758032472,0.722351758032472,True,0.0002224444339252729,0.9997775555660747
0.722351758032472,0.722351758032472,True,0.0004003988717826701,0.9995996011282173
0.722351758032472,0.722351758032472,True,0.0002575245221942968,0.9997424754778057
0.722351758032472,0.722351758032472,True,0.0001333430173893202,0.9998666569826107
0.722351758032472,0.722351758032472,True,0.0015469053361159002,0.9984530946638841
-1.3843670883058157,-1.3843670883058157,True,0.9995277740275592,0.0004722259724407713
0.722351758032472,0.722351758032472,True,0.00020753549180407838,0.9997924645081959
-1.3843670883058157,-1.3843670883058157,True,0.9996655668014385,0.0003344331985615757
0.722351758032472,0.722351758032472,True,0.00010760003596843593,0.9998923999640316
-1.3843670883058157,-1.3843670883058157,True,0.9996204282816854,0.0003795717183145596
-1.3843670883058157,-1.3843670883058157,True,0.9996274725071678,0.0003725274928322303
0.722351758032472,0.722351758032472,True,0.00017762726831582754,0.9998223727316842
0.722351758032472,0.722351758032472,True,0.00012464197975037283,0.9998753580202496
0.722351758032472,0.722351758032472,True,0.00035329406608819447,0.9996467059339118
-1.3843670883058157,-1.3843670883058157,True,0.9994416200453309,0.0005583799546691654
-1.3843670883058157,-1.3843670883058157,True,0.9995847340273698,0.00041526597263023807
-1.3843670883058157,-1.3843670883058157,True,0.9996989547980791,0.0003010452019208882
0.722351758032472,0.722351758032472,True,0.00013109969442381963,0.9998689003055762
0.722351758032472,0.722351758032472,True,0.00013728882905728046,0.9998627111709427
0.722351758032472,0.722351758032472,True,0.00016875804785765336,0.9998312419521423
0.722351758032472,0.722351758032472,True,0.0001624597574176878,0.9998375402425823
-1.3843670883058157,-1.3843670883058157,True,0.9997548044759161,0.00024519552408380806
0.722351758032472,0.722351758032472,True,0.0006246717762375953,0.9993753282237624
-1.3843670883058157,-1.3843670883058157,True,0.9996724881177964,0.0003275118822035389
0.722351758032472,0.722351758032472,True,0.00026079364174336206,0.9997392063582566
0.722351758032472,0.722351758032472,True,0.00018488559254481451,0.9998151144074552
-1.3843670883058157,-1.3843670883058157,True,0.9997269407121293,0.0002730592878707199
0.722351758032472,0.722351758032472,True,0.0001109671527584899,0.9998890328472415
-1.3843670883058157,-1.3843670883058157,True,0.9997325436726232,0.00026745632737674416
0.722351758032472,0.722351758032472,True,9.645515506628843e-05,0.9999035448449337
-1.3843670883058157,-1.3843670883058157,True,0.9997548044759161,0.00024519552408380806
-1.3843670883058157,-1.3843670883058157,True,0.9994344566577867,0.0005655433422132421
-1.3843670883058157,-1.3843670883058157,True,0.999703085011662,0.00029691498833792193
0.722351758032472,0.722351758032472,True,0.00032225743361602444,0.999677742566384
-1.3843670883058157,-1.3843670883058157,True,0.9993712418548292,0.0006287581451708463
-1.3843670883058157,-1.3843670883058157,True,0.999703085011662,0.00029691498833792193
0.722351758032472,0.722351758032472,True,0.0005923926588610184,0.999407607341139
-1.3843670883058157,-1.3843670883058157,True,0.9993832271509107,0.0006167728490893829
0.722351758032472,0.722351758032472,True,0.0003596318514680341,0.999640368148532
0.722351758032472,0.722351758032472,True,0.00034985397345488334,0.9996501460265451
0.722351758032472,0.722351758032472,True,0.0005708470813099442,0.9994291529186901
-1.3843670883058157,-1.3843670883058157,True,0.9997325436726232,0.00026745632737674416
0.722351758032472,0.722351758032472,True,0.0001911814123171096,0.9998088185876829
0.722351758032472,0.722351758032472,True,0.00014563350284568788,0.9998543664971543
0.722351758032472,0.722351758032472,True,0.00044867316709118477,0.9995513268329088
0.722351758032472,0.722351758032472,True,0.00022245215645355643,0.9997775478435464
0.722351758032472,0.722351758032472,True,0.0003181295285012986,0.9996818704714987
-1.3843670883058157,-1.3843670883058157,True,0.999673287786176,0.00032671221382394835
0.722351758032472,0.722351758032472,True,0.00010550099970974003,0.9998944990002903
0.722351758032472,0.722351758032472,True,0.00018509372319430728,0.9998149062768057
0.722351758032472,0.722351758032472,True,0.00018819355995292053,0.9998118064400471
0.722351758032472,0.722351758032472,True,0.0001624597574176878,0.9998375402425823
0.722351758032472,0.722351758032472,True,0.000119100715558762,0.9998808992844412
-1.3843670883058157,-1.3843670883058157,True,0.9995543885946928,0.000445611405307141
0.722351758032472,0.722351758032472,True,0.00011517825654283609,0.9998848217434572
0.722351758032472,0.722351758032472,True,0.00010760003596843593,0.9998923999640316
0.722351758032472,0.722351758032472,True,0.0012654795629034599,0.9987345204370965
0.722351758032472,0.722351758032472,True,0.0003576205709686642,0.9996423794290313
0.722351758032472,0.722351758032472,True,0.011159537912739381,0.9888404620872606
0.722351758032472,0.722351758032472,True,0.00038125222887919197,0.9996187477711208
0.722351758032472,0.722351758032472,True,0.00020304055667674792,0.9997969594433233
0.722351758032472,0.722351758032472,True,0.000996343000263522,0.9990036569997365
0.722351758032472,0.722351758032472,True,0.0003180217885586645,0.9996819782114413
0.722351758032472,0.722351758032472,True,0.00019731339843531703,0.9998026866015647
0.722351758032472,0.722351758032472,True,0.00010652740297900642,0.999893472597021
0.722351758032472,0.722351758032472,True,0.0010280017965383914,0.9989719982034616
-1.3843670883058157,-1.3843670883058157,True,0.9995013669397489,0.0004986330602511124
0.722351758032472,0.722351758032472,True,0.00018014006790867398,0.9998198599320913
0.722351758032472,0.722351758032472,True,0.0002426465909854958,0.9997573534090145
0.722351758032472,0.722351758032472,True,0.00021054187678071212,0.9997894581232193
0.722351758032472,0.722351758032472,True,0.00035528727980915775,0.9996447127201908
-1.3843670883058157,-1.3843670883058157,True,0.9997877208049911,0.0002122791950088727
0.722351758032472,0.722351758032472,True,0.00011807578827804921,0.999881924211722
-1.3843670883058157,-1.3843670883058157,True,0.9996354994300429,0.00036450056995710264
0.722351758032472,0.722351758032472,True,0.004825432823235554,0.9951745671767644
0.722351758032472,0.722351758032472,True,0.00022633363761181968,0.9997736663623882
0.722351758032472,0.722351758032472,True,0.00035245656885307675,0.9996475434311469
0.722351758032472,0.722351758032472,True,0.0013890395911141384,0.9986109604088859
0.722351758032472,0.722351758032472,True,0.00013939332141232885,0.9998606066785877
0.722351758032472,0.722351758032472,True,0.02769117314234404,0.972308826857656
0.722351758032472,0.722351758032472,True,0.0036128276067591836,0.9963871723932408
-1.3843670883058157,-1.3843670883058157,True,0.999594723939796,0.0004052760602039734
0.722351758032472,0.722351758032472,True,8.628837751967211e-05,0.9999137116224803
0.722351758032472,0.722351758032472,True,0.0011960645355274524,0.9988039354644725
0.722351758032472,0.722351758032472,True,0.0002520331170969836,0.999747966882903
0.722351758032472,0.722351758032472,True,0.00020920093719334343,0.9997907990628067
0.722351758032472,0.722351758032472,True,0.0017009225373096903,0.9982990774626903
0.722351758032472,0.722351758032472,True,0.00011727335328826083,0.9998827266467117
0.722351758032472,0.722351758032472,True,0.0002806447649843502,0.9997193552350156
0.722351758032472,0.722351758032472,True,0.00038314558687568834,0.9996168544131243
-1.3843670883058157,-1.3843670883058157,True,0.9997158945811346,0.00028410541886540524
-1.3843670883058157,-1.3843670883058157,True,0.9996189995280282,0.0003810004719718122
-1.3843670883058157,-1.3843670883058157,True,0.9994576995925917,0.0005423004074083766
-1.3843670883058157,-1.3843670883058157,True,0.9995992198456037,0.00040078015439626996
-1.3843670883058157,-1.3843670883058157,True,0.9995269597798868,0.0004730402201131882
-1.3843670883058157,-1.3843670883058157,True,0.9996989547980791,0.0003010452019208882
-1.3843670883058157,-1.3843670883058157,True,0.9996204282816854,0.00037957171831455924
-1.3843670883058157,-1.3843670883058157,True,0.999549681629021,0.00045031837097902154
0.722351758032472,0.722351758032472,True,0.00034080071524367206,0.9996591992847563
-1.3843670883058157,-1.3843670883058157,True,0.999750167404118,0.00024983259588192433
0.722351758032472,0.722351758032472,True,0.0002212774106554738,0.9997787225893445
0.722351758032472,0.722351758032472,True,0.0003574772329585363,0.9996425227670415
0.722351758032472,0.722351758032472,True,0.000618465701260118,0.9993815342987399
0.722351758032472,0.722351758032472,True,0.00023937334182266845,0.9997606266581773
0.722351758032472,0.722351758032472,True,0.00014563350284568788,0.9998543664971543
0.722351758032472,0.722351758032472,True,0.00039976466725988313,0.9996002353327401
0.722351758032472,0.722351758032472,True,0.011042220244637635,0.9889577797553624
0.722351758032472,0.722351758032472,True,0.00031903843813085864,0.9996809615618691
0.722351758032472,0.722351758032472,True,0.0020403638994465068,0.9979596361005535
0.722351758032472,0.722351758032472,True,0.00019867094106329475,0.9998013290589367
0.722351758032472,0.722351758032472,True,0.0033567669529575017,0.9966432330470425
0.722351758032472,0.722351758032472,True,0.00011517825654283609,0.9998848217434572
0.722351758032472,0.722351758032472,True,0.0001851809334376675,0.9998148190665623
0.722351758032472,0.722351758032472,True,0.000258464279818571,0.9997415357201814
-1.3843670883058157,-1.3843670883058157,True,0.9996597628760218,0.0003402371239782435
0.722351758032472,0.722351758032472,True,9.645515506628843e-05,0.9999035448449337
-1.3843670883058157,-1.3843670883058157,True,0.9996138506411465,0.0003861493588534763
0.722351758032472,0.722351758032472,True,0.00027716832914403966,0.999722831670856
-1.3843670883058157,-1.3843670883058157,True,0.9995847340273698,0.00041526597263023807
0.722351758032472,0.722351758032472,True,0.0001604655755047535,0.9998395344244952
0.722351758032472,0.722351758032472,True,0.0004102525692413206,0.9995897474307587
-1.3843670883058157,-1.3843670883058157,True,0.9996456799126209,0.0003543200873790689
-1.3843670883058157,-1.3843670883058157,True,0.9995735104040263,0.00042648959597366593
0.722351758032472,0.722351758032472,True,0.00035048511438351415,0.9996495148856165
-1.3843670883058157,-1.3843670883058157,True,0.9995735104040263,0.00042648959597366593
-1.3843670883058157,-1.3843670883058157,True,0.9996023669338368,0.0003976330661632283
-1.3843670883058157,-1.3843670883058157,True,0.9996989547980791,0.0003010452019208882
-1.3843670883058157,-1.3843670883058157,True,0.9996151487205152,0.0003848512794848706
0.722351758032472,0.722351758032472,True,0.0004599789408185062,0.9995400210591815
0.722351758032472,0.722351758032472,True,0.00017355247183536981,0.9998264475281646
-1.3843670883058157,-1.3843670883058157,True,0.9995880037911439,0.0004119962088561539
-1.3843670883058157,-1.3843670883058157,True,0.9996456799126209,0.0003543200873790689
-1.3843670883058157,-1.3843670883058157,True,0.9995624035426164,0.000437596457383586
-1.3843670883058157,-1.3843670883058157,True,0.9995071932000632,0.0004928067999368205
0.722351758032472,0.722351758032472,True,0.00010834474038723396,0.9998916552596128
0.722351758032472,0.722351758032472,True,0.00021077956353821037,0.9997892204364618
0.722351758032472,0.722351758032472,True,0.0048852749805917695,0.9951147250194082
0.722351758032472,0.722351758032472,True,0.00015733772497483756,0.9998426622750252
0.722351758032472,0.722351758032472,True,0.00019615355559443604,0.9998038464444056
-1.3843670883058157,-1.3843670883058157,True,0.9995269597798868,0.0004730402201131878
0.722351758032472,0.722351758032472,True,0.003384073453620906,0.9966159265463791
0.722351758032472,0.722351758032472,True,0.00025856329952511636,0.9997414367004749
-1.3843670883058157,-1.3843670883058157,True,0.9996600719588598,0.0003399280411402789
0.722351758032472,0.722351758032472,True,0.0014094240545738934,0.9985905759454261
0.722351758032472,0.722351758032472,True,0.00033372854271440655,0.9996662714572856
-1.3843670883058157,-1.3843670883058157,True,0.9997288231303684,0.00027117686963163995
0.722351758032472,0.722351758032472,True,0.0007457680019966606,0.9992542319980033
-1.3843670883058157,-1.3843670883058157,True,0.9996974701312461,0.000302529868753942
0.722351758032472,0.722351758032472,True,0.00032779659849857534,0.9996722034015014
-1.3843670883058157,-1.3843670883058157,True,0.999703085011662,0.00029691498833792193
-1.3843670883058157,-1.3843670883058157,True,0.9995605629127452,0.00043943708725483746
0.722351758032472,0.722351758032472,True,0.0003261902391580307,0.999673809760842
0.722351758032472,0.722351758032472,True,8.740602276824383e-05,0.9999125939772318
0.722351758032472,0.722351758032472,True,0.00022844726834292395,0.9997715527316571
0.722351758032472,0.722351758032472,True,0.00032241274499777983,0.9996775872550022
0.722351758032472,0.722351758032472,True,0.0006430100779928338,0.9993569899220072
0.722351758032472,0.722351758032472,True,0.00026007894241009133,0.9997399210575899
0.722351758032472,0.722351758032472,True,0.0006436526297858292,0.9993563473702142
-1.3843670883058157,-1.3843670883058157,True,0.9995941600405791,0.00040583995942085907
0.722351758032472,0.722351758032472,True,0.0004437380622067666,0.9995562619377932
-1.3843670883058157,-1.3843670883058157,True,0.9996597628760218,0.0003402371239782435
-1.3843670883058157,-1.3843670883058157,True,0.999703085011662,0.00029691498833792193
-1.3843670883058157,-1.3843670883058157,True,0.9996427924789593,0.0003572075210407492
0.722351758032472,0.722351758032472,True,0.0003895707106258417,0.9996104292893742
0.722351758032472,0.722351758032472,True,0.0006196191965396336,0.9993803808034604
0.722351758032472,0.722351758032472,True,0.0002719161324615804,0.9997280838675384
-1.3843670883058157,-1.3843670883058157,True,0.9995334061347503,0.0004665938652496737
-1.3843670883058157,-1.3843670883058157,True,0.9995675785322671,0.0004324214677328732
-1.3843670883058157,0.722351758032472,False,0.057412796016415024,0.942587203983585
0.722351758032472,0.722351758032472,True,0.00047228134793741994,0.9995277186520626
0.722351758032472,0.722351758032472,True,0.0002508545067760881,0.9997491454932239
-1.3843670883058157,-1.3843670883058157,True,0.999739366725307,0.00026063327469291986
-1.3843670883058157,-1.3843670883058157,True,0.9996229422606571,0.0003770577393429183
0.722351758032472,0.722351758032472,True,0.0005294062795727639,0.9994705937204272
0.722351758032472,0.722351758032472,True,0.0005738591861543796,0.9994261408138456
0.722351758032472,0.722351758032472,True,0.0005668669050049591,0.999433133094995
-1.3843670883058157,-1.3843670883058157,True,0.9997548044759161,0.00024519552408380806
-1.3843670883058157,-1.3843670883058157,True,0.9995085689022815,0.0004914310977185951
0.722351758032472,0.722351758032472,True,0.0005618836211284117,0.9994381163788716
0.722351758032472,0.722351758032472,True,0.007184753989405213,0.9928152460105948
0.722351758032472,0.722351758032472,True,0.00019615355559443604,0.9998038464444056
-1.3843670883058157,-1.3843670883058157,True,0.9995432000061969,0.00045679999380304846
0.722351758032472,0.722351758032472,True,0.00011517825654283609,0.9998848217434572
-1.3843670883058157,-1.3843670883058157,True,0.9995780800556566,0.0004219199443433713
0.722351758032472,0.722351758032472,True,0.0017736161601775713,0.9982263838398224
-1.3843670883058157,-1.3843670883058157,True,0.9996974701312461,0.000302529868753942
0.722351758032472,0.722351758032472,True,0.0007395961420342267,0.9992604038579658
0.722351758032472,0.722351758032472,True,0.0003652789431403125,0.9996347210568597
0.722351758032472,0.722351758032472,True,0.00020642316435759422,0.9997935768356424
-1.3843670883058157,-1.3843670883058157,True,0.9996974701312461,0.000302529868753942
0.722351758032472,0.722351758032472,True,0.00020642316435759422,0.9997935768356424
-1.3843670883058157,-1.3843670883058157,True,0.9995735104040263,0.00042648959597366593
-1.3843670883058157,-1.3843670883058157,True,0.999693261836257,0.0003067381637430345
0.722351758032472,0.722351758032472,True,0.00010389303392444038,0.9998961069660756
0.722351758032472,0.722351758032472,True,0.0004845323102685706,0.9995154676897314
0.722351758032472,0.722351758032472,True,8.143205571975454e-05,0.9999185679442802
0.722351758032472,0.722351758032472,True,0.0002872323545155542,0.9997127676454844
0.722351758032472,0.722351758032472,True,0.00015184636402398866,0.999848153635976
0.722351758032472,0.722351758032472,True,8.09931253648033e-05,0.9999190068746352
-1.3843670883058157,-1.3843670883058157,True,0.9996880794474338,0.00031192055256627554
0.722351758032472,0.722351758032472,True,0.0006346454974350824,0.9993653545025649
-1.3843670883058157,-1.3843670883058157,True,0.9995494661469995,0.00045053385300056675
-1.3843670883058157,-1.3843670883058157,True,0.9996553436217247,0.0003446563782752609
0.722351758032472,0.722351758032472,True,0.0004185188462799694,0.99958148115372
0.722351758032472,0.722351758032472,True,0.0005092431311927159,0.9994907568688073
-1.3843670883058157,-1.3843670883058157,True,0.9997288231303684,0.00027117686963163995
-1.3843670883058157,-1.3843670883058157,True,0.9996974701312461,0.000302529868753942
0.722351758032472,0.722351758032472,True,0.0003782844535363816,0.9996217155464636
0.722351758032472,0.722351758032472,True,0.0005468688249836706,0.9994531311750163
-1.3843670883058157,-1.3843670883058157,True,0.9996385848354636,0.0003614151645363154
0.722351758032472,0.722351758032472,True,0.00018509372319430728,0.9998149062768057
0.722351758032472,0.722351758032472,True,0.0004021998996109888,0.999597800100389
0.722351758032472,0.722351758032472,True,0.000159778866643423,0.9998402211333566
0.722351758032472,0.722351758032472,True,0.0031520789346668465,0.9968479210653332
-1.3843670883058157,-1.3843670883058157,True,0.9997288231303684,0.00027117686963163995
-1.3843670883058157,-1.3843670883058157,True,0.9994556416017165,0.0005443583982835053
0.722351758032472,0.722351758032472,True,0.0002520622648324311,0.9997479377351676
0.722351758032472,0.722351758032472,True,0.001847113767060482,0.9981528862329395
0.722351758032472,0.722351758032472,True,0.0008331540192176856,0.9991668459807823
0.722351758032472,0.722351758032472,True,0.00026410151435729556,0.9997358984856427
0.722351758032472,0.722351758032472,True,0.0006865730884426657,0.9993134269115573
-1.3843670883058157,-1.3843670883058157,True,0.9996989547980791,0.0003010452019208882
0.722351758032472,0.722351758032472,True,0.002526344272107073,0.9974736557278929
0.722351758032472,0.722351758032472,True,0.0003285994609710796,0.9996714005390289
0.722351758032472,0.722351758032472,True,0.00027183428202592896,0.9997281657179741
-1.3843670883058157,-1.3843670883058157,True,0.9997760602896727,0.00022393971032731377
-1.3843670883058157,-1.3843670883058157,True,0.9996989547980791,0.0003010452019208882
-1.3843670883058157,-1.3843670883058157,True,0.9994857329769837,0.0005142670230162215
-1.3843670883058157,-1.3843670883058157,True,0.9995675785322671,0.0004324214677328732
0.722351758032472,0.722351758032472,True,0.0014103597873265095,0.9985896402126735
-1.3843670883058157,-1.3843670883058157,True,0.9996644306058066,0.00033556939419346636
0.722351758032472,0.722351758032472,True,0.013558983371337763,0.9864410166286622
0.722351758032472,0.722351758032472,True,0.0003780099508976509,0.9996219900491023
-1.3843670883058157,-1.3843670883058157,True,0.9995752305681719,0.0004247694318280995
0.722351758032472,0.722351758032472,True,0.0004524462782371508,0.9995475537217628
0.722351758032472,0.722351758032472,True,0.00026146690216655166,0.9997385330978334
0.722351758032472,0.722351758032472,True,0.00030806863469257095,0.9996919313653074
0.722351758032472,0.722351758032472,True,0.0005306208961355363,0.9994693791038645
0.722351758032472,0.722351758032472,True,0.00014563350284568788,0.9998543664971543
-1.3843670883058157,-1.3843670883058157,True,0.9997158945811346,0.00028410541886540524
0.722351758032472,0.722351758032472,True,0.0006197457129442085,0.9993802542870558
-1.3843670883058157,-1.3843670883058157,True,0.9996600719588598,0.0003399280411402789
0.722351758032472,0.722351758032472,True,0.00017588507327204184,0.999824114926728
0.722351758032472,0.722351758032472,True,0.0014899229042030226,0.998510077095797
0.722351758032472,0.722351758032472,True,0.00027787416538394005,0.9997221258346161
0.722351758032472,0.722351758032472,True,0.0006457152378306352,0.9993542847621694
0.722351758032472,0.722351758032472,True,0.0038579317711485706,0.9961420682288514
0.722351758032472,0.722351758032472,True,9.810571337709462e-05,0.9999018942866229
0.722351758032472,0.722351758032472,True,0.00019371230056863808,0.9998062876994314
-1.3843670883058157,-1.3843670883058157,True,0.9995890869972572,0.00041091300274279015
0.722351758032472,0.722351758032472,True,0.0004618431574793247,0.9995381568425207
-1.3843670883058157,-1.3843670883058157,True,0.9997325436726232,0.00026745632737674416
-1.3843670883058157,-1.3843670883058157,True,0.9992970439494888,0.0007029560505111323
-1.3843670883058157,-1.3843670883058157,True,0.9995030467996393,0.0004969532003606888
0.722351758032472,0.722351758032472,True,0.0013050007101915728,0.9986949992898084
0.722351758032472,0.722351758032472,True,0.00011517825654283609,0.9998848217434572
0.722351758032472,0.722351758032472,True,0.00013904324566171855,0.9998609567543383
0.722351758032472,0.722351758032472,True,0.0002962090006943807,0.9997037909993056
0.722351758032472,0.722351758032472,True,0.0002540464805089737,0.999745953519491
0.722351758032472,0.722351758032472,True,0.0001657074555183602,0.9998342925444816
0.722351758032472,0.722351758032472,True,0.0004964131181217635,0.9995035868818782
0.722351758032472,0.722351758032472,True,0.00010550099970974003,0.9998944990002903
0.722351758032472,0.722351758032472,True,0.00026854779191975986,0.9997314522080802
0.722351758032472,0.722351758032472,True,0.0003014337505463649,0.9996985662494536
0.722351758032472,0.722351758032472,True,0.00014563350284568788,0.9998543664971543
0.722351758032472,0.722351758032472,True,0.00021054187678071212,0.9997894581232193
0.722351758032472,0.722351758032472,True,0.013624182982326372,0.9863758170176736
0.722351758032472,0.722351758032472,True,0.00021602738625126072,0.9997839726137487
0.722351758032472,0.722351758032472,True,0.00017609833039144984,0.9998239016696086
0.722351758032472,0.722351758032472,True,0.0004433680409440255,0.999556631959056
0.722351758032472,0.722351758032472,True,0.04153745684543897,0.958462543154561
0.722351758032472,0.722351758032472,True,0.0003158873019638575,0.9996841126980361
-1.3843670883058157,-1.3843670883058157,True,0.9996127751552434,0.0003872248447565881
0.722351758032472,0.722351758032472,True,0.00026668359627812777,0.9997333164037219
0.722351758032472,0.722351758032472,True,0.00032869339765262406,0.9996713066023474
0.722351758032472,0.722351758032472,True,0.0004747306607110202,0.999525269339289
-1.3843670883058157,-1.3843670883058157,True,0.9995485812208016,0.00045141877919837545
0.722351758032472,0.722351758032472,True,0.00014881050843718047,0.9998511894915628
0.722351758032472,0.722351758032472,True,0.00021602738625126072,0.9997839726137487
0.722351758032472,0.722351758032472,True,0.00013728882905728046,0.9998627111709427
0.722351758032472,0.722351758032472,True,0.0003396991351714007,0.9996603008648286
0.722351758032472,0.722351758032472,True,0.00021054187678071212,0.9997894581232193
-1.3843670883058157,-1.3843670883058157,True,0.999594723939796,0.0004052760602039734
-1.3843670883058157,-1.3843670883058157,True,0.9994434372680108,0.0005565627319891771
-1.3843670883058157,-1.3843670883058157,True,0.9996769813257766,0.000323018674223336
-1.3843670883058157,-1.3843670883058157,True,0.9996890905401753,0.0003109094598247282
0.722351758032472,0.722351758032472,True,0.0005184133975142391,0.9994815866024858
0.722351758032472,0.722351758032472,True,0.00041688600234790485,0.9995831139976521
-1.3843670883058157,-1.3843670883058157,True,0.999427152192507,0.0005728478074930106
-1.3843670883058157,-1.3843670883058157,True,0.9997192817400716,0.00028071825992836074
0.722351758032472,0.722351758032472,True,0.0003098635152547491,0.9996901364847453
0.722351758032472,0.722351758032472,True,0.000253934485802354,0.9997460655141976
-1.3843670883058157,-1.3843670883058157,True,0.9997158945811346,0.00028410541886540524
0.722351758032472,0.722351758032472,True,0.00031020422803873515,0.9996897957719613
0.722351758032472,0.722351758032472,True,0.0003194537329950231,0.999680546267005
0.722351758032472,0.722351758032472,True,0.00019784582799731165,0.9998021541720027
-1.3843670883058157,-1.3843670883058157,True,0.9996724881177964,0.0003275118822035389
0.722351758032472,0.722351758032472,True,0.00041409600481678854,0.9995859039951832
0.722351758032472,0.722351758032472,True,0.0003016504365906947,0.9996983495634093
-1.3843670883058157,-1.3843670883058157,True,0.9997158945811346,0.00028410541886540524
0.722351758032472,0.722351758032472,True,0.0004316852030732399,0.9995683147969268
-1.3843670883058157,-1.3843670883058157,True,0.9996597628760218,0.0003402371239782435
-1.3843670883058157,-1.3843670883058157,True,0.9995889007634088,0.00041109923659123434
0.722351758032472,0.722351758032472,True,0.000655795215371846,0.9993442047846282
0.722351758032472,0.722351758032472,True,0.0005254039825809409,0.9994745960174191
0.722351758032472,0.722351758032472,True,0.00014881050843718047,0.9998511894915628
0.722351758032472,0.722351758032472,True,0.00038570550890681954,0.9996142944910932
0.722351758032472,0.722351758032472,True,0.00011769095689617703,0.9998823090431038
-1.3843670883058157,-1.3843670883058157,True,0.9994883955084426,0.0005116044915573776
0.722351758032472,0.722351758032472,True,0.0003180217885586645,0.9996819782114413
0.722351758032472,0.722351758032472,True,0.0016278372052969114,0.9983721627947031
0.722351758032472,0.722351758032472,True,0.0013372552912630509,0.998662744708737
0.722351758032472,0.722351758032472,True,0.0002816482274047294,0.9997183517725953
-1.3843670883058157,-1.3843670883058157,True,0.999426842938095,0.0005731570619049756
0.722351758032472,0.722351758032472,True,0.00022156461838185315,0.9997784353816181
0.722351758032472,0.722351758032472,True,0.0002577240916529222,0.9997422759083471
0.722351758032472,0.722351758032472,True,0.0002677184024507673,0.9997322815975492
0.722351758032472,0.722351758032472,True,0.0001488591463675304,0.9998511408536325
-1.3843670883058157,-1.3843670883058157,True,0.9997466919606595,0.0002533080393405124
0.722351758032472,0.722351758032472,True,0.0002883287628069331,0.9997116712371931
-1.3843670883058157,-1.3843670883058157,True,0.9996769813257766,0.000323018674223336
-1.3843670883058157,-1.3843670883058157,True,0.999477037079209,0.000522962920791016
-1.3843670883058157,-1.3843670883058157,True,0.9997158945811346,0.00028410541886540524
-1.3843670883058157,-1.3843670883058157,True,0.9993364730699951,0.0006635269300048798
0.722351758032472,0.722351758032472,True,0.0002103707500517027,0.9997896292499483
-1.3843670883058157,-1.3843670883058157,True,0.9996751703900343,0.0003248296099657093
-1.3843670883058157,-1.3843670883058157,True,0.9996600719588598,0.0003399280411402789
-1.3843670883058157,-1.3843670883058157,True,0.9995889007634088,0.00041109923659123434
0.722351758032472,0.722351758032472,True,0.00013620917300682933,0.9998637908269932
-1.3843670883058157,-1.3843670883058157,True,0.9996724881177964,0.0003275118822035389
-1.3843670883058157,-1.3843670883058157,True,0.9996151487205152,0.0003848512794848706
-1.3843670883058157,-1.3843670883058157,True,0.9996936569913685,0.0003063430086314955
0.722351758032472,0.722351758032472,True,0.00020810426484318967,0.9997918957351568
-1.3843670883058157,-1.3843670883058157,True,0.9995847472434793,0.0004152527565206351
-1.3843670883058157,-1.3843670883058157,True,0.9995804039028328,0.0004195960971671878
0.722351758032472,0.722351758032472,True,0.0002789682431001417,0.9997210317568999
0.722351758032472,0.722351758032472,True,0.0003919991103288334,0.9996080008896712
-1.3843670883058157,-1.3843670883058157,True,0.9996653124424307,0.0003346875575693059
0.722351758032472,0.722351758032472,True,0.0014100776085824718,0.9985899223914175
0.722351758032472,0.722351758032472,True,0.0002823336161201784,0.9997176663838798
0.722351758032472,0.722351758032472,True,0.00886243341456594,0.9911375665854341
0.722351758032472,0.722351758032472,True,0.00031020422803873515,0.9996897957719613
0.722351758032472,0.722351758032472,True,0.00021054187678071212,0.9997894581232193
0.722351758032472,0.722351758032472,True,0.00041621717169149086,0.9995837828283085
0.722351758032472,0.722351758032472,True,0.0002553897548237538,0.9997446102451762
-1.3843670883058157,-1.3843670883058157,True,0.9997119425027599,0.0002880574972402001
-1.3843670883058157,-1.3843670883058157,True,0.9995022010025242,0.0004977989974758517
0.722351758032472,0.722351758032472,True,0.10318186139226637,0.8968181386077336
-1.3843670883058157,-1.3843670883058157,True,0.999618517628624,0.0003814823713760063
0.722351758032472,0.722351758032472,True,0.002378455742315433,0.9976215442576846
-1.3843670883058157,-1.3843670883058157,True,0.9996213016757654,0.0003786983242346036
0.722351758032472,0.722351758032472,True,0.00014563350284568788,0.9998543664971543
0.722351758032472,0.722351758032472,True,0.00017886207508199803,0.999821137924918
0.722351758032472,0.722351758032472,True,0.00041409600481678854,0.9995859039951832
-1.3843670883058157,-1.3843670883058157,True,0.9997047419194299,0.00029525808057005113
0.722351758032472,0.722351758032472,True,0.0002948383191171411,0.9997051616808829
-1.3843670883058157,-1.3843670883058157,True,0.9997119425027599,0.0002880574972402001
-1.3843670883058157,-1.3843670883058157,True,0.9996974701312461,0.000302529868753942
-1.3843670883058157,-1.3843670883058157,True,0.9997513935231349,0.0002486064768650395
0.722351758032472,0.722351758032472,True,0.0021999048777558983,0.9978000951222441
0.722351758032472,0.722351758032472,True,0.0008300070629840839,0.9991699929370159
0.722351758032472,0.722351758032472,True,0.00011787849637445724,0.9998821215036255
-1.3843670883058157,-1.3843670883058157,True,0.9995889007634088,0.00041109923659123434
0.722351758032472,0.722351758032472,True,0.0004813609668709029,0.9995186390331291
0.722351758032472,0.722351758032472,True,0.0001624597574176878,0.9998375402425823
-1.3843670883058157,-1.3843670883058157,True,0.999693261836257,0.000306738163743034
0.722351758032472,0.722351758032472,True,0.00022502884993058636,0.9997749711500694
0.722351758032472,0.722351758032472,True,0.00010774018763470838,0.9998922598123653
-1.3843670883058157,-1.3843670883058157,True,0.9996717736054499,0.000328226394550099
0.722351758032472,0.722351758032472,True,0.00010024600069291623,0.9998997539993071
0.722351758032472,0.722351758032472,True,0.00026668359627812777,0.9997333164037219
0.722351758032472,0.722351758032472,True,0.001368862205185617,0.9986311377948144
0.722351758032472,0.722351758032472,True,0.0001488591463675304,0.9998511408536325
-1.3843670883058157,-1.3843670883058157,True,0.9996553436217247,0.0003446563782752609
-1.3843670883058157,-1.3843670883058157,True,0.999543418483829,0.00045658151617106077
0.722351758032472,0.722351758032472,True,0.0007503372248377493,0.9992496627751623
0.722351758032472,0.722351758032472,True,0.00010324852790499772,0.999896751472095
0.722351758032472,0.722351758032472,True,0.00020642316435759422,0.9997935768356424
0.722351758032472,0.722351758032472,True,0.00011769095689617703,0.9998823090431038
-1.3843670883058157,-1.3843670883058157,True,0.999643543004224,0.0003564569957760019
0.722351758032472,0.722351758032472,True,0.00010550099970974003,0.9998944990002903
0.722351758032472,0.722351758032472,True,0.0005039704964102665,0.9994960295035897
0.722351758032472,0.722351758032472,True,0.00023187316121886514,0.9997681268387811
0.722351758032472,0.722351758032472,True,0.00032660363522019065,0.9996733963647798
-1.3843670883058157,-1.3843670883058157,True,0.9997325436726232,0.00026745632737674416
0.722351758032472,0.722351758032472,True,0.000479734831926093,0.9995202651680739
0.722351758032472,0.722351758032472,True,0.0002557390328232767,0.9997442609671767
0.722351758032472,0.722351758032472,True,0.0005512243008292117,0.9994487756991708
-1.3843670883058157,-1.3843670883058157,True,0.9996644306058066,0.00033556939419346636
0.722351758032472,0.722351758032472,True,0.00016600376804865036,0.9998339962319513
0.722351758032472,0.722351758032472,True,0.0004212042872624444,0.9995787957127376
0.722351758032472,0.722351758032472,True,0.000316756049476119,0.9996832439505239
0.722351758032472,0.722351758032472,True,0.000159778866643423,0.9998402211333566
0.722351758032472,0.722351758032472,True,0.0002147337526566817,0.9997852662473433
-1.3843670883058157,-1.3843670883058157,True,0.9995799319486609,0.00042006805133907167
0.722351758032472,0.722351758032472,True,0.0002018760981575829,0.9997981239018424
0.722351758032472,0.722351758032472,True,0.00030785240153630156,0.9996921475984637
0.722351758032472,0.722351758032472,True,0.00048366493273621636,0.9995163350672638
-1.3843670883058157,-1.3843670883058157,True,0.9995269597798868,0.0004730402201131878
0.722351758032472,0.722351758032472,True,0.016286411036783743,0.9837135889632163
0.722351758032472,0.722351758032472,True,0.00027183428202592896,0.9997281657179741
0.722351758032472,0.722351758032472,True,0.00011517825654283609,0.9998848217434572
0.722351758032472,0.722351758032472,True,0.00019615355559443604,0.9998038464444056
0.722351758032472,0.722351758032472,True,0.0001488591463675304,0.9998511408536325
-1.3843670883058157,-1.3843670883058157,True,0.9996600719588598,0.0003399280411402789
0.722351758032472,0.722351758032472,True,0.00030033511913429844,0.9996996648808657
-1.3843670883058157,-1.3843670883058157,True,0.9995519903516403,0.0004480096483597111
-1.3843670883058157,-1.3843670883058157,True,0.9994065048471658,0.0005934951528342051
0.722351758032472,0.722351758032472,True,0.00038990142078709766,0.9996100985792129
0.722351758032472,0.722351758032472,True,0.0008274672185870635,0.9991725327814129
0.722351758032472,0.722351758032472,True,0.0006280560224065646,0.9993719439775934
0.722351758032472,0.722351758032472,True,0.00029484088184195123,0.999705159118158
0.722351758032472,0.722351758032472,True,0.000159778866643423,0.9998402211333566
0.722351758032472,0.722351758032472,True,0.00011517825654283609,0.9998848217434572
0.722351758032472,0.722351758032472,True,0.00034329364378649085,0.9996567063562135
0.722351758032472,0.722351758032472,True,0.00011517825654283609,0.9998848217434572
0.722351758032472,0.722351758032472,True,0.00016600376804865036,0.9998339962319513
-1.3843670883058157,-1.3843670883058157,True,0.999511530766992,0.000488469233007995
-1.3843670883058157,-1.3843670883058157,True,0.9997325436726232,0.00026745632737674416
-1.3843670883058157,-1.3843670883058157,True,0.9996974701312461,0.000302529868753942
0.722351758032472,0.722351758032472,True,0.0017790427224856353,0.9982209572775144
0.722351758032472,0.722351758032472,True,0.0004108038309468265,0.9995891961690532
0.722351758032472,0.722351758032472,True,0.0004964131181217635,0.9995035868818782
-1.3843670883058157,-1.3843670883058157,True,0.9997325436726232,0.00026745632737674416
0.722351758032472,0.722351758032472,True,0.00033126397706662036,0.9996687360229334
-1.3843670883058157,-1.3843670883058157,True,0.999363635878006,0.0006363641219940156
0.722351758032472,0.722351758032472,True,0.0001937057454136637,0.9998062942545863
0.722351758032472,0.722351758032472,True,0.000697094450567981,0.999302905549432
0.722351758032472,0.722351758032472,True,0.0005624273276133573,0.9994375726723866
0.722351758032472,0.722351758032472,True,0.00021156812058098495,0.999788431879419
-1.3843670883058157,-1.3843670883058157,True,0.9997288231303684,0.00027117686963163995
-1.3843670883058157,-1.3843670883058157,True,0.9997548044759161,0.00024519552408380806
-1.3843670883058157,-1.3843670883058157,True,0.999594723939796,0.0004052760602039734
0.722351758032472,0.722351758032472,True,0.0003447849600692887,0.9996552150399307
-1.3843670883058157,-1.3843670883058157,True,0.9996974701312461,0.000302529868753942
0.722351758032472,0.722351758032472,True,0.00021054187678071212,0.9997894581232193
0.722351758032472,0.722351758032472,True,0.0002331079608498543,0.9997668920391501
0.722351758032472,0.722351758032472,True,0.0014194146385888562,0.9985805853614111
0.722351758032472,0.722351758032472,True,0.000530772617648112,0.9994692273823519
-1.3843670883058157,-1.3843670883058157,True,0.9996974701312461,0.000302529868753942
0.722351758032472,0.722351758032472,True,0.00018509372319430728,0.9998149062768057
-1.3843670883058157,-1.3843670883058157,True,0.9996745880013376,0.0003254119986623753
0.722351758032472,0.722351758032472,True,0.0006674749509351097,0.9993325250490649
-1.3843670883058157,-1.3843670883058157,True,0.9996600719588598,0.0003399280411402789
-1.3843670883058157,-1.3843670883058157,True,0.999703085011662,0.00029691498833792193
0.722351758032472,0.722351758032472,True,0.000418816251828269,0.9995811837481717
0.722351758032472,0.722351758032472,True,0.00018014006790867398,0.9998198599320913
0.722351758032472,0.722351758032472,True,0.000194904237249105,0.9998050957627509
0.722351758032472,0.722351758032472,True,0.0005459381240193739,0.9994540618759806
0.722351758032472,0.722351758032472,True,0.0003965358748010406,0.999603464125199
0.722351758032472,0.722351758032472,True,0.0002710284961966458,0.9997289715038034
-1.3843670883058157,-1.3843670883058157,True,0.9996222908889291,0.00037770911107095983
0.722351758032472,0.722351758032472,True,0.00036715014116939226,0.9996328498588306
0.722351758032472,0.722351758032472,True,0.00020642316435759422,0.9997935768356424
-1.3843670883058157,-1.3843670883058157,True,0.999643543004224,0.0003564569957760019
0.722351758032472,0.722351758032472,True,0.0004484895446881243,0.9995515104553119
0.722351758032472,0.722351758032472,True,0.005026810724154562,0.9949731892758454
-1.3843670883058157,-1.3843670883058157,True,0.9996385848354636,0.0003614151645363154
0.722351758032472,0.722351758032472,True,0.0006526991229302004,0.9993473008770698
0.722351758032472,0.722351758032472,True,0.000263910235556053,0.999736089764444
-1.3843670883058157,-1.3843670883058157,True,0.999703085011662,0.00029691498833792193
0.722351758032472,0.722351758032472,True,0.00022264645528968785,0.9997773535447103
0.722351758032472,0.722351758032472,True,0.0003122968392021974,0.9996877031607978
0.722351758032472,0.722351758032472,True,0.0005344295850990832,0.9994655704149009
-1.3843670883058157,-1.3843670883058157,True,0.9996989547980791,0.0003010452019208882
0.722351758032472,0.722351758032472,True,0.0002390733817458912,0.9997609266182541
0.722351758032472,0.722351758032472,True,0.00010721746984654335,0.9998927825301535
0.722351758032472,0.722351758032472,True,0.0007267339154973795,0.9992732660845026
0.722351758032472,0.722351758032472,True,0.00040072924664724674,0.9995992707533528
0.722351758032472,0.722351758032472,True,0.0007782955095967381,0.9992217044904033
-1.3843670883058157,-1.3843670883058157,True,0.9996039154803912,0.0003960845196087693
-1.3843670883058157,-1.3843670883058157,True,0.9996274725071678,0.0003725274928322303
0.722351758032472,0.722351758032472,True,0.0001616891044544655,0.9998383108955455
0.722351758032472,0.722351758032472,True,0.00022156461838185315,0.9997784353816181
0.722351758032472,0.722351758032472,True,0.00026500894452086143,0.9997349910554791
0.722351758032472,0.722351758032472,True,0.00023057527247283272,0.9997694247275272
0.722351758032472,0.722351758032472,True,0.007572391766992204,0.9924276082330078
-1.3843670883058157,-1.3843670883058157,True,0.9995569582183559,0.00044304178164411556
0.722351758032472,0.722351758032472,True,0.000847016731741923,0.9991529832682581
0.722351758032472,0.722351758032472,True,0.00023376338824432352,0.9997662366117557
0.722351758032472,0.722351758032472,True,0.00015993469840080987,0.9998400653015992
0.722351758032472,0.722351758032472,True,9.67923329957543e-05,0.9999032076670042
0.722351758032472,0.722351758032472,True,0.00045911309308643844,0.9995408869069136
-1.3843670883058157,-1.3843670883058157,True,0.999672241270197,0.00032775872980298805
-1.3843670883058157,-1.3843670883058157,True,0.9995433372808693,0.00045666271913069904
0.722351758032472,0.722351758032472,True,0.00023987536181724334,0.9997601246381828
0.722351758032472,0.722351758032472,True,0.00041680386534537206,0.9995831961346546
0.722351758032472,0.722351758032472,True,0.0002806447649843502,0.9997193552350156
0.722351758032472,0.722351758032472,True,0.000373426702698465,0.9996265732973015
-1.3843670883058157,-1.3843670883058157,True,0.9993974906218842,0.0006025093781158315
0.722351758032472,0.722351758032472,True,0.0001109671527584899,0.9998890328472415
0.722351758032472,0.722351758032472,True,0.01863347053558495,0.981366529464415
0.722351758032472,0.722351758032472,True,0.00010530275395248534,0.9998946972460475
-1.3843670883058157,-1.3843670883058157,True,0.99949278702009,0.0005072129799100078
-1.3843670883058157,-1.3843670883058157,True,0.9996974701312461,0.00030252986875394254
0.722351758032472,0.722351758032472,True,9.645515506628843e-05,0.9999035448449337
-1.3843670883058157,-1.3843670883058157,True,0.999594723939796,0.0004052760602039737
-1.3843670883058157,-1.3843670883058157,True,0.9997158945811346,0.00028410541886540524
0.722351758032472,0.722351758032472,True,0.00014563350284568788,0.9998543664971543
0.722351758032472,0.722351758032472,True,0.00011991673062805575,0.9998800832693719
0.722351758032472,0.722351758032472,True,0.00013578935580704776,0.999864210644193
0.722351758032472,0.722351758032472,True,0.0003127624519027039,0.9996872375480973
0.722351758032472,0.722351758032472,True,0.00024907111247773894,0.9997509288875223
0.722351758032472,0.722351758032472,True,0.00024859296188872726,0.9997514070381113
0.722351758032472,0.722351758032472,True,0.00020304055667674792,0.9997969594433233
-1.3843670883058157,-1.3843670883058157,True,0.9996653124424307,0.0003346875575693059
-1.3843670883058157,-1.3843670883058157,True,0.999594723939796,0.0004052760602039734
0.722351758032472,0.722351758032472,True,0.00098068952214303,0.999019310477857
0.722351758032472,0.722351758032472,True,0.0015579878159410754,0.9984420121840589
0.722351758032472,0.722351758032472,True,0.0011172137132409166,0.9988827862867591
0.722351758032472,0.722351758032472,True,0.00018623748455615097,0.9998137625154438
-1.3843670883058157,-1.3843670883058157,True,0.999703085011662,0.00029691498833792193
0.722351758032472,0.722351758032472,True,0.0004194089421483138,0.9995805910578517
0.722351758032472,0.722351758032472,True,0.003207998179875382,0.9967920018201246
-1.3843670883058157,-1.3843670883058157,True,0.9996937888396326,0.0003062111603674108
-1.3843670883058157,-1.3843670883058157,True,0.9995879948172358,0.0004120051827642033
0.722351758032472,0.722351758032472,True,0.0006968205344017875,0.9993031794655982
0.722351758032472,0.722351758032472,True,0.00026668359627812777,0.9997333164037219
-1.3843670883058157,-1.3843670883058157,True,0.9993600242136301,0.0006399757863699264
0.722351758032472,0.722351758032472,True,0.00022617183337547697,0.9997738281666245
-1.3843670883058157,-1.3843670883058157,True,0.999703085011662,0.00029691498833792193
0.722351758032472,0.722351758032472,True,0.0003102756567806564,0.9996897243432193
-1.3843670883058157,-1.3843670883058157,True,0.999692358820339,0.00030764117966096155
-1.3843670883058157,-1.3843670883058157,True,0.9997092324037852,0.00029076759621478554
-1.3843670883058157,-1.3843670883058157,True,0.9997192817400716,0.00028071825992836074
0.722351758032472,0.722351758032472,True,0.0024766367175810267,0.997523363282419
0.722351758032472,0.722351758032472,True,0.00016670227558324147,0.9998332977244168
-1.3843670883058157,-1.3843670883058157,True,0.9994416984566014,0.0005583015433986432
0.722351758032472,0.722351758032472,True,0.000369841030090301,0.9996301589699097
-1.3843670883058157,-1.3843670883058157,True,0.9997325436726232,0.00026745632737674416
0.722351758032472,0.722351758032472,True,0.00045584076247662253,0.9995441592375234
0.722351758032472,0.722351758032472,True,0.03689788103479108,0.9631021189652089
0.722351758032472,0.722351758032472,True,0.0001436490180999339,0.9998563509819001
0.722351758032472,0.722351758032472,True,0.00022280315215861268,0.9997771968478414
0.722351758032472,0.722351758032472,True,0.0004142473145460901,0.9995857526854539
-1.3843670883058157,-1.3843670883058157,True,0.9993789162068908,0.0006210837931092311
0.722351758032472,0.722351758032472,True,0.00035730258441257767,0.9996426974155874
0.722351758032472,0.722351758032472,True,0.00030955018308775895,0.9996904498169122
0.722351758032472,0.722351758032472,True,0.0004903697038556309,0.9995096302961444
0.722351758032472,0.722351758032472,True,0.0001364066983416956,0.9998635933016583
-1.3843670883058157,-1.3843670883058157,True,0.9996880991365905,0.0003119008634094732
0.722351758032472,0.722351758032472,True,0.00046631130479579674,0.9995336886952042
0.722351758032472,0.722351758032472,True,0.00011517825654283609,0.9998848217434572
-1.3843670883058157,-1.3843670883058157,True,0.9997281395687381,0.0002718604312618985
0.722351758032472,0.722351758032472,True,0.0003670396305827106,0.9996329603694173
0.722351758032472,0.722351758032472,True,0.007863047882694096,0.9921369521173059
-1.3843670883058157,-1.3843670883058157,True,0.9996974701312461,0.000302529868753942
-1.3843670883058157,-1.3843670883058157,True,0.9997325436726232,0.00026745632737674416
0.722351758032472,0.722351758032472,True,0.0002732008194199498,0.99972679918058
0.722351758032472,0.722351758032472,True,0.0004892145090020783,0.9995107854909979
0.722351758032472,0.722351758032472,True,0.001684419902476697,0.9983155800975233
-1.3843670883058157,-1.3843670883058157,True,0.999642637989377,0.0003573620106229221
0.722351758032472,0.722351758032472,True,0.0003364651659255591,0.9996635348340744
0.722351758032472,0.722351758032472,True,0.00026470986780202654,0.999735290132198
0.722351758032472,0.722351758032472,True,0.000159778866643423,0.9998402211333566
0.722351758032472,0.722351758032472,True,0.00019238612770189345,0.9998076138722981
0.722351758032472,0.722351758032472,True,0.00018123061946218044,0.9998187693805378
0.722351758032472,0.722351758032472,True,0.0007450690835506535,0.9992549309164493
0.722351758032472,0.722351758032472,True,0.00010324852790499772,0.999896751472095
0.722351758032472,0.722351758032472,True,0.00024140817085005484,0.99975859182915
0.722351758032472,0.722351758032472,True,0.0002524814981005319,0.9997475185018995
-1.3843670883058157,-1.3843670883058157,True,0.9996989547980791,0.0003010452019208882
0.722351758032472,0.722351758032472,True,0.0006555216107040351,0.999344478389296
-1.3843670883058157,-1.3843670883058157,True,0.9994714732717835,0.0005285267282164872
0.722351758032472,0.722351758032472,True,0.0004285276963377216,0.9995714723036623
-1.3843670883058157,-1.3843670883058157,True,0.9994842103397248,0.0005157896602752637
0.722351758032472,0.722351758032472,True,0.000236034033329946,0.99976396596667
0.722351758032472,0.722351758032472,True,0.0021925793090440404,0.997807420690956
0.722351758032472,0.722351758032472,True,0.0015755094329129582,0.998424490567087
0.722351758032472,0.722351758032472,True,0.00025273887175070175,0.9997472611282493
-1.3843670883058157,-1.3843670883058157,True,0.999703085011662,0.00029691498833792193
0.722351758032472,0.722351758032472,True,0.00027500059903662333,0.9997249994009634
0.722351758032472,0.722351758032472,True,0.0006968205344017875,0.9993031794655982
0.722351758032472,0.722351758032472,True,0.00045668287131928054,0.9995433171286807
0.722351758032472,0.722351758032472,True,0.0001310782408893152,0.9998689217591107
-1.3843670883058157,-1.3843670883058157,True,0.9997325436726232,0.00026745632737674416
0.722351758032472,0.722351758032472,True,0.00010324852790499772,0.999896751472095
0.722351758032472,0.722351758032472,True,0.00022248501494515072,0.9997775149850548
0.722351758032472,0.722351758032472,True,0.00017797320330237287,0.9998220267966976
0.722351758032472,0.722351758032472,True,0.0025216220508057496,0.9974783779491943
0.722351758032472,0.722351758032472,True,0.0004415038480223288,0.9995584961519777
0.722351758032472,0.722351758032472,True,0.00026668359627812777,0.9997333164037219
0.722351758032472,0.722351758032472,True,0.0002883536118298835,0.9997116463881701
-1.3843670883058157,-1.3843670883058157,True,0.9997621194524706,0.000237880547529432
-1.3843670883058157,-1.3843670883058157,True,0.9996600719588598,0.0003399280411402789
-1.3843670883058157,-1.3843670883058157,True,0.9997847676577644,0.00021523234223568856
0.722351758032472,0.722351758032472,True,0.00019615355559443604,0.9998038464444056
0.722351758032472,0.722351758032472,True,0.0002800372573872334,0.9997199627426128
-1.3843670883058157,-1.3843670883058157,True,0.9997119425027599,0.0002880574972402001
0.722351758032472,0.722351758032472,True,0.0002065338978186615,0.9997934661021813
0.722351758032472,0.722351758032472,True,0.00010530275395248534,0.9998946972460475
0.722351758032472,0.722351758032472,True,0.0001604655755047535,0.9998395344244952
-1.3843670883058157,-1.3843670883058157,True,0.9996600719588598,0.0003399280411402789
-1.3843670883058157,-1.3843670883058157,True,0.9996477924485501,0.00035220755144998913
-1.3843670883058157,-1.3843670883058157,True,0.9995675785322671,0.0004324214677328732
0.722351758032472,0.722351758032472,True,9.394040928034642e-05,0.9999060595907197
-1.3843670883058157,-1.3843670883058157,True,0.9996989547980791,0.0003010452019208882
-1.3843670883058157,-1.3843670883058157,True,0.999451781901954,0.0005482180980459941
-1.3843670883058157,-1.3843670883058157,True,0.9996974701312461,0.000302529868753942
-1.3843670883058157,-1.3843670883058157,True,0.9996274725071678,0.0003725274928322303
0.722351758032472,0.722351758032472,True,0.0021061583988591925,0.9978938416011408
0.722351758032472,0.722351758032472,True,0.00039601670981281867,0.9996039832901872
-1.3843670883058157,-1.3843670883058157,True,0.9995334061347503,0.0004665938652496737
0.722351758032472,0.722351758032472,True,0.0004005100716878429,0.9995994899283122
0.722351758032472,0.722351758032472,True,0.002084885095517963,0.997915114904482
-1.3843670883058157,-1.3843670883058157,True,0.9996553436217247,0.0003446563782752609
0.722351758032472,0.722351758032472,True,0.00017460410600378395,0.9998253958939962
0.722351758032472,0.722351758032472,True,0.00024815847271630886,0.9997518415272837
-1.3843670883058157,-1.3843670883058157,True,0.9996274725071678,0.0003725274928322303
-1.3843670883058157,-1.3843670883058157,True,0.999779132882049,0.000220867117950968
0.722351758032472,0.722351758032472,True,0.00019615355559443604,0.9998038464444056
-1.3843670883058157,-1.3843670883058157,True,0.9996597628760218,0.0003402371239782435
0.722351758032472,0.722351758032472,True,0.00023275241086762044,0.9997672475891324
-1.3843670883058157,-1.3843670883058157,True,0.9997119425027599,0.0002880574972402001
0.722351758032472,0.722351758032472,True,0.00022869046441631458,0.9997713095355837
0.722351758032472,0.722351758032472,True,0.00024158695116560658,0.9997584130488344
0.722351758032472,0.722351758032472,True,0.000470578344201944,0.9995294216557981
0.722351758032472,0.722351758032472,True,0.00014563350284568788,0.9998543664971543
0.722351758032472,0.722351758032472,True,0.000175807723838739,0.9998241922761613
-1.3843670883058157,-1.3843670883058157,True,0.9996600719588598,0.0003399280411402789
0.722351758032472,0.722351758032472,True,0.0003364651659255591,0.9996635348340744
-1.3843670883058157,-1.3843670883058157,True,0.9995735104040263,0.00042648959597366593
-1.3843670883058157,-1.3843670883058157,True,0.9995804039028328,0.0004195960971671878
-1.3843670883058157,-1.3843670883058157,True,0.9993121968520403,0.0006878031479596754
0.722351758032472,0.722351758032472,True,0.000688463222876301,0.9993115367771237
0.722351758032472,0.722351758032472,True,0.0001604655755047535,0.9998395344244952
0.722351758032472,0.722351758032472,True,0.002235507969685857,0.9977644920303141
0.722351758032472,0.722351758032472,True,0.00030992195325407756,0.9996900780467459
0.722351758032472,0.722351758032472,True,0.0032329301355208395,0.9967670698644792
0.722351758032472,0.722351758032472,True,0.0003151798440124143,0.9996848201559876
0.722351758032472,0.722351758032472,True,0.0003623747372538677,0.9996376252627461
-1.3843670883058157,-1.3843670883058157,True,0.9996600719588598,0.0003399280411402789
-1.3843670883058157,-1.3843670883058157,True,0.9997153767657138,0.0002846232342862708
-1.3843670883058157,-1.3843670883058157,True,0.9995310680587285,0.0004689319412714874
-1.3843670883058157,-1.3843670883058157,True,0.9997158945811346,0.00028410541886540524
0.722351758032472,0.722351758032472,True,0.000175807723838739,0.9998241922761613
0.722351758032472,0.722351758032472,True,0.0003432597049215502,0.9996567402950784
0.722351758032472,0.722351758032472,True,0.00034434916740766486,0.9996556508325923
0.722351758032472,0.722351758032472,True,0.00019866339320750992,0.9998013366067925
0.722351758032472,0.722351758032472,True,0.00025885451959661854,0.9997411454804034
0.722351758032472,0.722351758032472,True,0.00034530488280981597,0.9996546951171902
-1.3843670883058157,-1.3843670883058157,True,0.9996157260112472,0.0003842739887528076
-1.3843670883058157,-1.3843670883058157,True,0.9995745678691605,0.00042543213083946166
-1.3843670883058157,-1.3843670883058157,True,0.9996385848354636,0.0003614151645363154
-1.3843670883058157,-1.3843670883058157,True,0.9994176271069578,0.0005823728930422109
0.722351758032472,0.722351758032472,True,0.0005081653424090504,0.999491834657591
-1.3843670883058157,-1.3843670883058157,True,0.9994090276255051,0.0005909723744948631
0.722351758032472,0.722351758032472,True,0.00025284333733133213,0.9997471566626687
0.722351758032472,0.722351758032472,True,0.0001488591463675304,0.9998511408536325
0.722351758032472,0.722351758032472,True,0.00033572004344850637,0.9996642799565515
0.722351758032472,0.722351758032472,True,0.0008320907234222741,0.9991679092765777
0.722351758032472,0.722351758032472,True,0.0002545449147786094,0.9997454550852214
0.722351758032472,0.722351758032472,True,0.0003136902164256883,0.9996863097835743
0.722351758032472,0.722351758032472,True,0.00015050546834471934,0.9998494945316553
0.722351758032472,0.722351758032472,True,0.00022237318043383247,0.9997776268195662
0.722351758032472,0.722351758032472,True,0.0002762602355701471,0.9997237397644299
0.722351758032472,0.722351758032472,True,0.00019556142165311208,0.9998044385783469
0.722351758032472,0.722351758032472,True,0.0004285276963377216,0.9995714723036623
0.722351758032472,0.722351758032472,True,0.00017759362107006016,0.9998224063789299
0.722351758032472,0.722351758032472,True,0.0006321607284222042,0.9993678392715778
0.722351758032472,0.722351758032472,True,0.0003147965946302955,0.9996852034053697
-1.3843670883058157,-1.3843670883058157,True,0.9995017342356177,0.0004982657643822485
-1.3843670883058157,-1.3843670883058157,True,0.9996151487205152,0.0003848512794848706
-1.3843670883058157,-1.3843670883058157,True,0.9996274725071678,0.0003725274928322303
0.722351758032472,0.722351758032472,True,0.00026773988556938466,0.9997322601144306
0.722351758032472,0.722351758032472,True,0.00022060491784325897,0.9997793950821567
-1.3843670883058157,-1.3843670883058157,True,0.9995935530523994,0.00040644694760060365
0.722351758032472,0.722351758032472,True,0.00018488559254481451,0.9998151144074552
0.722351758032472,0.722351758032472,True,0.00019536648238094312,0.9998046335176191
0.722351758032472,0.722351758032472,True,0.00019615355559443604,0.9998038464444056
0.722351758032472,0.722351758032472,True,0.0005737157445497854,0.9994262842554502
-1.3843670883058157,-1.3843670883058157,True,0.9996229422606571,0.0003770577393429183
-1.3843670883058157,-1.3843670883058157,True,0.9996653124424307,0.0003346875575693065
0.722351758032472,0.722351758032472,True,0.0002524814981005319,0.9997475185018995
0.722351758032472,0.722351758032472,True,0.00035243673381790686,0.9996475632661821
0.722351758032472,0.722351758032472,True,0.001700115024631521,0.9982998849753685
0.722351758032472,0.722351758032472,True,0.00010550099970974003,0.9998944990002903
0.722351758032472,0.722351758032472,True,0.001489574930676918,0.9985104250693231
0.722351758032472,0.722351758032472,True,0.000638612249761028,0.999361387750239
-1.3843670883058157,-1.3843670883058157,True,0.9996644306058066,0.00033556939419346636
0.722351758032472,0.722351758032472,True,0.00021843700528301202,0.999781562994717
0.722351758032472,0.722351758032472,True,0.00018809986428758307,0.9998119001357124
-1.3843670883058157,-1.3843670883058157,True,0.999703085011662,0.00029691498833792193
-1.3843670883058157,-1.3843670883058157,True,0.9997119425027599,0.0002880574972402001
0.722351758032472,0.722351758032472,True,0.00022757057271038938,0.9997724294272896
0.722351758032472,0.722351758032472,True,0.0004294631371900559,0.9995705368628099
0.722351758032472,0.722351758032472,True,0.0002806447649843502,0.9997193552350156
-1.3843670883058157,-1.3843670883058157,True,0.999837488090231,0.00016251190976899257
0.722351758032472,0.722351758032472,True,0.0003288314320620822,0.9996711685679379
0.722351758032472,0.722351758032472,True,0.00019939597323115343,0.9998006040267688
-1.3843670883058157,-1.3843670883058157,True,0.9996989547980791,0.0003010452019208882
0.722351758032472,0.722351758032472,True,0.0005347178374182082,0.9994652821625818
-1.3843670883058157,-1.3843670883058157,True,0.9995735104040263,0.00042648959597366593
0.722351758032472,0.722351758032472,True,0.0002876290024628192,0.9997123709975372
-1.3843670883058157,-1.3843670883058157,True,0.999643543004224,0.0003564569957760022
0.722351758032472,0.722351758032472,True,0.000983039284651488,0.9990169607153485
-1.3843670883058157,-1.3843670883058157,True,0.9993148010423061,0.0006851989576938951
0.722351758032472,0.722351758032472,True,0.0017461806614259556,0.998253819338574
0.722351758032472,0.722351758032472,True,0.00023328791072751986,0.9997667120892725
0.722351758032472,0.722351758032472,True,0.00017460410600378395,0.9998253958939962
-1.3843670883058157,-1.3843670883058157,True,0.9995279447890032,0.0004720552109968142
0.722351758032472,0.722351758032472,True,0.000258324785229358,0.9997416752147706
0.722351758032472,0.722351758032472,True,0.00014563350284568788,0.9998543664971543
0.722351758032472,0.722351758032472,True,0.0005270038809059852,0.999472996119094
-1.3843670883058157,-1.3843670883058157,True,0.9997325436726232,0.00026745632737674416
0.722351758032472,0.722351758032472,True,0.00012881848109635996,0.9998711815189036
-1.3843670883058157,-1.3843670883058157,True,0.9996892853111315,0.0003107146888684083
-1.3843670883058157,-1.3843670883058157,True,0.9997325436726232,0.00026745632737674416
0.722351758032472,0.722351758032472,True,0.0005860401373183333,0.9994139598626817
0.722351758032472,0.722351758032472,True,0.0007984484100894695,0.9992015515899105
-1.3843670883058157,-1.3843670883058157,True,0.9997325436726232,0.00026745632737674416
-1.3843670883058157,-1.3843670883058157,True,0.9995890869972572,0.00041091300274279015
0.722351758032472,0.722351758032472,True,0.00046420981761807756,0.9995357901823819
0.722351758032472,0.722351758032472,True,0.00022605028593203347,0.999773949714068
0.722351758032472,0.722351758032472,True,0.00029370127053285344,0.9997062987294671
-1.3843670883058157,-1.3843670883058157,True,0.9996428933666799,0.0003571066333200803
0.722351758032472,0.722351758032472,True,8.320861856880857e-05,0.9999167913814312
-1.3843670883058157,-1.3843670883058157,True,0.9997325436726232,0.00026745632737674416
0.722351758032472,0.722351758032472,True,0.00027860034735749384,0.9997213996526425
-1.3843670883058157,-1.3843670883058157,True,0.9997269407121293,0.0002730592878707199
-1.3843670883058157,-1.3843670883058157,True,0.9996653124424307,0.0003346875575693059
0.722351758032472,0.722351758032472,True,0.0004274182523889003,0.9995725817476111
-1.3843670883058157,-1.3843670883058157,True,0.9995011040900162,0.0004988959099837828
0.722351758032472,0.722351758032472,True,0.002512064362538702,0.9974879356374613
-1.3843670883058157,-1.3843670883058157,True,0.9996769813257766,0.000323018674223336
0.722351758032472,0.722351758032472,True,0.0002806447649843502,0.9997193552350156
0.722351758032472,0.722351758032472,True,0.0013823147499030242,0.998617685250097
-1.3843670883058157,-1.3843670883058157,True,0.9996724881177964,0.0003275118822035389
0.722351758032472,0.722351758032472,True,8.740602276824383e-05,0.9999125939772318
0.722351758032472,0.722351758032472,True,0.000884236016483575,0.9991157639835164
-1.3843670883058157,-1.3843670883058157,True,0.9996724881177964,0.0003275118822035389
0.722351758032472,0.722351758032472,True,0.0004054145580598689,0.9995945854419401
0.722351758032472,0.722351758032472,True,0.0008994002036112336,0.9991005997963888
0.722351758032472,0.722351758032472,True,0.00040799830343307697,0.9995920016965669
0.722351758032472,0.722351758032472,True,0.00020304055667674792,0.9997969594433233
-1.3843670883058157,-1.3843670883058157,True,0.9996779079912811,0.0003220920087188561
0.722351758032472,0.722351758032472,True,0.00029040350204923016,0.9997095964979508
0.722351758032472,0.722351758032472,True,0.000486679133541168,0.9995133208664588
0.722351758032472,0.722351758032472,True,0.0002537055196455418,0.9997462944803545
0.722351758032472,0.722351758032472,True,0.00026146690216655166,0.9997385330978334
0.722351758032472,0.722351758032472,True,0.00013904324566171855,0.9998609567543383
0.722351758032472,0.722351758032472,True,0.0012961823143154971,0.9987038176856845
0.722351758032472,0.722351758032472,True,0.00012197957856230346,0.9998780204214377
0.722351758032472,0.722351758032472,True,0.11318437962318972,0.8868156203768103
0.722351758032472,0.722351758032472,True,0.00030992195325407756,0.9996900780467459
-1.3843670883058157,-1.3843670883058157,True,0.9995269167328821,0.00047308326711791336
0.722351758032472,0.722351758032472,True,0.00010321225728515682,0.9998967877427148
0.722351758032472,0.722351758032472,True,0.00028166886915070855,0.9997183311308493
-1.3843670883058157,-1.3843670883058157,True,0.9996553436217247,0.0003446563782752609
0.722351758032472,0.722351758032472,True,0.00036393417809876816,0.9996360658219012
0.722351758032472,0.722351758032472,True,0.0004839500255856555,0.9995160499744143
-1.3843670883058157,-1.3843670883058157,True,0.9997092324037852,0.00029076759621478554
0.722351758032472,0.722351758032472,True,0.00040398589121815043,0.9995960141087818
-1.3843670883058157,-1.3843670883058157,True,0.9996974701312461,0.000302529868753942
0.722351758032472,0.722351758032472,True,0.0007281956818293578,0.9992718043181706
0.722351758032472,0.722351758032472,True,0.0002844009890338173,0.9997155990109662
-1.3843670883058157,-1.3843670883058157,True,0.9996644306058066,0.00033556939419346636
0.722351758032472,0.722351758032472,True,0.0006436526297858292,0.9993563473702142
0.722351758032472,0.722351758032472,True,0.0017879644632173841,0.9982120355367826
-1.3843670883058157,-1.3843670883058157,True,0.9992483240865189,0.0007516759134811087
0.722351758032472,0.722351758032472,True,0.00038380219939382343,0.9996161978006062
0.722351758032472,0.722351758032472,True,0.004355320133637708,0.9956446798663623
0.722351758032472,0.722351758032472,True,0.0001961195742787858,0.9998038804257212
-1.3843670883058157,-1.3843670883058157,True,0.9996209740012979,0.0003790259987020943
0.722351758032472,0.722351758032472,True,0.00022896633773883401,0.9997710336622612
0.722351758032472,0.722351758032472,True,0.00011517825654283609,0.9998848217434572
0.722351758032472,0.722351758032472,True,0.00018509372319430728,0.9998149062768057
0.722351758032472,0.722351758032472,True,0.00011750835600687903,0.9998824916439931
0.722351758032472,0.722351758032472,True,0.0008907480608456586,0.9991092519391543
-1.3843670883058157,-1.3843670883058157,True,0.9993001958885146,0.0006998041114853849
0.722351758032472,0.722351758032472,True,0.0005308955896697887,0.9994691044103302
0.722351758032472,0.722351758032472,True,0.000918283766037753,0.9990817162339622
0.722351758032472,0.722351758032472,True,0.0002633800563066613,0.9997366199436933
-1.3843670883058157,-1.3843670883058157,True,0.9996954482816828,0.00030455171831722766
-1.3843670883058157,-1.3843670883058157,True,0.9996281149463498,0.0003718850536501127
0.722351758032472,0.722351758032472,True,0.00023942371812424312,0.9997605762818758
0.722351758032472,0.722351758032472,True,0.0007734027710862845,0.9992265972289137
0.722351758032472,0.722351758032472,True,0.0002719161324615804,0.9997280838675384
-1.3843670883058157,-1.3843670883058157,True,0.9997002251440315,0.0002997748559685082
-1.3843670883058157,-1.3843670883058157,True,0.9996512283370131,0.0003487716629868064
0.722351758032472,0.722351758032472,True,0.000654401595976406,0.9993455984040236
0.722351758032472,0.722351758032472,True,0.00026668359627812777,0.9997333164037219
0.722351758032472,0.722351758032472,True,0.0001784609654090774,0.9998215390345909
-1.3843670883058157,-1.3843670883058157,True,0.9993595594841918,0.0006404405158082944
0.722351758032472,0.722351758032472,True,0.0006171616041034111,0.9993828383958966
-1.3843670883058157,-1.3843670883058157,True,0.999703085011662,0.00029691498833792193
0.722351758032472,0.722351758032472,True,0.0004628223391741626,0.9995371776608258
-1.3843670883058157,-1.3843670883058157,True,0.9993878440796645,0.0006121559203355221
0.722351758032472,0.722351758032472,True,0.0006923027825816996,0.9993076972174183
0.722351758032472,0.722351758032472,True,0.0005334604491737949,0.9994665395508262
0.722351758032472,0.722351758032472,True,0.00019514746808424466,0.9998048525319158
0.722351758032472,0.722351758032472,True,0.00025092817562899494,0.999749071824371
0.722351758032472,0.722351758032472,True,0.00033445607137727595,0.9996655439286227
-1.3843670883058157,-1.3843670883058157,True,0.999451781901954,0.0005482180980459941
-1.3843670883058157,-1.3843670883058157,True,0.9996597628760218,0.0003402371239782435
0.722351758032472,0.722351758032472,True,0.000159778866643423,0.9998402211333566
0.722351758032472,0.722351758032472,True,0.00039732586668239644,0.9996026741333176
-1.3843670883058157,-1.3843670883058157,True,0.9996564070267299,0.00034359297327011976
0.722351758032472,0.722351758032472,True,0.0034569284440917336,0.9965430715559083
-1.3843670883058157,-1.3843670883058157,True,0.9996088549831634,0.00039114501683658483
0.722351758032472,0.722351758032472,True,0.00020642316435759422,0.9997935768356424
-1.3843670883058157,-1.3843670883058157,True,0.999543418483829,0.00045658151617106077
0.722351758032472,0.722351758032472,True,0.00046179861812289946,0.9995382013818771
0.722351758032472,0.722351758032472,True,0.00021054187678071212,0.9997894581232193
0.722351758032472,0.722351758032472,True,0.00029006314653767795,0.9997099368534623
0.722351758032472,0.722351758032472,True,0.00010324852790499772,0.999896751472095
0.722351758032472,0.722351758032472,True,0.00021501310937277474,0.9997849868906272
-1.3843670883058157,-1.3843670883058157,True,0.9996597628760218,0.0003402371239782435
0.722351758032472,0.722351758032472,True,0.00017460410600378395,0.9998253958939962
-1.3843670883058157,-1.3843670883058157,True,0.9997332465639379,0.00026675343606203647
0.722351758032472,0.722351758032472,True,0.00036186261599269187,0.9996381373840073
0.722351758032472,0.722351758032472,True,0.00015050546834471934,0.9998494945316553
-1.3843670883058157,-1.3843670883058157,True,0.999703085011662,0.00029691498833792193
0.722351758032472,0.722351758032472,True,0.00030010354473342105,0.9996998964552666
0.722351758032472,0.722351758032472,True,0.000492466823633908,0.9995075331763661
-1.3843670883058157,-1.3843670883058157,True,0.9996501552978678,0.00034984470213213193
0.722351758032472,0.722351758032472,True,0.00014563350284568788,0.9998543664971543
-1.3843670883058157,-1.3843670883058157,True,0.9997288231303684,0.00027117686963163995
-1.3843670883058157,-1.3843670883058157,True,0.9997325436726232,0.00026745632737674416
-1.3843670883058157,-1.3843670883058157,True,0.9995924404093002,0.00040755959069983154
0.722351758032472,0.722351758032472,True,0.0003121825387024657,0.9996878174612975
-1.3843670883058157,-1.3843670883058157,True,0.999750167404118,0.00024983259588192433
-1.3843670883058157,-1.3843670883058157,True,0.9995889007634088,0.00041109923659123434
-1.3843670883058157,-1.3843670883058157,True,0.9994319701074521,0.000568029892547937
0.722351758032472,0.722351758032472,True,0.0001009760250665348,0.9998990239749335
-1.3843670883058157,-1.3843670883058157,True,0.999703085011662,0.00029691498833792193
-1.3843670883058157,-1.3843670883058157,True,0.9996229422606571,0.0003770577393429183
0.722351758032472,0.722351758032472,True,8.740602276824383e-05,0.9999125939772318
-1.3843670883058157,-1.3843670883058157,True,0.999703085011662,0.00029691498833792193
-1.3843670883058157,-1.3843670883058157,True,0.9995634718812885,0.000436528118711498
0.722351758032472,0.722351758032472,True,0.00016223588496455665,0.9998377641150354
0.722351758032472,0.722351758032472,True,0.00013988968192357731,0.9998601103180764
0.722351758032472,0.722351758032472,True,0.0006901112187831515,0.9993098887812168
-1.3843670883058157,-1.3843670883058157,True,0.9997288231303684,0.00027117686963163995
-1.3843670883058157,-1.3843670883058157,True,0.999779132882049,0.000220867117950968
-1.3843670883058157,-1.3843670883058157,True,0.9996974701312461,0.000302529868753942
0.722351758032472,0.722351758032472,True,0.009153049183912243,0.9908469508160878
-1.3843670883058157,-1.3843670883058157,True,0.9996553436217247,0.0003446563782752609
-1.3843670883058157,-1.3843670883058157,True,0.9996989547980791,0.0003010452019208882
0.722351758032472,0.722351758032472,True,0.0001577868358050294,0.999842213164195
0.722351758032472,0.722351758032472,True,0.00010324852790499772,0.999896751472095
0.722351758032472,0.722351758032472,True,0.0009863032515293746,0.9990136967484706
0.722351758032472,0.722351758032472,True,0.00046179861812289946,0.9995382013818771
0.722351758032472,0.722351758032472,True,0.00016570893708611756,0.9998342910629139
-1.3843670883058157,-1.3843670883058157,True,0.9996385848354636,0.0003614151645363154
0.722351758032472,0.722351758032472,True,0.0006285060050946756,0.9993714939949053
-1.3843670883058157,-1.3843670883058157,True,0.999703085011662,0.00029691498833792193
-1.3843670883058157,-1.3843670883058157,True,0.9997325436726232,0.00026745632737674416
0.722351758032472,0.722351758032472,True,0.0008126313712827349,0.9991873686287173
0.722351758032472,0.722351758032472,True,0.00014487871008395103,0.999855121289916
0.722351758032472,0.722351758032472,True,0.0013683908613989493,0.998631609138601
0.722351758032472,0.722351758032472,True,0.0011295710796450642,0.9988704289203549
-1.3843670883058157,-1.3843670883058157,True,0.9996553436217247,0.0003446563782752609
0.722351758032472,0.722351758032472,True,0.0009225690445449075,0.9990774309554551
0.722351758032472,0.722351758032472,True,0.0006529668845722814,0.9993470331154277
0.722351758032472,0.722351758032472,True,0.0003102756567806564,0.9996897243432193
0.722351758032472,0.722351758032472,True,0.0004058201192165267,0.9995941798807835
0.722351758032472,0.722351758032472,True,0.0002464658246781326,0.9997535341753219
-1.3843670883058157,-1.3843670883058157,True,0.9997158945811346,0.00028410541886540524
-1.3843670883058157,-1.3843670883058157,True,0.9996989547980791,0.0003010452019208882
-1.3843670883058157,-1.3843670883058157,True,0.9997119425027599,0.0002880574972402001
-1.3843670883058157,-1.3843670883058157,True,0.9997760602896727,0.00022393971032731377
-1.3843670883058157,-1.3843670883058157,True,0.9996151487205152,0.0003848512794848706
0.722351758032472,0.722351758032472,True,0.00025697905959221057,0.9997430209404078
0.722351758032472,0.722351758032472,True,0.00026668359627812777,0.9997333164037219
0.722351758032472,0.722351758032472,True,0.0003166246979330323,0.999683375302067
-1.3843670883058157,-1.3843670883058157,True,0.9997405157685229,0.00025948423147711296
0.722351758032472,0.722351758032472,True,0.00032465511696000426,0.99967534488304
0.722351758032472,0.722351758032472,True,0.0003630815021780087,0.999636918497822
0.722351758032472,0.722351758032472,True,0.001481739819740313,0.9985182601802597
0.722351758032472,0.722351758032472,True,0.00021054187678071212,0.9997894581232193
0.722351758032472,0.722351758032472,True,0.00202044630185394,0.9979795536981461
0.722351758032472,0.722351758032472,True,0.00017588507327204184,0.999824114926728
0.722351758032472,0.722351758032472,True,0.0002974530195852809,0.9997025469804147
0.722351758032472,0.722351758032472,True,0.0007799523006802866,0.9992200476993197
-1.3843670883058157,-1.3843670883058157,True,0.999693261836257,0.000306738163743034
0.722351758032472,0.722351758032472,True,0.000514300291804326,0.9994856997081957
-1.3843670883058157,-1.3843670883058157,True,0.9996974701312461,0.000302529868753942
0.722351758032472,0.722351758032472,True,0.00035896785110167695,0.9996410321488983
-1.3843670883058157,-1.3843670883058157,True,0.999643543004224,0.0003564569957760019
0.722351758032472,0.722351758032472,True,0.0008736665729532911,0.9991263334270467
0.722351758032472,0.722351758032472,True,0.0002879562261666191,0.9997120437738334
0.722351758032472,0.722351758032472,True,0.00024738327735496224,0.999752616722645
0.722351758032472,0.722351758032472,True,0.00021688735426506067,0.9997831126457349
0.722351758032472,0.722351758032472,True,0.00030612452130773793,0.9996938754786923
0.722351758032472,0.722351758032472,True,0.00019939597323115343,0.9998006040267688
-1.3843670883058157,-1.3843670883058157,True,0.9996724881177964,0.0003275118822035389
-1.3843670883058157,-1.3843670883058157,True,0.999703085011662,0.00029691498833792193
0.722351758032472,0.722351758032472,True,0.0002426465909854958,0.9997573534090145
0.722351758032472,0.722351758032472,True,0.00021054187678071212,0.9997894581232193
0.722351758032472,0.722351758032472,True,0.00011983962062478426,0.9998801603793752
-1.3843670883058157,-1.3843670883058157,True,0.9996204282816854,0.00037957171831455924
0.722351758032472,0.722351758032472,True,0.005330696692505299,0.9946693033074947
0.722351758032472,0.722351758032472,True,0.0002879182722866913,0.9997120817277133
0.722351758032472,0.722351758032472,True,0.0018478695612558216,0.9981521304387442
0.722351758032472,0.722351758032472,True,0.00025452864179198453,0.999745471358208
-1.3843670883058157,-1.3843670883058157,True,0.9997548044759161,0.00024519552408380806
-1.3843670883058157,-1.3843670883058157,True,0.9996989547980791,0.0003010452019208882
0.722351758032472,0.722351758032472,True,0.0004021998996109888,0.999597800100389
-1.3843670883058157,-1.3843670883058157,True,0.9996746159474356,0.00032538405256440147
0.722351758032472,0.722351758032472,True,0.00018014006790867398,0.9998198599320913
0.722351758032472,0.722351758032472,True,0.0002887832164788495,0.9997112167835212
0.722351758032472,0.722351758032472,True,0.00011517825654283609,0.9998848217434572
0.722351758032472,0.722351758032472,True,0.00022156461838185315,0.9997784353816181
0.722351758032472,0.722351758032472,True,0.002427349480522145,0.9975726505194779
0.722351758032472,0.722351758032472,True,0.00017078566402206619,0.9998292143359779
-1.3843670883058157,-1.3843670883058157,True,0.9997513935231349,0.0002486064768650395
0.722351758032472,0.722351758032472,True,0.00012378861033479627,0.9998762113896652
0.722351758032472,0.722351758032472,True,0.0001624597574176878,0.9998375402425823
0.722351758032472,0.722351758032472,True,0.000159778866643423,0.9998402211333566
0.722351758032472,0.722351758032472,True,9.858419313402145e-05,0.999901415806866
-1.3843670883058157,-1.3843670883058157,True,0.9994325629682762,0.0005674370317237421
0.722351758032472,0.722351758032472,True,0.00017841299466392346,0.9998215870053361
0.722351758032472,0.722351758032472,True,0.0003198492443012846,0.9996801507556987
0.722351758032472,0.722351758032472,True,0.00011517825654283609,0.9998848217434572
0.722351758032472,0.722351758032472,True,0.00012648912827406544,0.9998735108717259
0.722351758032472,0.722351758032472,True,0.0005011173486877407,0.9994988826513123
0.722351758032472,0.722351758032472,True,0.000159778866643423,0.9998402211333566
0.722351758032472,0.722351758032472,True,0.0003241907265031374,0.9996758092734969
-1.3843670883058157,-1.3843670883058157,True,0.9997325436726232,0.00026745632737674416
-1.3843670883058157,-1.3843670883058157,True,0.9996222908889291,0.00037770911107095983
0.722351758032472,0.722351758032472,True,0.00021735196503924747,0.9997826480349608
0.722351758032472,0.722351758032472,True,0.00011517825654283609,0.9998848217434572
-1.3843670883058157,-1.3843670883058157,True,0.9997288231303684,0.00027117686963163995
0.722351758032472,0.722351758032472,True,0.00045938147224666714,0.9995406185277533
-1.3843670883058157,-1.3843670883058157,True,0.9993131540879976,0.0006868459120024261
0.722351758032472,0.722351758032472,True,0.0014064994898613792,0.9985935005101386
0.722351758032472,0.722351758032472,True,0.027434961843362693,0.9725650381566373
-1.3843670883058157,-1.3843670883058157,True,0.9996974701312461,0.000302529868753942
-1.3843670883058157,-1.3843670883058157,True,0.999779132882049,0.000220867117950968
0.722351758032472,0.722351758032472,True,0.0005415214287720627,0.9994584785712279
0.722351758032472,0.722351758032472,True,0.00034857229266982426,0.9996514277073302
-1.3843670883058157,-1.3843670883058157,True,0.9996274725071678,0.0003725274928322303
0.722351758032472,0.722351758032472,True,0.00026474085487848686,0.9997352591451215
0.722351758032472,0.722351758032472,True,0.0001629350091695292,0.9998370649908305
-1.3843670883058157,-1.3843670883058157,True,0.999549681629021,0.00045031837097902154
0.722351758032472,0.722351758032472,True,0.0005521138614459353,0.9994478861385541
-1.3843670883058157,-1.3843670883058157,True,0.9996600719588598,0.0003399280411402789
-1.3843670883058157,-1.3843670883058157,True,0.9997288231303684,0.00027117686963163995
0.722351758032472,0.722351758032472,True,0.0001711132547087546,0.9998288867452912
0.722351758032472,0.722351758032472,True,0.0006300297250536602,0.9993699702749463
-1.3843670883058157,-1.3843670883058157,True,0.9994556416017165,0.0005443583982835053
0.722351758032472,0.722351758032472,True,0.0015611628011634737,0.9984388371988365
-1.3843670883058157,-1.3843670883058157,True,0.9997325436726232,0.00026745632737674416
-1.3843670883058157,-1.3843670883058157,True,0.9996484300508173,0.0003515699491827301
-1.3843670883058157,-1.3843670883058157,True,0.9996078217724531,0.00039217822754684413
-1.3843670883058157,-1.3843670883058157,True,0.9996821808909946,0.0003178191090053954
-1.3843670883058157,-1.3843670883058157,True,0.9996974701312461,0.000302529868753942
-1.3843670883058157,-1.3843670883058157,True,0.999750167404118,0.00024983259588192433
0.722351758032472,0.722351758032472,True,0.000779053238728844,0.9992209467612712
0.722351758032472,0.722351758032472,True,0.0069100307387647275,0.9930899692612353
0.722351758032472,0.722351758032472,True,0.00016390111674435826,0.9998360988832556
0.722351758032472,0.722351758032472,True,0.0002964120038314588,0.9997035879961685
0.722351758032472,0.722351758032472,True,0.0010859695705085493,0.9989140304294915
0.722351758032472,0.722351758032472,True,0.00011317493068607742,0.9998868250693139
0.722351758032472,0.722351758032472,True,0.0005440198122603768,0.9994559801877396
0.722351758032472,0.722351758032472,True,0.010191981753167267,0.9898080182468327
0.722351758032472,0.722351758032472,True,0.00028775678315529074,0.9997122432168447
0.722351758032472,0.722351758032472,True,0.000276706542814531,0.9997232934571855
0.722351758032472,0.722351758032472,True,0.000242323360054586,0.9997576766399454
0.722351758032472,0.722351758032472,True,9.103872660864987e-05,0.9999089612733914
0.722351758032472,0.722351758032472,True,0.0004964131181217635,0.9995035868818782
-1.3843670883058157,-1.3843670883058157,True,0.9997288231303684,0.00027117686963163995
